source_openalex_author_id,canonical_openalex_author_id,canonical_author,profile_group_size,decision
A5000044808,A5000044808,Li Chen,1,Exact DOI-level match
A5000117750,A5000117750,Hong Zhang,1,Exact DOI-level match
A5000155659,A5000155659,Wei Zhang,1,Exact DOI-level match
A5000201876,A5000201876,Jie Zhang,1,Exact DOI-level match
A5000211045,A5000211045,Ping Li,1,Exact DOI-level match
A5000314950,A5000314950,Jian Zhang,1,Exact DOI-level match
A5000436270,A5000436270,Lei Wang,1,Exact DOI-level match
A5000512905,A5000512905,Jun Yang,1,Exact DOI-level match
A5000531260,A5000531260,Dan Li,1,Exact DOI-level match
A5000570841,A5000570841,Bin Liu,1,Exact DOI-level match
A5001059898,A5001059898,Yang Liu,1,Exact DOI-level match
A5001251426,A5001251426,Peng Zhang,1,Exact DOI-level match
A5001362174,A5001362174,Feng Wang,1,Exact DOI-level match
A5001392952,A5001392952,Yang Liu,1,Exact DOI-level match
A5001396636,A5001396636,Tao Zhang,1,Exact DOI-level match
A5001526015,A5001526015,Qian Wang,1,Exact DOI-level match
A5001544321,A5001544321,Jun Zhang,1,Exact DOI-level match
A5001559266,A5001559266,Feng Wang,1,Exact DOI-level match
A5001591092,A5001591092,Yan Liu,1,Exact DOI-level match
A5001612078,A5001612078,Yan Liu,1,Exact DOI-level match
A5001760784,A5001760784,Feng Wang,1,Exact DOI-level match
A5002025513,A5002025513,Fang Liu,1,Exact DOI-level match
A5002090770,A5002090770,M.H. Li,1,Unresolved abbreviation
A5002125442,A5002125442,Tao Wang,1,Exact DOI-level match
A5002187164,A5002187164,Chandra Gopala Rao,1,Exact DOI-level match
A5002244487,A5002244487,Lei Liu,1,Exact DOI-level match
A5002285108,A5002285108,Jing Zhang,1,Exact DOI-level match
A5002442875,A5002442875,J Zhang,1,Exact DOI-level match
A5002453567,A5002453567,Yang Liu,1,Exact DOI-level match
A5002498810,A5002498810,Yu Liu,1,Exact DOI-level match
A5002622778,A5002622778,Li Hong,1,Exact DOI-level match
A5002637149,A5002637149,Jing Wang,1,Exact DOI-level match
A5002750918,A5002750918,Jun Li,1,Exact DOI-level match
A5002814280,A5002814280,Tao Liu,1,Exact DOI-level match
A5002847404,A5002847404,Jian Wang,1,Exact DOI-level match
A5002959160,A5002959160,Yong Wang,1,Exact DOI-level match
A5003031088,A5003031088,Jie Wang,1,Exact DOI-level match
A5003154300,A5003154300,Jun Zhang,1,Exact DOI-level match
A5003277541,A5003277541,Jian Li,1,Exact DOI-level match
A5003334032,A5003334032,Bo Wang,1,Exact DOI-level match
A5003408565,A5003408565,Lin Zhang,1,Exact DOI-level match
A5003674725,A5003674725,Ying Li Wang,1,Exact DOI-level match
A5003724781,A5003724781,Yang Yang,1,Exact DOI-level match
A5003757195,A5003757195,Wei Zhao,1,Exact DOI-level match
A5003813737,A5003813737,Rui Zhang,1,Exact DOI-level match
A5003815460,A5003815460,Ying Zhang,1,Exact DOI-level match
A5003837307,A5003837307,Hui Wang,1,Exact DOI-level match
A5003871909,A5003871909,Yan Zhang,1,Exact DOI-level match
A5004063425,A5004063425,Y. Wang,1,Unresolved abbreviation
A5004137391,A5004137391,Li Li,1,Exact DOI-level match
A5004150912,A5004150912,Jun Yang,1,Exact DOI-level match
A5004255007,A5004255007,Na Li,1,Exact DOI-level match
A5004389567,A5004389567,Yang Wang,1,Exact DOI-level match
A5004486459,A5004486459,Hui Li,1,Exact DOI-level match
A5004578755,A5004578755,Jun Liu,1,Exact DOI-level match
A5004844933,A5004844933,Lei Li,1,Exact DOI-level match
A5005049433,A5005049433,Hui Wang,1,Exact DOI-level match
A5005075928,A5005075928,Jing Zhang,1,Exact DOI-level match
A5005112871,A5005112871,Jing Yang,1,Exact DOI-level match
A5005208943,A5005208943,Ping Wang,1,Exact DOI-level match
A5005433863,A5005433863,Lin Wang,1,Exact DOI-level match
A5005528787,A5005528787,Jing Li,1,Exact DOI-level match
A5005691416,A5005691416,Dan Wang,1,Exact DOI-level match
A5005746172,A5005746172,Hao Wang,1,Exact DOI-level match
A5005804072,A5005804072,Jun Zhang,1,Exact DOI-level match
A5005876103,A5005876103,Wei Liu,1,Exact DOI-level match
A5005908337,A5005908337,Yan Chen,1,Exact DOI-level match
A5005934609,A5005934609,Yang Zhang,1,Exact DOI-level match
A5005983977,A5005983977,Hong Zhang,1,Exact DOI-level match
A5006042664,A5006042664,Dan Liu,1,Exact DOI-level match
A5006059676,A5006059676,Tao Liu,1,Exact DOI-level match
A5006134468,A5006134468,Liang Wang,1,Exact DOI-level match
A5006143021,A5006143021,Lin Zhang,1,Exact DOI-level match
A5006213514,A5006213514,Yang Wang,1,Exact DOI-level match
A5006228979,A5006228979,P. Li,1,Exact DOI-level match
A5006284156,A5006284156,Yan Zhang,1,Exact DOI-level match
A5006317498,A5006317498,Xi Chen,1,Exact DOI-level match
A5006324322,A5006324322,Qi Wang,1,Exact DOI-level match
A5006402805,A5006402805,Peng Zhang,1,Exact DOI-level match
A5006447721,A5006447721,Hong Zhang,1,Exact DOI-level match
A5006478175,A5006478175,Bo Zhang,1,Exact DOI-level match
A5006619863,A5006619863,Hong Zhang,1,Exact DOI-level match
A5006698197,A5006698197,Lei Wang,1,Exact DOI-level match
A5006738950,A5006738950,Feng Wang,1,Exact DOI-level match
A5006774419,A5006774419,Jing Liu,1,Exact DOI-level match
A5006794525,A5006794525,Jie Chen,1,Exact DOI-level match
A5007049678,A5007049678,Li Liu,1,Exact DOI-level match
A5007062656,A5007062656,Wei Li,1,Exact DOI-level match
A5007096495,A5007096495,Qi Wang,1,Exact DOI-level match
A5007120063,A5007120063,Jian Wang,1,Exact DOI-level match
A5007205237,A5007205237,Fang Liu,1,Exact DOI-level match
A5007289800,A5007289800,Li Zhang,1,Exact DOI-level match
A5007564658,A5007564658,Li Zhang,1,Exact DOI-level match
A5007650371,A5007650371,Yong Zhang,1,Exact DOI-level match
A5007661149,A5007661149,Hui Li,1,Exact DOI-level match
A5007661986,A5007661986,Jie Zhang,1,Exact DOI-level match
A5007810825,A5007810825,Dan Liu,1,Exact DOI-level match
A5007944403,A5007944403,Ping Wang,1,Exact DOI-level match
A5007971153,A5007971153,Ping Wang,1,Exact DOI-level match
A5008016038,A5008016038,Jie Chen,1,Exact DOI-level match
A5008061427,A5008061427,Li Yang,1,Exact DOI-level match
A5008114041,A5008114041,Jie Chen,1,Exact DOI-level match
A5008213873,A5008213873,Jun Zhang,1,Exact DOI-level match
A5008318334,A5008318334,Hao Zhang,1,Exact DOI-level match
A5008425595,A5008425595,Qiang Li,1,Exact DOI-level match
A5008518906,A5008518906,Jing Zhao,1,Exact DOI-level match
A5008570719,A5008570719,Feng Wang,1,Exact DOI-level match
A5008717871,A5008717871,Lei Wang,1,Exact DOI-level match
A5008724498,A5008724498,Yan Liu,1,Exact DOI-level match
A5008773119,A5008773119,Yong Zhang,1,Exact DOI-level match
A5008829405,A5008829405,Lin Wang,1,Exact DOI-level match
A5008881437,A5008881437,Wei Zhang,1,Exact DOI-level match
A5008916846,A5008916846,Bo Wang,1,Exact DOI-level match
A5008992137,A5008992137,Jing Wang,1,Exact DOI-level match
A5009045763,A5009045763,Jing Li,1,Exact DOI-level match
A5009386422,A5009386422,Jian Xu,1,Exact DOI-level match
A5009404304,A5009404304,Gang Wang,1,Exact DOI-level match
A5009411552,A5009411552,Qian Zhang,1,Exact DOI-level match
A5009517684,A5009517684,Jian Xu,1,Exact DOI-level match
A5009553418,A5009553418,Lin Zhang,1,Exact DOI-level match
A5009695635,A5009695635,Juan Li,1,Exact DOI-level match
A5009949085,A5009949085,Wei Zhao,1,Exact DOI-level match
A5009985129,A5009985129,Hironobu Ueshima,1,Exact DOI-level match
A5010246094,A5010246094,Jun Zhang,1,Exact DOI-level match
A5010249218,A5010249218,Jie Zhang,1,Exact DOI-level match
A5010261091,A5010261091,Lin Wang,1,Exact DOI-level match
A5010827491,A5010827491,Min Zhang,1,Exact DOI-level match
A5010846614,A5010846614,Jun Li,1,Exact DOI-level match
A5010940242,A5010940242,Yang Wang,1,Exact DOI-level match
A5010949036,A5010949036,Rui Wang,1,Exact DOI-level match
A5010958243,A5010958243,Ying Wang,1,Exact DOI-level match
A5010978341,A5010978341,Yi Wang,1,Exact DOI-level match
A5010993715,A5010993715,Yu Zhang,1,Exact DOI-level match
A5011049502,A5011049502,Jing Zhao,1,Exact DOI-level match
A5011210400,A5011210400,Min Zhang,1,Exact DOI-level match
A5011258836,A5011258836,Feng Wang,1,Exact DOI-level match
A5011347232,A5011347232,Ying Zhang,1,Exact DOI-level match
A5011359621,A5011359621,Ying Zhang,1,Exact DOI-level match
A5011410001,A5011410001,Feng Li,1,Exact DOI-level match
A5011429168,A5011429168,Ying Zhang,1,Exact DOI-level match
A5011550595,A5011550595,Hong Li,1,Exact DOI-level match
A5011701654,A5011701654,Wei Zhang,1,Exact DOI-level match
A5011749539,A5011749539,Xin Li,1,Exact DOI-level match
A5011751975,A5011751975,Yong Wang,1,Exact DOI-level match
A5011792338,A5011792338,Ying Zhang,1,Exact DOI-level match
A5011863186,A5011863186,Li Zhang,1,Exact DOI-level match
A5011885525,A5011885525,Hui Zhang,1,Exact DOI-level match
A5011888863,A5011888863,Jie Wang,1,Exact DOI-level match
A5011912885,A5011912885,Wei Wang,1,Exact DOI-level match
A5012050321,A5012050321,Yu Liu,1,Exact DOI-level match
A5012063033,A5012063033,Hui Liu,1,Exact DOI-level match
A5012124607,A5012124607,Qiang Li,1,Exact DOI-level match
A5012249136,A5012249136,Yi Zhang,1,Exact DOI-level match
A5012340726,A5012340726,Wei Liu,1,Exact DOI-level match
A5012387700,A5012387700,Jun Wang,1,Exact DOI-level match
A5012413755,A5012413755,Jun Li,1,Exact DOI-level match
A5012506063,A5012506063,Yasunori Sato,1,Unresolved abbreviation
A5012585311,A5012585311,Jian Xu,1,Exact DOI-level match
A5012858773,A5012858773,Yan Li,1,Exact DOI-level match
A5012870940,A5012870940,Jing Li,1,Exact DOI-level match
A5012877783,A5012877783,Yang Yang,1,Exact DOI-level match
A5012882774,A5012882774,Ping Wang,1,Exact DOI-level match
A5012938528,A5012938528,Lei Li,1,Exact DOI-level match
A5013041751,A5013041751,Jian Zhang,1,Exact DOI-level match
A5013165064,A5013165064,Ming Li,1,Exact DOI-level match
A5013190448,A5013190448,Feng Li,1,Exact DOI-level match
A5013241415,A5013241415,Wei Wang,1,Exact DOI-level match
A5013416069,A5013416069,Qi Wang,1,Exact DOI-level match
A5013467294,A5013467294,Xin Zhang,1,Exact DOI-level match
A5013494150,A5013494150,Hui Li,1,Exact DOI-level match
A5013585741,A5013585741,Jing Chen,1,Exact DOI-level match
A5013619990,A5013619990,Bo Wang,1,Exact DOI-level match
A5013634562,A5013634562,Xi Chen,1,Exact DOI-level match
A5013637763,A5013637763,Bo Li,1,Exact DOI-level match
A5013663299,A5013663299,Juan Li,1,Exact DOI-level match
A5013911877,A5013911877,Gang Wang,1,Exact DOI-level match
A5013925708,A5013925708,Lin Zhang,1,Exact DOI-level match
A5013928979,A5013928979,Jun Yang,1,Exact DOI-level match
A5014023805,A5014023805,Jie Chen,1,Exact DOI-level match
A5014031610,A5014031610,Gang Li,1,Exact DOI-level match
A5014102697,A5014102697,Lei Li,1,Exact DOI-level match
A5014135483,A5014135483,Ying Li,1,Exact DOI-level match
A5014223967,A5014223967,Chao Wang,1,Exact DOI-level match
A5014231537,A5014231537,Ying Wang,1,Exact DOI-level match
A5014247970,A5014247970,Yong Wang,1,Exact DOI-level match
A5014292481,A5014292481,Jing Yang,1,Exact DOI-level match
A5014322283,A5014322283,Yan Liu,1,Exact DOI-level match
A5014354722,A5014354722,Chao Wang,1,Exact DOI-level match
A5014414658,A5014414658,Gang Wang,1,Exact DOI-level match
A5014470051,A5014470051,Bo Zhang,1,Exact DOI-level match
A5014528687,A5014528687,Tao Zhang,1,Exact DOI-level match
A5014610739,A5014610739,Jing Wang,1,Exact DOI-level match
A5014850606,A5014850606,Lei Zhang,1,Exact DOI-level match
A5015003653,A5015003653,Wei Li,1,Exact DOI-level match
A5015005775,A5015005775,Ying Liu,1,Exact DOI-level match
A5015022905,A5015022905,Li Wang,1,Exact DOI-level match
A5015090617,A5015090617,Jie Chen,1,Exact DOI-level match
A5015200260,A5015200260,Jun Liu,1,Exact DOI-level match
A5015240075,A5029326219,T. Liu,7,Merged 7 profile fragments; full name unresolved
A5015262601,A5015262601,Wei Li,1,Exact DOI-level match
A5015270944,A5015270944,Jian Zhang,1,Exact DOI-level match
A5015316618,A5015316618,Yan Liu,1,Exact DOI-level match
A5015400531,A5015400531,Bo Li,1,Exact DOI-level match
A5015412414,A5015412414,Hao Wang,1,Exact DOI-level match
A5015554999,A5015554999,Nan Li,1,Exact DOI-level match
A5015620665,A5015620665,Wei Zhao,1,Exact DOI-level match
A5015648401,A5015648401,Ying Liu,1,Exact DOI-level match
A5015648581,A5015648581,Qi Wang,1,Exact DOI-level match
A5015675820,A5015675820,Qiang Li,1,Exact DOI-level match
A5015833745,A5015833745,Wei Zhao,1,Exact DOI-level match
A5015857920,A5015857920,Jing Li,1,Exact DOI-level match
A5015873217,A5015873217,Michael Heck,1,Exact DOI-level match
A5015996319,A5015996319,Ling Wang,1,Exact DOI-level match
A5016017312,A5016017312,Fang Wang,1,Exact DOI-level match
A5016138743,A5016138743,Lei Zhang,1,Exact DOI-level match
A5016204133,A5016204133,D. Liakopoulos,1,Unresolved abbreviation
A5016222194,A5016222194,Jun Chen,1,Exact DOI-level match
A5016243849,A5016243849,Jie Li,1,Exact DOI-level match
A5016295569,A5016295569,Hong Zhang,1,Exact DOI-level match
A5016487886,A5016487886,Lei Zhang,1,Exact DOI-level match
A5016525604,A5016525604,Bo Li,1,Exact DOI-level match
A5016603642,A5016603642,Lei Liu,1,Exact DOI-level match
A5016607393,A5016607393,Jin Zhang,1,Exact DOI-level match
A5016661007,A5016661007,Peng Li,1,Exact DOI-level match
A5016670060,A5016670060,Jing Zhao,1,Exact DOI-level match
A5016789476,A5016789476,Hui Zhang,1,Exact DOI-level match
A5016817473,A5016817473,Jing Zhao,1,Exact DOI-level match
A5016838980,A5016838980,Jun Yang,1,Exact DOI-level match
A5016846133,A5016846133,Jie Wang,1,Exact DOI-level match
A5016896263,A5016896263,Min Wang,1,Exact DOI-level match
A5016899308,A5016899308,Yang Zhang,1,Exact DOI-level match
A5016959602,A5031327561,Yoshitaka Fujii,2,Merged 2 OpenAlex profiles
A5016970221,A5016970221,Jing Li,1,Exact DOI-level match
A5017128990,A5017128990,Yan Zhang,1,Exact DOI-level match
A5017212315,A5017212315,Yü Liu,1,Exact DOI-level match
A5017505207,A5017505207,Jing Yang,1,Exact DOI-level match
A5017585343,A5017585343,Li Lei,1,Exact DOI-level match
A5017624626,A5017624626,Yu Wang,1,Exact DOI-level match
A5017964223,A5017964223,Peng Li,1,Exact DOI-level match
A5017995918,A5017995918,J. Zhang,1,Exact DOI-level match
A5018012012,A5018012012,Gang Li,1,Exact DOI-level match
A5018029635,A5018029635,Li Wang,1,Exact DOI-level match
A5018073436,A5018073436,Hui Liu,1,Exact DOI-level match
A5018203674,A5018203674,Yan Wang,1,Exact DOI-level match
A5018216497,A5018216497,Yan Li,1,Exact DOI-level match
A5018393696,A5018393696,Bin Zhang,1,Exact DOI-level match
A5018460987,A5018460987,Rui Wang,1,Exact DOI-level match
A5018471110,A5018471110,Xin Zhang,1,Exact DOI-level match
A5018534416,A5018534416,Min Wang,1,Exact DOI-level match
A5018679281,A5018679281,Xi Chen,1,Exact DOI-level match
A5018805981,A5018805981,L Wang,1,Unresolved abbreviation
A5019138834,A5019138834,Y Wang,1,Unresolved abbreviation
A5019149037,A5019149037,Li Wang,1,Exact DOI-level match
A5019152108,A5019152108,Ying Li,1,Exact DOI-level match
A5019378283,A5019378283,Jun Chen,1,Exact DOI-level match
A5019663287,A5019663287,Jie Liu,1,Exact DOI-level match
A5019733640,A5019733640,Jun Wang,1,Exact DOI-level match
A5019794077,A5019794077,Jun Chen,1,Exact DOI-level match
A5019802003,A5019802003,Lei Wang,1,Exact DOI-level match
A5019822259,A5019822259,Hui Zhang,1,Exact DOI-level match
A5019823979,A5019823979,Ming Li,1,Exact DOI-level match
A5019869278,A5019869278,Ying Zhang,1,Exact DOI-level match
A5019989501,A5019989501,Q Li,1,Unresolved abbreviation
A5020200923,A5020200923,Jian Li,1,Exact DOI-level match
A5020322897,A5020322897,Jun Wang,1,Exact DOI-level match
A5020354230,A5020354230,Yan Zhang,1,Exact DOI-level match
A5020394491,A5020394491,Feng Li,1,Exact DOI-level match
A5020713910,A5020713910,Yang Liu,1,Exact DOI-level match
A5020749950,A5020749950,Jin Wang,1,Exact DOI-level match
A5020755753,A5020755753,Wei Zhao,1,Exact DOI-level match
A5020969863,A5020969863,Yang Wang,1,Exact DOI-level match
A5021079201,A5021079201,Jian Xu,1,Exact DOI-level match
A5021357452,A5021357452,Yong Zhang,1,Exact DOI-level match
A5021396279,A5021396279,Yi Wang,1,Exact DOI-level match
A5021396836,A5021396836,Hong Li,1,Exact DOI-level match
A5021403424,A5021403424,Hui Liu,1,Exact DOI-level match
A5021587687,A5021587687,Chandra Gopala Rao,1,Exact DOI-level match
A5021686024,A5021686024,Li Wang,1,Exact DOI-level match
A5021789427,A5021789427,Jing Liu,1,Exact DOI-level match
A5022072267,A5022072267,Yu Liu,1,Exact DOI-level match
A5022147727,A5022147727,Jing Li,1,Exact DOI-level match
A5022191573,A5022191573,Ming Li,1,Exact DOI-level match
A5022221420,A5022221420,Jing Wang,1,Exact DOI-level match
A5022385871,A5022385871,Jing Li,1,Exact DOI-level match
A5022393623,A5022393623,Wei Zhao,1,Exact DOI-level match
A5022422432,A5022422432,Yu Liu,1,Exact DOI-level match
A5022437227,A5022437227,Jun Zhang,1,Exact DOI-level match
A5022445441,A5022445441,Jun Li,1,Exact DOI-level match
A5022545876,A5022545876,Qiang Li,1,Exact DOI-level match
A5022663899,A5022663899,Rui Wang,1,Exact DOI-level match
A5022668271,A5022668271,Yang Li,1,Exact DOI-level match
A5022728411,A5022728411,Jun Zhang,1,Exact DOI-level match
A5022801986,A5022801986,Min Li,1,Exact DOI-level match
A5022913556,A5022913556,Bin Zhang,1,Exact DOI-level match
A5022927606,A5022927606,Xin Wang,1,Exact DOI-level match
A5023061114,A5023061114,Wei Zhang,1,Exact DOI-level match
A5023158319,A5023158319,Wei Li,1,Exact DOI-level match
A5023161928,A5023161928,Feng Li,1,Exact DOI-level match
A5023162457,A5023162457,Jing Chen,1,Exact DOI-level match
A5023191101,A5023191101,Jie Zhang,1,Exact DOI-level match
A5023343562,A5023343562,Jing Li,1,Exact DOI-level match
A5023366065,A5023366065,Tao Wang,1,Exact DOI-level match
A5023421415,A5023421415,Bo Wang,1,Exact DOI-level match
A5023526748,A5023526748,Lei Zhang,1,Exact DOI-level match
A5023532600,A5023532600,Nan Li,1,Exact DOI-level match
A5023554955,A5023554955,Tao Wang,1,Exact DOI-level match
A5023556422,A5023556422,Wei Zhao,1,Exact DOI-level match
A5023583451,A5023583451,Feng Wang,1,Exact DOI-level match
A5023806511,A5023806511,Wei Chen,1,Exact DOI-level match
A5023828770,A5023828770,Feng Wang,1,Exact DOI-level match
A5023834481,A5023834481,Wei Zhao,1,Exact DOI-level match
A5023886785,A5023886785,Jing Li,1,Exact DOI-level match
A5023894502,A5023894502,Ying Wang,1,Exact DOI-level match
A5023949389,A5023949389,Hidenori Toyooka,3,Merged 3 OpenAlex profiles
A5023978169,A5023978169,Jun Yang,1,Exact DOI-level match
A5023984232,A5023984232,Zhang We,1,Exact DOI-level match
A5023985119,A5023985119,Ying Li,1,Exact DOI-level match
A5024036992,A5024036992,Jing Yang,1,Exact DOI-level match
A5024126105,A5024126105,Zhao Jing,1,Exact DOI-level match
A5024131897,A5024131897,Tao Li,1,Exact DOI-level match
A5024267654,A5024267654,Ying Zhang,1,Exact DOI-level match
A5024279012,A5024279012,Yi Zhang,1,Exact DOI-level match
A5024511254,A5024511254,Jian Li,1,Exact DOI-level match
A5024606648,A5029326219,T. Liu,7,Merged 7 profile fragments; full name unresolved
A5024688954,A5024688954,Jing Li,1,Exact DOI-level match
A5024719843,A5024719843,Peng Li,1,Exact DOI-level match
A5024795113,A5024795113,Lin Zhang,1,Exact DOI-level match
A5024992580,A5024992580,Bo Zhang,1,Exact DOI-level match
A5025311315,A5025311315,Jie Li,1,Exact DOI-level match
A5025329304,A5025329304,Gang Wang,1,Exact DOI-level match
A5025331536,A5025331536,Ying Li,1,Exact DOI-level match
A5025351076,A5025351076,Lei Liu,1,Exact DOI-level match
A5025401873,A5025401873,Jie Li,1,Exact DOI-level match
A5025499246,A5025499246,Feng Wang,1,Exact DOI-level match
A5025537865,A5025537865,Yang Liu,1,Exact DOI-level match
A5025670295,A5025670295,Hui Wang,1,Exact DOI-level match
A5025692087,A5025692087,Ping Li,1,Exact DOI-level match
A5025712127,A5025712127,Yan Li,1,Exact DOI-level match
A5025897794,A5025897794,Qi Wang,1,Exact DOI-level match
A5026080192,A5026080192,Ting-Kai Liu,1,Unresolved abbreviation
A5026203203,A5026203203,Lei Liu,1,Exact DOI-level match
A5026244579,A5026244579,Wei Liu,1,Exact DOI-level match
A5026298072,A5026298072,Fei Wang,1,Exact DOI-level match
A5026299946,A5026299946,Xin Zhang,1,Exact DOI-level match
A5026349477,A5026349477,Yan Zhang,1,Exact DOI-level match
A5026775636,A5026775636,Liu Wei,1,Exact DOI-level match
A5026818586,A5026818586,Wei Chen,1,Exact DOI-level match
A5026873018,A5026873018,Ying Zhang,1,Exact DOI-level match
A5026909961,A5026909961,Jing Chen,1,Exact DOI-level match
A5026956824,A5026956824,Hong Li,1,Exact DOI-level match
A5026976348,A5026976348,Wei Li,1,Exact DOI-level match
A5026980795,A5026980795,Min Wang,1,Exact DOI-level match
A5027012549,A5027012549,Xin Wang,1,Exact DOI-level match
A5027023668,A5027023668,Ping Zhang,1,Exact DOI-level match
A5027036101,A5027036101,Joachim Boldt,2,Merged 2 OpenAlex profiles
A5027061078,A5027061078,Jun Lü,1,Exact DOI-level match
A5027281905,A5027281905,Na Li,1,Exact DOI-level match
A5027310258,A5027310258,T. Zhang,1,Unresolved abbreviation
A5027327689,A5027327689,Qiang Li,1,Exact DOI-level match
A5027464346,A5027464346,Bingbo Zhang,1,Exact DOI-level match
A5027521117,A5027521117,Ming Li,1,Exact DOI-level match
A5027679708,A5027679708,Lei Zhang,1,Exact DOI-level match
A5027826490,A5027826490,Rui Wang,1,Exact DOI-level match
A5027918199,A5027918199,Fang Wang,1,Exact DOI-level match
A5027925351,A5027925351,Jun Chen,1,Exact DOI-level match
A5027944033,A5027944033,Wei Zhao,1,Exact DOI-level match
A5027944416,A5027944416,Qiang Li,1,Exact DOI-level match
A5028012159,A5028012159,Hao Chen,1,Exact DOI-level match
A5028114748,A5028114748,Ashok Pandey,1,Exact DOI-level match
A5028251167,A5028251167,Hui Liu,1,Exact DOI-level match
A5028373050,A5028373050,Peng Zhang,1,Exact DOI-level match
A5028389743,A5028389743,Jing Wang,1,Exact DOI-level match
A5028481145,A5028481145,Jing Wang,1,Exact DOI-level match
A5028599614,A5028599614,Qian Li,1,Exact DOI-level match
A5028660596,A5028660596,Jing Zhao,1,Exact DOI-level match
A5028668508,A5028668508,Lei Zhang,1,Exact DOI-level match
A5028750131,A5028750131,Jie Li,1,Exact DOI-level match
A5028846529,A5028846529,Jun Yang,1,Exact DOI-level match
A5028850241,A5028850241,Ying Liu,1,Exact DOI-level match
A5028970982,A5028970982,Yu Zhang,1,Exact DOI-level match
A5029116476,A5029116476,Jian Xu,1,Exact DOI-level match
A5029249465,A5029249465,Xin Zhang,1,Exact DOI-level match
A5029268538,A5027036101,Joachim Boldt,2,Merged 2 OpenAlex profiles
A5029294552,A5029294552,Yan Li,1,Exact DOI-level match
A5029326219,A5029326219,T. Liu,7,Merged 7 profile fragments; full name unresolved
A5029386533,A5029386533,Bo Wang,1,Exact DOI-level match
A5029601647,A5029601647,Pei Liu,1,Exact DOI-level match
A5029717979,A5029717979,Diederik A. Stapel,1,Exact DOI-level match
A5029860349,A5029860349,Yan Chen,1,Exact DOI-level match
A5029911992,A5029911992,Bin Zhang,1,Exact DOI-level match
A5029918685,A5029918685,Yan Wang,1,Exact DOI-level match
A5029930363,A5029930363,Xin Li,1,Exact DOI-level match
A5029967759,A5029967759,Jun Wang,1,Exact DOI-level match
A5029996983,A5029996983,Jing Chen,1,Exact DOI-level match
A5030168404,A5030168404,Bin Wang,1,Exact DOI-level match
A5030220372,A5030220372,Jie Wang,1,Exact DOI-level match
A5030296858,A5030296858,Hao Wang,1,Exact DOI-level match
A5030335492,A5030335492,Yan Zhang,1,Exact DOI-level match
A5030361217,A5030361217,Hao Zhang,1,Exact DOI-level match
A5030450451,A5030450451,Ying Liu,1,Exact DOI-level match
A5030551183,A5030551183,Bin Wang,1,Exact DOI-level match
A5030625908,A5030625908,Tao Li,1,Exact DOI-level match
A5030686595,A5030686595,Jun Yang,1,Exact DOI-level match
A5030715283,A5030715283,M. Ghoranneviss,2,Merged 2 OpenAlex profiles
A5030823415,A5030823415,Yang Li,1,Exact DOI-level match
A5030853272,A5030853272,Jin Zhang,1,Exact DOI-level match
A5030932645,A5030932645,Feng Li,1,Exact DOI-level match
A5030943557,A5030943557,Zhang Jin,1,Exact DOI-level match
A5030964174,A5030964174,Yu Liu,1,Exact DOI-level match
A5030965157,A5030965157,Wang Fang,1,Exact DOI-level match
A5031091204,A5031091204,Wei Wang,1,Exact DOI-level match
A5031232338,A5031232338,Wei Liu,1,Exact DOI-level match
A5031327561,A5031327561,Yoshitaka Fujii,2,Merged 2 OpenAlex profiles
A5031388726,A5031388726,Jin Zhang,1,Exact DOI-level match
A5031426722,A5031426722,Bo Wang,1,Exact DOI-level match
A5031540238,A5031540238,Jing Yang,1,Exact DOI-level match
A5031646526,A5031646526,Jing Zhang,1,Exact DOI-level match
A5031733486,A5031733486,Rui Zhang,1,Exact DOI-level match
A5031774812,A5031774812,Jun Yang,1,Exact DOI-level match
A5032071700,A5032071700,Tao Liu,1,Exact DOI-level match
A5032073958,A5032073958,Dan Wang,1,Exact DOI-level match
A5032161264,A5032161264,Jie Li,1,Exact DOI-level match
A5032165975,A5032165975,Hui Liu,1,Exact DOI-level match
A5032276114,A5032276114,Jing Wang,1,Exact DOI-level match
A5032306716,A5032306716,Lei Zhang,1,Exact DOI-level match
A5032345419,A5032345419,Hui Zhang,1,Exact DOI-level match
A5032355023,A5032355023,Yu Wang,1,Exact DOI-level match
A5032383296,A5032383296,Yan Wang,1,Exact DOI-level match
A5032441724,A5032441724,Tao Wang,1,Exact DOI-level match
A5032456044,A5032456044,Yu Zhang,1,Exact DOI-level match
A5032504496,A5032504496,Gang Wang,1,Exact DOI-level match
A5032506525,A5032506525,Jian Zhang,1,Exact DOI-level match
A5032562681,A5032562681,Hao Chen,1,Exact DOI-level match
A5032618552,A5032618552,Yan Zhang,1,Exact DOI-level match
A5032620244,A5032620244,Wei Li,1,Exact DOI-level match
A5032622694,A5032622694,Hao Wang,1,Exact DOI-level match
A5032633956,A5032633956,Jun Yang,1,Exact DOI-level match
A5032656905,A5032656905,Ying Wang,1,Exact DOI-level match
A5032721022,A5032721022,Jie Zhang,1,Exact DOI-level match
A5032847461,A5032847461,Wei Li,1,Exact DOI-level match
A5032988165,A5032988165,Gang Wang,1,Exact DOI-level match
A5033131662,A5029326219,T. Liu,7,Merged 7 profile fragments; full name unresolved
A5033134984,A5033134984,Wei Li,1,Exact DOI-level match
A5033255645,A5033255645,Tao Liu,1,Exact DOI-level match
A5033259869,A5033259869,Hao Wang,1,Exact DOI-level match
A5033311186,A5033311186,Qian Zhang,1,Exact DOI-level match
A5033408038,A5033408038,Ling Wang,1,Exact DOI-level match
A5033424831,A5033424831,Yu Liu,1,Exact DOI-level match
A5033612860,A5033612860,Jing Li,1,Exact DOI-level match
A5033645349,A5033645349,Jie Zhang,1,Exact DOI-level match
A5033731690,A5033731690,Wei Li,1,Exact DOI-level match
A5033828504,A5033828504,Jin Wang,1,Exact DOI-level match
A5033850890,A5033850890,Feng Li,1,Exact DOI-level match
A5033904866,A5033904866,Wenting Zhao,1,Unresolved abbreviation
A5033935681,A5033935681,Yang Liu,1,Exact DOI-level match
A5033945545,A5033945545,Tao Zhang,1,Exact DOI-level match
A5033994816,A5033994816,Yi Wang,1,Exact DOI-level match
A5034013411,A5034013411,Feng Wang,1,Exact DOI-level match
A5034017799,A5034017799,Qiang Li,1,Exact DOI-level match
A5034151733,A5034151733,Ping Wang,1,Exact DOI-level match
A5034182828,A5034182828,Jing Zhao,1,Exact DOI-level match
A5034225464,A5034225464,Yan Liu,1,Exact DOI-level match
A5034257967,A5034257967,Jian Xu,1,Exact DOI-level match
A5034280484,A5034280484,Hui Liu,1,Exact DOI-level match
A5034484272,A5034484272,Peng Li,1,Exact DOI-level match
A5034537860,A5034537860,Qiang Li,1,Exact DOI-level match
A5034584084,A5034584084,Jie Chen,1,Exact DOI-level match
A5034667170,A5034667170,Jing Zhang,1,Exact DOI-level match
A5034675261,A5034675261,Yu Liu,1,Exact DOI-level match
A5034747850,A5034747850,Hui Wang,1,Exact DOI-level match
A5034749609,A5034749609,Qian Wang,1,Exact DOI-level match
A5034878136,A5034878136,Li Li,1,Exact DOI-level match
A5035035721,A5035035721,Qian Zhang,1,Exact DOI-level match
A5035071840,A5035071840,Yang Li,1,Exact DOI-level match
A5035120060,A5035120060,Jun Yang,1,Exact DOI-level match
A5035305361,A5035305361,Jun Chen,1,Exact DOI-level match
A5035316294,A5035316294,Jie Chen,1,Exact DOI-level match
A5035333902,A5035333902,Jing Li,1,Exact DOI-level match
A5035398796,A5035398796,Yu Zhang,1,Exact DOI-level match
A5035465997,A5035465997,Wei Zhang,1,Exact DOI-level match
A5035543508,A5035543508,Qian Wang,1,Exact DOI-level match
A5035658484,A5035658484,Ming Li,1,Exact DOI-level match
A5035747390,A5035747390,Hui Zhang,1,Exact DOI-level match
A5035757377,A5035757377,Bin Wang,1,Exact DOI-level match
A5035770690,A5035770690,Yi Zhang,1,Exact DOI-level match
A5035834837,A5035834837,Jun Zhang,1,Exact DOI-level match
A5036057418,A5036057418,Tao Liu,1,Exact DOI-level match
A5036074225,A5036074225,Ming Li,1,Exact DOI-level match
A5036218939,A5036218939,G. Hempelmann,3,Merged 3 OpenAlex profiles
A5036245525,A5036245525,Xi Chen,1,Exact DOI-level match
A5036287731,A5036287731,Lin Wang,1,Exact DOI-level match
A5036359133,A5036359133,Jie Liu,1,Exact DOI-level match
A5036360052,A5036360052,Hui Wang,1,Exact DOI-level match
A5036815027,A5036815027,Li Li,1,Exact DOI-level match
A5036827390,A5036827390,Yong Wang,1,Exact DOI-level match
A5036827392,A5036827392,Hui Zhang,1,Exact DOI-level match
A5036889750,A5036889750,Lei Zhang,1,Exact DOI-level match
A5036952846,A5036952846,Yang Liu,1,Exact DOI-level match
A5036984102,A5036984102,Min Li,1,Exact DOI-level match
A5037001971,A5037001971,Nan Li,1,Exact DOI-level match
A5037185064,A5037185064,Qiang Li,1,Exact DOI-level match
A5037197426,A5037197426,Jing Wang,1,Exact DOI-level match
A5037486203,A5037486203,Jun Liu,1,Exact DOI-level match
A5037510821,A5037510821,Wei Li,1,Exact DOI-level match
A5037550973,A5037550973,Wang Lei,1,Exact DOI-level match
A5037756311,A5037756311,Bin Wang,1,Exact DOI-level match
A5037776494,A5037776494,Wei Wang,1,Exact DOI-level match
A5037794174,A5037794174,Jing Zhao,1,Exact DOI-level match
A5037868938,A5037868938,Ping Wang,1,Exact DOI-level match
A5037948258,A5037948258,Juan Li,1,Exact DOI-level match
A5037995370,A5037995370,Ying Li,1,Exact DOI-level match
A5038082698,A5038082698,Hui Li,1,Exact DOI-level match
A5038084459,A5038084459,Rui Zhang,1,Exact DOI-level match
A5038151206,A5038151206,Bo Zhang,1,Exact DOI-level match
A5038178478,A5038178478,Lei Zhang,1,Exact DOI-level match
A5038336845,A5038336845,Wei Zhang,1,Exact DOI-level match
A5038481495,A5038481495,Hao Zhang,1,Exact DOI-level match
A5038484217,A5038484217,Li Zhang,1,Exact DOI-level match
A5038517767,A5038517767,Jing Liu,1,Exact DOI-level match
A5038580778,A5038580778,Feng Wang,1,Exact DOI-level match
A5038615802,A5038615802,Jun Liu,1,Exact DOI-level match
A5038656294,A5038656294,Wei Wang,1,Exact DOI-level match
A5038663135,A5038663135,Lin Zhang,1,Exact DOI-level match
A5038945598,A5038945598,Jing Li,1,Exact DOI-level match
A5039233244,A5039233244,Xi Chen,1,Exact DOI-level match
A5039239695,A5039239695,Jun Lu,1,Exact DOI-level match
A5039280625,A5039280625,Yang Liu,1,Exact DOI-level match
A5039466818,A5039466818,Yan Zhang,1,Exact DOI-level match
A5039489169,A5056921218,Hiroyoshi Tanaka,4,Merged 4 OpenAlex profiles
A5039575608,A5039575608,Yang Yang,1,Exact DOI-level match
A5039607162,A5039607162,Yan Li,1,Exact DOI-level match
A5039796943,A5039796943,Jing Chen,1,Exact DOI-level match
A5039888109,A5039888109,T. Zhang,1,Unresolved abbreviation
A5039935749,A5039935749,Ying Wang,1,Exact DOI-level match
A5039980454,A5039980454,Yan Li,1,Exact DOI-level match
A5040046880,A5040046880,Jing Wang,1,Exact DOI-level match
A5040090704,A5040090704,Min Li,1,Exact DOI-level match
A5040223607,A5040223607,Yang Yang,1,Exact DOI-level match
A5040230812,A5040230812,Jun Liu,1,Exact DOI-level match
A5040234624,A5040234624,Jun Yang,1,Exact DOI-level match
A5040386641,A5040386641,Yong Zhang,1,Exact DOI-level match
A5040547097,A5040547097,Ping Zhang,1,Exact DOI-level match
A5040721382,A5040721382,Lei Zhang,1,Exact DOI-level match
A5040728436,A5040728436,Wei Wang,1,Exact DOI-level match
A5040983456,A5040983456,Yu Zhang,1,Exact DOI-level match
A5041039715,A5041039715,Hui Li,1,Exact DOI-level match
A5041162076,A5041162076,Jian Xu,1,Exact DOI-level match
A5041221161,A5041221161,Jing Yang,1,Exact DOI-level match
A5041301769,A5041301769,Jing Zhao,1,Exact DOI-level match
A5041321290,A5041321290,Yong Wang,1,Exact DOI-level match
A5041353259,A5041353259,Li Li,1,Exact DOI-level match
A5041462375,A5041462375,Jing Zhang,1,Exact DOI-level match
A5041515065,A5041515065,Yan Li,1,Exact DOI-level match
A5041569324,A5041569324,Peng Zhang,1,Exact DOI-level match
A5041694909,A5041694909,Xin Zhang,1,Exact DOI-level match
A5041736536,A5041736536,Chandra Gopala Rao,1,Exact DOI-level match
A5041748805,A5041748805,Liang Wang,1,Exact DOI-level match
A5041991874,A5041991874,Tao Li,1,Exact DOI-level match
A5042092603,A5042092603,Fang Wang,1,Exact DOI-level match
A5042137602,A5042137602,Dan Wang,1,Exact DOI-level match
A5042175903,A5042175903,Wei Chen,1,Exact DOI-level match
A5042262850,A5042262850,Yang Jing,1,Exact DOI-level match
A5042289560,A5042289560,Wei Liu,1,Exact DOI-level match
A5042419777,A5042419777,Yu Wang,1,Exact DOI-level match
A5042474689,A5042474689,Jun Yang,1,Exact DOI-level match
A5042531041,A5042531041,Tao Li,1,Exact DOI-level match
A5042539186,A5042539186,Yang Yang,1,Exact DOI-level match
A5042608620,A5042608620,Rui Zhang,1,Exact DOI-level match
A5042609030,A5042609030,Ling Wang,1,Exact DOI-level match
A5042711964,A5042711964,Wei Li,1,Exact DOI-level match
A5042765146,A5042765146,Jing Zhao,1,Exact DOI-level match
A5042780587,A5042780587,Jing Li,1,Exact DOI-level match
A5042786497,A5042786497,Jing Yang,1,Exact DOI-level match
A5042882563,A5042882563,Hui Wang,1,Exact DOI-level match
A5042900753,A5042900753,Jun Lu,1,Exact DOI-level match
A5042929643,A5042929643,Yan Liu,1,Exact DOI-level match
A5042940393,A5042940393,Qi Wang,1,Exact DOI-level match
A5042980234,A5042980234,Xin Li,1,Exact DOI-level match
A5042998462,A5042998462,Hao Wang,1,Exact DOI-level match
A5043043179,A5043043179,Yang Liu,1,Exact DOI-level match
A5043113888,A5043113888,Lei Li,1,Exact DOI-level match
A5043138070,A5043138070,Jian Zhang,1,Exact DOI-level match
A5043190135,A5043190135,Hui Li,1,Exact DOI-level match
A5043290888,A5043290888,Feng Wang,1,Exact DOI-level match
A5043389655,A5043389655,Chao Wang,1,Exact DOI-level match
A5043483439,A5043483439,Chandra Gopala Rao,1,Exact DOI-level match
A5043542067,A5043542067,Jing Zhang,1,Exact DOI-level match
A5043543895,A5043543895,Yan Zhang,1,Exact DOI-level match
A5043677526,A5043677526,Bin Zhang,1,Exact DOI-level match
A5043680558,A5043680558,Yan Chen,1,Exact DOI-level match
A5043689305,A5043689305,Xin Wang,1,Exact DOI-level match
A5043770165,A5043770165,Feng Wang,1,Exact DOI-level match
A5043846259,A5043846259,Jie Chen,1,Exact DOI-level match
A5043963143,A5043963143,Hao Chen,1,Exact DOI-level match
A5044072954,A5044072954,Wei Zhang,1,Exact DOI-level match
A5044108299,A5044108299,Jing Li,1,Exact DOI-level match
A5044169855,A5044169855,Peng Li,1,Exact DOI-level match
A5044180306,A5044180306,Yang Liu,1,Exact DOI-level match
A5044197510,A5044197510,Fei Wang,1,Exact DOI-level match
A5044211780,A5044211780,Lin Zhang,1,Exact DOI-level match
A5044215108,A5044215108,Peng Zhang,1,Exact DOI-level match
A5044249016,A5044249016,Jun Li,1,Exact DOI-level match
A5044500704,A5044500704,Min Zhang,1,Exact DOI-level match
A5044608381,A5044608381,Yang Yang,1,Exact DOI-level match
A5044641119,A5044641119,Ying Yang,1,Unresolved abbreviation
A5044652383,A5044652383,Peng Zhang,1,Exact DOI-level match
A5044788172,A5044788172,Gang Li,1,Exact DOI-level match
A5044865265,A5044865265,Jing Zhang,1,Exact DOI-level match
A5044894669,A5044894669,Dan Li,1,Exact DOI-level match
A5044958587,A5044958587,Lei Zhang,1,Exact DOI-level match
A5045000619,A5045000619,Bin Liu,1,Exact DOI-level match
A5045002108,A5045002108,Chao Wang,1,Exact DOI-level match
A5045035115,A5045035115,Yang Wang,1,Exact DOI-level match
A5045041456,A5045041456,Hao Zhang,1,Exact DOI-level match
A5045052946,A5045052946,Jun Wang,1,Exact DOI-level match
A5045171103,A5045171103,Yan Li,1,Exact DOI-level match
A5045529329,A5045529329,Jie Li,1,Exact DOI-level match
A5045537577,A5045537577,Li Zhang,1,Exact DOI-level match
A5045655535,A5045655535,Jing Chen,1,Exact DOI-level match
A5045665383,A5045665383,Jun Yang,1,Exact DOI-level match
A5045674411,A5045674411,Chandra Gopala Rao,1,Exact DOI-level match
A5045689983,A5045689983,Jing Zhao,1,Exact DOI-level match
A5045995585,A5045995585,Xin Zhang,1,Exact DOI-level match
A5046007026,A5046007026,D. Wu,1,Unresolved abbreviation
A5046026008,A5046026008,Lei Wang,1,Exact DOI-level match
A5046036161,A5046036161,Yan Liu,1,Exact DOI-level match
A5046054850,A5046054850,Yi Wang,1,Exact DOI-level match
A5046081253,A5046081253,Li Zhang,1,Exact DOI-level match
A5046226427,A5046226427,Jing Chen,1,Exact DOI-level match
A5046253737,A5046253737,Hao Zhang,1,Exact DOI-level match
A5046280269,A5046280269,Ping Zhang,1,Exact DOI-level match
A5046365830,A5046365830,Yan Chen,1,Exact DOI-level match
A5046401983,A5046401983,Qi Wang,1,Exact DOI-level match
A5046428239,A5046428239,Rui Zhang,1,Exact DOI-level match
A5046496688,A5046496688,Ping Zhang,1,Exact DOI-level match
A5046714160,A5046714160,Yong Wang,1,Exact DOI-level match
A5046782370,A5046782370,Xin Li,1,Exact DOI-level match
A5046903577,A5046903577,Yan Zhang,1,Exact DOI-level match
A5047095866,A5047095866,Jin Zhang,1,Exact DOI-level match
A5047206390,A5047206390,Jie Chen,1,Exact DOI-level match
A5047226075,A5047226075,Lei Li,1,Exact DOI-level match
A5047259119,A5047259119,Jing Zhang,1,Exact DOI-level match
A5047300457,A5047300457,Jun Li,1,Exact DOI-level match
A5047322713,A5047322713,Jing Zhang,1,Exact DOI-level match
A5047404037,A5047404037,Wei Zhao,1,Exact DOI-level match
A5047504462,A5047504462,Yong Wang,1,Exact DOI-level match
A5047530483,A5047530483,Yan Liu,1,Exact DOI-level match
A5047573616,A5047573616,Qian Zhang,1,Exact DOI-level match
A5047607191,A5047607191,Jing Wang,1,Exact DOI-level match
A5047610224,A5047610224,Bo Wang,1,Exact DOI-level match
A5047614788,A5047614788,Xin Wang,1,Exact DOI-level match
A5047614812,A5047614812,Yang Liu,1,Exact DOI-level match
A5047665294,A5047665294,Ying Zhang,1,Exact DOI-level match
A5048023486,A5048023486,Hui Wang,1,Exact DOI-level match
A5048072663,A5048072663,Jian Xu,1,Exact DOI-level match
A5048101324,A5048101324,Lin Wang,1,Exact DOI-level match
A5048136376,A5048136376,Wei Zhang,1,Exact DOI-level match
A5048138372,A5048138372,Hao Zhang,1,Exact DOI-level match
A5048169117,A5048169117,Ying Wang,1,Exact DOI-level match
A5048242778,A5048242778,Tao Liu,1,Exact DOI-level match
A5048306079,A5048306079,Li Jian,1,Exact DOI-level match
A5048318517,A5048318517,Jian Wang,1,Exact DOI-level match
A5048357136,A5048357136,Ying Zhang,1,Exact DOI-level match
A5048360484,A5048360484,Peng Li,1,Exact DOI-level match
A5048603917,A5048603917,Fei Wang,1,Exact DOI-level match
A5048636173,A5048636173,Jun Wang,1,Exact DOI-level match
A5048936273,A5048936273,Yan Li,1,Exact DOI-level match
A5049013824,A5049013824,Hui Liu,1,Exact DOI-level match
A5049186289,A5049186289,Lei Li,1,Exact DOI-level match
A5049191739,A5049191739,Wei Zhang,1,Exact DOI-level match
A5049325006,A5049325006,Li Zhang,1,Exact DOI-level match
A5049402835,A5049402835,Jun Liu,1,Exact DOI-level match
A5049434233,A5029326219,T. Liu,7,Merged 7 profile fragments; full name unresolved
A5049507932,A5049507932,Yang Li,1,Exact DOI-level match
A5049523028,A5049523028,Lei Wang,1,Exact DOI-level match
A5049619309,A5049619309,Wei Li,1,Exact DOI-level match
A5049753524,A5049753524,Jun Yang,1,Exact DOI-level match
A5049756400,A5049756400,Hao Zhang,1,Exact DOI-level match
A5049774714,A5049774714,Taizheng Liu,1,Unresolved abbreviation
A5049808079,A5049808079,Juan Li,1,Exact DOI-level match
A5050008040,A5050008040,Jin Zhang,1,Exact DOI-level match
A5050052644,A5050052644,Peng Li,1,Exact DOI-level match
A5050099873,A5050099873,Jing Liu,1,Exact DOI-level match
A5050173769,A5050173769,Hui Li,1,Exact DOI-level match
A5050191744,A5050191744,Hui Zhang,1,Exact DOI-level match
A5050422997,A5050422997,Yan Li,1,Exact DOI-level match
A5050427570,A5050427570,Jing Li,1,Exact DOI-level match
A5050496216,A5050496216,Juan Li,1,Exact DOI-level match
A5050562433,A5050562433,Jing Zhao,1,Exact DOI-level match
A5050602131,A5050602131,Hui Liu,1,Exact DOI-level match
A5050613279,A5050613279,Jun Li,1,Exact DOI-level match
A5050756580,A5050756580,Li Zhang,1,Exact DOI-level match
A5050813384,A5050813384,Jie Zhang,1,Exact DOI-level match
A5050862463,A5050862463,Lei Wang,1,Exact DOI-level match
A5050886276,A5050886276,Jian Li,1,Exact DOI-level match
A5050901258,A5050901258,Wei Liu,1,Exact DOI-level match
A5051035051,A5051035051,Hao Zhang,1,Exact DOI-level match
A5051035661,A5051035661,Hui Li,1,Exact DOI-level match
A5051144397,A5051144397,Jing Wang,1,Exact DOI-level match
A5051167897,A5051167897,Ying Liu,1,Exact DOI-level match
A5051174374,A5051174374,Lei Wang,1,Exact DOI-level match
A5051180946,A5051180946,Ying Zhang,1,Exact DOI-level match
A5051217195,A5051217195,Yang Liu,1,Exact DOI-level match
A5051275615,A5051275615,Wei Zhao,1,Exact DOI-level match
A5051431817,A5051431817,Lei Wang,1,Exact DOI-level match
A5051643036,A5051643036,Ying Zhang,1,Exact DOI-level match
A5051719124,A5051719124,Min Zhang,1,Exact DOI-level match
A5051750709,A5051750709,Wei Liu,1,Exact DOI-level match
A5052006689,A5052006689,Bo Zhang,1,Exact DOI-level match
A5052029275,A5052029275,Li Li,1,Exact DOI-level match
A5052029849,A5052029849,Ping Zhang,1,Exact DOI-level match
A5052082627,A5052082627,Cornelius Busch,1,Exact DOI-level match
A5052157653,A5052157653,Yang Li,1,Exact DOI-level match
A5052195927,A5052195927,Min Zhang,1,Exact DOI-level match
A5052202371,A5052202371,Jin Wang,1,Exact DOI-level match
A5052300879,A5052300879,Yan Liu,1,Exact DOI-level match
A5052423480,A5052423480,Jing Wang,1,Exact DOI-level match
A5052508414,A5052508414,Ying Wang,1,Exact DOI-level match
A5052519895,A5052519895,Liang Wang,1,Exact DOI-level match
A5052540638,A5115596056,Rui Wang,2,Merged 2 OpenAlex profiles
A5052547581,A5052547581,Dan Wang,1,Exact DOI-level match
A5052716645,A5052716645,Ying Zhang,1,Exact DOI-level match
A5052835094,A5052835094,Hui Li,1,Exact DOI-level match
A5052932225,A5052932225,Qiang Li,1,Exact DOI-level match
A5052937310,A5052937310,Ming Li,1,Exact DOI-level match
A5052980884,A5052980884,Jian Xu,1,Exact DOI-level match
A5053014486,A5053014486,Qian Zhang,1,Exact DOI-level match
A5053051950,A5053051950,Lei Wang,1,Exact DOI-level match
A5053097614,A5053097614,Ying Wang,1,Exact DOI-level match
A5053103595,A5053103595,Bin Wang,1,Exact DOI-level match
A5053179595,A5053179595,Wei Zhao,1,Exact DOI-level match
A5053181742,A5053181742,Hui Zhang,1,Exact DOI-level match
A5053193460,A5053193460,Jie Chen,1,Exact DOI-level match
A5053341916,A5053341916,Jing Li,1,Exact DOI-level match
A5053466582,A5053466582,Jing Yang,1,Exact DOI-level match
A5053600785,A5053600785,Tao Wang,1,Exact DOI-level match
A5053640625,A5053640625,Jun Yang,1,Exact DOI-level match
A5053686996,A5053686996,Ying Wang,1,Exact DOI-level match
A5053823229,A5053823229,Zhang Wei,1,Exact DOI-level match
A5053861388,A5053861388,Xin Wang,1,Exact DOI-level match
A5053887305,A5053887305,Yang Yang‐Hartwich,1,Exact DOI-level match
A5053909934,A5053909934,Xinzhong Zhang,1,Exact DOI-level match
A5053945516,A5053945516,Dimitris Liakopoulos,1,Exact DOI-level match
A5053951462,A5053951462,Xin Wang,1,Exact DOI-level match
A5053980894,A5053980894,Li Li,1,Exact DOI-level match
A5054030468,A5054030468,Yang Liu,1,Exact DOI-level match
A5054115043,A5054115043,Li Zhang,1,Exact DOI-level match
A5054217081,A5054217081,Xin Wang,1,Exact DOI-level match
A5054223786,A5054223786,Hao Zhang,1,Exact DOI-level match
A5054380097,A5054380097,Bin Liu,1,Exact DOI-level match
A5054381472,A5054381472,Min Wang,1,Exact DOI-level match
A5054458205,A5054458205,Wei Zhang,1,Exact DOI-level match
A5054515260,A5054515260,Jianbo Yang,1,Unresolved abbreviation
A5054593886,A5054593886,Yan Zhang,1,Exact DOI-level match
A5054905277,A5054905277,Hui Wang,1,Exact DOI-level match
A5055025900,A5055025900,Ming Li,1,Exact DOI-level match
A5055044934,A5055044934,Na Li,1,Exact DOI-level match
A5055136222,A5055136222,Bin Zhang,1,Exact DOI-level match
A5055191826,A5055191826,Yi Zhang,1,Exact DOI-level match
A5055304040,A5055304040,Wei Li,1,Exact DOI-level match
A5055450841,A5055450841,Jing Wang,1,Exact DOI-level match
A5055460914,A5055460914,Wei Li,1,Exact DOI-level match
A5055468768,A5055468768,Jun Yang,1,Exact DOI-level match
A5055538564,A5055538564,Lei Zhang,1,Exact DOI-level match
A5055678852,A5055678852,Fang Wang,1,Exact DOI-level match
A5055708357,A5055708357,Jing Wang,1,Exact DOI-level match
A5055754474,A5055754474,Wei Chen,1,Exact DOI-level match
A5055835363,A5055835363,Chao Wang,1,Exact DOI-level match
A5055913816,A5055913816,Qian Li,1,Exact DOI-level match
A5056008453,A5056008453,Jun Wang,1,Exact DOI-level match
A5056300047,A5056300047,Bin Liu,1,Exact DOI-level match
A5056301598,A5056301598,Jun Li,1,Exact DOI-level match
A5056348144,A5056348144,Chandra Gopala Rao,1,Exact DOI-level match
A5056380455,A5056380455,Hui Wang,1,Exact DOI-level match
A5056404006,A5056404006,Jing Zhao,1,Exact DOI-level match
A5056432346,A5056432346,Yan Wang,1,Exact DOI-level match
A5056452430,A5056452430,Yan Liu,1,Exact DOI-level match
A5056517211,A5056517211,Peng Li,1,Exact DOI-level match
A5056523506,A5056523506,Hong Li,1,Exact DOI-level match
A5056629328,A5056629328,Bin Liu,1,Exact DOI-level match
A5056734939,A5056734939,Yi Zhang,1,Exact DOI-level match
A5056764866,A5056764866,Yang Zhang,1,Exact DOI-level match
A5056921218,A5056921218,Hiroyoshi Tanaka,4,Merged 4 OpenAlex profiles
A5056950107,A5056950107,Tao Liu,1,Exact DOI-level match
A5056966724,A5056966724,Feng Wang,1,Exact DOI-level match
A5057161101,A5057161101,Hui Wang,1,Exact DOI-level match
A5057237309,A5057237309,Yang Li,1,Exact DOI-level match
A5057356289,A5057356289,Ying Li,1,Exact DOI-level match
A5057540096,A5057540096,Qian Wang,1,Exact DOI-level match
A5057583869,A5057583869,Wei Zhang,1,Exact DOI-level match
A5057696832,A5057696832,Lin Wang,1,Exact DOI-level match
A5057777341,A5057777341,Rui Zhang,1,Exact DOI-level match
A5057978187,A5057978187,Hong Zhang,1,Exact DOI-level match
A5057983883,A5057983883,Jun Zhang,1,Exact DOI-level match
A5058005869,A5058005869,Wei Zhang,1,Exact DOI-level match
A5058008586,A5058008586,Ping Wang,1,Exact DOI-level match
A5058118532,A5058118532,Li Ping,1,Exact DOI-level match
A5058155042,A5058155042,Bo Wang,1,Exact DOI-level match
A5058223712,A5058223712,Yong Zhang,1,Exact DOI-level match
A5058247284,A5058247284,Fang Liu,1,Exact DOI-level match
A5058255460,A5058255460,Hui Li,1,Exact DOI-level match
A5058372507,A5058372507,Wang Fang,1,Exact DOI-level match
A5058476450,A5058476450,Jun Liu,1,Exact DOI-level match
A5058485608,A5058485608,Bin Zhang,1,Exact DOI-level match
A5058488529,A5058488529,Y Wang,1,Unresolved abbreviation
A5058490086,A5058490086,Hui Wang,1,Exact DOI-level match
A5058514233,A5058514233,Ying Liu,1,Exact DOI-level match
A5058612456,A5058612456,Min Wang,1,Exact DOI-level match
A5058647077,A5058647077,Jie Zhang,1,Exact DOI-level match
A5058672215,A5058672215,Tao Wang,1,Exact DOI-level match
A5058723088,A5058723088,Rui Wang,1,Exact DOI-level match
A5058789387,A5058789387,Yan Zhang,1,Exact DOI-level match
A5058930191,A5058930191,Jin Wang,1,Exact DOI-level match
A5058959185,A5058959185,Wei Wang,1,Exact DOI-level match
A5059001271,A5059001271,Ping Zhang,1,Exact DOI-level match
A5059117888,A5059117888,Junyang Liu,1,Exact DOI-level match
A5059125522,A5059125522,Tao Li,1,Exact DOI-level match
A5059191882,A5059191882,Hui Wang,1,Exact DOI-level match
A5059229969,A5059229969,Wei Wang,1,Exact DOI-level match
A5059424561,A5059424561,Jing Zhao,1,Exact DOI-level match
A5059526453,A5059526453,Hao Chen,1,Exact DOI-level match
A5059580100,A5059580100,Jing Yang,1,Exact DOI-level match
A5059675915,A5059675915,Hao Zhang,1,Exact DOI-level match
A5059920391,A5059920391,Li Wang,1,Exact DOI-level match
A5059956624,A5059956624,Qian Wang,1,Exact DOI-level match
A5060062239,A5060062239,Yi Zhang,1,Exact DOI-level match
A5060169245,A5060169245,Lin Wang,1,Exact DOI-level match
A5060254907,A5060254907,Bin Wang,1,Exact DOI-level match
A5060288545,A5060288545,Tao Li,1,Exact DOI-level match
A5060376360,A5060376360,Peng Zhang,1,Exact DOI-level match
A5060404389,A5060404389,Yang Wang,1,Exact DOI-level match
A5060407601,A5060407601,Qian Zhang,1,Exact DOI-level match
A5060470053,A5100708580,Yan Li,2,Merged 2 OpenAlex profiles
A5060499485,A5060499485,Yan Liu,1,Exact DOI-level match
A5060605884,A5060605884,Bin Zhang,1,Exact DOI-level match
A5060637854,A5060637854,Yu Zhang,1,Exact DOI-level match
A5060655103,A5060655103,Hong Li,1,Exact DOI-level match
A5060678543,A5060678543,Feng Wang,1,Exact DOI-level match
A5060745524,A5060745524,Yu Wang,1,Exact DOI-level match
A5060902131,A5060902131,Hui Liu,1,Exact DOI-level match
A5061028507,A5061028507,Xin Wang,1,Exact DOI-level match
A5061044539,A5061044539,Yi Zhang,1,Exact DOI-level match
A5061102034,A5061102034,Jing Yang,1,Exact DOI-level match
A5061133691,A5061133691,Min Li,1,Exact DOI-level match
A5061235670,A5061235670,Dan Liu,1,Exact DOI-level match
A5061302107,A5061302107,Wang Yong,1,Exact DOI-level match
A5061352841,A5061352841,Fang Liu,1,Exact DOI-level match
A5061369541,A5061369541,Feng Wang,1,Exact DOI-level match
A5061371324,A5061371324,A. Salar Elahi,1,Exact DOI-level match
A5061691711,A5061691711,Qian Wang,1,Exact DOI-level match
A5061714089,A5061714089,Ali Nazari,1,Exact DOI-level match
A5061786493,A5061786493,L. Zhang,1,Unresolved abbreviation
A5061841494,A5061841494,Jing Zhang,1,Exact DOI-level match
A5061943982,A5061943982,Hao Wang,1,Exact DOI-level match
A5061963201,A5061963201,Lin Wang,1,Exact DOI-level match
A5061981640,A5061981640,Peng Li,1,Exact DOI-level match
A5061989929,A5061989929,Jie Li,1,Exact DOI-level match
A5062035739,A5062035739,Yang Wang,1,Exact DOI-level match
A5062089486,A5062089486,Jun Lü,1,Exact DOI-level match
A5062272082,A5062272082,Jing Zhao,1,Exact DOI-level match
A5062286889,A5062286889,Xin Li,1,Exact DOI-level match
A5062453279,A5062453279,Juan Li,1,Exact DOI-level match
A5062527056,A5062527056,Yu Wang,1,Exact DOI-level match
A5062541650,A5062541650,Hao Zhang,1,Exact DOI-level match
A5062599194,A5062599194,Tao Li,1,Exact DOI-level match
A5062617254,A5062617254,Jing Zhang,1,Exact DOI-level match
A5062728667,A5062728667,Rui Zhang,1,Exact DOI-level match
A5062908102,A5062908102,Wei Liu,1,Exact DOI-level match
A5063163653,A5063163653,Wei Wang,1,Exact DOI-level match
A5063326830,A5063326830,Li Jing,1,Exact DOI-level match
A5063354846,A5063354846,Yu Zhang,1,Exact DOI-level match
A5063418334,A5063418334,Wei Wang,1,Exact DOI-level match
A5063428342,A5063428342,Yi Wang,1,Exact DOI-level match
A5063443449,A5063443449,Lei Liu,1,Exact DOI-level match
A5063446205,A5063446205,Bo Wang,1,Exact DOI-level match
A5063465820,A5063465820,Hong Zhang,1,Exact DOI-level match
A5063473493,A5063473493,Jian Li,1,Exact DOI-level match
A5063604106,A5063604106,Jun Chen,1,Exact DOI-level match
A5063749738,A5063749738,Jun Lü,1,Exact DOI-level match
A5063753661,A5063753661,Jing Wang,1,Exact DOI-level match
A5063798425,A5063798425,Jun Li,1,Exact DOI-level match
A5063851669,A5063851669,Liu Yang,1,Exact DOI-level match
A5063902875,A5063902875,Jun Chen,1,Exact DOI-level match
A5063948997,A5063948997,Wei Zhang,1,Exact DOI-level match
A5063949532,A5063949532,Yi Wang,1,Exact DOI-level match
A5064106602,A5064106602,Tao Zhang,1,Exact DOI-level match
A5064155902,A5064155902,Feng Wang,1,Exact DOI-level match
A5064220200,A5100338060,Tao Liu,5,Merged 5 OpenAlex profiles
A5064325314,A5036218939,G. Hempelmann,3,Merged 3 OpenAlex profiles
A5064348871,A5064348871,Yan Li,1,Exact DOI-level match
A5064352195,A5064352195,Yu Wang,1,Exact DOI-level match
A5064436911,A5064436911,Yan Li,1,Exact DOI-level match
A5064489538,A5064489538,Jing Zhao,1,Exact DOI-level match
A5064501346,A5064501346,Xin Wang,1,Exact DOI-level match
A5064563504,A5064563504,Hong Wang,1,Exact DOI-level match
A5064733360,A5064733360,Jin Zhang,1,Exact DOI-level match
A5064765235,A5064765235,Tao Wang,1,Exact DOI-level match
A5064765788,A5064765788,Jiandong Li,1,Exact DOI-level match
A5064781396,A5064781396,Xin Wang,1,Exact DOI-level match
A5064797131,A5064797131,Wei Zhao,1,Exact DOI-level match
A5064801292,A5064801292,Wang Hong,1,Exact DOI-level match
A5064809639,A5064809639,Dan Liu,1,Exact DOI-level match
A5065009375,A5065009375,Lei Wang,1,Exact DOI-level match
A5065083910,A5065083910,Jian Wang,1,Exact DOI-level match
A5065252293,A5065252293,Ling Wang,1,Exact DOI-level match
A5065268901,A5065268901,Yi Zhang,1,Exact DOI-level match
A5065338890,A5065338890,Tao Liu,1,Exact DOI-level match
A5065345837,A5065345837,Xin Li,1,Exact DOI-level match
A5065351471,A5065351471,Hui Wang,1,Exact DOI-level match
A5065443225,A5065443225,Wei Li,1,Exact DOI-level match
A5065538787,A5065538787,Ying Wang,1,Exact DOI-level match
A5065635453,A5065635453,Min Zhang,1,Exact DOI-level match
A5065788628,A5065788628,Ying Liu,1,Exact DOI-level match
A5065929099,A5065929099,Yan Zhang,1,Exact DOI-level match
A5065973798,A5065973798,Hui Wang,1,Exact DOI-level match
A5066024561,A5066024561,Yi Wang,1,Exact DOI-level match
A5066040834,A5066040834,J. Li,1,Unresolved abbreviation
A5066085701,A5066085701,Lin Zhang,1,Exact DOI-level match
A5066091697,A5066091697,Jie Liu,1,Exact DOI-level match
A5066194861,A5066194861,Jing Zhao,1,Exact DOI-level match
A5066215279,A5066215279,Hong Li,1,Exact DOI-level match
A5066397824,A5066397824,Jie Wang,1,Exact DOI-level match
A5066418610,A5066418610,Bo Zhang,1,Exact DOI-level match
A5066486652,A5066486652,Rui Wang,1,Exact DOI-level match
A5066515215,A5066515215,Wei Zhao,1,Exact DOI-level match
A5066560263,A5066560263,Jie liu,1,Exact DOI-level match
A5066757374,A5066757374,Yang Liu,1,Exact DOI-level match
A5066905801,A5066905801,Jing Zhang,1,Exact DOI-level match
A5067000217,A5067000217,Gang Li,1,Exact DOI-level match
A5067124076,A5067124076,Yuqiao Wang,1,Unresolved abbreviation
A5067189594,A5067189594,Xin Wang,1,Exact DOI-level match
A5067199276,A5067199276,Hui Zhang,1,Exact DOI-level match
A5067236127,A5067236127,T. Zhang,1,Unresolved abbreviation
A5067403267,A5067403267,Gang Li,1,Exact DOI-level match
A5067420396,A5067420396,Yan Li,1,Exact DOI-level match
A5067720117,A5067720117,Fang Wang,1,Exact DOI-level match
A5067729988,A5067729988,Jie Li,1,Exact DOI-level match
A5067798693,A5067798693,Yi Wang,1,Exact DOI-level match
A5067873822,A5029326219,T. Liu,7,Merged 7 profile fragments; full name unresolved
A5067901140,A5067901140,Juan Li,1,Exact DOI-level match
A5067915318,A5067915318,Jing Yang,1,Exact DOI-level match
A5067952025,A5067952025,Zhang Jin,1,Exact DOI-level match
A5068115635,A5068115635,Lei Zhang,1,Exact DOI-level match
A5068132266,A5068132266,Jing Wang,1,Exact DOI-level match
A5068132340,A5068132340,Hui Liu,1,Exact DOI-level match
A5068184979,A5068184979,Jian Xu,1,Exact DOI-level match
A5068236583,A5068236583,Yan Zhang,1,Exact DOI-level match
A5068440816,A5068440816,Xi Chen,1,Exact DOI-level match
A5068564208,A5068564208,Bin Zhang,1,Exact DOI-level match
A5068567113,A5068567113,Bin Liu,1,Exact DOI-level match
A5068604256,A5068604256,Jian Wang,1,Exact DOI-level match
A5068655276,A5068655276,Tao Liu,1,Exact DOI-level match
A5068679305,A5068679305,Yu Liu,1,Exact DOI-level match
A5068734877,A5068734877,Xin Zhang,1,Exact DOI-level match
A5068808993,A5068808993,Yang Yang,1,Exact DOI-level match
A5068826352,A5068826352,Lin Zhang,1,Exact DOI-level match
A5068878883,A5068878883,Wei Wang,1,Exact DOI-level match
A5068956733,A5068956733,Zhang Hong,1,Exact DOI-level match
A5068959898,A5068959898,Jing Zhang,1,Exact DOI-level match
A5069012689,A5069012689,Bo Zhang,1,Exact DOI-level match
A5069097747,A5069097747,Hui Li,1,Exact DOI-level match
A5069105716,A5069105716,Jie Wang,1,Exact DOI-level match
A5069111510,A5069111510,Yan Wang,1,Exact DOI-level match
A5069165504,A5069165504,Jie Chen,1,Exact DOI-level match
A5069240020,A5069240020,Yong Wang,1,Exact DOI-level match
A5069267574,A5069267574,Xin Wang,1,Exact DOI-level match
A5069344865,A5069344865,Juan Li,1,Exact DOI-level match
A5069408454,A5069408454,Lin Zhang,1,Exact DOI-level match
A5069641970,A5069641970,Jing Wang,1,Exact DOI-level match
A5069706166,A5069706166,T Liu,1,Unresolved abbreviation
A5069731722,A5069731722,Jun Wang,1,Exact DOI-level match
A5069765852,A5069765852,Wei Liu,1,Exact DOI-level match
A5069799374,A5069799374,Jun Yang,1,Exact DOI-level match
A5070051995,A5070051995,Wei Zhang,1,Exact DOI-level match
A5070117147,A5070117147,Lei Zhang,1,Exact DOI-level match
A5070223676,A5070223676,Jun Chen,1,Exact DOI-level match
A5070225981,A5070225981,Wei Li,1,Exact DOI-level match
A5070341270,A5070341270,Jie Zhang,1,Exact DOI-level match
A5070344216,A5070344216,Qi Wang,1,Exact DOI-level match
A5070405930,A5070405930,Ying Zhang,1,Exact DOI-level match
A5070405949,A5070405949,Gang Li,1,Exact DOI-level match
A5070567363,A5070567363,Jian Xu,1,Exact DOI-level match
A5070620598,A5070620598,Tsuyoshi Takeda,1,Exact DOI-level match
A5070637061,A5070637061,Hui Li,1,Exact DOI-level match
A5070720939,A5070720939,Jing Liu,1,Exact DOI-level match
A5070746948,A5070746948,Peng Li,1,Exact DOI-level match
A5070933855,A5070933855,Yang Wang,1,Exact DOI-level match
A5071018015,A5071018015,Jing Wang,1,Exact DOI-level match
A5071059599,A5071059599,Jing Li,1,Exact DOI-level match
A5071143454,A5071143454,Dan Li,1,Exact DOI-level match
A5071148881,A5071148881,Tao Zhang,1,Exact DOI-level match
A5071184650,A5071184650,Wang Ying,1,Exact DOI-level match
A5071206989,A5071206989,Jun Liu,1,Exact DOI-level match
A5071410707,A5071410707,Juan Li,1,Exact DOI-level match
A5071522872,A5071522872,Lei Wang,1,Exact DOI-level match
A5071538937,A5071538937,Lei Li,1,Exact DOI-level match
A5071570091,A5071570091,Ying Liu,1,Exact DOI-level match
A5071656541,A5071656541,B Li,1,Unresolved abbreviation
A5071759959,A5071759959,Yan Liu,1,Exact DOI-level match
A5071903015,A5071903015,Qiang Li,1,Exact DOI-level match
A5072012974,A5072012974,Ying Wang,1,Exact DOI-level match
A5072013177,A5072013177,Jing Li,1,Exact DOI-level match
A5072055673,A5072055673,Yu Liu,1,Exact DOI-level match
A5072146906,A5072146906,Yong Zhang,1,Exact DOI-level match
A5072167397,A5072167397,Rui Wang,1,Exact DOI-level match
A5072183477,A5072183477,Feng Li,1,Exact DOI-level match
A5072215133,A5072215133,Yang Jing,1,Exact DOI-level match
A5072267836,A5072267836,Hui Wang,1,Exact DOI-level match
A5072296344,A5072296344,Feng Wang,1,Exact DOI-level match
A5072374470,A5072374470,Bin Liu,1,Exact DOI-level match
A5072431708,A5072431708,Fang Wang,1,Exact DOI-level match
A5072478532,A5072478532,Yan Chen,1,Exact DOI-level match
A5072494269,A5072494269,Jie Li,1,Exact DOI-level match
A5072583887,A5072583887,Rui Wang,1,Exact DOI-level match
A5072652476,A5072652476,Jing Wang,1,Exact DOI-level match
A5072657419,A5072657419,Hao Wang,1,Exact DOI-level match
A5072700513,A5072700513,Jian Li,1,Exact DOI-level match
A5072787401,A5072787401,Hao Chen,1,Exact DOI-level match
A5072793251,A5072793251,Hong Zhang,1,Exact DOI-level match
A5072916832,A5072916832,Yu Liu,1,Exact DOI-level match
A5073066337,A5073066337,Yang Wang,1,Exact DOI-level match
A5073080405,A5073080405,Xin Wang,1,Exact DOI-level match
A5073138409,A5073138409,Liang Wang,1,Exact DOI-level match
A5073241484,A5073241484,Jun Wang,1,Exact DOI-level match
A5073332843,A5073332843,Bo Zhang,1,Exact DOI-level match
A5073484896,A5073484896,Lin Wang,1,Exact DOI-level match
A5073501875,A5073501875,Lei Li,1,Exact DOI-level match
A5073535831,A5073535831,Li Gang,1,Exact DOI-level match
A5073601624,A5073601624,Na Li,1,Exact DOI-level match
A5073606770,A5073606770,Yang Yang,1,Exact DOI-level match
A5073797093,A5073797093,Tao Zhang,1,Exact DOI-level match
A5073959775,A5073959775,Fang Liu,1,Exact DOI-level match
A5074115837,A5074115837,Jian Zhang,1,Exact DOI-level match
A5074180770,A5074180770,Jian Zhang,1,Exact DOI-level match
A5074256336,A5074256336,Jin Wang,1,Exact DOI-level match
A5074285609,A5074285609,Jian Wang,1,Exact DOI-level match
A5074295469,A5074295469,Wei Liu,1,Exact DOI-level match
A5074297911,A5074297911,Qian Li,1,Exact DOI-level match
A5074301402,A5074301402,Jie Li,1,Exact DOI-level match
A5074419878,A5074419878,Jun Iwamoto,2,Merged 2 OpenAlex profiles
A5074460611,A5074460611,Li Li,1,Exact DOI-level match
A5074624353,A5074624353,Wei Li,1,Exact DOI-level match
A5074719379,A5074719379,Feng Wang,1,Exact DOI-level match
A5074730004,A5074730004,Didier Raoult,1,Exact DOI-level match
A5074737950,A5074737950,Lei Wang,1,Exact DOI-level match
A5074749301,A5074749301,Li liu,1,Exact DOI-level match
A5074804419,A5074804419,Guilherme Malafaia,1,Exact DOI-level match
A5074921115,A5074921115,Bin Zhang,1,Exact DOI-level match
A5075131520,A5075131520,Yu Zhang,1,Exact DOI-level match
A5075133693,A5075133693,Tao Wang,1,Exact DOI-level match
A5075145729,A5075145729,Liu Hui,1,Exact DOI-level match
A5075176228,A5075176228,Jing Wang,1,Exact DOI-level match
A5075203798,A5075203798,Jing Chen,1,Exact DOI-level match
A5075209901,A5075209901,Bo Wang,1,Exact DOI-level match
A5075408879,A5075408879,Ming Li,1,Exact DOI-level match
A5075429693,A5075429693,Min Zhang,1,Exact DOI-level match
A5075631027,A5075631027,Yang Liu,1,Exact DOI-level match
A5075653084,A5075653084,Bin Liu,1,Exact DOI-level match
A5075766567,A5075766567,Tao Zhang,1,Exact DOI-level match
A5075868044,A5075868044,A. Maxim,1,Confirmed abbreviation
A5075934484,A5075934484,Nan Li,1,Exact DOI-level match
A5075982894,A5075982894,Jing Zhang,1,Exact DOI-level match
A5076006482,A5076006482,Jun Chen,1,Exact DOI-level match
A5076180869,A5076180869,Chao Wang,1,Exact DOI-level match
A5076239257,A5076239257,Bo Wang,1,Exact DOI-level match
A5076310461,A5076310461,Tao Zhang,1,Exact DOI-level match
A5076390617,A5076390617,Li Zhang,1,Exact DOI-level match
A5076514018,A5076514018,Jing Wang,1,Exact DOI-level match
A5076573459,A5076573459,Jing Zhang,1,Exact DOI-level match
A5076576939,A5076576939,Wei Wang,1,Exact DOI-level match
A5076637678,A5076637678,Yu Liu,1,Exact DOI-level match
A5076874458,A5076874458,Feng Li,1,Exact DOI-level match
A5077065515,A5077065515,Hui Zhang,1,Exact DOI-level match
A5077083938,A5077083938,Jing Liu,1,Exact DOI-level match
A5077121399,A5077121399,Jing Zhang,1,Exact DOI-level match
A5077239749,A5077239749,Li Zhang,1,Exact DOI-level match
A5077345820,A5077345820,Yu Wang,1,Exact DOI-level match
A5077478614,A5077478614,Jie Zhang,1,Exact DOI-level match
A5077501110,A5077501110,Nan Li,1,Exact DOI-level match
A5077556327,A5077556327,Feng Li,1,Exact DOI-level match
A5077615813,A5077615813,Wei Wang,1,Exact DOI-level match
A5077661122,A5077661122,Wei Zhang,1,Exact DOI-level match
A5077744630,A5077744630,Yang Zhang,1,Exact DOI-level match
A5077797526,A5077797526,Zhang Yong,1,Exact DOI-level match
A5077876044,A5077876044,Jing Wang,1,Exact DOI-level match
A5077952151,A5077952151,Bin Wang,1,Exact DOI-level match
A5077967270,A5077967270,Wei Wang,1,Exact DOI-level match
A5078027241,A5078027241,Feng Wang,1,Exact DOI-level match
A5078227951,A5078227951,Zhao Wei,1,Exact DOI-level match
A5078352370,A5078352370,Yang Yang,1,Exact DOI-level match
A5078355847,A5078355847,Rui Wang,1,Exact DOI-level match
A5078437006,A5078437006,Tao Liu,1,Exact DOI-level match
A5078459918,A5078459918,Hiroshi Otake,1,Exact DOI-level match
A5078575247,A5078575247,Xi Chen,1,Exact DOI-level match
A5078667415,A5078667415,Ping Zhang,1,Exact DOI-level match
A5078694845,A5078694845,Feng Wang,1,Exact DOI-level match
A5078723687,A5078723687,Li Wang,1,Exact DOI-level match
A5078761832,A5078761832,Yang Yang,1,Exact DOI-level match
A5078785070,A5078785070,Xin Li,1,Exact DOI-level match
A5078793951,A5078793951,Xi Chen,1,Exact DOI-level match
A5078964173,A5078964173,Wei Zhao,1,Exact DOI-level match
A5079000764,A5079000764,Lei Wang,1,Exact DOI-level match
A5079080607,A5023949389,Hidenori Toyooka,3,Merged 3 OpenAlex profiles
A5079097812,A5079097812,Fei Wang,1,Exact DOI-level match
A5079255534,A5079255534,Yang Yang,1,Exact DOI-level match
A5079306986,A5079306986,Yan Liu,1,Exact DOI-level match
A5079369822,A5079369822,Jing Li,1,Exact DOI-level match
A5079410269,A5079410269,Ming Li,1,Exact DOI-level match
A5079456875,A5079456875,Ling Wang,1,Exact DOI-level match
A5079524660,A5079524660,Yang Li,1,Exact DOI-level match
A5079564498,A5079564498,Gang Li,1,Exact DOI-level match
A5079628703,A5079628703,Peng Zhang,1,Exact DOI-level match
A5079659417,A5079659417,Hui Zhang,1,Exact DOI-level match
A5079659944,A5079659944,Zhang Lin,1,Exact DOI-level match
A5079667699,A5079667699,Yan Wang,1,Exact DOI-level match
A5079684072,A5079684072,Hong Wang,1,Exact DOI-level match
A5079856514,A5079856514,Jun Li,1,Exact DOI-level match
A5080030367,A5080030367,Jing Wang,1,Exact DOI-level match
A5080102032,A5080102032,Hao Wang,1,Exact DOI-level match
A5080107160,A5080107160,Li Wang,1,Exact DOI-level match
A5080152723,A5080152723,Qi Wang,1,Exact DOI-level match
A5080165722,A5080165722,Feng Wang,1,Exact DOI-level match
A5080214623,A5080214623,Jing Chen,1,Exact DOI-level match
A5080292153,A5080292153,Fang Wang,1,Exact DOI-level match
A5080314329,A5080314329,Xin Zhang,1,Exact DOI-level match
A5080515342,A5080515342,Bo Wang,1,Exact DOI-level match
A5080573629,A5080573629,Yu Wang,1,Exact DOI-level match
A5080586741,A5080586741,Wei Zhao,1,Exact DOI-level match
A5080722372,A5080722372,Hong Zhang,1,Exact DOI-level match
A5080841606,A5080841606,Min Li,1,Exact DOI-level match
A5080888456,A5080888456,Wei Wang,1,Exact DOI-level match
A5080918574,A5080918574,Yi Wang,1,Exact DOI-level match
A5080963601,A5080963601,Yan Wang,1,Exact DOI-level match
A5081105455,A5081105455,R Wang,1,Unresolved abbreviation
A5081128160,A5081128160,Feng Wang,1,Exact DOI-level match
A5081145818,A5081145818,Yang Wang,1,Exact DOI-level match
A5081215680,A5081215680,Jian Zhang,1,Exact DOI-level match
A5081222629,A5081222629,Zhang Yan,1,Exact DOI-level match
A5081361669,A5081361669,Jun Chen,1,Exact DOI-level match
A5081389569,A5081389569,Jian Wang,1,Exact DOI-level match
A5081416836,A5081416836,Yan Chen,1,Exact DOI-level match
A5081442362,A5081442362,Ying Liu,1,Exact DOI-level match
A5081578647,A5081578647,Wei Zhang,1,Exact DOI-level match
A5081583686,A5081583686,Bin Liu,1,Exact DOI-level match
A5081732023,A5081732023,Yan Wang,1,Exact DOI-level match
A5081740800,A5081740800,Xi Chen,1,Exact DOI-level match
A5081787039,A5081787039,Yang Liu,1,Exact DOI-level match
A5081878490,A5081878490,Wei Liu,1,Exact DOI-level match
A5081883041,A5081883041,Bin Liu,1,Exact DOI-level match
A5081914206,A5081914206,Bo Zhang,1,Exact DOI-level match
A5081943916,A5081943916,Qian Wang,1,Exact DOI-level match
A5081959698,A5081959698,Nan Li,1,Exact DOI-level match
A5082176657,A5082176657,Xi Chen,1,Exact DOI-level match
A5082218269,A5082218269,Ying Zhang,1,Exact DOI-level match
A5082308509,A5082308509,Wei Wang,1,Exact DOI-level match
A5082431907,A5082431907,Jin Wang,1,Exact DOI-level match
A5082473674,A5082473674,Lei Li,1,Exact DOI-level match
A5082484382,A5082484382,Jun Lu,1,Exact DOI-level match
A5082520075,A5082520075,Jun Zhang,1,Exact DOI-level match
A5082659189,A5082659189,Min Wang,1,Exact DOI-level match
A5082687712,A5082687712,Jing Liu,1,Exact DOI-level match
A5082831505,A5082831505,Fang Liu,1,Exact DOI-level match
A5083001885,A5083001885,Peng Zhang,1,Exact DOI-level match
A5083085819,A5083085819,Yang Liu,1,Exact DOI-level match
A5083174655,A5083174655,Jing Yang,1,Exact DOI-level match
A5083177876,A5083177876,Jie Zhang,1,Exact DOI-level match
A5083211635,A5083211635,Jian Li,1,Exact DOI-level match
A5083309031,A5083309031,Yan Chen,1,Exact DOI-level match
A5083368496,A5083368496,Li Wang,1,Exact DOI-level match
A5083549881,A5083549881,Yang Wang,1,Exact DOI-level match
A5083612965,A5083612965,Qian Zhang,1,Exact DOI-level match
A5083639800,A5083639800,Tao Zhang,1,Exact DOI-level match
A5083718325,A5083718325,Yang Liu,1,Exact DOI-level match
A5083760509,A5083760509,Hui Zhang,1,Exact DOI-level match
A5083836939,A5083836939,Yan Zhang,1,Exact DOI-level match
A5083878190,A5083878190,Li Jian,1,Exact DOI-level match
A5083910412,A5083910412,Li Zhang,1,Exact DOI-level match
A5083938464,A5083938464,Gang Wang,1,Exact DOI-level match
A5084017154,A5084017154,Jie Chen,1,Exact DOI-level match
A5084094930,A5084094930,Yu Zhang,1,Exact DOI-level match
A5084142912,A5084142912,Feng Wang,1,Exact DOI-level match
A5084178417,A5084178417,Na Li,1,Exact DOI-level match
A5084332474,A5084332474,Min Li,1,Exact DOI-level match
A5084384992,A5084384992,Nan Li,1,Exact DOI-level match
A5084420442,A5084420442,Chao Wang,1,Exact DOI-level match
A5084520508,A5084520508,Jie Chen,1,Exact DOI-level match
A5084537113,A5084537113,Lei Wang,1,Exact DOI-level match
A5084591027,A5084591027,Wei Zhang,1,Exact DOI-level match
A5084614462,A5084614462,Bo Wang,1,Exact DOI-level match
A5084707917,A5029326219,T. Liu,7,Merged 7 profile fragments; full name unresolved
A5084722772,A5084722772,Fei Wang,1,Exact DOI-level match
A5084783928,A5084783928,Jun Zhang,1,Exact DOI-level match
A5084822670,A5084822670,Yan Liu,1,Exact DOI-level match
A5084898086,A5084898086,Jing Li,1,Exact DOI-level match
A5085060421,A5085060421,Li Zhang,1,Exact DOI-level match
A5085189560,A5085189560,Jing Wang,1,Exact DOI-level match
A5085254243,A5085254243,Yi Zhang,1,Exact DOI-level match
A5085288510,A5085288510,Xin Zhang,1,Exact DOI-level match
A5085322722,A5085322722,Dan Wang,1,Exact DOI-level match
A5085381341,A5085381341,Feng Li,1,Exact DOI-level match
A5085383621,A5085383621,Bin Liu,1,Exact DOI-level match
A5085389749,A5085389749,Jin Zhang,1,Exact DOI-level match
A5085409183,A5085409183,Yang Li,1,Exact DOI-level match
A5085490668,A5085490668,Qian Wang,1,Exact DOI-level match
A5085545717,A5085545717,Qi Wang,1,Exact DOI-level match
A5085728168,A5085728168,Jian Xu,1,Exact DOI-level match
A5085791361,A5085791361,Bin Zhang,1,Exact DOI-level match
A5085805297,A5085805297,Yong Zhang,1,Exact DOI-level match
A5085824540,A5085824540,Ying Wang,1,Exact DOI-level match
A5085908047,A5085908047,Wei Zhang,1,Exact DOI-level match
A5086048534,A5030715283,M. Ghoranneviss,2,Merged 2 OpenAlex profiles
A5086148808,A5086148808,Бо Ли,1,Exact DOI-level match
A5086281055,A5086281055,Xi Chen,1,Exact DOI-level match
A5086482529,A5086482529,Jing Yang,1,Exact DOI-level match
A5086496427,A5086496427,J. Zhang,1,Unresolved abbreviation
A5086548040,A5086548040,Jing Zhang,1,Exact DOI-level match
A5086649060,A5086649060,Qiang Li,1,Exact DOI-level match
A5086680292,A5086680292,Jing Wang,1,Exact DOI-level match
A5086722841,A5086722841,Feng Wang,1,Exact DOI-level match
A5086969294,A5086969294,Wei Wang,1,Exact DOI-level match
A5086979542,A5086979542,Jian Xu,1,Exact DOI-level match
A5087020908,A5087020908,QIAN ZHANG,1,Exact DOI-level match
A5087037668,A5087037668,Ying Liu,1,Exact DOI-level match
A5087046173,A5087046173,Hui Zhang,1,Exact DOI-level match
A5087078912,A5087078912,Fang Wang,1,Exact DOI-level match
A5087130734,A5087130734,Yang Wang,1,Exact DOI-level match
A5087293551,A5087293551,Yang Yang,1,Exact DOI-level match
A5087551327,A5087551327,Lei Zhang,1,Exact DOI-level match
A5087652433,A5087652433,Jun Liu,1,Exact DOI-level match
A5087827780,A5087827780,Li Liu,1,Exact DOI-level match
A5087884119,A5087884119,Lin Wang,1,Exact DOI-level match
A5087957404,A5087957404,Rui Wang,1,Exact DOI-level match
A5088175638,A5088175638,Wei Chen,1,Exact DOI-level match
A5088306081,A5088306081,Na Li,1,Exact DOI-level match
A5088314544,A5088314544,Wei Chen,1,Exact DOI-level match
A5088351037,A5088351037,Hao Wang,1,Exact DOI-level match
A5088392375,A5088392375,Tao Wang,1,Exact DOI-level match
A5088440625,A5088440625,Bo Wang,1,Exact DOI-level match
A5088584400,A5088584400,Nan Li,1,Exact DOI-level match
A5088649703,A5088649703,Jing Zhao,1,Exact DOI-level match
A5088664461,A5088664461,Yang Li,1,Exact DOI-level match
A5088710227,A5088710227,Jun Liu,1,Exact DOI-level match
A5088917060,A5088917060,Yu Zhang,1,Exact DOI-level match
A5088946682,A5088946682,Li Zhang,1,Exact DOI-level match
A5089104834,A5089104834,Xin Wang,1,Exact DOI-level match
A5089191258,A5089191258,Yan Wang,1,Exact DOI-level match
A5089272863,A5089272863,Lei Liu,1,Exact DOI-level match
A5089278084,A5089278084,Lei Liu,1,Exact DOI-level match
A5089328680,A5089328680,Na Li,1,Exact DOI-level match
A5089349240,A5089349240,Jun Zhang,1,Exact DOI-level match
A5089399346,A5089399346,Yu Zhang,1,Exact DOI-level match
A5089549247,A5089549247,Jing Li,1,Exact DOI-level match
A5089693614,A5089693614,Xin Wang,1,Exact DOI-level match
A5089710739,A5089710739,Fang Liu,1,Exact DOI-level match
A5089770704,A5089770704,Jie Li,1,Exact DOI-level match
A5089831302,A5089831302,Lei Liu,1,Exact DOI-level match
A5089934202,A5089934202,Wei Chen,1,Exact DOI-level match
A5089966233,A5089966233,Jian Li,1,Exact DOI-level match
A5090046373,A5090046373,Peng Zhang,1,Exact DOI-level match
A5090142205,A5090142205,Yu Zhang,1,Exact DOI-level match
A5090162145,A5090162145,Yan Zhang,1,Exact DOI-level match
A5090318045,A5090318045,Bin Wang,1,Exact DOI-level match
A5090652983,A5090652983,Yan Li,1,Exact DOI-level match
A5090667107,A5090667107,Bo Li,1,Exact DOI-level match
A5090702152,A5090702152,Ying Liu,1,Exact DOI-level match
A5090894779,A5090894779,Feng Wang,1,Exact DOI-level match
A5090926374,A5090926374,Hao Zhang,1,Exact DOI-level match
A5090934439,A5090934439,Yan Wang,1,Exact DOI-level match
A5090967419,A5090967419,Jian Wang,1,Exact DOI-level match
A5091020799,A5091020799,Tao Li,1,Exact DOI-level match
A5091089625,A5091089625,Lei Wang,1,Exact DOI-level match
A5091188832,A5091188832,Lei Liu,1,Exact DOI-level match
A5091402216,A5091402216,Jie Zhang,1,Exact DOI-level match
A5091432366,A5091432366,Lei Wang,1,Exact DOI-level match
A5091446477,A5091446477,Jie Li,1,Exact DOI-level match
A5091588373,A5091588373,Jian Li,1,Exact DOI-level match
A5091654591,A5091654591,Yi Wang,1,Exact DOI-level match
A5091665906,A5091665906,Yan Zhang,1,Exact DOI-level match
A5091751350,A5091751350,Lei Zhang,1,Exact DOI-level match
A5091790870,A5091790870,Jian Zhang,1,Exact DOI-level match
A5091830806,A5091830806,Xin Wang,1,Exact DOI-level match
A5091862443,A5091862443,Jing Wang,1,Exact DOI-level match
A5092014438,A5092014438,Qian Wang,1,Exact DOI-level match
A5092021398,A5092021398,Feng Wang,1,Exact DOI-level match
A5092082089,A5092082089,Yu Zhang,1,Exact DOI-level match
A5092162766,A5092162766,Yu Zhang,1,Exact DOI-level match
A5092457773,A5092457773,Lei Li,1,Exact DOI-level match
A5098187694,A5098187694,D. Liakopoulos,1,Unresolved abbreviation
A5098487117,A5098487117,D. Liakopoulos,1,Unresolved abbreviation
A5100306730,A5100306730,Jian Li,1,Exact DOI-level match
A5100317954,A5100317954,Wei Li,1,Exact DOI-level match
A5100317957,A5100317957,Wei Li,1,Exact DOI-level match
A5100317965,A5100317965,Wei Li,1,Exact DOI-level match
A5100317967,A5100317967,Wei Li,1,Exact DOI-level match
A5100317986,A5100317986,Wei Li,1,Exact DOI-level match
A5100317989,A5100317989,Wei Li,1,Exact DOI-level match
A5100317992,A5100317992,Wei Li,1,Exact DOI-level match
A5100317994,A5100317994,Wei Li,1,Exact DOI-level match
A5100318002,A5100318002,Wei Li,1,Exact DOI-level match
A5100318019,A5100318019,Wei Li,1,Exact DOI-level match
A5100318069,A5100318069,Wei Li,1,Exact DOI-level match
A5100318082,A5100318082,Wei Li,1,Exact DOI-level match
A5100318100,A5100318100,Wei Li,1,Exact DOI-level match
A5100318113,A5100318113,Wei Li,1,Exact DOI-level match
A5100318125,A5100318125,Wei Li,1,Exact DOI-level match
A5100318144,A5100318144,Wei Li,1,Exact DOI-level match
A5100318158,A5100318158,Wei Li,1,Exact DOI-level match
A5100318166,A5100318166,Wei Li,1,Exact DOI-level match
A5100318191,A5100318191,Wei Li,1,Exact DOI-level match
A5100318200,A5100318200,Wei Li,1,Exact DOI-level match
A5100318210,A5100318210,Wei Li,1,Exact DOI-level match
A5100318225,A5100318225,Wei Li,1,Exact DOI-level match
A5100318238,A5100318238,Wei Li,1,Exact DOI-level match
A5100318243,A5100318243,Wei Li,1,Exact DOI-level match
A5100318254,A5100318254,Wei Li,1,Exact DOI-level match
A5100318255,A5100318255,Wei Li,1,Exact DOI-level match
A5100318256,A5100318256,Wei Li,1,Exact DOI-level match
A5100318307,A5100318307,Wei Li,1,Exact DOI-level match
A5100318313,A5100318313,Wei Li,1,Exact DOI-level match
A5100318324,A5100318324,Wei Li,1,Exact DOI-level match
A5100318325,A5100318325,Wěi Li,1,Exact DOI-level match
A5100318327,A5100318327,Wei Li,1,Exact DOI-level match
A5100318334,A5100318334,Wei Li,1,Exact DOI-level match
A5100318350,A5100318350,Wěi Li,1,Exact DOI-level match
A5100318387,A5100318387,Wei Li,1,Exact DOI-level match
A5100318402,A5100318402,Wei Li,1,Exact DOI-level match
A5100318403,A5100318403,Wei Li,1,Exact DOI-level match
A5100318406,A5100318406,Wei Li,1,Exact DOI-level match
A5100318420,A5100318420,Wei Li,1,Exact DOI-level match
A5100318462,A5100318462,Wei Li,1,Exact DOI-level match
A5100318464,A5100318464,Wei Li,1,Exact DOI-level match
A5100318820,A5100318820,Yong Zhang,1,Exact DOI-level match
A5100318825,A5100318825,Yong Zhang,1,Exact DOI-level match
A5100320398,A5100320398,Bo Zhang,1,Exact DOI-level match
A5100321361,A5100321361,Fang Wang,1,Exact DOI-level match
A5100321381,A5100321381,Fang Wang,1,Exact DOI-level match
A5100321398,A5100321398,Fang Wang,1,Exact DOI-level match
A5100321405,A5100321405,Fang Wang,1,Exact DOI-level match
A5100321414,A5100321414,Fang Wang,1,Exact DOI-level match
A5100321431,A5100321431,Fang Wang,1,Exact DOI-level match
A5100321435,A5100321435,Fang Wang,1,Exact DOI-level match
A5100321443,A5100321443,Fang Wang,1,Exact DOI-level match
A5100321444,A5100321444,Fang Wang,1,Exact DOI-level match
A5100321446,A5100321446,Fang Wang,1,Exact DOI-level match
A5100321464,A5100321464,Fang Wang,1,Exact DOI-level match
A5100321469,A5100321469,Fang Wang,1,Exact DOI-level match
A5100321481,A5100321481,Fang Wang,1,Exact DOI-level match
A5100321493,A5100321493,Fang Wang,1,Exact DOI-level match
A5100322467,A5100322467,Yan Wang,1,Exact DOI-level match
A5100322487,A5100322487,Yan Wang,1,Exact DOI-level match
A5100322501,A5100322501,Yang Wang,1,Exact DOI-level match
A5100322505,A5100322505,Yan Wang,1,Exact DOI-level match
A5100322552,A5100322552,Yan Wang,1,Exact DOI-level match
A5100322554,A5100322554,Yang Wang,1,Exact DOI-level match
A5100322562,A5100322562,Yang Wang,1,Exact DOI-level match
A5100322589,A5100322589,Yan Wang,1,Exact DOI-level match
A5100322600,A5100322600,Yan Wang,1,Exact DOI-level match
A5100322615,A5100322615,Yan Wang,1,Exact DOI-level match
A5100322617,A5100322617,Yan Wang,1,Exact DOI-level match
A5100322657,A5100322657,Yan Wang,1,Exact DOI-level match
A5100322659,A5100322659,Yan Wang,1,Exact DOI-level match
A5100322671,A5100322671,Yang Wang,1,Exact DOI-level match
A5100322684,A5100322684,Yan Wang,1,Exact DOI-level match
A5100322699,A5100322699,Yan Wang,1,Exact DOI-level match
A5100322712,A5100322712,Yan Wang,1,Exact DOI-level match
A5100322731,A5100322731,Yang Wang,1,Exact DOI-level match
A5100322740,A5100322740,Yan Wang,1,Exact DOI-level match
A5100322752,A5100322752,Yan Wang,1,Exact DOI-level match
A5100322756,A5100322756,Yan Wang,1,Exact DOI-level match
A5100322764,A5100322764,Yang Wang,1,Exact DOI-level match
A5100322769,A5100322769,Yan Wang,1,Exact DOI-level match
A5100322776,A5100322776,Yang Wang,1,Exact DOI-level match
A5100322817,A5100322817,Yan Wang,1,Exact DOI-level match
A5100322825,A5100322825,Yan Wang,1,Exact DOI-level match
A5100322864,A5100322864,Lingling Wang,1,Exact DOI-level match
A5100322866,A5100322866,Yang Wang,1,Exact DOI-level match
A5100322872,A5100322872,Yan Wang,1,Exact DOI-level match
A5100322879,A5100322879,Yang Wang,1,Exact DOI-level match
A5100322887,A5100322887,Yang Wang,1,Exact DOI-level match
A5100322908,A5100322908,Yan Wang,1,Exact DOI-level match
A5100322915,A5100322915,Yang Wang,1,Exact DOI-level match
A5100322919,A5100322919,Yan Wang,1,Exact DOI-level match
A5100322934,A5100322934,Yang Wang,1,Exact DOI-level match
A5100322938,A5100322938,Yan Wang,1,Exact DOI-level match
A5100322948,A5100322948,Yan Wang,1,Exact DOI-level match
A5100322966,A5100322966,Yan Wang,1,Exact DOI-level match
A5100323011,A5100323011,Yang Wang,1,Exact DOI-level match
A5100323015,A5100323015,Yan Wang,1,Exact DOI-level match
A5100323330,A5100323330,Hui Zhang,1,Exact DOI-level match
A5100323333,A5100323333,Hui Zhang,1,Exact DOI-level match
A5100323343,A5100323343,Hui Zhang,1,Exact DOI-level match
A5100323378,A5100323378,Hui Zhang,1,Exact DOI-level match
A5100323389,A5100323389,Hui Zhang,1,Exact DOI-level match
A5100323391,A5100323391,Hui Zhang,1,Exact DOI-level match
A5100323392,A5100323392,Hui Zhang,1,Exact DOI-level match
A5100323402,A5100323402,Hui Zhang,1,Exact DOI-level match
A5100323405,A5100323405,Hui Zhang,1,Exact DOI-level match
A5100323451,A5100323451,Hui Zhang,1,Exact DOI-level match
A5100323459,A5100323459,Hui Zhang,1,Exact DOI-level match
A5100323465,A5100323465,Hui Zhang,1,Exact DOI-level match
A5100323469,A5100323469,Hui Zhang,1,Exact DOI-level match
A5100323476,A5100323476,Hui Zhang,1,Exact DOI-level match
A5100323483,A5100323483,Hui Zhang,1,Exact DOI-level match
A5100323495,A5100323495,Hui Zhang,1,Exact DOI-level match
A5100323524,A5100323524,Hui Zhang,1,Exact DOI-level match
A5100323552,A5100323552,Hui Zhang,1,Exact DOI-level match
A5100323568,A5100323568,Hui Zhang,1,Exact DOI-level match
A5100323572,A5100323572,Hui Zhang,1,Exact DOI-level match
A5100323577,A5100323577,Hui Zhang,1,Exact DOI-level match
A5100324997,A5100324997,Wei Zhang,1,Exact DOI-level match
A5100324999,A5100324999,Wei Zhang,1,Exact DOI-level match
A5100325001,A5100325001,Wei Zhang,1,Exact DOI-level match
A5100325012,A5100325012,Hong Li,1,Exact DOI-level match
A5100325014,A5100325014,Hong Li,1,Exact DOI-level match
A5100325544,A5100325544,Yi Wang,1,Exact DOI-level match
A5100326826,A5100326826,Dan Liu,1,Exact DOI-level match
A5100326828,A5100326828,Dan Liu,1,Exact DOI-level match
A5100326831,A5100326831,Dan Liu,1,Exact DOI-level match
A5100326844,A5100326844,Dan Liu,1,Exact DOI-level match
A5100326850,A5100326850,Dan Liu,1,Exact DOI-level match
A5100326855,A5100326855,Dan Liŭ,1,Exact DOI-level match
A5100326859,A5100326859,Dan Liu,1,Exact DOI-level match
A5100326860,A5100326860,Dan Liu,1,Exact DOI-level match
A5100326863,A5100326863,Dan Liu,1,Exact DOI-level match
A5100326881,A5100326881,Dan Liu,1,Exact DOI-level match
A5100326884,A5100326884,Dan Liu,1,Exact DOI-level match
A5100326886,A5100326886,Dan Liu,1,Exact DOI-level match
A5100327329,A5100327329,Xin Zhang,1,Exact DOI-level match
A5100327362,A5100327362,Xin Zhang,1,Exact DOI-level match
A5100327375,A5100327375,Xin Zhang,1,Exact DOI-level match
A5100327385,A5100327385,Xin Zhang,1,Exact DOI-level match
A5100327390,A5100327390,Xin Zhang,1,Exact DOI-level match
A5100327404,A5100327404,Xin Zhang,1,Exact DOI-level match
A5100327420,A5100327420,Xin Zhang,1,Exact DOI-level match
A5100327438,A5100327438,Xın Zhang,1,Exact DOI-level match
A5100327453,A5100327453,Xin Zhang,1,Exact DOI-level match
A5100327509,A5100327509,Xin Zhang,1,Exact DOI-level match
A5100327515,A5100327515,Xin Zhang,1,Exact DOI-level match
A5100327526,A5100327526,Xin Zhang,1,Exact DOI-level match
A5100327527,A5100327527,Xin Zhang,1,Exact DOI-level match
A5100327558,A5100327558,Xin Zhang,1,Exact DOI-level match
A5100327584,A5100327584,Xin Zhang,1,Exact DOI-level match
A5100327616,A5100327616,Xin Zhang,1,Exact DOI-level match
A5100327617,A5100327617,Xin Zhang,1,Exact DOI-level match
A5100327629,A5100327629,Xin Zhang,1,Exact DOI-level match
A5100327788,A5100327788,Xin Wang,1,Exact DOI-level match
A5100327793,A5100327793,Xin Wang,1,Exact DOI-level match
A5100327810,A5100327810,Xin Wang,1,Exact DOI-level match
A5100327815,A5100327815,Xin Wang,1,Exact DOI-level match
A5100327828,A5100327828,Xin Wang,1,Exact DOI-level match
A5100327833,A5100327833,Xin Wang,1,Exact DOI-level match
A5100327835,A5100327835,Xin Wang,1,Exact DOI-level match
A5100327836,A5100327836,Xin Wang,1,Exact DOI-level match
A5100327839,A5100327839,Xin Wang,1,Exact DOI-level match
A5100327844,A5100327844,Xin Wang,1,Exact DOI-level match
A5100327859,A5100327859,Xin Wang,1,Exact DOI-level match
A5100327900,A5100327900,Xin Wang,1,Exact DOI-level match
A5100327918,A5100327918,Xin Wang,1,Exact DOI-level match
A5100327957,A5100327957,Xin Wang,1,Exact DOI-level match
A5100327965,A5100327965,Xin Wang,1,Exact DOI-level match
A5100327977,A5100327977,Xin Wang,1,Exact DOI-level match
A5100327998,A5100327998,Xin Wang,1,Exact DOI-level match
A5100328022,A5100328022,Xin Wang,1,Exact DOI-level match
A5100328026,A5100328026,Xin Wang,1,Exact DOI-level match
A5100328041,A5100328041,Xin Wang,1,Exact DOI-level match
A5100328087,A5100328087,Xin Wang,1,Exact DOI-level match
A5100328100,A5100328100,Xin Wang,1,Exact DOI-level match
A5100328102,A5100328102,Xin Wang,1,Exact DOI-level match
A5100328112,A5100328112,Xin Wang,1,Exact DOI-level match
A5100328117,A5100328117,Xin Wang,1,Exact DOI-level match
A5100328128,A5100328128,Xin Wang,1,Exact DOI-level match
A5100328155,A5100328155,Xin Wang,1,Exact DOI-level match
A5100329833,A5100329833,Xi Chen,1,Exact DOI-level match
A5100329836,A5100329836,Xi Chen,1,Exact DOI-level match
A5100329840,A5100329840,Xi Chen,1,Exact DOI-level match
A5100329858,A5100329858,Xi Chen,1,Exact DOI-level match
A5100329867,A5100329867,Xi Chen,1,Exact DOI-level match
A5100329868,A5100329868,Xi Chen,1,Exact DOI-level match
A5100329875,A5100329875,Xi Chen,1,Exact DOI-level match
A5100329885,A5100329885,Xi Chen,1,Exact DOI-level match
A5100329909,A5100329909,Xi Chen,1,Exact DOI-level match
A5100329931,A5100329931,Xi Chen,1,Exact DOI-level match
A5100329932,A5100329932,Xi Chen,1,Exact DOI-level match
A5100329938,A5100329938,Xi Chen,1,Exact DOI-level match
A5100329981,A5100329981,Xi Chen,1,Exact DOI-level match
A5100329982,A5100329982,Xi Chen,1,Exact DOI-level match
A5100329989,A5100329989,Xi Chen,1,Exact DOI-level match
A5100329993,A5100329993,Xi Chen,1,Exact DOI-level match
A5100329996,A5100329996,Xi Chen,1,Exact DOI-level match
A5100330005,A5100330005,Xi Chen,1,Exact DOI-level match
A5100330006,A5100330006,Xi Chen,1,Exact DOI-level match
A5100330009,A5100330009,Xi Chen,1,Exact DOI-level match
A5100330034,A5100330034,Xi Chen,1,Exact DOI-level match
A5100330058,A5100330058,Xi Chen,1,Exact DOI-level match
A5100330066,A5100330066,Xi Chen,1,Exact DOI-level match
A5100330381,A5100330381,Qian Li,1,Exact DOI-level match
A5100330803,A5100330803,Jun Li,1,Exact DOI-level match
A5100332157,A5100332157,Jun Wang,1,Exact DOI-level match
A5100332820,A5100332820,Jie Chen,1,Exact DOI-level match
A5100332848,A5100332848,Jie Chen,1,Exact DOI-level match
A5100332857,A5100332857,Jie Chen,1,Exact DOI-level match
A5100332880,A5100332880,Jie Chen,1,Exact DOI-level match
A5100332883,A5100332883,Jie Chen,1,Exact DOI-level match
A5100332904,A5100332904,Jie Chen,1,Exact DOI-level match
A5100332907,A5100332907,Jie Chen,1,Exact DOI-level match
A5100332932,A5100332932,Jie Chen,1,Exact DOI-level match
A5100332958,A5100332958,Jie Chen,1,Exact DOI-level match
A5100332975,A5100332975,Jie Chen,1,Exact DOI-level match
A5100332996,A5100332996,Jie Chen,1,Exact DOI-level match
A5100332999,A5100332999,Jie Chen,1,Exact DOI-level match
A5100333005,A5100333005,Jie Chen,1,Exact DOI-level match
A5100333009,A5100333009,Jie Chen,1,Exact DOI-level match
A5100333014,A5100333014,Jie Chen,1,Exact DOI-level match
A5100333015,A5100333015,Jie Chen,1,Exact DOI-level match
A5100335172,A5100335172,Bo Zhang,1,Exact DOI-level match
A5100335186,A5100335186,Bo Zhang,1,Exact DOI-level match
A5100335189,A5100335189,Bo Zhang,1,Exact DOI-level match
A5100335191,A5100335191,Bo Zhang,1,Exact DOI-level match
A5100335192,A5100335192,Bo Zhang,1,Exact DOI-level match
A5100335203,A5100335203,Bo Zhang,1,Exact DOI-level match
A5100335210,A5100335210,Bo Zhang,1,Exact DOI-level match
A5100335228,A5100335228,Bo Zhang,1,Exact DOI-level match
A5100335238,A5100335238,Bo Zhang,1,Exact DOI-level match
A5100335283,A5100335283,Bo Zhang,1,Exact DOI-level match
A5100335295,A5100335295,Bo Zhang,1,Exact DOI-level match
A5100335304,A5100335304,Bo Zhang,1,Exact DOI-level match
A5100335328,A5100335328,Bo Zhang,1,Exact DOI-level match
A5100335341,A5100335341,Bo Zhang,1,Exact DOI-level match
A5100335372,A5100335372,Bo Zhang,1,Exact DOI-level match
A5100335376,A5100335376,Bo Zhang,1,Exact DOI-level match
A5100335392,A5100335392,Bo Zhang,1,Exact DOI-level match
A5100335403,A5100335403,Bo Zhang,1,Exact DOI-level match
A5100335407,A5100335407,Bo Zhang,1,Exact DOI-level match
A5100335760,A5100335760,Wei Wang,1,Exact DOI-level match
A5100335790,A5100335790,Li Wang,1,Exact DOI-level match
A5100335817,A5100335817,Li Wang,1,Exact DOI-level match
A5100335860,A5100335860,Li Wang,1,Exact DOI-level match
A5100335876,A5100335876,Li Wang,1,Exact DOI-level match
A5100335900,A5100335900,Li Wang,1,Exact DOI-level match
A5100335904,A5100335904,Li Wang,1,Exact DOI-level match
A5100335923,A5100335923,Li Wang,1,Exact DOI-level match
A5100335945,A5100335945,Li Wang,1,Exact DOI-level match
A5100335946,A5100335946,Li Wang,1,Exact DOI-level match
A5100335949,A5100335949,Li Wang,1,Exact DOI-level match
A5100335950,A5100335950,Li Wang,1,Exact DOI-level match
A5100335956,A5100335956,Li Wang,1,Exact DOI-level match
A5100335967,A5100335967,Li Wang,1,Exact DOI-level match
A5100336023,A5100336023,Li Wang,1,Exact DOI-level match
A5100336028,A5100336028,Li Wang,1,Exact DOI-level match
A5100336078,A5100336078,Li Wang,1,Exact DOI-level match
A5100336102,A5100336102,Li Wang,1,Exact DOI-level match
A5100336107,A5100336107,Li Wang,1,Exact DOI-level match
A5100336116,A5100336116,Li Wang,1,Exact DOI-level match
A5100336122,A5100336122,Li Wang,1,Exact DOI-level match
A5100336124,A5100336124,Li Wang,1,Exact DOI-level match
A5100336161,A5100336161,Li Wang,1,Exact DOI-level match
A5100336169,A5100336169,Li Wang,1,Exact DOI-level match
A5100336185,A5100336185,Lı Wang,1,Exact DOI-level match
A5100336197,A5100336197,Li Wang,1,Exact DOI-level match
A5100336213,A5100336213,Li Wang,1,Exact DOI-level match
A5100336214,A5100336214,Li Wang,1,Exact DOI-level match
A5100336220,A5100336220,Li Wang,1,Exact DOI-level match
A5100336237,A5100336237,Li Wang,1,Exact DOI-level match
A5100336281,A5100336281,Li Wang,1,Exact DOI-level match
A5100336284,A5100336284,Li Wang,1,Exact DOI-level match
A5100336752,A5100336752,Jing Li,1,Exact DOI-level match
A5100336756,A5100336756,Jing Li,1,Exact DOI-level match
A5100336761,A5100336761,Jing Li,1,Exact DOI-level match
A5100336765,A5100336765,Jing Li,1,Exact DOI-level match
A5100336796,A5100336796,Jing Li,1,Exact DOI-level match
A5100336800,A5100336800,Jing Li,1,Exact DOI-level match
A5100336803,A5100336803,Jing Li,1,Exact DOI-level match
A5100336825,A5100336825,Jing Li,1,Exact DOI-level match
A5100336827,A5100336827,Jing Li,1,Exact DOI-level match
A5100336830,A5100336830,Jing Li,1,Exact DOI-level match
A5100336858,A5100336858,Jing Li,1,Exact DOI-level match
A5100336868,A5100336868,Jing Li,1,Exact DOI-level match
A5100336869,A5100336869,Jing Li,1,Exact DOI-level match
A5100336895,A5100336895,Jing Li,1,Exact DOI-level match
A5100336899,A5100336899,Jing Li,1,Exact DOI-level match
A5100336919,A5100336919,Jing Li,1,Exact DOI-level match
A5100336920,A5100336920,Jing Li,1,Exact DOI-level match
A5100336923,A5100336923,Jing Li,1,Exact DOI-level match
A5100336928,A5100336928,Jing Li,1,Exact DOI-level match
A5100336938,A5100336938,Jing Li,1,Exact DOI-level match
A5100336946,A5100336946,Jing Li,1,Exact DOI-level match
A5100336949,A5100336949,Jing Li,1,Exact DOI-level match
A5100336952,A5100336952,Jing Li,1,Exact DOI-level match
A5100336971,A5100336971,Jing Li,1,Exact DOI-level match
A5100336974,A5100336974,Jing Li,1,Exact DOI-level match
A5100336982,A5100336982,Jing Li,1,Exact DOI-level match
A5100336992,A5100336992,Jing Li,1,Exact DOI-level match
A5100337007,A5100337007,Jing Li,1,Exact DOI-level match
A5100337026,A5100337026,Jing Li,1,Exact DOI-level match
A5100337048,A5100337048,Jing Li,1,Exact DOI-level match
A5100337087,A5100337087,Jing Li,1,Exact DOI-level match
A5100337091,A5100337091,Jing Li,1,Exact DOI-level match
A5100337108,A5100337108,Jing Li,1,Exact DOI-level match
A5100337136,A5100337136,Jing Li,1,Exact DOI-level match
A5100337145,A5100337145,Jing Li,1,Exact DOI-level match
A5100337152,A5100337152,Jing Li,1,Exact DOI-level match
A5100337852,A5100337852,Jing Li,1,Exact DOI-level match
A5100337858,A5100337858,Jing Li,1,Exact DOI-level match
A5100337861,A5100337861,Jing Li,1,Exact DOI-level match
A5100338060,A5100338060,Tao Liu,5,Merged 5 OpenAlex profiles
A5100338061,A5100338060,Tao Liu,5,Merged 5 OpenAlex profiles
A5100338067,A5100338067,Tao Liu,1,Exact DOI-level match
A5100338073,A5100338060,Tao Liu,5,Merged 5 OpenAlex profiles
A5100338083,A5100338083,Tao Liu,1,Exact DOI-level match
A5100338087,A5100338087,Tao Liu,1,Exact DOI-level match
A5100338122,A5100338060,Tao Liu,5,Merged 5 OpenAlex profiles
A5100338131,A5100338131,Tao Liu,1,Exact DOI-level match
A5100338592,A5100338592,Ping Wang,1,Exact DOI-level match
A5100338602,A5100338602,Ping Wang,1,Exact DOI-level match
A5100338606,A5100338606,Ping Wang,1,Exact DOI-level match
A5100338625,A5100338625,Ping Wang,1,Exact DOI-level match
A5100338632,A5100338632,Ping Wang,1,Exact DOI-level match
A5100338635,A5100338635,Ping Wang,1,Exact DOI-level match
A5100338642,A5100338642,Ping Wang,1,Exact DOI-level match
A5100338651,A5100338651,Ping Wang,1,Exact DOI-level match
A5100338672,A5100338672,Ping Wang,1,Exact DOI-level match
A5100338694,A5100338694,Ping Wang,1,Exact DOI-level match
A5100338700,A5100338700,Ping Wang,1,Exact DOI-level match
A5100338703,A5100338703,Ping Wang,1,Exact DOI-level match
A5100338716,A5100338716,Ping Wang,1,Exact DOI-level match
A5100338726,A5100338726,Ping Wang,1,Exact DOI-level match
A5100338727,A5100338727,Ping Wang,1,Exact DOI-level match
A5100338841,A5100338841,Wei Zhang,1,Exact DOI-level match
A5100339330,A5100339330,Hong Li,1,Exact DOI-level match
A5100339335,A5100339335,Hong Li,1,Exact DOI-level match
A5100339336,A5100339336,Hong Li,1,Exact DOI-level match
A5100339352,A5100339352,Hong Li,1,Exact DOI-level match
A5100339376,A5100339376,Hong Li,1,Exact DOI-level match
A5100339381,A5100339381,Hong Li,1,Exact DOI-level match
A5100339401,A5100339401,Hong Li,1,Exact DOI-level match
A5100339418,A5100339418,Hong Li,1,Exact DOI-level match
A5100339427,A5100339427,Hong Li,1,Exact DOI-level match
A5100339428,A5100339428,Hong Li,1,Exact DOI-level match
A5100339451,A5100339451,Hong Li,1,Exact DOI-level match
A5100339879,A5100339879,Xin Zhang,1,Exact DOI-level match
A5100339882,A5100339882,Xin Zhang,1,Exact DOI-level match
A5100340344,A5100340344,Yan Li,1,Exact DOI-level match
A5100340530,A5100340530,Qian Li,1,Exact DOI-level match
A5100340538,A5100340538,Qian Li,1,Exact DOI-level match
A5100340539,A5100340539,Qian Li,1,Exact DOI-level match
A5100340547,A5100340547,Qian Li,1,Exact DOI-level match
A5100340563,A5100340563,Qian Li,1,Exact DOI-level match
A5100340564,A5100340564,Qian Li,1,Exact DOI-level match
A5100340578,A5100340578,Qian Li,1,Exact DOI-level match
A5100340580,A5100340580,Qian Li,1,Exact DOI-level match
A5100340631,A5100340631,Qian Li,1,Exact DOI-level match
A5100340644,A5100340644,Qian Li,1,Exact DOI-level match
A5100340663,A5100340663,Qian Li,1,Exact DOI-level match
A5100340674,A5100340674,Qian Li,1,Exact DOI-level match
A5100340685,A5100340685,Qian Li,1,Exact DOI-level match
A5100340687,A5100340687,Qian Li,1,Exact DOI-level match
A5100340688,A5100340688,Qian Li,1,Exact DOI-level match
A5100340851,A5100340851,Min Wang,1,Exact DOI-level match
A5100340886,A5100340886,Min Wang,1,Exact DOI-level match
A5100340889,A5100340889,Min Wang,1,Exact DOI-level match
A5100340891,A5100340891,Min Wang,1,Exact DOI-level match
A5100340897,A5100340897,Min Wang,1,Exact DOI-level match
A5100340903,A5100340903,Min Wang,1,Exact DOI-level match
A5100340910,A5100340910,Min Wang,1,Exact DOI-level match
A5100340922,A5100340922,Min Wang,1,Exact DOI-level match
A5100340926,A5100340926,Min Wang,1,Exact DOI-level match
A5100340933,A5100340933,Min Wang,1,Exact DOI-level match
A5100340934,A5100340934,Min Wang,1,Exact DOI-level match
A5100340936,A5100340936,Min Wang,1,Exact DOI-level match
A5100340947,A5100340947,Min Wang,1,Exact DOI-level match
A5100340952,A5100340952,Min Wang,1,Exact DOI-level match
A5100340959,A5100340959,Min Wang,1,Exact DOI-level match
A5100340968,A5100340968,Min Wang,1,Exact DOI-level match
A5100340999,A5100340999,Nan Li,1,Exact DOI-level match
A5100341013,A5100341013,Nan Li,1,Exact DOI-level match
A5100341038,A5100341038,Nan Li,1,Exact DOI-level match
A5100341041,A5100341041,Nan Li,1,Exact DOI-level match
A5100341056,A5100341056,Nan Li,1,Exact DOI-level match
A5100341065,A5100341065,Nan Li,1,Exact DOI-level match
A5100341066,A5100341066,Nan Li,1,Exact DOI-level match
A5100341089,A5100341089,Nan Li,1,Exact DOI-level match
A5100341090,A5100341090,Nan Li,1,Exact DOI-level match
A5100341096,A5100341096,Nan Li,1,Exact DOI-level match
A5100341104,A5100341104,Nan Li,1,Exact DOI-level match
A5100341105,A5100341105,Nan Li,1,Exact DOI-level match
A5100341111,A5100341111,Nan Li,1,Exact DOI-level match
A5100341123,A5100341123,Nan Li,1,Exact DOI-level match
A5100341125,A5100341125,Nan Li,1,Exact DOI-level match
A5100341206,A5100341206,Qi Wang,1,Exact DOI-level match
A5100341210,A5100341210,Qi Wang,1,Exact DOI-level match
A5100341232,A5100341232,Qi Wang,1,Exact DOI-level match
A5100341235,A5100341235,Qi Wang,1,Exact DOI-level match
A5100341267,A5100341267,Qi Wang,1,Exact DOI-level match
A5100341269,A5100341269,Qi Wang,1,Exact DOI-level match
A5100341289,A5100341289,Qi Wang,1,Exact DOI-level match
A5100341303,A5100341303,Qi Wang,1,Exact DOI-level match
A5100341304,A5100341304,Qi Wang,1,Exact DOI-level match
A5100341321,A5100341321,Qi Wang,1,Exact DOI-level match
A5100341330,A5100341330,Qi Wang,1,Exact DOI-level match
A5100341332,A5100341332,Qi Wang,1,Exact DOI-level match
A5100341353,A5100341353,Qi Wang,1,Exact DOI-level match
A5100341365,A5100341365,Qi Wang,1,Exact DOI-level match
A5100341376,A5100341376,Qi Wang,1,Exact DOI-level match
A5100341378,A5100341378,Qi Wang,1,Exact DOI-level match
A5100341388,A5100341388,Qi Wang,1,Exact DOI-level match
A5100341830,A5100341830,Lei Li,1,Exact DOI-level match
A5100342557,A5100342557,Yán Li,1,Exact DOI-level match
A5100342637,A5100342637,Wei Li,1,Exact DOI-level match
A5100342656,A5100342656,Qian Zhang,1,Exact DOI-level match
A5100342662,A5100342662,Qian Zhang,1,Exact DOI-level match
A5100343143,A5100343143,Xin Li,1,Exact DOI-level match
A5100343147,A5100343147,Xin Li,1,Exact DOI-level match
A5100343687,A5100343687,Bo Li,1,Exact DOI-level match
A5100343694,A5100343694,Bo Li,1,Exact DOI-level match
A5100344298,A5100344298,Wei Chen,1,Exact DOI-level match
A5100344320,A5100344320,Wei Chen,1,Exact DOI-level match
A5100344331,A5100344331,Wei Chen,1,Exact DOI-level match
A5100344375,A5100344375,Wei Chen,1,Exact DOI-level match
A5100344377,A5100344377,Wei Chen,1,Exact DOI-level match
A5100344384,A5100344384,Wei Chen,1,Exact DOI-level match
A5100344395,A5100344395,Wei Chen,1,Exact DOI-level match
A5100344403,A5100344403,Wei Chen,1,Exact DOI-level match
A5100344407,A5100344407,Wei Chen,1,Exact DOI-level match
A5100344420,A5100344420,Wei Chen,1,Exact DOI-level match
A5100344458,A5100344458,Wei Chen,1,Exact DOI-level match
A5100344463,A5100344463,Wei Chen,1,Exact DOI-level match
A5100344481,A5100344481,Wei Chen,1,Exact DOI-level match
A5100344489,A5100344489,Wei Chen,1,Exact DOI-level match
A5100344492,A5100344492,Wei Chen,1,Exact DOI-level match
A5100344503,A5100344503,Wei Chen,1,Exact DOI-level match
A5100344518,A5100344518,Wei Chen,1,Exact DOI-level match
A5100344522,A5100344522,Wei Chen,1,Exact DOI-level match
A5100344533,A5100344533,Wei Chen,1,Exact DOI-level match
A5100344564,A5100344564,Wei Chen,1,Exact DOI-level match
A5100344582,A5100344582,Wei Chen,1,Exact DOI-level match
A5100345314,A5100345314,Jing Zhang,1,Exact DOI-level match
A5100345321,A5100345321,Jing Zhang,1,Exact DOI-level match
A5100345328,A5100345328,Jing Zhang,1,Exact DOI-level match
A5100345350,A5100345350,Jing Zhang,1,Exact DOI-level match
A5100345373,A5100345373,Jing Zhang,1,Exact DOI-level match
A5100345393,A5100345393,Jing Zhang,1,Exact DOI-level match
A5100345396,A5100345396,Jing Zhang,1,Exact DOI-level match
A5100345417,A5100345417,Jing Zhang,1,Exact DOI-level match
A5100345419,A5100345419,Jing Zhang,1,Exact DOI-level match
A5100345438,A5100345438,Jing Zhang,1,Exact DOI-level match
A5100345461,A5100345461,Jing Zhang,1,Exact DOI-level match
A5100345466,A5100345466,Jing Zhang,1,Exact DOI-level match
A5100345489,A5100345489,Jing Zhang,1,Exact DOI-level match
A5100345515,A5100345515,Jing Zhang,1,Exact DOI-level match
A5100345516,A5100345516,Jing Zhang,1,Exact DOI-level match
A5100345608,A5100345608,Yu Liu,1,Exact DOI-level match
A5100345609,A5100345609,Yu Liu,1,Exact DOI-level match
A5100345622,A5100345622,Yu Liu,1,Exact DOI-level match
A5100345653,A5100345653,Yu Liu,1,Exact DOI-level match
A5100345662,A5100345662,Yu Liu,1,Exact DOI-level match
A5100345666,A5100345666,Yu Liu,1,Exact DOI-level match
A5100345669,A5100345669,Yu Liu,1,Exact DOI-level match
A5100345691,A5100345691,Yu Liu,1,Exact DOI-level match
A5100345704,A5100345704,Yu Liu,1,Exact DOI-level match
A5100345722,A5100345722,Yu Liu,1,Exact DOI-level match
A5100345786,A5100345786,Yu Liu,1,Exact DOI-level match
A5100345792,A5100345792,Yu Liu,1,Exact DOI-level match
A5100345820,A5100345820,Yu Liu,1,Exact DOI-level match
A5100345845,A5100345845,Yu Liu,1,Exact DOI-level match
A5100345855,A5100345855,Yu Liu,1,Exact DOI-level match
A5100345887,A5100345887,Yu Liu,1,Exact DOI-level match
A5100345916,A5100345916,Yu Liu,1,Exact DOI-level match
A5100345933,A5100345933,Yu Liu,1,Exact DOI-level match
A5100345962,A5100345962,Yu Liu,1,Exact DOI-level match
A5100345966,A5100345966,Yu Liu,1,Exact DOI-level match
A5100345976,A5100345976,Yu Liu,1,Exact DOI-level match
A5100345978,A5100345978,Yu Liu,1,Exact DOI-level match
A5100346104,A5100346104,Jin Wang,1,Exact DOI-level match
A5100346109,A5100346109,Jin Wang,1,Exact DOI-level match
A5100346122,A5100346122,Jin Wang,1,Exact DOI-level match
A5100346128,A5100346128,Jin Wang,1,Exact DOI-level match
A5100346147,A5100346147,Jin Wang,1,Exact DOI-level match
A5100346163,A5100346163,Jin Wang,1,Exact DOI-level match
A5100346172,A5100346172,Jin Wang,1,Exact DOI-level match
A5100346173,A5100346173,Jin Wang,1,Exact DOI-level match
A5100346174,A5100346174,Jin Wang,1,Exact DOI-level match
A5100346179,A5100346179,Jin Wang,1,Exact DOI-level match
A5100346183,A5100346183,Jin Wang,1,Exact DOI-level match
A5100346201,A5100346201,Jin Wang,1,Exact DOI-level match
A5100346219,A5100346219,Jin Wang,1,Exact DOI-level match
A5100346966,A5100346966,Ying Wang,1,Exact DOI-level match
A5100346972,A5100346972,Ying Wang,1,Exact DOI-level match
A5100347000,A5100347000,Ying Wang,1,Exact DOI-level match
A5100347012,A5100347012,Ying Wang,1,Exact DOI-level match
A5100347057,A5100347057,Ying Wang,1,Exact DOI-level match
A5100347063,A5100347063,Ying Wang,1,Exact DOI-level match
A5100347067,A5100347067,Ying Wang,1,Exact DOI-level match
A5100347070,A5100347070,Ying Wang,1,Exact DOI-level match
A5100347075,A5100347075,Ying Wang,1,Exact DOI-level match
A5100347091,A5100347091,Ying Wang,1,Exact DOI-level match
A5100347106,A5100347106,Ying Wang,1,Exact DOI-level match
A5100347116,A5100347116,Ying Wang,1,Exact DOI-level match
A5100347131,A5100347131,Ying Wang,1,Exact DOI-level match
A5100347133,A5100347133,Ying Wang,1,Exact DOI-level match
A5100347137,A5100347137,Ying Wang,1,Exact DOI-level match
A5100347150,A5100347150,Ying Wang,1,Exact DOI-level match
A5100347153,A5100347153,Ying Wang,1,Exact DOI-level match
A5100347154,A5100347154,Ying Wang,1,Exact DOI-level match
A5100347178,A5100347178,Ying Wang,1,Exact DOI-level match
A5100347181,A5100347181,Ying Wang,1,Exact DOI-level match
A5100347183,A5100347183,Ying Wang,1,Exact DOI-level match
A5100347195,A5100347195,Ying Wang,1,Exact DOI-level match
A5100347212,A5100347212,Ying Wang,1,Exact DOI-level match
A5100347214,A5100347214,Ying Wang,1,Exact DOI-level match
A5100347223,A5100347223,Ying Wang,1,Exact DOI-level match
A5100347226,A5100347226,Ying Wang,1,Exact DOI-level match
A5100347238,A5100347238,Ying Wang,1,Exact DOI-level match
A5100347247,A5100347247,Ying Wang,1,Exact DOI-level match
A5100347258,A5100347258,Ying Wang,1,Exact DOI-level match
A5100347261,A5100347261,Ying Wang,1,Exact DOI-level match
A5100347267,A5100347267,Ying Wang,1,Exact DOI-level match
A5100347268,A5100347268,Ying Wang,1,Exact DOI-level match
A5100347547,A5100347547,Lin Wang,1,Exact DOI-level match
A5100347948,A5100347948,Ming Li,1,Exact DOI-level match
A5100349482,A5100349482,Lei Liu,1,Exact DOI-level match
A5100349496,A5100349496,Lei Liu,1,Exact DOI-level match
A5100349510,A5100349510,Lei Liu,1,Exact DOI-level match
A5100349517,A5100349517,Lei Liu,1,Exact DOI-level match
A5100349542,A5100349542,Lei Liu,1,Exact DOI-level match
A5100349547,A5100349547,Lei Liu,1,Exact DOI-level match
A5100349548,A5100349548,Lei Liu,1,Exact DOI-level match
A5100349558,A5100349558,Lei Liu,1,Exact DOI-level match
A5100349568,A5100349568,Lei Liu,1,Exact DOI-level match
A5100349590,A5100349590,Lei Liu,1,Exact DOI-level match
A5100349606,A5100349606,Lei Liu,1,Exact DOI-level match
A5100349609,A5100349609,Lei Liu,1,Exact DOI-level match
A5100349618,A5100349618,Lei Liu,1,Exact DOI-level match
A5100349634,A5100349634,Lei Liu,1,Exact DOI-level match
A5100349659,A5100349659,Lei Liu,1,Exact DOI-level match
A5100349663,A5100349663,Lei Liu,1,Exact DOI-level match
A5100350982,A5100350982,Yan Liu,1,Exact DOI-level match
A5100350984,A5100350984,Yan Liu,1,Exact DOI-level match
A5100350997,A5100350997,Yan Liu,1,Exact DOI-level match
A5100350999,A5100350999,Yan Liu,1,Exact DOI-level match
A5100351009,A5100351009,Yan Liu,1,Exact DOI-level match
A5100351039,A5100351039,Yan Liu,1,Exact DOI-level match
A5100351056,A5100351056,Yan Liu,1,Exact DOI-level match
A5100351061,A5100351061,Yan Liu,1,Exact DOI-level match
A5100351095,A5100351095,Yan Liu,1,Exact DOI-level match
A5100351100,A5100351100,Yan Liu,1,Exact DOI-level match
A5100351107,A5100351107,Yan Liu,1,Exact DOI-level match
A5100351117,A5100351117,Yan Liu,1,Exact DOI-level match
A5100351131,A5100351131,Yan Liu,1,Exact DOI-level match
A5100351147,A5100351147,Yan Liu,1,Exact DOI-level match
A5100351162,A5100351162,Yan Liu,1,Exact DOI-level match
A5100351175,A5100351175,Yan Liu,1,Exact DOI-level match
A5100351176,A5100351176,Yan Liu,1,Exact DOI-level match
A5100351177,A5100351177,Yan Liu,1,Exact DOI-level match
A5100351184,A5100351184,Yan Liu,1,Exact DOI-level match
A5100351185,A5100351185,Yan Liu,1,Exact DOI-level match
A5100351321,A5100351321,Ming Li,1,Exact DOI-level match
A5100351339,A5100351339,Ming Li,1,Exact DOI-level match
A5100351340,A5100351340,Ming Li,1,Exact DOI-level match
A5100351348,A5100351348,Ming Li,1,Exact DOI-level match
A5100351357,A5100351357,Ming Li,1,Exact DOI-level match
A5100351366,A5100351366,Ming Li,1,Exact DOI-level match
A5100351378,A5100351378,Ming Li,1,Exact DOI-level match
A5100351382,A5100351382,Ming Li,1,Exact DOI-level match
A5100351404,A5100351404,Ming Li,1,Exact DOI-level match
A5100351409,A5100351409,Ming Li,1,Exact DOI-level match
A5100351421,A5100351421,Ming Li,1,Exact DOI-level match
A5100351426,A5100351426,Ming Li,1,Exact DOI-level match
A5100351429,A5100351429,Ming Li,1,Exact DOI-level match
A5100351439,A5100351439,Ming Li,1,Exact DOI-level match
A5100351441,A5100351441,Ming Li,1,Exact DOI-level match
A5100351450,A5100351450,Ming Li,1,Exact DOI-level match
A5100351464,A5100351464,Ming Li,1,Exact DOI-level match
A5100351472,A5100351472,Ming Li,1,Exact DOI-level match
A5100351484,A5100351484,Ming Li,1,Exact DOI-level match
A5100351511,A5100351511,Ming Li,1,Exact DOI-level match
A5100351513,A5100351513,Ming Li,1,Exact DOI-level match
A5100351518,A5100351518,Ming Li,1,Exact DOI-level match
A5100351522,A5100351522,Ming Li,1,Exact DOI-level match
A5100351535,A5100351535,Ming Li,1,Exact DOI-level match
A5100351540,A5100351540,Ming Li,1,Exact DOI-level match
A5100351543,A5100351543,Ming Li,1,Exact DOI-level match
A5100351792,A5100351792,Lin Zhang,1,Exact DOI-level match
A5100351819,A5100351819,Lin Zhang,1,Exact DOI-level match
A5100351822,A5100351822,Lin Zhang,1,Exact DOI-level match
A5100351828,A5100351828,Lin Zhang,1,Exact DOI-level match
A5100351842,A5100351842,Lin Zhang,1,Exact DOI-level match
A5100351849,A5100351849,Lin Zhang,1,Exact DOI-level match
A5100351861,A5100351861,Lin Zhang,1,Exact DOI-level match
A5100351886,A5100351886,Lin Zhang,1,Exact DOI-level match
A5100351895,A5100351895,Lin Zhang,1,Exact DOI-level match
A5100351902,A5100351902,Lin Zhang,1,Exact DOI-level match
A5100351913,A5100351913,Lin Zhang,1,Exact DOI-level match
A5100351919,A5100351919,Lin Zhang,1,Exact DOI-level match
A5100351923,A5100351923,Lin Zhang,1,Exact DOI-level match
A5100351924,A5100351924,Lin Zhang,1,Exact DOI-level match
A5100351933,A5100351933,Lin Zhang,1,Exact DOI-level match
A5100351967,A5100351967,Lin Zhang,1,Exact DOI-level match
A5100351970,A5100351970,Lin Zhang,1,Exact DOI-level match
A5100351982,A5100351982,Lin Zhang,1,Exact DOI-level match
A5100352534,A5100352534,Jun Wang,1,Exact DOI-level match
A5100352903,A5100352903,Ming Li,1,Exact DOI-level match
A5100353471,A5100353471,Hao Chen,1,Exact DOI-level match
A5100353481,A5100353481,Hao Chen,1,Exact DOI-level match
A5100353528,A5100353528,Hao Chen,1,Exact DOI-level match
A5100353533,A5100353533,Hao Chen,1,Exact DOI-level match
A5100353545,A5100353545,Hao Chen,1,Exact DOI-level match
A5100353584,A5100353584,Hao Chen,1,Exact DOI-level match
A5100353596,A5100353596,Hao Chen,1,Exact DOI-level match
A5100353612,A5100353612,Hao Chen,1,Exact DOI-level match
A5100353625,A5100353625,Hao Chen,1,Exact DOI-level match
A5100353663,A5100353663,Hao Chen,1,Exact DOI-level match
A5100353666,A5100353666,Hao Chen,1,Exact DOI-level match
A5100353673,A5100353673,Hao Chen,1,Exact DOI-level match
A5100353748,A5100353748,Xin Li,1,Exact DOI-level match
A5100353759,A5100353759,Xin Li,1,Exact DOI-level match
A5100353761,A5100353761,Xin Li,1,Exact DOI-level match
A5100353767,A5100353767,Xin Li,1,Exact DOI-level match
A5100353780,A5100353780,Xin Li,1,Exact DOI-level match
A5100353833,A5100353833,Xin Li,1,Exact DOI-level match
A5100353891,A5100353891,Xin Li,1,Exact DOI-level match
A5100353906,A5100353906,Xin Li,1,Exact DOI-level match
A5100353909,A5100353909,Xin Li,1,Exact DOI-level match
A5100353939,A5100353939,Xin Li,1,Exact DOI-level match
A5100353948,A5100353948,Xin Li,1,Exact DOI-level match
A5100353978,A5100353978,Xin Li,1,Exact DOI-level match
A5100353983,A5100353983,Xin Li,1,Exact DOI-level match
A5100353997,A5100353997,Xin Li,1,Exact DOI-level match
A5100354007,A5100354007,Xin Li,1,Exact DOI-level match
A5100354018,A5100354018,Xin Li,1,Exact DOI-level match
A5100354049,A5100354049,Xin Li,1,Exact DOI-level match
A5100354056,A5100354056,Xin Li,1,Exact DOI-level match
A5100354067,A5100354067,Xin Li,1,Exact DOI-level match
A5100354077,A5100354077,Xin Li,1,Exact DOI-level match
A5100354091,A5100354091,Xin Li,1,Exact DOI-level match
A5100354096,A5100354096,Xin Li,1,Exact DOI-level match
A5100354543,A5100354543,Yang Zhang,1,Exact DOI-level match
A5100354547,A5100354547,Yang Zhang,1,Exact DOI-level match
A5100354550,A5100354550,Yang Zhang,1,Exact DOI-level match
A5100354579,A5100354579,Yang Zhang,1,Exact DOI-level match
A5100354601,A5100354601,Yang Zhang,1,Exact DOI-level match
A5100354611,A5100354611,Yang Zhang,1,Exact DOI-level match
A5100354612,A5100354612,Yang Zhang,1,Exact DOI-level match
A5100354626,A5100354626,Yang Zhang,1,Exact DOI-level match
A5100354630,A5100354630,Yang Zhang,1,Exact DOI-level match
A5100354636,A5100354636,Yang Zhang,1,Exact DOI-level match
A5100354637,A5100354637,Yang Zhang,1,Exact DOI-level match
A5100354648,A5100354648,Yang Zhang,1,Exact DOI-level match
A5100354659,A5100354659,Yang Zhang,1,Exact DOI-level match
A5100354669,A5100354669,Yang Zhang,1,Exact DOI-level match
A5100354674,A5100354674,Yang Zhang,1,Exact DOI-level match
A5100354713,A5100354713,Yang Zhang,1,Exact DOI-level match
A5100354722,A5100354722,Yang Zhang,1,Exact DOI-level match
A5100354725,A5100354725,Yang Zhang,1,Exact DOI-level match
A5100354730,A5100354730,Yang Zhang,1,Exact DOI-level match
A5100355322,A5100355322,Xiaogang Li,1,Exact DOI-level match
A5100355634,A5100355634,Yang Liu,1,Exact DOI-level match
A5100355646,A5100355646,Yang Liu,1,Exact DOI-level match
A5100355668,A5100355668,Yang Liu,1,Exact DOI-level match
A5100355692,A5100355692,Yang Liu,1,Exact DOI-level match
A5100355723,A5100355723,Yang Liu,1,Exact DOI-level match
A5100355734,A5100355734,Yang Liu,1,Exact DOI-level match
A5100355739,A5100355739,Yang Liu,1,Exact DOI-level match
A5100355742,A5100355742,Yang Liu,1,Exact DOI-level match
A5100355756,A5100355756,Yang Liu,1,Exact DOI-level match
A5100355773,A5100355773,Yang Liu,1,Exact DOI-level match
A5100355782,A5100355782,Yang Liu,1,Exact DOI-level match
A5100355887,A5100355887,Yang Liu,1,Exact DOI-level match
A5100355890,A5100355890,Yang Liu,1,Exact DOI-level match
A5100355893,A5100355893,Yang Liu,1,Exact DOI-level match
A5100355922,A5100355922,Yang Liu,1,Exact DOI-level match
A5100355946,A5100355946,Yang Liu,1,Exact DOI-level match
A5100355964,A5100355964,Yang Liu,1,Exact DOI-level match
A5100355976,A5100355976,Yang Liu,1,Exact DOI-level match
A5100356010,A5100356010,Yang Liu,1,Exact DOI-level match
A5100356037,A5100356037,Yang Liu,1,Exact DOI-level match
A5100356044,A5100356044,Yang Liu,1,Exact DOI-level match
A5100356100,A5100356100,Yang Liu,1,Exact DOI-level match
A5100356134,A5100356134,Yang Liu,1,Exact DOI-level match
A5100356140,A5100356140,Yang Liu,1,Exact DOI-level match
A5100356146,A5100356146,Yang Liu,1,Exact DOI-level match
A5100356169,A5100356169,Yang Liu,1,Exact DOI-level match
A5100357448,A5100357448,Yan Li,1,Exact DOI-level match
A5100357875,A5100357875,Yan Li,1,Exact DOI-level match
A5100358022,A5100358022,Jing Zhao,1,Exact DOI-level match
A5100358725,A5100358725,Hong Zhang,1,Exact DOI-level match
A5100358766,A5100358766,Bo Zhang,1,Exact DOI-level match
A5100358862,A5100358862,Yang Liu,1,Exact DOI-level match
A5100358902,A5100358902,Jun Liu,1,Exact DOI-level match
A5100358931,A5100358931,Ying Li,1,Exact DOI-level match
A5100360957,A5100360957,Li Li,1,Exact DOI-level match
A5100360971,A5100360971,Li Li,1,Exact DOI-level match
A5100360989,A5100360989,Li Li,1,Exact DOI-level match
A5100361004,A5100361004,Li Li,1,Exact DOI-level match
A5100361005,A5100361005,Li Li,1,Exact DOI-level match
A5100361020,A5100361020,Li Li,1,Exact DOI-level match
A5100361027,A5100361027,Li Li,1,Exact DOI-level match
A5100361031,A5100361031,Li Li,1,Exact DOI-level match
A5100361041,A5100361041,Li Li,1,Exact DOI-level match
A5100361046,A5100361046,Li Li,1,Exact DOI-level match
A5100361061,A5100361061,Li Li,1,Exact DOI-level match
A5100361063,A5100361063,Li Li,1,Exact DOI-level match
A5100361077,A5100361077,Li Li,1,Exact DOI-level match
A5100361099,A5100361099,Li Li,1,Exact DOI-level match
A5100361104,A5100361104,Li Li,1,Exact DOI-level match
A5100361111,A5100361111,Li Li,1,Exact DOI-level match
A5100361117,A5100361117,Li Li,1,Exact DOI-level match
A5100361131,A5100361131,Li Li,1,Exact DOI-level match
A5100361142,A5100361142,Li Li,1,Exact DOI-level match
A5100361147,A5100361147,Li Li,1,Exact DOI-level match
A5100361182,A5100361182,Li Li,1,Exact DOI-level match
A5100361186,A5100361186,Li Li,1,Exact DOI-level match
A5100361190,A5100361190,Li Li,1,Exact DOI-level match
A5100361194,A5100361194,Li Li,1,Exact DOI-level match
A5100361203,A5100361203,Li Li,1,Exact DOI-level match
A5100361204,A5100361204,Li Li,1,Exact DOI-level match
A5100361210,A5100361210,Li Li,1,Exact DOI-level match
A5100361212,A5100361212,Li Li,1,Exact DOI-level match
A5100361219,A5100361219,Li Li,1,Exact DOI-level match
A5100361237,A5100361237,Li Li,1,Exact DOI-level match
A5100361245,A5100361245,Li Li,1,Exact DOI-level match
A5100361256,A5100361256,Li Li,1,Exact DOI-level match
A5100361257,A5100361257,Li Li,1,Exact DOI-level match
A5100361259,A5100361259,Li Li,1,Exact DOI-level match
A5100361281,A5100361281,Li Li,1,Exact DOI-level match
A5100361285,A5100361285,Li Li,1,Exact DOI-level match
A5100361286,A5100361286,Li Li,1,Exact DOI-level match
A5100361301,A5100361301,Li Li,1,Exact DOI-level match
A5100361304,A5100361304,Li Li,1,Exact DOI-level match
A5100361312,A5100361312,Li Li,1,Exact DOI-level match
A5100361326,A5100361326,Li Li,1,Exact DOI-level match
A5100361334,A5100361334,Li Li,1,Exact DOI-level match
A5100361344,A5100361344,Li Li,1,Exact DOI-level match
A5100361348,A5100361348,Li Li,1,Exact DOI-level match
A5100361351,A5100361351,Li Li,1,Exact DOI-level match
A5100361352,A5100361352,Li Li,1,Exact DOI-level match
A5100361371,A5100361371,Li Li,1,Exact DOI-level match
A5100361387,A5100361387,Li Li,1,Exact DOI-level match
A5100361395,A5100361395,Li Li,1,Exact DOI-level match
A5100361602,A5100361602,Jun Liu,1,Exact DOI-level match
A5100361613,A5100361613,Jun Liu,1,Exact DOI-level match
A5100361633,A5100361633,Jun Li,1,Exact DOI-level match
A5100361638,A5100361638,Jun Li,1,Exact DOI-level match
A5100361663,A5100361663,Jun Li,1,Exact DOI-level match
A5100361689,A5100361689,Jun Li,1,Exact DOI-level match
A5100361693,A5100361693,Jun Liu,1,Exact DOI-level match
A5100361707,A5100361707,Jun Liu,1,Exact DOI-level match
A5100361716,A5100361716,Jun Li,1,Exact DOI-level match
A5100361759,A5100361759,Jun Li,1,Exact DOI-level match
A5100361773,A5100361773,Jun Li,1,Exact DOI-level match
A5100361776,A5100361776,Jun Liu,1,Exact DOI-level match
A5100361781,A5100361781,Jun Li,1,Exact DOI-level match
A5100361797,A5100361797,Jun Liu,1,Exact DOI-level match
A5100361804,A5100361804,Jun Li,1,Exact DOI-level match
A5100361814,A5100361814,Jun Li,1,Exact DOI-level match
A5100361823,A5100361823,Jun Li,1,Exact DOI-level match
A5100361828,A5100361828,Jun Liu,1,Exact DOI-level match
A5100361841,A5100361841,Jun Li,1,Exact DOI-level match
A5100361849,A5100361849,Jun Li,1,Exact DOI-level match
A5100361872,A5100361872,Jun Li,1,Exact DOI-level match
A5100361873,A5100361873,Jun Liu,1,Exact DOI-level match
A5100361885,A5100361885,Jun Liu,1,Exact DOI-level match
A5100361892,A5100361892,Jun Li,1,Exact DOI-level match
A5100361921,A5100361921,­Jun Li­,1,Exact DOI-level match
A5100361923,A5100361923,Jun Li,1,Exact DOI-level match
A5100361950,A5100361950,Jun Li,1,Exact DOI-level match
A5100361956,A5100361956,Jun Li,1,Exact DOI-level match
A5100361966,A5100361966,Jun Li,1,Exact DOI-level match
A5100361979,A5100361979,Jun Liu,1,Exact DOI-level match
A5100361984,A5100361984,Jun Li,1,Exact DOI-level match
A5100361988,A5100361988,Jun Liu,1,Exact DOI-level match
A5100361993,A5100361993,Jun Liu,1,Exact DOI-level match
A5100362013,A5100362013,Jun Li,1,Exact DOI-level match
A5100362017,A5100362017,Jun Li,1,Exact DOI-level match
A5100362023,A5100362023,Jun Li,1,Exact DOI-level match
A5100362036,A5100362036,Jun Li,1,Exact DOI-level match
A5100362041,A5100362041,Jun Li,1,Exact DOI-level match
A5100362042,A5100362042,Jun Liu,1,Exact DOI-level match
A5100362062,A5100362062,Jun Li,1,Exact DOI-level match
A5100362067,A5100362067,Jun Li,1,Exact DOI-level match
A5100362080,A5100362080,Jun Li,1,Exact DOI-level match
A5100362088,A5100362088,Jun Li,1,Exact DOI-level match
A5100362092,A5100362092,Jun Li,1,Exact DOI-level match
A5100362125,A5100362125,Jun Li,1,Exact DOI-level match
A5100362128,A5100362128,Jun Liu,1,Exact DOI-level match
A5100362132,A5100362132,Jun Li,1,Exact DOI-level match
A5100362133,A5100362133,Jun Liu,1,Exact DOI-level match
A5100362156,A5100362156,Jun Li,1,Exact DOI-level match
A5100362988,A5100362988,Yang Wang,1,Exact DOI-level match
A5100364016,A5100364016,Peng Zhang,1,Exact DOI-level match
A5100364021,A5100364021,Peng Zhang,1,Exact DOI-level match
A5100364045,A5100364045,Peng Zhang,1,Exact DOI-level match
A5100364059,A5100364059,Peng Zhang,1,Exact DOI-level match
A5100364068,A5100364068,Peng Zhang,1,Exact DOI-level match
A5100364073,A5100364073,Peng Zhang,1,Exact DOI-level match
A5100364096,A5100364096,Peng Zhang,1,Exact DOI-level match
A5100364119,A5100364119,Peng Zhang,1,Exact DOI-level match
A5100364121,A5100364121,Peng Zhang,1,Exact DOI-level match
A5100364133,A5100364133,Peng Zhang,1,Exact DOI-level match
A5100364153,A5100364153,Peng Zhang,1,Exact DOI-level match
A5100364154,A5100364154,Peng Zhang,1,Exact DOI-level match
A5100364162,A5100364162,Peng Zhang,1,Exact DOI-level match
A5100364185,A5100364185,Peng Zhang,1,Exact DOI-level match
A5100364188,A5100364188,Peng Zhang,1,Exact DOI-level match
A5100364204,A5100364204,Peng Zhang,1,Exact DOI-level match
A5100364206,A5100364206,Peng Zhang,1,Exact DOI-level match
A5100364223,A5100364223,Peng Zhang,1,Exact DOI-level match
A5100364224,A5100364224,Peng Zhang,1,Exact DOI-level match
A5100364225,A5100364225,Peng Zhang,1,Exact DOI-level match
A5100364257,A5100364257,Peng Zhang,1,Exact DOI-level match
A5100364886,A5100364886,Yi Wang,1,Exact DOI-level match
A5100364899,A5100364899,Yi Wang,1,Exact DOI-level match
A5100364910,A5100364910,Yi Wang,1,Exact DOI-level match
A5100364925,A5100364925,Yi Wang,1,Exact DOI-level match
A5100364953,A5100364953,Yi Wang,1,Exact DOI-level match
A5100364960,A5100364960,Yi Wang,1,Exact DOI-level match
A5100364966,A5100364966,Yi Wang,1,Exact DOI-level match
A5100364987,A5100364987,Yi Wang,1,Exact DOI-level match
A5100364988,A5100364988,Yi Wang,1,Exact DOI-level match
A5100365001,A5100365001,Yi Wang,1,Exact DOI-level match
A5100365016,A5100365016,Yi Wang,1,Exact DOI-level match
A5100365024,A5100365024,Yi Wang,1,Exact DOI-level match
A5100365034,A5100365034,Yi Wang,1,Exact DOI-level match
A5100365036,A5100365036,Yi Wang,1,Exact DOI-level match
A5100365038,A5100365038,Yi Wang,1,Exact DOI-level match
A5100365043,A5100365043,Yi Wang,1,Exact DOI-level match
A5100365326,A5100365326,Xin Zhang,1,Exact DOI-level match
A5100367305,A5100367305,Gang Wang,1,Exact DOI-level match
A5100367317,A5100367317,Gang Wang,1,Exact DOI-level match
A5100367328,A5100367328,Gang Wang,1,Exact DOI-level match
A5100367350,A5100367350,Gang Wang,1,Exact DOI-level match
A5100367353,A5100367353,Gang Wang,1,Exact DOI-level match
A5100367356,A5100367356,Gang Wang,1,Exact DOI-level match
A5100367358,A5100367358,Gang Wang,1,Exact DOI-level match
A5100367375,A5100367375,Gang Wang,1,Exact DOI-level match
A5100367379,A5100367379,Gang Wang,1,Exact DOI-level match
A5100367389,A5100367389,Gang Wang,1,Exact DOI-level match
A5100367393,A5100367393,Gang Wang,1,Exact DOI-level match
A5100367415,A5100367415,Gang Wang,1,Exact DOI-level match
A5100367417,A5100367417,Gang Wang,1,Exact DOI-level match
A5100367419,A5100367419,Gang Wang,1,Exact DOI-level match
A5100367421,A5100367421,Gang Wang,1,Exact DOI-level match
A5100367428,A5100367428,Gang Wang,1,Exact DOI-level match
A5100367434,A5100367434,Gang Wang,1,Exact DOI-level match
A5100367447,A5100367447,Gang Wang,1,Exact DOI-level match
A5100367448,A5100367448,Gang Wang,1,Exact DOI-level match
A5100367482,A5100367482,Gang Wang,1,Exact DOI-level match
A5100367994,A5100367994,Na Li,1,Exact DOI-level match
A5100368024,A5100368024,Na Li,1,Exact DOI-level match
A5100368025,A5100368025,Na Li,1,Exact DOI-level match
A5100368030,A5100368030,Na Li,1,Exact DOI-level match
A5100368048,A5100368048,Na Li,1,Exact DOI-level match
A5100368058,A5100368058,Na Li,1,Exact DOI-level match
A5100368064,A5100368064,Na Li,1,Exact DOI-level match
A5100368080,A5100368080,Na Li,1,Exact DOI-level match
A5100368094,A5100368094,Na Li,1,Exact DOI-level match
A5100368108,A5100368108,Na Li,1,Exact DOI-level match
A5100368110,A5100368110,Na Li,1,Exact DOI-level match
A5100368114,A5100368114,Na Li,1,Exact DOI-level match
A5100368118,A5100368118,Na Li,1,Exact DOI-level match
A5100368134,A5100368134,Na Li,1,Exact DOI-level match
A5100368136,A5100368136,Na Li,1,Exact DOI-level match
A5100368157,A5100368157,Na Li,1,Exact DOI-level match
A5100368162,A5100368162,Na Li,1,Exact DOI-level match
A5100368167,A5100368167,Na Li,1,Exact DOI-level match
A5100368193,A5100368193,Na Li,1,Exact DOI-level match
A5100368195,A5100368195,Na Li,1,Exact DOI-level match
A5100368210,A5100368210,Na Li,1,Exact DOI-level match
A5100368211,A5100368211,Na Li,1,Exact DOI-level match
A5100368213,A5100368213,Na Li,1,Exact DOI-level match
A5100368215,A5100368215,Na Li,1,Exact DOI-level match
A5100368885,A5100368885,Xiang Zhang,1,Unresolved abbreviation
A5100369573,A5100369573,Hong Wang,1,Exact DOI-level match
A5100369619,A5100369619,Hong Wang,1,Exact DOI-level match
A5100370326,A5100370326,Jian Wang,1,Exact DOI-level match
A5100370341,A5100370341,Jian Wang,1,Exact DOI-level match
A5100370342,A5100370342,Jian Wang,1,Exact DOI-level match
A5100370348,A5100370348,Jian Wang,1,Exact DOI-level match
A5100370365,A5100370365,Jian Wang,1,Exact DOI-level match
A5100370375,A5100370375,Jian Wang,1,Exact DOI-level match
A5100370382,A5100370382,Jian Wang,1,Exact DOI-level match
A5100370407,A5100370407,Jian Wang,1,Exact DOI-level match
A5100370421,A5100370421,Jian Wang,1,Exact DOI-level match
A5100370424,A5100370424,Jian Wang,1,Exact DOI-level match
A5100370429,A5100370429,Jian Wang,1,Exact DOI-level match
A5100370437,A5100370437,Jian Wang,1,Exact DOI-level match
A5100370458,A5100370458,Jian Wang,1,Exact DOI-level match
A5100370460,A5100370460,Jian Wang,1,Exact DOI-level match
A5100370482,A5100370482,Jian Wang,1,Exact DOI-level match
A5100370498,A5100370498,Jian Wang,1,Exact DOI-level match
A5100370508,A5100370508,Jian Wang,1,Exact DOI-level match
A5100370510,A5100370510,Jian Wang,1,Exact DOI-level match
A5100370514,A5100370514,Jian Wang,1,Exact DOI-level match
A5100370519,A5100370519,Jian Wang,1,Exact DOI-level match
A5100370559,A5100370559,Jian Wang,1,Exact DOI-level match
A5100370562,A5100370562,Jian Wang,1,Exact DOI-level match
A5100370566,A5100370566,Jian Wang,1,Exact DOI-level match
A5100370574,A5100370574,Jian Wang,1,Exact DOI-level match
A5100370588,A5100370588,Jian Wang,1,Exact DOI-level match
A5100370590,A5100370590,Jian Wang,1,Exact DOI-level match
A5100370869,A5100370869,Hong Wang,1,Exact DOI-level match
A5100370871,A5100370871,Hong Wang,1,Exact DOI-level match
A5100370893,A5100370893,Hong Wang,1,Exact DOI-level match
A5100370901,A5100370901,Hong Wang,1,Exact DOI-level match
A5100370911,A5100370911,Hong Wang,1,Exact DOI-level match
A5100370914,A5100370914,Hong Wang,1,Exact DOI-level match
A5100370919,A5100370919,Hong Wang,1,Exact DOI-level match
A5100370939,A5100370939,Hong Wang,1,Exact DOI-level match
A5100370940,A5100370940,Hong Wang,1,Exact DOI-level match
A5100370968,A5100370968,Hong Wang,1,Exact DOI-level match
A5100370972,A5100370972,Hong Wang,1,Exact DOI-level match
A5100370992,A5100370992,Hong Wang,1,Exact DOI-level match
A5100370997,A5100370997,Hong Wang,1,Exact DOI-level match
A5100370998,A5100370998,Hong Wang,1,Exact DOI-level match
A5100371007,A5100371007,Hong Wang,1,Exact DOI-level match
A5100371014,A5100371014,Hong Wang,1,Exact DOI-level match
A5100371016,A5100371016,Hong Wang,1,Exact DOI-level match
A5100372293,A5100372293,Bin Wang,1,Exact DOI-level match
A5100372310,A5100372310,Bin Wang,1,Exact DOI-level match
A5100372311,A5100372311,Bin Wang,1,Exact DOI-level match
A5100372313,A5100372313,Bin Wang,1,Exact DOI-level match
A5100372334,A5100372334,Bin Wang,1,Exact DOI-level match
A5100372343,A5100372343,Bin Wang,1,Exact DOI-level match
A5100372359,A5100372359,Bin Wang,1,Exact DOI-level match
A5100372364,A5100372364,Bin Wang,1,Exact DOI-level match
A5100372375,A5100372375,Bin Wang,1,Exact DOI-level match
A5100372378,A5100372378,Bin Wang,1,Exact DOI-level match
A5100372391,A5100372391,Bin Wang,1,Exact DOI-level match
A5100372408,A5100372408,Bin Wang,1,Exact DOI-level match
A5100373944,A5100373944,Yang Li,1,Exact DOI-level match
A5100373945,A5100373945,Li Yang,1,Exact DOI-level match
A5100374360,A5100374360,Bo Li,1,Exact DOI-level match
A5100374376,A5100374376,Bo Li,1,Exact DOI-level match
A5100374413,A5100374413,Bo Li,1,Exact DOI-level match
A5100374423,A5100374423,Bo Li,1,Exact DOI-level match
A5100374424,A5100374424,Bo Li,1,Exact DOI-level match
A5100374429,A5100374429,Bo Li,1,Exact DOI-level match
A5100374460,A5100374460,Bo Li,1,Exact DOI-level match
A5100374464,A5100374464,Bo Li,1,Exact DOI-level match
A5100374484,A5100374484,Bo Li,1,Exact DOI-level match
A5100374494,A5100374494,Bo Li,1,Exact DOI-level match
A5100374526,A5100374526,Bo Li,1,Exact DOI-level match
A5100374916,A5100374916,Jing Liu,1,Exact DOI-level match
A5100374917,A5100374917,Jing Liu,1,Exact DOI-level match
A5100374926,A5100374926,Jing Liu,1,Exact DOI-level match
A5100374938,A5100374938,Jing Liu,1,Exact DOI-level match
A5100374954,A5100374954,Jing Liu,1,Exact DOI-level match
A5100374963,A5100374963,Jing Liu,1,Exact DOI-level match
A5100374964,A5100374964,Jing Liu,1,Exact DOI-level match
A5100374972,A5100374972,Jing Liu,1,Exact DOI-level match
A5100374974,A5100374974,Jing Liu,1,Exact DOI-level match
A5100374997,A5100374997,Jing Liu,1,Exact DOI-level match
A5100374998,A5100374998,Jing Liu,1,Exact DOI-level match
A5100375028,A5100375028,Jing Liu,1,Exact DOI-level match
A5100375035,A5100375035,Jing Liu,1,Exact DOI-level match
A5100375038,A5100375038,Jing Liu,1,Exact DOI-level match
A5100375039,A5100375039,Jing Liu,1,Exact DOI-level match
A5100375041,A5100375041,Jing Liu,1,Exact DOI-level match
A5100375042,A5100375042,Jing Liu,1,Exact DOI-level match
A5100375053,A5100375053,Jing Liu,1,Exact DOI-level match
A5100375065,A5100375065,Jing Liu,1,Exact DOI-level match
A5100375073,A5100375073,Jing Liu,1,Exact DOI-level match
A5100375083,A5100375083,Jing Liu,1,Exact DOI-level match
A5100375101,A5100375101,Jing Liu,1,Exact DOI-level match
A5100375136,A5100375136,Jing Liu,1,Exact DOI-level match
A5100375137,A5100375137,Jing Liu,1,Exact DOI-level match
A5100375142,A5100375142,Jing Liu,1,Exact DOI-level match
A5100375710,A5100375710,Tao Zhang,1,Exact DOI-level match
A5100375714,A5100375714,Tao Zhang,1,Exact DOI-level match
A5100375743,A5100375743,Tao Zhang,1,Exact DOI-level match
A5100375746,A5100375746,Tao Zhang,1,Exact DOI-level match
A5100375770,A5100375770,Tao Zhang,1,Exact DOI-level match
A5100375773,A5100375773,Tao Zhang,1,Exact DOI-level match
A5100375778,A5100375778,Tao Zhang,1,Exact DOI-level match
A5100375787,A5100375787,Tao Zhang,1,Exact DOI-level match
A5100375792,A5100375792,Tao Zhang,1,Exact DOI-level match
A5100375793,A5100375793,Tao Zhang,1,Exact DOI-level match
A5100375804,A5100375804,Tao Zhang,1,Exact DOI-level match
A5100375815,A5100375815,Tao Zhang,1,Exact DOI-level match
A5100375844,A5100375844,Tao Zhang,1,Exact DOI-level match
A5100375845,A5100375845,Tao Zhang,1,Exact DOI-level match
A5100375857,A5100375857,Tao Zhang,1,Exact DOI-level match
A5100375860,A5100375860,Tao Zhang,1,Exact DOI-level match
A5100375875,A5100375875,Tao Zhang,1,Exact DOI-level match
A5100375877,A5100375877,Tao Zhang,1,Exact DOI-level match
A5100375885,A5100375885,Tao Zhang,1,Exact DOI-level match
A5100375926,A5100375926,Tao� Zhang,1,Exact DOI-level match
A5100376068,A5100376068,Feng Li,1,Exact DOI-level match
A5100378019,A5100378019,Yan Chen,1,Exact DOI-level match
A5100378024,A5100378024,Yan Chen,1,Exact DOI-level match
A5100378038,A5100378038,Yan Chen,1,Exact DOI-level match
A5100378054,A5100378054,Yan Chen,1,Exact DOI-level match
A5100378089,A5100378089,Yan Chen,1,Exact DOI-level match
A5100378101,A5100378101,Yan Chen,1,Exact DOI-level match
A5100378107,A5100378107,Yan Chen,1,Exact DOI-level match
A5100378110,A5100378110,Yan Chen,1,Exact DOI-level match
A5100378111,A5100378111,Yan Chen,1,Exact DOI-level match
A5100378117,A5100378117,Yan Chen,1,Exact DOI-level match
A5100378136,A5100378136,Yan Chen,1,Exact DOI-level match
A5100378139,A5100378139,Yan Chen,1,Exact DOI-level match
A5100378141,A5100378141,Yan Chen,1,Exact DOI-level match
A5100378142,A5100378142,Yan Chen,1,Exact DOI-level match
A5100378146,A5100378146,Yan Chen,1,Exact DOI-level match
A5100378159,A5100378159,Yan Chen,1,Exact DOI-level match
A5100378180,A5100378180,Yan Chen,1,Exact DOI-level match
A5100378279,A5100378279,Feng Wang,1,Exact DOI-level match
A5100378318,A5100378318,Jing Wang,1,Exact DOI-level match
A5100378341,A5100378341,Jing Wang,1,Exact DOI-level match
A5100378367,A5100378367,Jing Wang,1,Exact DOI-level match
A5100378370,A5100378370,Jing Wang,1,Exact DOI-level match
A5100378403,A5100378403,Jing Wang,1,Exact DOI-level match
A5100378415,A5100378415,Jing Wang,1,Exact DOI-level match
A5100378427,A5100378427,Jing Wang,1,Exact DOI-level match
A5100378428,A5100378428,Jing Wang,1,Exact DOI-level match
A5100378447,A5100378447,Jing Wang,1,Exact DOI-level match
A5100378454,A5100378454,Jing Wang,1,Exact DOI-level match
A5100378462,A5100378462,Jing Wang,1,Exact DOI-level match
A5100378464,A5100378464,Jing Wang,1,Exact DOI-level match
A5100378475,A5100378475,Jing Wang,1,Exact DOI-level match
A5100378493,A5100378493,Jing Wang,1,Exact DOI-level match
A5100378494,A5100378494,Jing Wang,1,Exact DOI-level match
A5100378499,A5100378499,Jing Wang,1,Exact DOI-level match
A5100378503,A5100378503,Jing Wang,1,Exact DOI-level match
A5100378506,A5100378506,Jing Wang,1,Exact DOI-level match
A5100378509,A5100378509,Jing Wang,1,Exact DOI-level match
A5100378529,A5100378529,Jing Wang,1,Exact DOI-level match
A5100378537,A5100378537,Jing Wang,1,Exact DOI-level match
A5100378563,A5100378563,Jing Wang,1,Exact DOI-level match
A5100378570,A5100378570,Jing Wang,1,Exact DOI-level match
A5100378575,A5100378575,Jing Wang,1,Exact DOI-level match
A5100378578,A5100378578,Jing Wang,1,Exact DOI-level match
A5100378586,A5100378586,Jing Wang,1,Exact DOI-level match
A5100378594,A5100378594,Jing Wang,1,Exact DOI-level match
A5100378602,A5100378602,Jing Wang,1,Exact DOI-level match
A5100378610,A5100378610,Jing Wang,1,Exact DOI-level match
A5100378618,A5100378618,Jing Wang,1,Exact DOI-level match
A5100378627,A5100378627,Jing Wang,1,Exact DOI-level match
A5100378656,A5100378656,Jing Wang,1,Exact DOI-level match
A5100378677,A5100378677,Jing Wang,1,Exact DOI-level match
A5100378679,A5100378679,Jing Wang,1,Exact DOI-level match
A5100378685,A5100378685,Jing Wang,1,Exact DOI-level match
A5100378691,A5100378691,Jing Wang,1,Exact DOI-level match
A5100378695,A5100378695,Jing Wang,1,Exact DOI-level match
A5100378705,A5100378705,Jing Wang,1,Exact DOI-level match
A5100378722,A5100378722,Jing Wang,1,Exact DOI-level match
A5100378723,A5100378723,Jing Wang,1,Exact DOI-level match
A5100378741,A5100378741,H. J. Yang,1,Exact DOI-level match
A5100378742,A5100378742,Jing Wang,1,Exact DOI-level match
A5100378748,A5100378748,Jing Wang,1,Exact DOI-level match
A5100379155,A5100379155,Li Chen,1,Exact DOI-level match
A5100379172,A5100379172,Li Chen,1,Exact DOI-level match
A5100379181,A5100379181,Li Chen,1,Exact DOI-level match
A5100379193,A5100379193,Li Chen,1,Exact DOI-level match
A5100379195,A5100379195,Li Chen,1,Exact DOI-level match
A5100379198,A5100379198,Li Chen,1,Exact DOI-level match
A5100379207,A5100379207,Li Chen,1,Exact DOI-level match
A5100379216,A5100379216,Li Chen,1,Exact DOI-level match
A5100379217,A5100379217,Li Chen,1,Exact DOI-level match
A5100379221,A5100379221,Li Chen,1,Exact DOI-level match
A5100379239,A5100379239,Li Chen,1,Exact DOI-level match
A5100379241,A5100379241,Li Chen,1,Exact DOI-level match
A5100379249,A5100379249,Li Chen,1,Exact DOI-level match
A5100379250,A5100379250,Li Chen,1,Exact DOI-level match
A5100379262,A5100379262,Li Chen,1,Exact DOI-level match
A5100379270,A5100379270,Li Chen,1,Exact DOI-level match
A5100379272,A5100379272,Li Chen,1,Exact DOI-level match
A5100379277,A5100379277,Li Chen,1,Exact DOI-level match
A5100379278,A5100379278,Li Chen,1,Exact DOI-level match
A5100379279,A5100379279,Li Chen,1,Exact DOI-level match
A5100379281,A5100379281,Li Chen,1,Exact DOI-level match
A5100379297,A5100379297,Li Chen,1,Exact DOI-level match
A5100379310,A5100379310,Li Chen,1,Exact DOI-level match
A5100379320,A5100379320,Li Chen,1,Exact DOI-level match
A5100379331,A5100379331,Li Chen,1,Exact DOI-level match
A5100379344,A5100379344,Li Chen,1,Exact DOI-level match
A5100379347,A5100379347,Li Chen,1,Exact DOI-level match
A5100379363,A5100379363,Li Chen,1,Exact DOI-level match
A5100379364,A5100379364,Li Chen,1,Exact DOI-level match
A5100380258,A5100380258,Yan Li,1,Exact DOI-level match
A5100380262,A5100380262,Yan Li,1,Exact DOI-level match
A5100380296,A5100380296,Yan Li,1,Exact DOI-level match
A5100380321,A5100380321,Yan Li,1,Exact DOI-level match
A5100380324,A5100380324,Yan Li,1,Exact DOI-level match
A5100380332,A5100380332,Yan Li,1,Exact DOI-level match
A5100380336,A5100380336,Yan Li,1,Exact DOI-level match
A5100380339,A5100380339,Yan Li,1,Exact DOI-level match
A5100380342,A5100380342,Yan Li,1,Exact DOI-level match
A5100380382,A5100380382,Yan Li,1,Exact DOI-level match
A5100380387,A5100380387,Yan Li,1,Exact DOI-level match
A5100380392,A5100380392,Yan Li,1,Exact DOI-level match
A5100380402,A5100380402,Yan Li,1,Exact DOI-level match
A5100380419,A5100380419,Yan Li,1,Exact DOI-level match
A5100380435,A5100380435,Yan Li,1,Exact DOI-level match
A5100380437,A5100380437,Yan Li,1,Exact DOI-level match
A5100380449,A5100380449,Yan Li,1,Exact DOI-level match
A5100380651,A5100380651,Dan Li,1,Exact DOI-level match
A5100380660,A5100380660,Dan Li,1,Exact DOI-level match
A5100380662,A5100380662,Dan Li,1,Exact DOI-level match
A5100380678,A5100380678,Dan Li,1,Exact DOI-level match
A5100380679,A5100380679,Dan Li,1,Exact DOI-level match
A5100380697,A5100380697,Dan Li,1,Exact DOI-level match
A5100380699,A5100380699,Dan Li,1,Exact DOI-level match
A5100380711,A5100380711,Dan Li,1,Exact DOI-level match
A5100380714,A5100380714,Dan Li,1,Exact DOI-level match
A5100380716,A5100380716,Dan Li,1,Exact DOI-level match
A5100380723,A5100380723,Dan Li,1,Exact DOI-level match
A5100380728,A5100380728,Dan Li,1,Exact DOI-level match
A5100380729,A5100380729,Dan Li,1,Exact DOI-level match
A5100380731,A5100380731,Dan Li,1,Exact DOI-level match
A5100380733,A5100380733,Dan Li,1,Exact DOI-level match
A5100380736,A5100380736,Dan Li,1,Exact DOI-level match
A5100380747,A5100380747,Dan Li,1,Exact DOI-level match
A5100380772,A5100380772,Dan Li,1,Exact DOI-level match
A5100380773,A5100380773,Dan Li,1,Exact DOI-level match
A5100380794,A5100380794,Dan Li,1,Exact DOI-level match
A5100380795,A5100380795,Dan Li,1,Exact DOI-level match
A5100380810,A5100380810,Dan Li,1,Exact DOI-level match
A5100380816,A5100380816,Dan Li,1,Exact DOI-level match
A5100380980,A5100380980,Jing Li,1,Exact DOI-level match
A5100382044,A5100382044,Ming Li,1,Exact DOI-level match
A5100382064,A5100382064,Ming Li,1,Exact DOI-level match
A5100382402,A5100382402,Li Wang,1,Exact DOI-level match
A5100382432,A5100382432,Li Wang,1,Exact DOI-level match
A5100382445,A5100382445,Wang Li,1,Exact DOI-level match
A5100382574,A5100382574,Hui Zhang,1,Exact DOI-level match
A5100384597,A5100384597,Jun Wang,1,Exact DOI-level match
A5100384613,A5100384613,Jun Wang,1,Exact DOI-level match
A5100384657,A5100384657,Jun Wang,1,Exact DOI-level match
A5100384664,A5100384664,Jun Wang,1,Exact DOI-level match
A5100384671,A5100384671,Jun Wang,1,Exact DOI-level match
A5100384679,A5100384679,Jun Wang,1,Exact DOI-level match
A5100384680,A5100384680,Jun Wang,1,Exact DOI-level match
A5100384686,A5100384686,Jun Wang,1,Exact DOI-level match
A5100384704,A5100384704,Jun Wang,1,Exact DOI-level match
A5100384716,A5100384716,Jun Wang,1,Exact DOI-level match
A5100384739,A5100384739,Jun Wang,1,Exact DOI-level match
A5100384771,A5100384771,Jun Wang,1,Exact DOI-level match
A5100384777,A5100384777,Jun Wang,1,Exact DOI-level match
A5100384778,A5100384778,Jun Wang,1,Exact DOI-level match
A5100384799,A5100384799,Jun Wang,1,Exact DOI-level match
A5100384817,A5100384817,Jun Wang,1,Exact DOI-level match
A5100384821,A5100384821,Jun Wang,1,Exact DOI-level match
A5100384857,A5100384857,Jun Wang,1,Exact DOI-level match
A5100384877,A5100384877,Jun Wang,1,Exact DOI-level match
A5100384904,A5100384904,Jun Wang,1,Exact DOI-level match
A5100384910,A5100384910,Jun Wang,1,Exact DOI-level match
A5100384913,A5100384913,Jun Wang,1,Exact DOI-level match
A5100384916,A5100384916,Jun Wang,1,Exact DOI-level match
A5100384930,A5100384930,Jun Wang,1,Exact DOI-level match
A5100384940,A5100384940,Jun Wang,1,Exact DOI-level match
A5100386029,A5100386029,Ying Zhang,1,Exact DOI-level match
A5100386044,A5100386044,Ying Zhang,1,Exact DOI-level match
A5100386061,A5100386061,Ying Zhang,1,Exact DOI-level match
A5100386063,A5100386063,Ying Zhang,1,Exact DOI-level match
A5100386104,A5100386104,Ying Zhang,1,Exact DOI-level match
A5100386123,A5100386123,Ying Zhang,1,Exact DOI-level match
A5100386129,A5100386129,Ying Zhang,1,Exact DOI-level match
A5100386136,A5100386136,Ying Zhang,1,Exact DOI-level match
A5100386140,A5100386140,Ying Zhang,1,Exact DOI-level match
A5100386142,A5100386142,Ying Zhang,1,Exact DOI-level match
A5100386165,A5100386165,Ying Zhang,1,Exact DOI-level match
A5100386179,A5100386179,Ying Zhang,1,Exact DOI-level match
A5100386191,A5100386191,Ying Zhang,1,Exact DOI-level match
A5100386203,A5100386203,Ying Zhang,1,Exact DOI-level match
A5100386204,A5100386204,Ying Zhang,1,Exact DOI-level match
A5100386209,A5100386209,Ying Zhang,1,Exact DOI-level match
A5100386224,A5100386224,Ying Zhang,1,Exact DOI-level match
A5100386228,A5100386228,Ying Zhang,1,Exact DOI-level match
A5100386229,A5100386229,Ying Zhang,1,Exact DOI-level match
A5100386252,A5100386252,Ying Zhang,1,Exact DOI-level match
A5100386259,A5100386259,Ying Zhang,1,Exact DOI-level match
A5100386261,A5100386261,Ying Zhang,1,Exact DOI-level match
A5100386262,A5100386262,Ying Zhang,1,Exact DOI-level match
A5100386265,A5100386265,Ying Zhang,1,Exact DOI-level match
A5100386267,A5100386267,Ying Zhang,1,Exact DOI-level match
A5100386275,A5100386275,Ying Zhang,1,Exact DOI-level match
A5100386284,A5100386284,Ying Zhang,1,Exact DOI-level match
A5100386749,A5100386749,Jing Li,1,Exact DOI-level match
A5100387509,A5100387509,Hui Liu,1,Exact DOI-level match
A5100387514,A5100387514,Hui Liu,1,Exact DOI-level match
A5100387527,A5100387527,Hui Liu,1,Exact DOI-level match
A5100387540,A5100387540,Hui Liu,1,Exact DOI-level match
A5100387566,A5100387566,Hui Liu,1,Exact DOI-level match
A5100387574,A5100387574,Hui Liu,1,Exact DOI-level match
A5100387599,A5100387599,Hui Liu,1,Exact DOI-level match
A5100387603,A5100387603,Hui Liu,1,Exact DOI-level match
A5100387609,A5100387609,Hui Liu,1,Exact DOI-level match
A5100387617,A5100387617,Hui Liu,1,Exact DOI-level match
A5100387627,A5100387627,Hui Liu,1,Exact DOI-level match
A5100387628,A5100387628,Hui Liu,1,Exact DOI-level match
A5100387631,A5100387631,Hui Liu,1,Exact DOI-level match
A5100387633,A5100387633,Hui Liu,1,Exact DOI-level match
A5100387646,A5100387646,Hui Liu,1,Exact DOI-level match
A5100387654,A5100387654,Hui Liu,1,Exact DOI-level match
A5100387656,A5100387656,Hui Liu,1,Exact DOI-level match
A5100388018,A5100388018,Yi Zhang,1,Exact DOI-level match
A5100388021,A5100388021,Yi Zhang,1,Exact DOI-level match
A5100388033,A5100388033,Yi Zhang,1,Exact DOI-level match
A5100388075,A5100388075,Yi Zhang,1,Exact DOI-level match
A5100388089,A5100388089,Yi Zhang,1,Exact DOI-level match
A5100388091,A5100388091,Yi Zhang,1,Exact DOI-level match
A5100388117,A5100388117,Yi Zhang,1,Exact DOI-level match
A5100388118,A5100388118,Yi Zhang,1,Exact DOI-level match
A5100388126,A5100388126,Yi Zhang,1,Exact DOI-level match
A5100388148,A5100388148,Yi Zhang,1,Exact DOI-level match
A5100388191,A5100388191,Yi Zhang,1,Exact DOI-level match
A5100388218,A5100388218,Yi Zhang,1,Exact DOI-level match
A5100388230,A5100388230,Yi Zhang,1,Exact DOI-level match
A5100388297,A5100388297,Yi Zhang,1,Exact DOI-level match
A5100388300,A5100388300,Yi Zhang,1,Exact DOI-level match
A5100388301,A5100388301,Yi Zhang,1,Exact DOI-level match
A5100388339,A5100388339,Yi Zhang,1,Exact DOI-level match
A5100388349,A5100388349,Yi Zhang,1,Exact DOI-level match
A5100389179,A5100389179,Wei Wang,1,Exact DOI-level match
A5100389186,A5100389186,Wei Wang,1,Exact DOI-level match
A5100390983,A5100390983,Qian Wang,1,Exact DOI-level match
A5100390994,A5100390994,Qian Wang,1,Exact DOI-level match
A5100391001,A5100391001,Qian Wang,1,Exact DOI-level match
A5100391028,A5100391028,Qian Wang,1,Exact DOI-level match
A5100391036,A5100391036,Qian Wang,1,Exact DOI-level match
A5100391049,A5100391049,Qian Wang,1,Exact DOI-level match
A5100391054,A5100391054,Qian Wang,1,Exact DOI-level match
A5100391060,A5100391060,Qian Wang,1,Exact DOI-level match
A5100391066,A5100391066,Qian Wang,1,Exact DOI-level match
A5100391090,A5100391090,Qian Wang,1,Exact DOI-level match
A5100391097,A5100391097,Qian Wang,1,Exact DOI-level match
A5100391098,A5100391098,Qian Wang,1,Exact DOI-level match
A5100391101,A5100391101,Qian Wang,1,Exact DOI-level match
A5100391106,A5100391106,Qian Wang,1,Exact DOI-level match
A5100391110,A5100391110,Qian Wang,1,Exact DOI-level match
A5100391116,A5100391116,Qian Wang,1,Exact DOI-level match
A5100391120,A5100391120,Qian Wang,1,Exact DOI-level match
A5100391123,A5100391123,Qian Wang,1,Exact DOI-level match
A5100391125,A5100391125,Qian Wang,1,Exact DOI-level match
A5100391149,A5100391149,Qian Wang,1,Exact DOI-level match
A5100391172,A5100391172,Qian Wang,1,Exact DOI-level match
A5100391177,A5100391177,Qian Wang,1,Exact DOI-level match
A5100391181,A5100391181,Qian Wang,1,Exact DOI-level match
A5100391651,A5100391651,Wei Wang,1,Exact DOI-level match
A5100391674,A5100391674,Wei Wang,1,Exact DOI-level match
A5100391684,A5100391684,Wei Wang,1,Exact DOI-level match
A5100391690,A5100391690,Wei Wang,1,Exact DOI-level match
A5100391700,A5100391700,Wei Wang,1,Exact DOI-level match
A5100391706,A5100391706,Wei Wang,1,Exact DOI-level match
A5100391711,A5100391711,Wei Wang,1,Exact DOI-level match
A5100391728,A5100391728,Wei Wang,1,Exact DOI-level match
A5100391736,A5100391736,Wei Wang,1,Exact DOI-level match
A5100391738,A5100391738,Wei Wang,1,Exact DOI-level match
A5100391743,A5100391743,Wei Wang,1,Exact DOI-level match
A5100391744,A5100391744,Wei Wang,1,Exact DOI-level match
A5100391749,A5100391749,Wei Wang,1,Exact DOI-level match
A5100391750,A5100391750,Wei Wang,1,Exact DOI-level match
A5100391774,A5100391774,Wei Wang,1,Exact DOI-level match
A5100391794,A5100391794,Wei Wang,1,Exact DOI-level match
A5100391796,A5100391796,Wei Wang,1,Exact DOI-level match
A5100391847,A5100391847,Wei Wang,1,Exact DOI-level match
A5100391883,A5100391883,Wei Wang,1,Exact DOI-level match
A5100391890,A5100391890,Wei Wang,1,Exact DOI-level match
A5100391894,A5100391894,Wei Wang,1,Exact DOI-level match
A5100391895,A5100391895,Wei Wang,1,Exact DOI-level match
A5100391896,A5100391896,Wei Wang,1,Exact DOI-level match
A5100391924,A5100391924,Wei Wang,1,Exact DOI-level match
A5100391935,A5100391935,Wei Wang,1,Exact DOI-level match
A5100391941,A5100391941,Wei Wang,1,Exact DOI-level match
A5100391977,A5100391977,Wei Wang,1,Exact DOI-level match
A5100391991,A5100391991,Wei Wang,1,Exact DOI-level match
A5100392000,A5100392000,Wei Wang,1,Exact DOI-level match
A5100392002,A5100392002,Wei Wang,1,Exact DOI-level match
A5100392005,A5100392005,Wei Wang,1,Exact DOI-level match
A5100392019,A5100392019,Wei Wang,1,Exact DOI-level match
A5100392021,A5100392021,Wei Wang,1,Exact DOI-level match
A5100392028,A5100392028,Wei Wang,1,Exact DOI-level match
A5100392035,A5100392035,Wei Wang,1,Exact DOI-level match
A5100392067,A5100392067,Wei Wang,1,Exact DOI-level match
A5100392089,A5100392089,Wei Wang,1,Exact DOI-level match
A5100392093,A5100392093,Wei Wang,1,Exact DOI-level match
A5100392098,A5100392098,Wei Wang,1,Exact DOI-level match
A5100392117,A5100392117,Wei Wang,1,Exact DOI-level match
A5100392122,A5100392122,Wei Wang,1,Exact DOI-level match
A5100392123,A5100392123,Wei Wang,1,Exact DOI-level match
A5100392130,A5100392130,Wei Wang,1,Exact DOI-level match
A5100392165,A5100392165,Wei Wang,1,Exact DOI-level match
A5100392171,A5100392171,Wei Wang,1,Exact DOI-level match
A5100392180,A5100392180,Wei Wang,1,Exact DOI-level match
A5100392203,A5100392203,Wei Wang,1,Exact DOI-level match
A5100392244,A5100392244,Wei Wang,1,Exact DOI-level match
A5100392255,A5100392255,Wei Wang,1,Exact DOI-level match
A5100392259,A5100392259,Wei Wang,1,Exact DOI-level match
A5100392263,A5100392263,Wei Wang,1,Exact DOI-level match
A5100392271,A5100392271,Wei Wang,1,Exact DOI-level match
A5100392297,A5100392297,Wei Wang,1,Exact DOI-level match
A5100392305,A5100392305,Wei Wang,1,Exact DOI-level match
A5100392329,A5100392329,Wei Wang,1,Exact DOI-level match
A5100392763,A5100392763,Jie Li,1,Exact DOI-level match
A5100392771,A5100392771,Bin Zhang,1,Exact DOI-level match
A5100392778,A5100392778,Bin Zhang,1,Exact DOI-level match
A5100392786,A5100392786,Bin Zhang,1,Exact DOI-level match
A5100392806,A5100392806,Bin Zhang,1,Exact DOI-level match
A5100392827,A5100392827,Bin Zhang,1,Exact DOI-level match
A5100392836,A5100392836,Bin Zhang,1,Exact DOI-level match
A5100392839,A5100392839,Bin Zhang,1,Exact DOI-level match
A5100392847,A5100392847,Bin Zhang,1,Exact DOI-level match
A5100392853,A5100392853,Bin Zhang,1,Exact DOI-level match
A5100392879,A5100392879,Bin Zhang,1,Exact DOI-level match
A5100392881,A5100392881,Bin Zhang,1,Exact DOI-level match
A5100392899,A5100392899,Bin Zhang,1,Exact DOI-level match
A5100392906,A5100392906,Bin Zhang,1,Exact DOI-level match
A5100392919,A5100392919,Bin Zhang,1,Exact DOI-level match
A5100392923,A5100392923,Bin Zhang,1,Exact DOI-level match
A5100392928,A5100392928,Bin Zhang,1,Exact DOI-level match
A5100394798,A5100394798,Jing Chen,1,Exact DOI-level match
A5100394804,A5100394804,Jing Chen,1,Exact DOI-level match
A5100394807,A5100394807,Jing Chen,1,Exact DOI-level match
A5100394815,A5100394815,Jing Chen,1,Exact DOI-level match
A5100394817,A5100394817,Jing Chen,1,Exact DOI-level match
A5100394824,A5100394824,Jing Chen,1,Exact DOI-level match
A5100394850,A5100394850,Jing Chen,1,Exact DOI-level match
A5100394874,A5100394874,Jing Chen,1,Exact DOI-level match
A5100394877,A5100394877,Jing Chen,1,Exact DOI-level match
A5100394889,A5100394889,Jing Chen,1,Exact DOI-level match
A5100394895,A5100394895,Jing Chen,1,Exact DOI-level match
A5100394898,A5100394898,Jing Chen,1,Exact DOI-level match
A5100394923,A5100394923,Jing Chen,1,Exact DOI-level match
A5100394935,A5100394935,Jing Chen,1,Exact DOI-level match
A5100394941,A5100394941,Jing Chen,1,Exact DOI-level match
A5100394946,A5100394946,Jing Chen,1,Exact DOI-level match
A5100394972,A5100394972,Jing Chen,1,Exact DOI-level match
A5100394977,A5100394977,Jing Chen,1,Exact DOI-level match
A5100394986,A5100394986,Jing Chen,1,Exact DOI-level match
A5100395398,A5100395398,Hui Wang,1,Exact DOI-level match
A5100395440,A5100395440,Bin Liu,1,Exact DOI-level match
A5100395450,A5100395450,Bin Liu,1,Exact DOI-level match
A5100395476,A5100395476,Bin Liu,1,Exact DOI-level match
A5100395487,A5100395487,Bin Liu,1,Exact DOI-level match
A5100395552,A5100395552,Bin Liu,1,Exact DOI-level match
A5100395563,A5100395563,Bin Liu,1,Exact DOI-level match
A5100395573,A5100395573,Bin Liu,1,Exact DOI-level match
A5100395574,A5100395574,Bin Liu,1,Exact DOI-level match
A5100395576,A5100395576,Bin Liu,1,Exact DOI-level match
A5100395591,A5100395591,Bin Liu,1,Exact DOI-level match
A5100396782,A5100396782,Hao Zhang,1,Exact DOI-level match
A5100396799,A5100396799,Hao Zhang,1,Exact DOI-level match
A5100396825,A5100396825,Hao Zhang,1,Exact DOI-level match
A5100396841,A5100396841,Hao Zhang,1,Exact DOI-level match
A5100396872,A5100396872,Hao Zhang,1,Exact DOI-level match
A5100396876,A5100396876,Hao Zhang,1,Exact DOI-level match
A5100396882,A5100396882,Hao Zhang,1,Exact DOI-level match
A5100396885,A5100396885,Hao Zhang,1,Exact DOI-level match
A5100396913,A5100396913,Hao Zhang,1,Exact DOI-level match
A5100396927,A5100396927,Hao Zhang,1,Exact DOI-level match
A5100396936,A5100396936,Hao Zhang,1,Exact DOI-level match
A5100396939,A5100396939,Hao Zhang,1,Exact DOI-level match
A5100396941,A5100396941,Hao Zhang,1,Exact DOI-level match
A5100396959,A5100396959,Hao Zhang,1,Exact DOI-level match
A5100396965,A5100396965,Hao Zhang,1,Exact DOI-level match
A5100396976,A5100396976,Hao Zhang,1,Exact DOI-level match
A5100396986,A5100396986,Hao Zhang,1,Exact DOI-level match
A5100396996,A5100396996,Hao Zhang,1,Exact DOI-level match
A5100397001,A5100397001,Hao Zhang,1,Exact DOI-level match
A5100397032,A5100397032,Hao Zhang,1,Exact DOI-level match
A5100397053,A5100397053,Hao Zhang,1,Exact DOI-level match
A5100397064,A5100397064,Hao Zhang,1,Exact DOI-level match
A5100397370,A5100397370,Yang Yang,1,Exact DOI-level match
A5100397391,A5100397391,Yang Yang,1,Exact DOI-level match
A5100397394,A5100397394,Yang Yang,1,Exact DOI-level match
A5100397400,A5100397400,Yang Yang,1,Exact DOI-level match
A5100397406,A5100397406,Yang Yang,1,Exact DOI-level match
A5100397410,A5100397410,Yang Yang,1,Exact DOI-level match
A5100397419,A5100397419,Yang Yang,1,Exact DOI-level match
A5100397426,A5100397426,Yang Yang,1,Exact DOI-level match
A5100397429,A5100397429,Yang Yang,1,Exact DOI-level match
A5100397430,A5100397430,Yang Yang,1,Exact DOI-level match
A5100397440,A5100397440,Yang Yang,1,Exact DOI-level match
A5100397456,A5100397456,Yang Yang,1,Exact DOI-level match
A5100397475,A5100397475,Yang Yang,1,Exact DOI-level match
A5100397489,A5100397489,Yang Yang,1,Exact DOI-level match
A5100397498,A5100397498,Yang Yang,1,Exact DOI-level match
A5100397510,A5100397510,Yang Yang,1,Exact DOI-level match
A5100397525,A5100397525,Yang Yang,1,Exact DOI-level match
A5100397529,A5100397529,Yang Yang,1,Exact DOI-level match
A5100397539,A5100397539,Yang Yang,1,Exact DOI-level match
A5100397541,A5100397541,Yang Yang,1,Exact DOI-level match
A5100397543,A5100397543,Yang Yang,1,Exact DOI-level match
A5100397548,A5100397548,Yang Yang,1,Exact DOI-level match
A5100397552,A5100397552,Yang Yang,1,Exact DOI-level match
A5100397581,A5100397581,Yang Yang,1,Exact DOI-level match
A5100397585,A5100397585,Yang Yang,1,Exact DOI-level match
A5100397587,A5100397587,Yang Yang,1,Exact DOI-level match
A5100397588,A5100397588,Yang Yang,1,Exact DOI-level match
A5100397591,A5100397591,Yang Yang,1,Exact DOI-level match
A5100397594,A5100397594,Yang Yang,1,Exact DOI-level match
A5100397616,A5100397616,Yang Yang,1,Exact DOI-level match
A5100397621,A5100397621,Yang Yang,1,Exact DOI-level match
A5100397659,A5100397659,Yang Yang,1,Exact DOI-level match
A5100397681,A5100397681,Yang Yang,1,Exact DOI-level match
A5100397711,A5100397711,Yang Yang,1,Exact DOI-level match
A5100397716,A5100397716,Yang Yang,1,Exact DOI-level match
A5100397719,A5100397719,Yang Yang,1,Exact DOI-level match
A5100397725,A5100397725,Yang Yang,1,Exact DOI-level match
A5100397738,A5100397738,Yang� Yang,1,Exact DOI-level match
A5100397740,A5100397740,Yang Yang,1,Exact DOI-level match
A5100397749,A5100397749,Yang Yang,1,Exact DOI-level match
A5100397765,A5100397765,Yang Yang,1,Exact DOI-level match
A5100397800,A5100397800,Yang Yang,1,Exact DOI-level match
A5100398270,A5100398270,Bin Wang,1,Exact DOI-level match
A5100398646,A5100398646,Ling Wang,1,Exact DOI-level match
A5100398647,A5100398647,Ling Wang,1,Exact DOI-level match
A5100398648,A5100398648,Ling Wang,1,Exact DOI-level match
A5100398655,A5100398655,Ling Wang,1,Exact DOI-level match
A5100398661,A5100398661,Ling Wang,1,Exact DOI-level match
A5100398685,A5100398685,Ling Wang,1,Exact DOI-level match
A5100398696,A5100398696,Ling Wang,1,Exact DOI-level match
A5100398707,A5100398707,Ling Wang,1,Exact DOI-level match
A5100398717,A5100398717,Ling Wang,1,Exact DOI-level match
A5100398721,A5100398721,Ling Wang,1,Exact DOI-level match
A5100398729,A5100398729,Ling Wang,1,Exact DOI-level match
A5100398732,A5100398732,Ling Wang,1,Exact DOI-level match
A5100400217,A5100400217,Jun Zhang,1,Exact DOI-level match
A5100400706,A5100400706,Min Li,1,Exact DOI-level match
A5100400726,A5100400726,Min Li,1,Exact DOI-level match
A5100400729,A5100400729,Min Li,1,Exact DOI-level match
A5100400735,A5100400735,Min Li,1,Exact DOI-level match
A5100400736,A5100400736,Min Li,1,Exact DOI-level match
A5100400746,A5100400746,Min Li,1,Exact DOI-level match
A5100400748,A5100400748,Min Li,1,Exact DOI-level match
A5100400752,A5100400752,Min Li,1,Exact DOI-level match
A5100400753,A5100400753,Min Li,1,Exact DOI-level match
A5100400756,A5100400756,Min Li,1,Exact DOI-level match
A5100400781,A5100400781,Min Li,1,Exact DOI-level match
A5100400782,A5100400782,Min Li,1,Exact DOI-level match
A5100401558,A5100401558,Qian Zhang,1,Exact DOI-level match
A5100401602,A5100401602,Qian Zhang,1,Exact DOI-level match
A5100401632,A5100401632,Qian Zhang,1,Exact DOI-level match
A5100401633,A5100401633,Qian Zhang,1,Exact DOI-level match
A5100401636,A5100401636,Qian Zhang,1,Exact DOI-level match
A5100401640,A5100401640,Qian Zhang,1,Exact DOI-level match
A5100401653,A5100401653,Qian Zhang,1,Exact DOI-level match
A5100401659,A5100401659,Qian Zhang,1,Exact DOI-level match
A5100401687,A5100401687,Qian Zhang,1,Exact DOI-level match
A5100401712,A5100401712,Qian Zhang,1,Exact DOI-level match
A5100401720,A5100401720,Qian Zhang,1,Exact DOI-level match
A5100401723,A5100401723,Qian Zhang,1,Exact DOI-level match
A5100401732,A5100401732,Qian Zhang,1,Exact DOI-level match
A5100401743,A5100401743,Qian Zhang,1,Exact DOI-level match
A5100401747,A5100401747,Qian Zhang,1,Exact DOI-level match
A5100401752,A5100401752,Qian Zhang,1,Exact DOI-level match
A5100402408,A5100402408,Jian Li,1,Exact DOI-level match
A5100402427,A5100402427,Jian Li,1,Exact DOI-level match
A5100402448,A5100402448,Jian Li,1,Exact DOI-level match
A5100402458,A5100402458,Jian Li,1,Exact DOI-level match
A5100402479,A5100402479,Jian Li,1,Exact DOI-level match
A5100402533,A5100402533,Jian Li,1,Exact DOI-level match
A5100402534,A5100402534,Jian Li,1,Exact DOI-level match
A5100402538,A5100402538,Jian Li,1,Exact DOI-level match
A5100402578,A5100402578,Jing Li,1,Exact DOI-level match
A5100402580,A5100402580,Jian Li,1,Exact DOI-level match
A5100402585,A5100402585,Jian Li,1,Exact DOI-level match
A5100402597,A5100402597,Jian Li,1,Exact DOI-level match
A5100402604,A5100402604,Jian Li,1,Exact DOI-level match
A5100402608,A5100402608,Jian Li,1,Exact DOI-level match
A5100402609,A5100402609,Jian Li,1,Exact DOI-level match
A5100402612,A5100402612,Jian Li,1,Exact DOI-level match
A5100402617,A5100402617,Jian Li,1,Exact DOI-level match
A5100402625,A5100402625,Jian Li,1,Exact DOI-level match
A5100402840,A5100402840,Min Zhang,1,Exact DOI-level match
A5100402850,A5100402850,Min Zhang,1,Exact DOI-level match
A5100402851,A5100402851,Min Zhang,1,Exact DOI-level match
A5100402853,A5100402853,Min Zhang,1,Exact DOI-level match
A5100402855,A5100402855,Min Zhang,1,Exact DOI-level match
A5100402865,A5100402865,Min Zhang,1,Exact DOI-level match
A5100402869,A5100402869,Min Zhang,1,Exact DOI-level match
A5100402873,A5100402873,Min Zhang,1,Exact DOI-level match
A5100402876,A5100402876,Min Zhang,1,Exact DOI-level match
A5100402879,A5100402879,Min Zhang,1,Exact DOI-level match
A5100402917,A5100402917,Min Zhang,1,Exact DOI-level match
A5100402920,A5100402920,Min Zhang,1,Exact DOI-level match
A5100402922,A5100402922,Min Zhang,1,Exact DOI-level match
A5100402925,A5100402925,Min Zhang,1,Exact DOI-level match
A5100402941,A5100402941,Min Zhang,1,Exact DOI-level match
A5100402981,A5100402981,Min Zhang,1,Exact DOI-level match
A5100402983,A5100402983,Min Zhang,1,Exact DOI-level match
A5100402993,A5100402993,Min Zhang,1,Exact DOI-level match
A5100402996,A5100402996,Min Zhang,1,Exact DOI-level match
A5100402999,A5100402999,Min Zhang,1,Exact DOI-level match
A5100403002,A5100403002,Min Zhang,1,Exact DOI-level match
A5100403008,A5100403008,Min Zhang,1,Exact DOI-level match
A5100403018,A5100403018,Min Zhang,1,Exact DOI-level match
A5100403019,A5100403019,Min Zhang,1,Exact DOI-level match
A5100403020,A5100403020,Min Zhang,1,Exact DOI-level match
A5100403086,A5100403086,Lin Wang,1,Exact DOI-level match
A5100403087,A5100403087,Lin Wang,1,Exact DOI-level match
A5100403122,A5100403122,Lin Wang,1,Exact DOI-level match
A5100403135,A5100403135,Lin Wang,1,Exact DOI-level match
A5100403151,A5100403151,Lin Wang,1,Exact DOI-level match
A5100403169,A5100403169,Lin Wang,1,Exact DOI-level match
A5100403173,A5100403173,Lin Wang,1,Exact DOI-level match
A5100403179,A5100403179,Lin Wang,1,Exact DOI-level match
A5100403181,A5100403181,Lin Wang,1,Exact DOI-level match
A5100403207,A5100403207,Lin Wang,1,Exact DOI-level match
A5100403214,A5100403214,Lin Wang,1,Exact DOI-level match
A5100403226,A5100403226,Lin Wang,1,Exact DOI-level match
A5100403227,A5100403227,Lin Wang,1,Exact DOI-level match
A5100403235,A5100403235,Lin Wang,1,Exact DOI-level match
A5100403266,A5100403266,Lin Wang,1,Exact DOI-level match
A5100405768,A5100405768,Ping Zhang,1,Exact DOI-level match
A5100405777,A5100405777,Ping Zhang,1,Exact DOI-level match
A5100405778,A5100405778,Ping Zhang,1,Exact DOI-level match
A5100405781,A5100405781,Ping Zhang,1,Exact DOI-level match
A5100405787,A5100405787,Ping Zhang,1,Exact DOI-level match
A5100405788,A5100405788,Ping Zhang,1,Exact DOI-level match
A5100405797,A5100405797,Ping Zhang,1,Exact DOI-level match
A5100405824,A5100405824,Ping Zhang,1,Exact DOI-level match
A5100405827,A5100405827,Ping Zhang,1,Exact DOI-level match
A5100405828,A5100405828,Ping Zhang,1,Exact DOI-level match
A5100405838,A5100405838,Ping Zhang,1,Exact DOI-level match
A5100405840,A5100405840,Ping Zhang,1,Exact DOI-level match
A5100405855,A5100405855,Ping Zhang,1,Exact DOI-level match
A5100405903,A5100405903,Jin Zhang,1,Exact DOI-level match
A5100405907,A5100405907,Jin Zhang,1,Exact DOI-level match
A5100405908,A5100405908,Jin Zhang,1,Exact DOI-level match
A5100405920,A5100405920,Jin Zhang,1,Exact DOI-level match
A5100405935,A5100405935,Jin Zhang,1,Exact DOI-level match
A5100405936,A5100405936,Jin Zhang,1,Exact DOI-level match
A5100405947,A5100405947,Jin Zhang,1,Exact DOI-level match
A5100405955,A5100405955,Jin Zhang,1,Exact DOI-level match
A5100405985,A5100405985,Jin Zhang,1,Exact DOI-level match
A5100405986,A5100405986,Jin Zhang,1,Exact DOI-level match
A5100405991,A5100405991,Jin Zhang,1,Exact DOI-level match
A5100406017,A5100406017,Jin Zhang,1,Exact DOI-level match
A5100406019,A5100406019,Jin Zhang,1,Exact DOI-level match
A5100406022,A5100406022,Jin Zhang,1,Exact DOI-level match
A5100406904,A5100406904,Chao Wang,1,Exact DOI-level match
A5100406933,A5100406933,Chao Wang,1,Exact DOI-level match
A5100406958,A5100406958,Chao Wang,1,Exact DOI-level match
A5100406963,A5100406963,Chao Wang,1,Exact DOI-level match
A5100407005,A5100407005,Chao Wang,1,Exact DOI-level match
A5100407017,A5100407017,Chao Wang,1,Exact DOI-level match
A5100407027,A5100407027,Chao Wang,1,Exact DOI-level match
A5100407045,A5100407045,Chao Wang,1,Exact DOI-level match
A5100407056,A5100407056,Chao Wang,1,Exact DOI-level match
A5100407077,A5100407077,Chao Wang,1,Exact DOI-level match
A5100407113,A5100407113,Chao Wang,1,Exact DOI-level match
A5100407123,A5100407123,Chao Wang,1,Exact DOI-level match
A5100407133,A5100407133,Chao Wang,1,Exact DOI-level match
A5100407161,A5100407161,Chao Wang,1,Exact DOI-level match
A5100407177,A5100407177,Chao Wang,1,Exact DOI-level match
A5100407980,A5100407980,Bo Wang,1,Exact DOI-level match
A5100407985,A5100407985,Bo Wang,1,Exact DOI-level match
A5100407989,A5100407989,Bo Wang,1,Exact DOI-level match
A5100407997,A5100407997,Bo Wang,1,Exact DOI-level match
A5100407999,A5100407999,Bo Wang,1,Exact DOI-level match
A5100408002,A5100408002,Bo Wang,1,Exact DOI-level match
A5100408006,A5100408006,Bo Wang,1,Exact DOI-level match
A5100408014,A5100408014,Bo Wang,1,Exact DOI-level match
A5100408046,A5100408046,Bo Wang,1,Exact DOI-level match
A5100408050,A5100408050,Bo Wang,1,Exact DOI-level match
A5100408058,A5100408058,Bo Wang,1,Exact DOI-level match
A5100408080,A5100408080,Bo Wang,1,Exact DOI-level match
A5100408085,A5100408085,Bo Wang,1,Exact DOI-level match
A5100408086,A5100408086,Bo Wang,1,Exact DOI-level match
A5100408152,A5100408152,Bo Wang,1,Exact DOI-level match
A5100408154,A5100408154,Bo Wang,1,Exact DOI-level match
A5100408156,A5100408156,Bo Wang,1,Exact DOI-level match
A5100408158,A5100408158,Bo Wang,1,Exact DOI-level match
A5100408160,A5100408160,Bo Wang,1,Exact DOI-level match
A5100408164,A5100408164,Bo Wang,1,Exact DOI-level match
A5100408177,A5100408177,Bo Wang,1,Exact DOI-level match
A5100408183,A5100408183,Bo Wang,1,Exact DOI-level match
A5100408189,A5100408189,Bo Wang,1,Exact DOI-level match
A5100408193,A5100408193,Bo Wang,1,Exact DOI-level match
A5100408209,A5100408209,Bo Wang,1,Exact DOI-level match
A5100408222,A5100408222,Bo Wang,1,Exact DOI-level match
A5100408943,A5100408943,Ping Li,1,Exact DOI-level match
A5100408949,A5100408949,Ping Li,1,Exact DOI-level match
A5100409199,A5100409199,Gang Li,1,Exact DOI-level match
A5100409203,A5100409203,Gang Li,1,Exact DOI-level match
A5100409238,A5100409238,Wei Zhao,1,Exact DOI-level match
A5100409246,A5100409246,Wei Zhao,1,Exact DOI-level match
A5100409248,A5100409248,Wei Zhao,1,Exact DOI-level match
A5100409861,A5100409861,Jian Zhang,1,Exact DOI-level match
A5100409879,A5100409879,Jian Zhang,1,Exact DOI-level match
A5100409892,A5100409892,Jian Zhang,1,Exact DOI-level match
A5100409899,A5100409899,Jian Zhang,1,Exact DOI-level match
A5100409939,A5100409939,Jian Zhang,1,Exact DOI-level match
A5100409969,A5100409969,Jian Zhang,1,Exact DOI-level match
A5100409975,A5100409975,Jian Zhang,1,Exact DOI-level match
A5100409987,A5100409987,Jian Zhang,1,Exact DOI-level match
A5100410040,A5100410040,Jian Zhang,1,Exact DOI-level match
A5100410059,A5100410059,Jian Zhang,1,Exact DOI-level match
A5100410082,A5100410082,Jian Zhang,1,Exact DOI-level match
A5100410090,A5100410090,Jian Zhang,1,Exact DOI-level match
A5100410099,A5100410099,Jian Zhang,1,Exact DOI-level match
A5100410107,A5100410107,Jian Zhang,1,Exact DOI-level match
A5100410108,A5100410108,Jian Zhang,1,Exact DOI-level match
A5100410263,A5100410263,Hong Li,1,Exact DOI-level match
A5100410576,A5100410576,Yang Liu,1,Exact DOI-level match
A5100410602,A5100410602,Yu Zhang,1,Exact DOI-level match
A5100411784,A5100411784,Dan Wang,1,Exact DOI-level match
A5100411792,A5100411792,Dan Wang,1,Exact DOI-level match
A5100411794,A5100411794,Dan Wang,1,Exact DOI-level match
A5100411797,A5100411797,Dan Wang,1,Exact DOI-level match
A5100411812,A5100411812,Dan Wang,1,Exact DOI-level match
A5100411814,A5100411814,Dan Wang,1,Exact DOI-level match
A5100411815,A5100411815,Dan Wang,1,Exact DOI-level match
A5100411817,A5100411817,Dan Wang,1,Exact DOI-level match
A5100411823,A5100411823,Dan Wang,1,Exact DOI-level match
A5100411831,A5100411831,Dan Wang,1,Exact DOI-level match
A5100411833,A5100411833,Dan Wang,1,Exact DOI-level match
A5100411839,A5100411839,Dan Wang,1,Exact DOI-level match
A5100411848,A5100411848,Dan Wang,1,Exact DOI-level match
A5100411850,A5100411850,Dan Wang,1,Exact DOI-level match
A5100411859,A5100411859,Dan Wang,1,Exact DOI-level match
A5100411862,A5100411862,Dan Wang,1,Exact DOI-level match
A5100411866,A5100411866,Dan Wang,1,Exact DOI-level match
A5100411886,A5100411886,Dan Wang,1,Exact DOI-level match
A5100411888,A5100411888,Dan Wang,1,Exact DOI-level match
A5100411904,A5100411904,Dan Wang,1,Exact DOI-level match
A5100413042,A5100413042,Ping Wang,1,Exact DOI-level match
A5100413406,A5100413406,Jing Liu,1,Exact DOI-level match
A5100414003,A5100414003,Ying Li,1,Exact DOI-level match
A5100414021,A5100414021,Ying Liu,1,Exact DOI-level match
A5100414025,A5100414025,Ying Li,1,Exact DOI-level match
A5100414034,A5100414034,Ying Li,1,Exact DOI-level match
A5100414044,A5100414044,Ying Liu,1,Exact DOI-level match
A5100414049,A5100414049,Ying Li,1,Exact DOI-level match
A5100414057,A5100414057,Ying Liu,1,Exact DOI-level match
A5100414090,A5100414090,Ying Liu,1,Exact DOI-level match
A5100414092,A5100414092,Ying Liu,1,Exact DOI-level match
A5100414097,A5100414097,Ying Liu,1,Exact DOI-level match
A5100414133,A5100414133,Ying Li,1,Exact DOI-level match
A5100414136,A5100414136,Ying Li,1,Exact DOI-level match
A5100414148,A5100414148,Ying Li,1,Exact DOI-level match
A5100414156,A5100414156,Ying Li,1,Exact DOI-level match
A5100414175,A5100414175,Ying Li,1,Exact DOI-level match
A5100414179,A5100414179,Ying Li,1,Exact DOI-level match
A5100414192,A5100414192,Ying Li,1,Exact DOI-level match
A5100414193,A5100414193,Ying Liu,1,Exact DOI-level match
A5100414208,A5100414208,Ying Li,1,Exact DOI-level match
A5100414212,A5100414212,Ying Liu,1,Exact DOI-level match
A5100414223,A5100414223,Ying Liu,1,Exact DOI-level match
A5100414228,A5100414228,Ying Li,1,Exact DOI-level match
A5100414249,A5100414249,Ying Liu,1,Exact DOI-level match
A5100414283,A5100414283,Ying Liu,1,Exact DOI-level match
A5100414285,A5100414285,Ying Liu,1,Exact DOI-level match
A5100414291,A5100414291,Ying Liu,1,Exact DOI-level match
A5100414293,A5100414293,Ying Liu,1,Exact DOI-level match
A5100414299,A5100414299,Ying Li,1,Exact DOI-level match
A5100414308,A5100414308,Ying Li,1,Exact DOI-level match
A5100414317,A5100414317,Ying Liu,1,Exact DOI-level match
A5100414320,A5100414320,Ying Li,1,Exact DOI-level match
A5100414321,A5100414321,Ying Li,1,Exact DOI-level match
A5100414323,A5100414323,Ying Li,1,Exact DOI-level match
A5100414341,A5100414341,Ying Liu,1,Exact DOI-level match
A5100414379,A5100414379,Ying Liu,1,Exact DOI-level match
A5100414387,A5100414387,Ying Liu,1,Exact DOI-level match
A5100414390,A5100414390,Ying Li,1,Exact DOI-level match
A5100414403,A5100414403,Ying Liu,1,Exact DOI-level match
A5100414405,A5100414405,Ying Liu,1,Exact DOI-level match
A5100414426,A5100414426,Ying Li,1,Exact DOI-level match
A5100414452,A5100414452,Ying Liu,1,Exact DOI-level match
A5100414459,A5100414459,Ying Liu,1,Exact DOI-level match
A5100414460,A5100414460,Ying Li,1,Exact DOI-level match
A5100414463,A5100414463,Ying Li,1,Exact DOI-level match
A5100414464,A5100414464,Ying Li,1,Exact DOI-level match
A5100414467,A5100414467,Ying Li,1,Exact DOI-level match
A5100414473,A5100414473,Ying Liu,1,Exact DOI-level match
A5100414483,A5100414483,Ying Li,1,Exact DOI-level match
A5100414484,A5100414484,Ying Li,1,Exact DOI-level match
A5100414485,A5100414485,Ying Li,1,Exact DOI-level match
A5100414488,A5100414488,Ying Liu,1,Exact DOI-level match
A5100414490,A5100414490,Ying Liu,1,Exact DOI-level match
A5100415140,A5100415140,Wei Zhang,1,Exact DOI-level match
A5100417894,A5100417894,Dan Wang,1,Exact DOI-level match
A5100418062,A5100418062,Ling Wang,1,Exact DOI-level match
A5100418063,A5100418063,Ling Wang,1,Exact DOI-level match
A5100418066,A5100418066,Wang Ling,1,Exact DOI-level match
A5100418072,A5100418072,Ling Wang,1,Exact DOI-level match
A5100418073,A5100418073,Ling Wang,1,Exact DOI-level match
A5100418722,A5100418722,Li Liu,1,Exact DOI-level match
A5100418746,A5100418746,Li Liu,1,Exact DOI-level match
A5100418747,A5100418747,Li Liu,1,Exact DOI-level match
A5100418765,A5100418765,Li Liu,1,Exact DOI-level match
A5100418768,A5100418768,Li Liu,1,Exact DOI-level match
A5100418770,A5100418770,Li Liu,1,Exact DOI-level match
A5100418783,A5100418783,Li Liu,1,Exact DOI-level match
A5100418789,A5100418789,Li Liu,1,Exact DOI-level match
A5100418815,A5100418815,Li Liu,1,Exact DOI-level match
A5100418817,A5100418817,Li Liu,1,Exact DOI-level match
A5100418822,A5100418822,Li Liu,1,Exact DOI-level match
A5100418828,A5100418828,Li Liu,1,Exact DOI-level match
A5100418831,A5100418831,Li Liu,1,Exact DOI-level match
A5100418834,A5100418834,Li Liu,1,Exact DOI-level match
A5100418837,A5100418837,Li Liu,1,Exact DOI-level match
A5100418845,A5100418845,Li Liu,1,Exact DOI-level match
A5100418848,A5100418848,Li Liu,1,Exact DOI-level match
A5100418864,A5100418864,Li Liu,1,Exact DOI-level match
A5100418867,A5100418867,Li Liu,1,Exact DOI-level match
A5100418876,A5100418876,Li Liu,1,Exact DOI-level match
A5100418889,A5100418889,Li Liu,1,Exact DOI-level match
A5100418899,A5100418899,Li Liu,1,Exact DOI-level match
A5100418902,A5100418902,Li Liu,1,Exact DOI-level match
A5100418903,A5100418903,Li Liu,1,Exact DOI-level match
A5100418911,A5100418911,Li Liu,1,Exact DOI-level match
A5100418914,A5100418914,Li Liu,1,Exact DOI-level match
A5100418937,A5100418937,Li Liu,1,Exact DOI-level match
A5100418953,A5100418953,Zhang Li,1,Exact DOI-level match
A5100419713,A5100419713,Yong Zhang,1,Exact DOI-level match
A5100419729,A5100419729,Yong Zhang,1,Exact DOI-level match
A5100419731,A5100419731,Yong Zhang,1,Exact DOI-level match
A5100419755,A5100419755,Yong Zhang,1,Exact DOI-level match
A5100419763,A5100419763,Yong Zhang,1,Exact DOI-level match
A5100419785,A5100419785,Yong Zhang,1,Exact DOI-level match
A5100419798,A5100419798,Yong Zhang,1,Exact DOI-level match
A5100419818,A5100419818,Yong Zhang,1,Exact DOI-level match
A5100419828,A5100419828,Yong Zhang,1,Exact DOI-level match
A5100419847,A5100419847,Yong Zhang,1,Exact DOI-level match
A5100419855,A5100419855,Yong Zhang,1,Exact DOI-level match
A5100419902,A5100419902,Yong Zhang,1,Exact DOI-level match
A5100420940,A5100420940,Jun Li,1,Exact DOI-level match
A5100420981,A5100420981,Juan Li,1,Exact DOI-level match
A5100420982,A5100420982,Juan Li,1,Exact DOI-level match
A5100420987,A5100420987,Juan Li,1,Exact DOI-level match
A5100421009,A5100421009,Juan Li,1,Exact DOI-level match
A5100421013,A5100421013,Juan Li,1,Exact DOI-level match
A5100421017,A5100421017,Juan Li,1,Exact DOI-level match
A5100421024,A5100421024,Juan Li,1,Exact DOI-level match
A5100421027,A5100421027,Juan Li,1,Exact DOI-level match
A5100421045,A5100421045,Juan Li,1,Exact DOI-level match
A5100421057,A5100421057,Juan Li,1,Exact DOI-level match
A5100421060,A5100421060,Juan Li,1,Exact DOI-level match
A5100421078,A5100421078,Juan Li,1,Exact DOI-level match
A5100421080,A5100421080,Juan Li,1,Exact DOI-level match
A5100421250,A5100421250,Yang Li,1,Exact DOI-level match
A5100421258,A5100421258,Yang Li,1,Exact DOI-level match
A5100421277,A5100421277,Yang Li,1,Exact DOI-level match
A5100421314,A5100421314,Yang Li,1,Exact DOI-level match
A5100421320,A5100421320,Yang Li,1,Exact DOI-level match
A5100421326,A5100421326,Yang Li,1,Exact DOI-level match
A5100421336,A5100421336,Yang Li,1,Exact DOI-level match
A5100421383,A5100421383,Yang Li,1,Exact DOI-level match
A5100421472,A5100421472,Yang Li,1,Exact DOI-level match
A5100421479,A5100421479,Yang Li,1,Exact DOI-level match
A5100421485,A5100421485,Yang Li,1,Exact DOI-level match
A5100421521,A5100421521,Yang Li,1,Exact DOI-level match
A5100421591,A5100421591,Yang Li,1,Exact DOI-level match
A5100421604,A5100421604,Yang Li,1,Exact DOI-level match
A5100421612,A5100421612,Yang Li,1,Exact DOI-level match
A5100421619,A5100421619,Yang Li,1,Exact DOI-level match
A5100421627,A5100421627,Yang Li,1,Exact DOI-level match
A5100421656,A5100421656,Yang Li,1,Exact DOI-level match
A5100421668,A5100421668,Yang Li,1,Exact DOI-level match
A5100421672,A5100421672,Yang Li,1,Exact DOI-level match
A5100421729,A5100421729,Yang Li,1,Exact DOI-level match
A5100421742,A5100421742,Yang Li,1,Exact DOI-level match
A5100421770,A5100421770,Yang Li,1,Exact DOI-level match
A5100421779,A5100421779,Yang Li,1,Exact DOI-level match
A5100421802,A5100421802,Yang Li,1,Exact DOI-level match
A5100421808,A5100421808,Yang Li,1,Exact DOI-level match
A5100421809,A5100421809,Yang Li,1,Exact DOI-level match
A5100421839,A5100421839,Yang Li,1,Exact DOI-level match
A5100421941,A5100421941,Rui Zhang,1,Exact DOI-level match
A5100421943,A5100421943,Rui Zhang,1,Exact DOI-level match
A5100421967,A5100421967,Rui Zhang,1,Exact DOI-level match
A5100421978,A5100421978,Rui Zhang,1,Exact DOI-level match
A5100422027,A5100422027,Rui Zhang,1,Exact DOI-level match
A5100422057,A5100422057,Rui Zhang,1,Exact DOI-level match
A5100422067,A5100422067,Rui Zhang,1,Exact DOI-level match
A5100422095,A5100422095,Rui Zhang,1,Exact DOI-level match
A5100422099,A5100422099,Rui Zhang,1,Exact DOI-level match
A5100422101,A5100422101,Rui Zhang,1,Exact DOI-level match
A5100422102,A5100422102,Rui Zhang,1,Exact DOI-level match
A5100422113,A5100422113,Rui Zhang,1,Exact DOI-level match
A5100422157,A5100422157,Rui Zhang,1,Exact DOI-level match
A5100422164,A5100422164,Rui Zhang,1,Exact DOI-level match
A5100422178,A5100422178,Rui Zhang,1,Exact DOI-level match
A5100422186,A5100422186,Rui Zhang,1,Exact DOI-level match
A5100422187,A5100422187,Rui Zhang,1,Exact DOI-level match
A5100422203,A5100422203,Rui Zhang,1,Exact DOI-level match
A5100422247,A5100422247,Feng Wang,1,Exact DOI-level match
A5100422786,A5100422786,Qian Wang,1,Exact DOI-level match
A5100423359,A5100423359,Yang Wang,1,Exact DOI-level match
A5100423803,A5100423803,Hui Li,1,Exact DOI-level match
A5100423818,A5100423818,Hui Li,1,Exact DOI-level match
A5100423834,A5100423834,Hui Li,1,Exact DOI-level match
A5100423847,A5100423847,Hui Li,1,Exact DOI-level match
A5100423851,A5100423851,Hui Li,1,Exact DOI-level match
A5100423886,A5100423886,Hui Li,1,Exact DOI-level match
A5100423889,A5100423889,Hui Li,1,Exact DOI-level match
A5100423891,A5100423891,Hui Li,1,Exact DOI-level match
A5100423905,A5100423905,Hui Li,1,Exact DOI-level match
A5100423922,A5100423922,Hui Li,1,Exact DOI-level match
A5100423951,A5100423951,Hui Li,1,Exact DOI-level match
A5100423958,A5100423958,Hui Li,1,Exact DOI-level match
A5100423962,A5100423962,Hui Li,1,Exact DOI-level match
A5100423970,A5100423970,Hui Li,1,Exact DOI-level match
A5100423976,A5100423976,Hui Li,1,Exact DOI-level match
A5100423990,A5100423990,Hui Li,1,Exact DOI-level match
A5100423995,A5100423995,Hui Li,1,Exact DOI-level match
A5100424342,A5100424342,Yong Wang,1,Exact DOI-level match
A5100424345,A5100424345,Yong Wang,1,Exact DOI-level match
A5100424356,A5100424356,Yong Wang,1,Exact DOI-level match
A5100424372,A5100424372,Yong Wang,1,Exact DOI-level match
A5100424406,A5100424406,Yong Wang,1,Exact DOI-level match
A5100424416,A5100424416,Yong Wang,1,Exact DOI-level match
A5100424421,A5100424421,Yong Wang,1,Exact DOI-level match
A5100424423,A5100424423,Wang Yong,1,Exact DOI-level match
A5100424435,A5100424435,Yong Wang,1,Exact DOI-level match
A5100424451,A5100424451,Yong Wang,1,Exact DOI-level match
A5100424459,A5100424459,Yong Wang,1,Exact DOI-level match
A5100424487,A5100424487,Yong Wang,1,Exact DOI-level match
A5100424505,A5100424505,Yong Wang,1,Exact DOI-level match
A5100424507,A5100424507,Yong Wang,1,Exact DOI-level match
A5100424516,A5100424516,Yong Wang,1,Exact DOI-level match
A5100424528,A5100424528,Yong Wang,1,Exact DOI-level match
A5100424546,A5100424546,Yong Wang,1,Exact DOI-level match
A5100424547,A5100424547,Yong Wang,1,Exact DOI-level match
A5100424549,A5100424549,Yong Wang,1,Exact DOI-level match
A5100424560,A5100424560,Yong Wang,1,Exact DOI-level match
A5100425402,A5100425402,Li Zhang,1,Exact DOI-level match
A5100425408,A5100425408,Li Zhang,1,Exact DOI-level match
A5100425431,A5100425431,Li Zhang,1,Exact DOI-level match
A5100425444,A5100425444,Li Zhang,1,Exact DOI-level match
A5100425448,A5100425448,Li Zhang,1,Exact DOI-level match
A5100425454,A5100425454,Li Zhang,1,Exact DOI-level match
A5100425469,A5100425469,Li Zhang,1,Exact DOI-level match
A5100425484,A5100425484,Li Zhang,1,Exact DOI-level match
A5100425493,A5100425493,Li Zhang,1,Exact DOI-level match
A5100425496,A5100425496,Li Zhang,1,Exact DOI-level match
A5100425505,A5100425505,Li Zhang,1,Exact DOI-level match
A5100425518,A5100425518,Li Zhang,1,Exact DOI-level match
A5100425519,A5100425519,Li Zhang,1,Exact DOI-level match
A5100425523,A5100425523,Li Zhang,1,Exact DOI-level match
A5100425537,A5100425537,Li Zhang,1,Exact DOI-level match
A5100425543,A5100425543,Li Zhang,1,Exact DOI-level match
A5100425546,A5100425546,Li Zhang,1,Exact DOI-level match
A5100425549,A5100425549,Li Zhang,1,Exact DOI-level match
A5100425554,A5100425554,Li Zhang,1,Exact DOI-level match
A5100425564,A5100425564,Li Zhang,1,Exact DOI-level match
A5100425574,A5100425574,Li Zhang,1,Exact DOI-level match
A5100425579,A5100425579,Li Zhang,1,Exact DOI-level match
A5100425585,A5100425585,Li Zhang,1,Exact DOI-level match
A5100425588,A5100425588,Li Zhang,1,Exact DOI-level match
A5100425590,A5100425590,Li Zhang,1,Exact DOI-level match
A5100425605,A5100425605,Li Zhang,1,Exact DOI-level match
A5100425644,A5100425644,Li Zhang,1,Exact DOI-level match
A5100425671,A5100425671,Li Zhang,1,Exact DOI-level match
A5100425672,A5100425672,Li Zhang,1,Exact DOI-level match
A5100425675,A5100425675,Li Zhang,1,Exact DOI-level match
A5100425690,A5100425690,Lı Zhang,1,Exact DOI-level match
A5100425695,A5100425695,Li Zhang,1,Exact DOI-level match
A5100425706,A5100425706,Li Zhang,1,Exact DOI-level match
A5100425709,A5100425709,Li Zhang,1,Exact DOI-level match
A5100425714,A5100425714,Li Zhang,1,Exact DOI-level match
A5100425717,A5100425717,Li Zhang,1,Exact DOI-level match
A5100425733,A5100425733,Li Zhang,1,Exact DOI-level match
A5100425738,A5100425738,Li Zhang,1,Exact DOI-level match
A5100425743,A5100425743,Li Zhang,1,Exact DOI-level match
A5100425745,A5100425745,Li Zhang,1,Exact DOI-level match
A5100425752,A5100425752,Li Zhang,1,Exact DOI-level match
A5100425772,A5100425772,Li Zhang,1,Exact DOI-level match
A5100425776,A5100425776,Li Zhang,1,Exact DOI-level match
A5100427615,A5100427615,Hui Li,1,Exact DOI-level match
A5100427618,A5100427618,Hui Li,1,Exact DOI-level match
A5100428173,A5100428173,Jie Li,1,Exact DOI-level match
A5100428176,A5100428176,Jie Li,1,Exact DOI-level match
A5100428187,A5100428187,Jie Li,1,Exact DOI-level match
A5100428220,A5100428220,Jie Li,1,Exact DOI-level match
A5100428226,A5100428226,Jie Li,1,Exact DOI-level match
A5100428245,A5100428245,Jie Li,1,Exact DOI-level match
A5100428255,A5100428255,Jie Li,1,Exact DOI-level match
A5100428260,A5100428260,Jie Li,1,Exact DOI-level match
A5100428314,A5100428314,Jie Li,1,Exact DOI-level match
A5100428322,A5100428322,Jie Li,1,Exact DOI-level match
A5100428326,A5100428326,Jie Li,1,Exact DOI-level match
A5100428354,A5100428354,Jie Li,1,Exact DOI-level match
A5100428355,A5100428355,Jie Li,1,Exact DOI-level match
A5100428524,A5100428524,Ying Zhang,1,Exact DOI-level match
A5100428821,A5100428821,Jie Chen,1,Exact DOI-level match
A5100429872,A5100429872,Qiang Li,1,Exact DOI-level match
A5100429888,A5100429888,Qiang Li,1,Exact DOI-level match
A5100429898,A5100429898,Qiang Li,1,Exact DOI-level match
A5100429902,A5100429902,Qiang Li,1,Exact DOI-level match
A5100429904,A5100429904,Qiang Li,1,Exact DOI-level match
A5100429907,A5100429907,Qiang Li,1,Exact DOI-level match
A5100429918,A5100429918,Qiang Li,1,Exact DOI-level match
A5100429921,A5100429921,Qiang Li,1,Exact DOI-level match
A5100429934,A5100429934,Qiang Li,1,Exact DOI-level match
A5100429940,A5100429940,Qiang Li,1,Exact DOI-level match
A5100429945,A5100429945,Qiang Li,1,Exact DOI-level match
A5100429967,A5100429967,Qiang Li,1,Exact DOI-level match
A5100429975,A5100429975,Qiang Li,1,Exact DOI-level match
A5100429976,A5100429976,Qiang Li,1,Exact DOI-level match
A5100429992,A5100429992,Qiang Li,1,Exact DOI-level match
A5100430014,A5100430014,Qiang Li,1,Exact DOI-level match
A5100430024,A5100430024,Qiang Li,1,Exact DOI-level match
A5100430036,A5100430036,Qiang Li,1,Exact DOI-level match
A5100430040,A5100430040,Qiang Li,1,Exact DOI-level match
A5100430041,A5100430041,Qiang Li,1,Exact DOI-level match
A5100430070,A5100430070,Qiang Li,1,Exact DOI-level match
A5100430074,A5100430074,Qiang Li,1,Exact DOI-level match
A5100430232,A5100430232,Hong Zhang,1,Exact DOI-level match
A5100430234,A5100430234,Hong Zhang,1,Exact DOI-level match
A5100430241,A5100430241,Hong Zhang,1,Exact DOI-level match
A5100430243,A5100430243,Hong Zhang,1,Exact DOI-level match
A5100430253,A5100430253,Hong Zhang,1,Exact DOI-level match
A5100430256,A5100430256,Hong Zhang,1,Exact DOI-level match
A5100430282,A5100430282,Hong Zhang,1,Exact DOI-level match
A5100430306,A5100430306,Hong Zhang,1,Exact DOI-level match
A5100430317,A5100430317,Hong Zhang,1,Exact DOI-level match
A5100430322,A5100430322,Hong Zhang,1,Exact DOI-level match
A5100430323,A5100430323,Hong Zhang,1,Exact DOI-level match
A5100430333,A5100430333,Hong Zhang,1,Exact DOI-level match
A5100430342,A5100430342,Hong Zhang,1,Exact DOI-level match
A5100430359,A5100430359,Hong Zhang,1,Exact DOI-level match
A5100430364,A5100430364,Hong Zhang,1,Exact DOI-level match
A5100430367,A5100430367,Hong Zhang,1,Exact DOI-level match
A5100430372,A5100430372,Hong Zhang,1,Exact DOI-level match
A5100430719,A5100430719,Ying Liu,1,Exact DOI-level match
A5100431122,A5100431122,Rui Wang,1,Exact DOI-level match
A5100431147,A5100431147,Rui Wang,1,Exact DOI-level match
A5100431152,A5100431152,Rui Wang,1,Exact DOI-level match
A5100431163,A5100431163,Rui Wang,1,Exact DOI-level match
A5100431169,A5100431169,Feng Wang,1,Exact DOI-level match
A5100431194,A5100431194,Rui Wang,1,Exact DOI-level match
A5100431213,A5100431213,Rui Wang,1,Exact DOI-level match
A5100431239,A5100431239,Rui Wang,1,Exact DOI-level match
A5100431252,A5100431252,Feng Wang,1,Exact DOI-level match
A5100431254,A5100431254,Rui Wang,1,Exact DOI-level match
A5100431279,A5100431279,Rui Wang,1,Exact DOI-level match
A5100431330,A5100431330,Feng Wang,1,Exact DOI-level match
A5100431366,A5100431366,Rui Wang,1,Exact DOI-level match
A5100431387,A5100431387,Rui Wang,1,Exact DOI-level match
A5100431391,A5100431391,Feng Wang,1,Exact DOI-level match
A5100431408,A5100431408,Rui Wang,1,Exact DOI-level match
A5100431409,A5100431409,Rui Wang,1,Exact DOI-level match
A5100431428,A5100431428,Rui Wang,1,Exact DOI-level match
A5100431441,A5100431441,Feng Wang,1,Exact DOI-level match
A5100431442,A5100431442,Rui Wang,1,Exact DOI-level match
A5100431623,A5100431623,Wei Liu,1,Exact DOI-level match
A5100431678,A5100431678,Wei Liu,1,Exact DOI-level match
A5100431687,A5100431687,Wei Liu,1,Exact DOI-level match
A5100431688,A5100431688,Wei Liu,1,Exact DOI-level match
A5100431706,A5100431706,Wei Liu,1,Exact DOI-level match
A5100431723,A5100431723,Wei Liu,1,Exact DOI-level match
A5100431730,A5100431730,Wei Liu,1,Exact DOI-level match
A5100431734,A5100431734,Wei Liu,1,Exact DOI-level match
A5100431738,A5100431738,Wei Liu,1,Exact DOI-level match
A5100431774,A5100431774,Wei Liu,1,Exact DOI-level match
A5100431782,A5100431782,Wei Liu,1,Exact DOI-level match
A5100431798,A5100431798,Wei Liu,1,Exact DOI-level match
A5100431810,A5100431810,Wei Liu,1,Exact DOI-level match
A5100431816,A5100431816,Wei Liu,1,Exact DOI-level match
A5100431817,A5100431817,Wei Liu,1,Exact DOI-level match
A5100431845,A5100431845,Wei Liu,1,Exact DOI-level match
A5100431848,A5100431848,Wei Liu,1,Exact DOI-level match
A5100431884,A5100431884,Wei Liu,1,Exact DOI-level match
A5100431895,A5100431895,Wei Liu,1,Exact DOI-level match
A5100431918,A5100431918,Wei Liu,1,Exact DOI-level match
A5100431923,A5100431923,Wei Liu,1,Exact DOI-level match
A5100431941,A5100431941,Wei Liu,1,Exact DOI-level match
A5100431943,A5100431943,Wei Liu,1,Exact DOI-level match
A5100431945,A5100431945,Wei Liu,1,Exact DOI-level match
A5100431954,A5100431954,Wei Liu,1,Exact DOI-level match
A5100431965,A5100431965,Wei Liu,1,Exact DOI-level match
A5100431977,A5100431977,Wei Liu,1,Exact DOI-level match
A5100431998,A5100431998,Wei Liu,1,Exact DOI-level match
A5100432002,A5100432002,Wei Liu,1,Exact DOI-level match
A5100432003,A5100432003,Wei Liu,1,Exact DOI-level match
A5100432006,A5100432006,Wei Liu,1,Exact DOI-level match
A5100432026,A5100432026,Wei Liu,1,Exact DOI-level match
A5100432027,A5100432027,Wei Liu,1,Exact DOI-level match
A5100432606,A5100432606,Wei Chen,1,Exact DOI-level match
A5100432613,A5100432613,Peng Li,1,Exact DOI-level match
A5100432619,A5100432619,Peng Li,1,Exact DOI-level match
A5100432627,A5100432627,Peng Li,1,Exact DOI-level match
A5100432665,A5100432665,Peng Li,1,Exact DOI-level match
A5100432667,A5100432667,Peng Li,1,Exact DOI-level match
A5100432672,A5100432672,Peng Li,1,Exact DOI-level match
A5100432714,A5100432714,Peng Li,1,Exact DOI-level match
A5100432719,A5100432719,Peng Li,1,Exact DOI-level match
A5100432721,A5100432721,Peng Li,1,Exact DOI-level match
A5100432734,A5100432734,Peng Li,1,Exact DOI-level match
A5100432747,A5100432747,Peng Li,1,Exact DOI-level match
A5100432748,A5100432748,Peng Li,1,Exact DOI-level match
A5100432770,A5100432770,Peng Li,1,Exact DOI-level match
A5100432772,A5100432772,Peng Li,1,Exact DOI-level match
A5100432784,A5100432784,Peng Li,1,Exact DOI-level match
A5100432789,A5100432789,Peng Li,1,Exact DOI-level match
A5100432795,A5100432795,Peng Li,1,Exact DOI-level match
A5100433054,A5100433054,Jun Zhang,1,Exact DOI-level match
A5100433063,A5100433063,Jun Zhang,1,Exact DOI-level match
A5100433067,A5100433067,Jun Zhang,1,Exact DOI-level match
A5100433068,A5100433068,Jun Zhang,1,Exact DOI-level match
A5100433106,A5100433106,Jun Zhang,1,Exact DOI-level match
A5100433112,A5100433112,Jun Zhang,1,Exact DOI-level match
A5100433120,A5100433120,Jun Zhang,1,Exact DOI-level match
A5100433127,A5100433127,Jun Zhang,1,Exact DOI-level match
A5100433138,A5100433138,Jun Zhang,1,Exact DOI-level match
A5100433142,A5100433142,Jun Zhang,1,Exact DOI-level match
A5100433153,A5100433153,Jun Zhang,1,Exact DOI-level match
A5100433174,A5100433174,Jun Zhang,1,Exact DOI-level match
A5100433187,A5100433187,Jun Zhang,1,Exact DOI-level match
A5100433188,A5100433188,Jun Zhang,1,Exact DOI-level match
A5100433198,A5100433198,Jun Zhang,1,Exact DOI-level match
A5100433230,A5100433230,Jun Zhang,1,Exact DOI-level match
A5100433245,A5100433245,Zhang Jun,1,Exact DOI-level match
A5100433246,A5100433246,Jun Zhang,1,Exact DOI-level match
A5100433248,A5100433248,Jun Zhang,1,Exact DOI-level match
A5100433259,A5100433259,Jun Zhang,1,Exact DOI-level match
A5100433266,A5100433266,Jun Zhang,1,Exact DOI-level match
A5100433276,A5100433276,Jun Zhang,1,Exact DOI-level match
A5100433289,A5100433289,Jun Zhang,1,Exact DOI-level match
A5100433301,A5100433301,Jun Zhang,1,Exact DOI-level match
A5100433374,A5100433374,Yu Zhang,1,Exact DOI-level match
A5100433385,A5100433385,Yu Zhang,1,Exact DOI-level match
A5100433388,A5100433388,Yu Zhang,1,Exact DOI-level match
A5100433396,A5100433396,Yu Zhang,1,Exact DOI-level match
A5100433400,A5100433400,Yu Zhang,1,Exact DOI-level match
A5100433406,A5100433406,Yu Zhang,1,Exact DOI-level match
A5100433408,A5100433408,Yu Zhang,1,Exact DOI-level match
A5100433410,A5100433410,Yu Zhang,1,Exact DOI-level match
A5100433411,A5100433411,Yu Zhang,1,Exact DOI-level match
A5100433414,A5100433414,Yu Zhang,1,Exact DOI-level match
A5100433418,A5100433418,Yu Zhang,1,Exact DOI-level match
A5100433424,A5100433424,Yu Zhang,1,Exact DOI-level match
A5100433435,A5100433435,Yu Zhang,1,Exact DOI-level match
A5100433452,A5100433452,Yu Zhang,1,Exact DOI-level match
A5100433470,A5100433470,Yu Zhang,1,Exact DOI-level match
A5100433479,A5100433479,Yu Zhang,1,Exact DOI-level match
A5100433516,A5100433516,Yu Zhang,1,Exact DOI-level match
A5100433532,A5100433532,Yu Zhang,1,Exact DOI-level match
A5100433539,A5100433539,Yu Zhang,1,Exact DOI-level match
A5100433546,A5100433546,Yu Zhang,1,Exact DOI-level match
A5100433561,A5100433561,Yu Zhang,1,Exact DOI-level match
A5100433564,A5100433564,Yu Zhang,1,Exact DOI-level match
A5100433581,A5100433581,Yu Zhang,1,Exact DOI-level match
A5100433592,A5100433592,Yu Zhang,1,Exact DOI-level match
A5100433614,A5100433614,Yu Zhang,1,Exact DOI-level match
A5100433617,A5100433617,Yu Zhang,1,Exact DOI-level match
A5100433638,A5100433638,Yu Zhang,1,Exact DOI-level match
A5100433658,A5100433658,Yu Zhang,1,Exact DOI-level match
A5100433668,A5100433668,Yu Zhang,1,Exact DOI-level match
A5100433684,A5100433684,Yu Zhang,1,Exact DOI-level match
A5100433685,A5100433685,Yu Zhang,1,Exact DOI-level match
A5100433687,A5100433687,Yu Zhang,1,Exact DOI-level match
A5100433692,A5100433692,Yu Zhang,1,Exact DOI-level match
A5100433702,A5100433702,Yu Zhang,1,Exact DOI-level match
A5100433712,A5100433712,Yu Zhang,1,Exact DOI-level match
A5100433719,A5100433719,Yu Zhang,1,Exact DOI-level match
A5100433731,A5100433731,Yu Zhang,1,Exact DOI-level match
A5100433732,A5100433732,Yu Zhang,1,Exact DOI-level match
A5100433737,A5100433737,Yu Zhang,1,Exact DOI-level match
A5100433740,A5100433740,Yu Zhang,1,Exact DOI-level match
A5100433763,A5100433763,Yu Zhang,1,Exact DOI-level match
A5100433793,A5100433793,Lei Zhang,1,Exact DOI-level match
A5100433814,A5100433814,Lei Zhang,1,Exact DOI-level match
A5100433831,A5100433831,Lei Zhang,1,Exact DOI-level match
A5100433842,A5100433842,Lei Zhang,1,Exact DOI-level match
A5100433858,A5100433858,Lei Zhang,1,Exact DOI-level match
A5100433880,A5100433880,Lei Zhang,1,Exact DOI-level match
A5100433894,A5100433894,Lei Zhang,1,Exact DOI-level match
A5100433899,A5100433899,Lei Zhang,1,Exact DOI-level match
A5100433917,A5100433917,Lei Zhang,1,Exact DOI-level match
A5100433946,A5100433946,Lei Zhang,1,Exact DOI-level match
A5100433953,A5100433953,Lei Zhang,1,Exact DOI-level match
A5100433983,A5100433983,Lei Zhang,1,Exact DOI-level match
A5100433985,A5100433985,Lei Zhang,1,Exact DOI-level match
A5100433988,A5100433988,Lei Zhang,1,Exact DOI-level match
A5100433989,A5100433989,Lei Zhang,1,Exact DOI-level match
A5100433999,A5100433999,Lei Zhang,1,Exact DOI-level match
A5100434028,A5100434028,Lei Zhang,1,Exact DOI-level match
A5100434031,A5100434031,Lei Zhang,1,Exact DOI-level match
A5100434056,A5100434056,Lei Zhang,1,Exact DOI-level match
A5100434072,A5100434072,Lei Zhang,1,Exact DOI-level match
A5100434336,A5100434336,Liu Li,1,Exact DOI-level match
A5100434525,A5100434525,Wei Zhao,1,Exact DOI-level match
A5100434730,A5100434730,Jun Li,1,Exact DOI-level match
A5100435466,A5100435466,Ping Li,1,Exact DOI-level match
A5100435468,A5100435468,Ping Li,1,Exact DOI-level match
A5100435469,A5100435469,Ping Li,1,Exact DOI-level match
A5100435475,A5100435475,Ping Li,1,Exact DOI-level match
A5100435491,A5100435491,Ping Li,1,Exact DOI-level match
A5100435494,A5100435494,Ping Li,1,Exact DOI-level match
A5100435501,A5100435501,Ping Li,1,Exact DOI-level match
A5100435503,A5100435503,Ping Li,1,Exact DOI-level match
A5100435517,A5100435517,Ping Li,1,Exact DOI-level match
A5100435518,A5100435518,Ping Li,1,Exact DOI-level match
A5100435520,A5100435520,Ping Li,1,Exact DOI-level match
A5100435530,A5100435530,Ping Li,1,Exact DOI-level match
A5100435536,A5100435536,Ping Li,1,Exact DOI-level match
A5100435550,A5100435550,Ping Li,1,Exact DOI-level match
A5100435558,A5100435558,Ping Li,1,Exact DOI-level match
A5100435573,A5100435573,Ping Li,1,Exact DOI-level match
A5100435575,A5100435575,Ping Li,1,Exact DOI-level match
A5100435590,A5100435590,Ping Li,1,Exact DOI-level match
A5100435653,A5100435653,Dan Wang,1,Exact DOI-level match
A5100435715,A5100435715,Lei Wang,1,Exact DOI-level match
A5100435716,A5100435716,Lei Wang,1,Exact DOI-level match
A5100435721,A5100435721,Lei Wang,1,Exact DOI-level match
A5100435726,A5100435726,Lei Wang,1,Exact DOI-level match
A5100435728,A5100435728,Lei Wang,1,Exact DOI-level match
A5100435738,A5100435738,Lei Wang,1,Exact DOI-level match
A5100435745,A5100435745,Lei Wang,1,Exact DOI-level match
A5100435752,A5100435752,Wang Lei,1,Exact DOI-level match
A5100435763,A5100435763,Lei Wang,1,Exact DOI-level match
A5100435797,A5100435797,Lei Wang,1,Exact DOI-level match
A5100435801,A5100435801,Lei Wang,1,Exact DOI-level match
A5100435829,A5100435829,Lei Wang,1,Exact DOI-level match
A5100435832,A5100435832,Lei Wang,1,Exact DOI-level match
A5100435848,A5100435848,Lei Wang,1,Exact DOI-level match
A5100435864,A5100435864,Lei Wang,1,Exact DOI-level match
A5100435871,A5100435871,Lei Wang,1,Exact DOI-level match
A5100435890,A5100435890,Lei Wang,1,Exact DOI-level match
A5100435903,A5100435903,Lei Wang,1,Exact DOI-level match
A5100435904,A5100435904,Lei Wang,1,Exact DOI-level match
A5100435914,A5100435914,Lei Wang,1,Exact DOI-level match
A5100435917,A5100435917,Lei Wang,1,Exact DOI-level match
A5100435927,A5100435927,Lei Wang,1,Exact DOI-level match
A5100435955,A5100435955,Lei Wang,1,Exact DOI-level match
A5100435976,A5100435976,Lei Wang,1,Exact DOI-level match
A5100435992,A5100435992,Lei Wang,1,Exact DOI-level match
A5100435994,A5100435994,Lei Wang,1,Exact DOI-level match
A5100436005,A5100436005,Lei Wang,1,Exact DOI-level match
A5100436011,A5100436011,Lei Wang,1,Exact DOI-level match
A5100436028,A5100436028,Lei Wang,1,Exact DOI-level match
A5100436052,A5100436052,Lei Wang,1,Exact DOI-level match
A5100436058,A5100436058,Lei Wang,1,Exact DOI-level match
A5100436059,A5100436059,Lei Wang,1,Exact DOI-level match
A5100436067,A5100436067,Lei Wang,1,Exact DOI-level match
A5100436090,A5100436090,Lei Wang,1,Exact DOI-level match
A5100436098,A5100436098,Lei Wang,1,Exact DOI-level match
A5100436099,A5100436099,Lei Wang,1,Exact DOI-level match
A5100436111,A5100436111,Lei Wang,1,Exact DOI-level match
A5100436130,A5100436130,Lei Wang,1,Exact DOI-level match
A5100436140,A5100436140,Lei Wang,1,Exact DOI-level match
A5100436146,A5100436146,Lei Wang,1,Exact DOI-level match
A5100436155,A5100436155,Lei Wang,1,Exact DOI-level match
A5100436159,A5100436159,Lei Wang,1,Exact DOI-level match
A5100436162,A5100436162,Lei Wang,1,Exact DOI-level match
A5100436164,A5100436164,Lei Wang,1,Exact DOI-level match
A5100436175,A5100436175,Lei Wang,1,Exact DOI-level match
A5100436176,A5100436176,Lei Wang,1,Exact DOI-level match
A5100436455,A5100436455,Yang Zhang,1,Exact DOI-level match
A5100436606,A5100436606,Jie Zhang,1,Exact DOI-level match
A5100436618,A5100436618,Jie Zhang,1,Exact DOI-level match
A5100436620,A5100436620,Jie Zhang,1,Exact DOI-level match
A5100436622,A5100436622,Jie Zhang,1,Exact DOI-level match
A5100436631,A5100436631,Jie Zhang,1,Exact DOI-level match
A5100436638,A5100436638,Jie Zhang,1,Exact DOI-level match
A5100436684,A5100436684,Jie Zhang,1,Exact DOI-level match
A5100436699,A5100436699,Jie Zhang,1,Exact DOI-level match
A5100436703,A5100436703,Jie Zhang,1,Exact DOI-level match
A5100436704,A5100436704,Jie Zhang,1,Exact DOI-level match
A5100436712,A5100436712,Jie Zhang,1,Exact DOI-level match
A5100436719,A5100436719,Jie Zhang,1,Exact DOI-level match
A5100436756,A5100436756,Jie Zhang,1,Exact DOI-level match
A5100436760,A5100436760,Jie Zhang,1,Exact DOI-level match
A5100436762,A5100436762,Jie Zhang,1,Exact DOI-level match
A5100436791,A5100436791,Jie Zhang,1,Exact DOI-level match
A5100436808,A5100436808,Jie Zhang,1,Exact DOI-level match
A5100436831,A5100436831,Jie Zhang,1,Exact DOI-level match
A5100436833,A5100436833,Jie Zhang,1,Exact DOI-level match
A5100436834,A5100436834,Jie Zhang,1,Exact DOI-level match
A5100436846,A5100436846,Jie Zhang,1,Exact DOI-level match
A5100437917,A5100437917,Li Yang,1,Exact DOI-level match
A5100438621,A5100438621,Gang Li,1,Exact DOI-level match
A5100438631,A5100438631,Gang Li,1,Exact DOI-level match
A5100438635,A5100438635,Gang Li,1,Exact DOI-level match
A5100438640,A5100438640,Gang Li,1,Exact DOI-level match
A5100438669,A5100438669,Gang Li,1,Exact DOI-level match
A5100438676,A5100438676,Gang Li,1,Exact DOI-level match
A5100438687,A5100438687,Gang Li,1,Exact DOI-level match
A5100438690,A5100438690,Gang Li,1,Exact DOI-level match
A5100438696,A5100438696,Gang Li,1,Exact DOI-level match
A5100438698,A5100438698,Gang Li,1,Exact DOI-level match
A5100438708,A5100438708,Gang Li,1,Exact DOI-level match
A5100438749,A5100438749,Gang Li,1,Exact DOI-level match
A5100438769,A5100438769,Gang Li,1,Exact DOI-level match
A5100438784,A5100438784,Gang Li,1,Exact DOI-level match
A5100438788,A5100438788,Gang� Li,1,Exact DOI-level match
A5100439149,A5100439149,Yan Li,1,Exact DOI-level match
A5100439965,A5100439965,Jing Li,1,Exact DOI-level match
A5100439986,A5100439986,Jie Wang,1,Exact DOI-level match
A5100439994,A5100439994,Jie Wang,1,Exact DOI-level match
A5100439998,A5100439998,Jie Wang,1,Exact DOI-level match
A5100440013,A5100440013,Jie Wang,1,Exact DOI-level match
A5100440014,A5100440014,Jie Wang,1,Exact DOI-level match
A5100440056,A5100440056,Jie Wang,1,Exact DOI-level match
A5100440069,A5100440069,Jie Wang,1,Exact DOI-level match
A5100440080,A5100440080,Jie Wang,1,Exact DOI-level match
A5100440086,A5100440086,Jie Wang,1,Exact DOI-level match
A5100440113,A5100440113,Jie Wang,1,Exact DOI-level match
A5100440119,A5100440119,Jie Wang,1,Exact DOI-level match
A5100440120,A5100440120,Jie Wang,1,Exact DOI-level match
A5100440139,A5100440139,Jie Wang,1,Exact DOI-level match
A5100440164,A5100440164,Jie Wang,1,Exact DOI-level match
A5100440167,A5100440167,Jie Wang,1,Exact DOI-level match
A5100440179,A5100440179,Jie Wang,1,Exact DOI-level match
A5100440182,A5100440182,Jie Wang,1,Exact DOI-level match
A5100440186,A5100440186,Jie Wang,1,Exact DOI-level match
A5100440252,A5100440252,Lei Li,1,Exact DOI-level match
A5100440256,A5100440256,Lei Li,1,Exact DOI-level match
A5100440257,A5100440257,Lei Li,1,Exact DOI-level match
A5100440258,A5100440258,Lei Li,1,Exact DOI-level match
A5100440268,A5100440268,Lei Li,1,Exact DOI-level match
A5100440274,A5100440274,Lei Li,1,Exact DOI-level match
A5100440283,A5100440283,Lei Li,1,Exact DOI-level match
A5100440288,A5100440288,Lei Li,1,Exact DOI-level match
A5100440299,A5100440299,Lei Li,1,Exact DOI-level match
A5100440302,A5100440302,Lei Li,1,Exact DOI-level match
A5100440304,A5100440304,Lei Li,1,Exact DOI-level match
A5100440311,A5100440311,Lei Li,1,Exact DOI-level match
A5100440315,A5100440315,Lei Li,1,Exact DOI-level match
A5100440316,A5100440316,Lei Li,1,Exact DOI-level match
A5100440326,A5100440326,Lei Li,1,Exact DOI-level match
A5100440340,A5100440340,Lei Li,1,Exact DOI-level match
A5100440352,A5100440352,Lei Li,1,Exact DOI-level match
A5100440367,A5100440367,Lei Li,1,Exact DOI-level match
A5100440407,A5100440407,Lei Li,1,Exact DOI-level match
A5100440418,A5100440418,Lei Li,1,Exact DOI-level match
A5100440423,A5100440423,Lei Li,1,Exact DOI-level match
A5100440426,A5100440426,Lei Li,1,Exact DOI-level match
A5100440800,A5100440800,Tao Li,1,Exact DOI-level match
A5100440812,A5100440812,Tao Li,1,Exact DOI-level match
A5100441462,A5100441462,Wei Zhang,1,Exact DOI-level match
A5100441521,A5100441521,Wei Zhang,1,Exact DOI-level match
A5100441526,A5100441526,Wei Zhang,1,Exact DOI-level match
A5100441545,A5100441545,Wei Zhang,1,Exact DOI-level match
A5100441562,A5100441562,Wei Zhang,1,Exact DOI-level match
A5100441570,A5100441570,Wěi Zhāng,1,Exact DOI-level match
A5100441581,A5100441581,Wei Zhang,1,Exact DOI-level match
A5100441583,A5100441583,Wei Zhang,1,Exact DOI-level match
A5100441631,A5100441631,Wei Zhang,1,Exact DOI-level match
A5100441642,A5100441642,Wei Zhang,1,Exact DOI-level match
A5100441647,A5100441647,Wei Zhang,1,Exact DOI-level match
A5100441649,A5100441649,Wei Zhang,1,Exact DOI-level match
A5100441650,A5100441650,Wei Zhang,1,Exact DOI-level match
A5100441683,A5100441683,Wei Zhang,1,Exact DOI-level match
A5100441686,A5100441686,Wei Zhang,1,Exact DOI-level match
A5100441688,A5100441688,Wei Zhang,1,Exact DOI-level match
A5100441706,A5100441706,Wei Zhang,1,Exact DOI-level match
A5100441726,A5100441726,Wei Zhang,1,Exact DOI-level match
A5100441730,A5100441730,Wei Zhang,1,Exact DOI-level match
A5100441739,A5100441739,Wei Zhang,1,Exact DOI-level match
A5100441748,A5100441748,Wei Zhang,1,Exact DOI-level match
A5100441749,A5100441749,Wei Zhang,1,Exact DOI-level match
A5100441765,A5100441765,Wei Zhang,1,Exact DOI-level match
A5100441775,A5100441775,Wei Zhang,1,Exact DOI-level match
A5100441781,A5100441781,Wei Zhang,1,Exact DOI-level match
A5100441786,A5100441786,Wei Zhang,1,Exact DOI-level match
A5100441816,A5100441816,Wei Zhang,1,Exact DOI-level match
A5100445061,A5100445061,Yu Wang,1,Exact DOI-level match
A5100445094,A5100445094,Yu Wang,1,Exact DOI-level match
A5100445097,A5100445097,Yu Wang,1,Exact DOI-level match
A5100445098,A5100445098,Yu Wang,1,Exact DOI-level match
A5100445121,A5100445121,Yu Wang,1,Exact DOI-level match
A5100445130,A5100445130,Yu Wang,1,Exact DOI-level match
A5100445154,A5100445154,Yu Wang,1,Exact DOI-level match
A5100445155,A5100445155,Yu Wang,1,Exact DOI-level match
A5100445163,A5100445163,Yu Wang,1,Exact DOI-level match
A5100445170,A5100445170,Yu Wang,1,Exact DOI-level match
A5100445193,A5100445193,Yu Wang,1,Exact DOI-level match
A5100445218,A5100445218,Yu Wang,1,Exact DOI-level match
A5100445227,A5100445227,Yu Wang,1,Exact DOI-level match
A5100445230,A5100445230,Yu Wang,1,Exact DOI-level match
A5100445244,A5100445244,Yu Wang,1,Exact DOI-level match
A5100445247,A5100445247,Yu Wang,1,Exact DOI-level match
A5100445255,A5100445255,Yu Wang,1,Exact DOI-level match
A5100445287,A5100445287,Yu Wang,1,Exact DOI-level match
A5100445290,A5100445290,Yu Wang,1,Exact DOI-level match
A5100445300,A5100445300,Yu Wang,1,Exact DOI-level match
A5100445312,A5100445312,Yu Wang,1,Exact DOI-level match
A5100445334,A5100445334,Yu Wang,1,Exact DOI-level match
A5100445337,A5100445337,Yu Wang,1,Exact DOI-level match
A5100445346,A5100445346,Yu Wang,1,Exact DOI-level match
A5100445351,A5100445351,Yu Wang,1,Exact DOI-level match
A5100445386,A5100445386,Yu Wang,1,Exact DOI-level match
A5100445392,A5100445392,Yu Wang,1,Exact DOI-level match
A5100446027,A5100446027,Hao Wang,1,Exact DOI-level match
A5100446035,A5100446035,Hao Wang,1,Exact DOI-level match
A5100446043,A5100446043,Hao Wang,1,Exact DOI-level match
A5100446062,A5100446062,Hao Wang,1,Exact DOI-level match
A5100446064,A5100446064,Hao Wang,1,Exact DOI-level match
A5100446065,A5100446065,Hao Wang,1,Exact DOI-level match
A5100446072,A5100446072,Hao Wang,1,Exact DOI-level match
A5100446081,A5100446081,Hao Wang,1,Exact DOI-level match
A5100446090,A5100446090,Hao Wang,1,Exact DOI-level match
A5100446100,A5100446100,Hao Wang,1,Exact DOI-level match
A5100446107,A5100446107,Hao Wang,1,Exact DOI-level match
A5100446142,A5100446142,Hao Wang,1,Exact DOI-level match
A5100446146,A5100446146,Hao Wang,1,Exact DOI-level match
A5100446167,A5100446167,Hao Wang,1,Exact DOI-level match
A5100446222,A5100446222,Hao Wang,1,Exact DOI-level match
A5100448816,A5100448816,Feng Li,1,Exact DOI-level match
A5100448822,A5100448822,Feng Li,1,Exact DOI-level match
A5100448825,A5100448825,Feng Li,1,Exact DOI-level match
A5100448832,A5100448832,Feng Li,1,Exact DOI-level match
A5100448854,A5100448854,Feng Li,1,Exact DOI-level match
A5100448921,A5100448921,Feng Li,1,Exact DOI-level match
A5100448933,A5100448933,Feng Li,1,Exact DOI-level match
A5100448936,A5100448936,Feng Li,1,Exact DOI-level match
A5100448945,A5100448945,Feng Li,1,Exact DOI-level match
A5100448982,A5100448982,Feng Li,1,Exact DOI-level match
A5100448990,A5100448990,Feng Li,1,Exact DOI-level match
A5100448999,A5100448999,Feng Li,1,Exact DOI-level match
A5100449076,A5100449076,Bin Wang,1,Exact DOI-level match
A5100449591,A5100449591,Jing Yang,1,Exact DOI-level match
A5100449592,A5100449592,Jing Yang,1,Exact DOI-level match
A5100450126,A5100450126,Jun Chen,1,Exact DOI-level match
A5100450146,A5100450146,Jun Chen,1,Exact DOI-level match
A5100450147,A5100450147,Jun Chen,1,Exact DOI-level match
A5100450173,A5100450173,Jun Chen,1,Exact DOI-level match
A5100450174,A5100450174,Jun Chen,1,Exact DOI-level match
A5100450183,A5100450183,Jun Chen,1,Exact DOI-level match
A5100450187,A5100450187,Jun Chen,1,Exact DOI-level match
A5100450196,A5100450196,Jun Chen,1,Exact DOI-level match
A5100450200,A5100450200,Jun Chen,1,Exact DOI-level match
A5100450204,A5100450204,Jun Chen,1,Exact DOI-level match
A5100450207,A5100450207,Jun Chen,1,Exact DOI-level match
A5100450217,A5100450217,Jun Chen,1,Exact DOI-level match
A5100450234,A5100450234,Jun Chen,1,Exact DOI-level match
A5100450240,A5100450240,Jun Chen,1,Exact DOI-level match
A5100450254,A5100450254,Jun Chen,1,Exact DOI-level match
A5100450261,A5100450261,Jun Chen,1,Exact DOI-level match
A5100450273,A5100450273,Jun Chen,1,Exact DOI-level match
A5100450278,A5100450278,Jun Chen,1,Exact DOI-level match
A5100452041,A5100452041,Wei Zhang,1,Exact DOI-level match
A5100452044,A5100452044,Wei Zhang,1,Exact DOI-level match
A5100452376,A5100452376,Jing Wang,1,Exact DOI-level match
A5100453004,A5100453004,Fang Liu,1,Exact DOI-level match
A5100453027,A5100453027,Fang Liu,1,Exact DOI-level match
A5100453043,A5100453043,Fang Liu,1,Exact DOI-level match
A5100453051,A5100453051,Fang Liu,1,Exact DOI-level match
A5100453070,A5100453070,Fang Liu,1,Exact DOI-level match
A5100453075,A5100453075,Fang Liu,1,Exact DOI-level match
A5100453091,A5100453091,Fang Liu,1,Exact DOI-level match
A5100453099,A5100453099,Fang Liu,1,Exact DOI-level match
A5100453114,A5100453114,Fang Liu,1,Exact DOI-level match
A5100453115,A5100453115,Fang Liu,1,Exact DOI-level match
A5100453121,A5100453121,Fang Liu,1,Exact DOI-level match
A5100453122,A5100453122,Fang Liu,1,Exact DOI-level match
A5100453123,A5100453123,Fang Liu,1,Exact DOI-level match
A5100453126,A5100453126,Fang Liu,1,Exact DOI-level match
A5100453381,A5100453381,Tao Wang,1,Exact DOI-level match
A5100453396,A5100453396,Tao Wang,1,Exact DOI-level match
A5100453405,A5100453405,Tao Wang,1,Exact DOI-level match
A5100453415,A5100453415,Tao Wang,1,Exact DOI-level match
A5100453429,A5100453429,Tao Wang,1,Exact DOI-level match
A5100453431,A5100453431,Tao Wang,1,Exact DOI-level match
A5100453450,A5100453450,Tao Wang,1,Exact DOI-level match
A5100453455,A5100453455,Tao Wang,1,Exact DOI-level match
A5100453495,A5100453495,Tao Wang,1,Exact DOI-level match
A5100453502,A5100453502,Tao Wang,1,Exact DOI-level match
A5100453525,A5100453525,Tao Wang,1,Exact DOI-level match
A5100453530,A5100453530,Tao Wang,1,Exact DOI-level match
A5100453570,A5100453570,Tao Wang,1,Exact DOI-level match
A5100453572,A5100453572,Tao Wang,1,Exact DOI-level match
A5100453579,A5100453579,Tao Wang,1,Exact DOI-level match
A5100453584,A5100453584,Tao Wang,1,Exact DOI-level match
A5100453599,A5100453599,Tao Wang,1,Exact DOI-level match
A5100453627,A5100453627,Tao Wang,1,Exact DOI-level match
A5100453630,A5100453630,Tao Wang,1,Exact DOI-level match
A5100453651,A5100453651,Tao Wang,1,Exact DOI-level match
A5100453659,A5100453659,Tao Wang,1,Exact DOI-level match
A5100453670,A5100453670,Tao Wang,1,Exact DOI-level match
A5100453671,A5100453671,Tao Wang,1,Exact DOI-level match
A5100453680,A5100453680,Tao Wang,1,Exact DOI-level match
A5100453682,A5100453682,Tao Wang,1,Exact DOI-level match
A5100453688,A5100453688,Tao Wang,1,Exact DOI-level match
A5100453700,A5100453700,Tao Wang,1,Exact DOI-level match
A5100453716,A5100453716,Tao Wang,1,Exact DOI-level match
A5100453732,A5100453732,Tao Wang,1,Exact DOI-level match
A5100453873,A5100453873,Wei Wang,1,Exact DOI-level match
A5100453999,A5100453999,Jie Li,1,Exact DOI-level match
A5100454002,A5100454002,Jie Liu,1,Exact DOI-level match
A5100454004,A5100454004,Jie Liu,1,Exact DOI-level match
A5100454012,A5100454012,Jie Liu,1,Exact DOI-level match
A5100454028,A5100454028,Jie Liu,1,Exact DOI-level match
A5100454052,A5100454052,Jie Liu,1,Exact DOI-level match
A5100454057,A5100454057,Jie Liu,1,Exact DOI-level match
A5100454062,A5100454062,Jie Liu,1,Exact DOI-level match
A5100454086,A5100454086,Jie Liu,1,Exact DOI-level match
A5100454100,A5100454100,Jie Liu,1,Exact DOI-level match
A5100454108,A5100454108,Jie Liu,1,Exact DOI-level match
A5100454119,A5100454119,Jie Liu,1,Exact DOI-level match
A5100454130,A5100454130,Jie Liu,1,Exact DOI-level match
A5100454135,A5100454135,Jie Liu,1,Exact DOI-level match
A5100454138,A5100454138,Jie Liu,1,Exact DOI-level match
A5100454141,A5100454141,Jie Liu,1,Exact DOI-level match
A5100454161,A5100454161,Jie Liu,1,Exact DOI-level match
A5100454165,A5100454165,Jie Liu,1,Exact DOI-level match
A5100454174,A5100454174,Jie Liu,1,Exact DOI-level match
A5100454179,A5100454179,Jie Liu,1,Exact DOI-level match
A5100454183,A5100454183,Jie Liu,1,Exact DOI-level match
A5100454191,A5100454191,Jie Liu,1,Exact DOI-level match
A5100454193,A5100454193,Jie Liu,1,Exact DOI-level match
A5100454196,A5100454196,Jie Liu,1,Exact DOI-level match
A5100454199,A5100454199,Jie Liu,1,Exact DOI-level match
A5100454206,A5100454206,Jie Liu,1,Exact DOI-level match
A5100454210,A5100454210,Jie Liu,1,Exact DOI-level match
A5100454211,A5100454211,Jie Liu,1,Exact DOI-level match
A5100454227,A5100454227,Jie Liu,1,Exact DOI-level match
A5100454242,A5100454242,Jie Li,1,Exact DOI-level match
A5100454325,A5100454325,Jian Li,1,Exact DOI-level match
A5100454845,A5100454845,Yan Wang,1,Exact DOI-level match
A5100455225,A5100455225,Tao Li,1,Exact DOI-level match
A5100455247,A5100455247,Tao Li,1,Exact DOI-level match
A5100455248,A5100455248,Tao Li,1,Exact DOI-level match
A5100455273,A5100455273,Tao Li,1,Exact DOI-level match
A5100455275,A5100455275,Tao Li,1,Exact DOI-level match
A5100455286,A5100455286,Tao Li,1,Exact DOI-level match
A5100455290,A5100455290,Tao Li,1,Exact DOI-level match
A5100455297,A5100455297,Tao Li,1,Exact DOI-level match
A5100455306,A5100455306,Tao Li,1,Exact DOI-level match
A5100455312,A5100455312,Tao Li,1,Exact DOI-level match
A5100455340,A5100455340,Tao Li,1,Exact DOI-level match
A5100455353,A5100455353,Tao Li,1,Exact DOI-level match
A5100455364,A5100455364,Tao Li,1,Exact DOI-level match
A5100455369,A5100455369,Tao Li,1,Exact DOI-level match
A5100455376,A5100455376,Tao Li,1,Exact DOI-level match
A5100455382,A5100455382,Tao Li,1,Exact DOI-level match
A5100455391,A5100455391,Tao Li,1,Exact DOI-level match
A5100455395,A5100455395,Tao Li,1,Exact DOI-level match
A5100455398,A5100455398,Tao Li,1,Exact DOI-level match
A5100455717,A5100455717,Fei Wang,1,Exact DOI-level match
A5100455718,A5100455718,Fei Wang,1,Exact DOI-level match
A5100455723,A5100455723,Fei Wang,1,Exact DOI-level match
A5100455735,A5100455735,Fei Wang,1,Exact DOI-level match
A5100455737,A5100455737,Fei Wang,1,Exact DOI-level match
A5100455747,A5100455747,Fei Wang,1,Exact DOI-level match
A5100455750,A5100455750,Fei Wang,1,Exact DOI-level match
A5100455758,A5100455758,Fei Wang,1,Exact DOI-level match
A5100455764,A5100455764,Fei Wang,1,Exact DOI-level match
A5100455768,A5100455768,Fei Wang,1,Exact DOI-level match
A5100455769,A5100455769,Fei Wang,1,Exact DOI-level match
A5100455775,A5100455775,Fei Wang,1,Exact DOI-level match
A5100455778,A5100455778,Fei Wang,1,Exact DOI-level match
A5100455807,A5100455807,Fei Wang,1,Exact DOI-level match
A5100455824,A5100455824,Fei Wang,1,Exact DOI-level match
A5100455839,A5100455839,Fei Wang,1,Exact DOI-level match
A5100455845,A5100455845,Fei Wang,1,Exact DOI-level match
A5100455846,A5100455846,Fei Wang,1,Exact DOI-level match
A5100455849,A5100455849,Fei Wang,1,Exact DOI-level match
A5100455852,A5100455852,Fei Wang,1,Exact DOI-level match
A5100455866,A5100455866,Fei Wang,1,Exact DOI-level match
A5100455868,A5100455868,Fei Wang,1,Exact DOI-level match
A5100455874,A5100455874,Fei Wang,1,Exact DOI-level match
A5100455879,A5100455879,Fei Wang,1,Exact DOI-level match
A5100455896,A5100455896,Fei Wang,1,Exact DOI-level match
A5100455903,A5100455903,Fei Wang,1,Exact DOI-level match
A5100455922,A5100455922,Fei Wang,1,Exact DOI-level match
A5100455932,A5100455932,Fei Wang,1,Exact DOI-level match
A5100455958,A5100455958,Fei Wang,1,Exact DOI-level match
A5100455967,A5100455967,Fei Wang,1,Exact DOI-level match
A5100456117,A5100456117,Yan Zhang,1,Exact DOI-level match
A5100456152,A5100456152,Yan Zhang,1,Exact DOI-level match
A5100456165,A5100456165,Yan Zhang,1,Exact DOI-level match
A5100456175,A5100456175,Yan Zhang,1,Exact DOI-level match
A5100456180,A5100456180,Yan Zhang,1,Exact DOI-level match
A5100456193,A5100456193,Yan Zhang,1,Exact DOI-level match
A5100456195,A5100456195,Yan Zhang,1,Exact DOI-level match
A5100456227,A5100456227,Yan Zhang,1,Exact DOI-level match
A5100456245,A5100456245,Yan Zhang,1,Exact DOI-level match
A5100456258,A5100456258,Yan Zhang,1,Exact DOI-level match
A5100456287,A5100456287,Yan Zhang,1,Exact DOI-level match
A5100456297,A5100456297,Yan Zhang,1,Exact DOI-level match
A5100456303,A5100456303,Yan Zhang,1,Exact DOI-level match
A5100456312,A5100456312,Yan Zhang,1,Exact DOI-level match
A5100456327,A5100456327,Yan Zhang,1,Exact DOI-level match
A5100456355,A5100456355,Yan Zhang,1,Exact DOI-level match
A5100456367,A5100456367,Yan Zhang,1,Exact DOI-level match
A5100456370,A5100456370,Yan Zhang,1,Exact DOI-level match
A5100456377,A5100456377,Yan Zhang,1,Exact DOI-level match
A5100456393,A5100456393,Yan Zhang,1,Exact DOI-level match
A5100456437,A5100456437,Yan Zhang,1,Exact DOI-level match
A5100456445,A5100456445,Yan Zhang,1,Exact DOI-level match
A5100456460,A5100456460,Yan Zhang,1,Exact DOI-level match
A5100456472,A5100456472,Liang Wang,1,Exact DOI-level match
A5100456473,A5100456473,Liang Wang,1,Exact DOI-level match
A5100456475,A5100456475,Liang Wang,1,Exact DOI-level match
A5100456492,A5100456492,Liang Wang,1,Exact DOI-level match
A5100456514,A5100456514,Liang Wang,1,Exact DOI-level match
A5100456518,A5100456518,Liang Wang,1,Exact DOI-level match
A5100456534,A5100456534,Liang Wang,1,Exact DOI-level match
A5100456567,A5100456567,Liang Wang,1,Exact DOI-level match
A5100456617,A5100456617,Liang Wang,1,Exact DOI-level match
A5100457627,A5100457627,Wei Wang,1,Exact DOI-level match
A5100457633,A5100457633,Wei Wang,1,Exact DOI-level match
A5100458776,A5100458776,Ying Wang,1,Exact DOI-level match
A5100459980,A5100459980,Jun Yang,1,Exact DOI-level match
A5100459985,A5100459985,Jing Yang,1,Exact DOI-level match
A5100459997,A5100459997,Jing Yang,1,Exact DOI-level match
A5100460140,A5100460140,Bo Zhang,1,Exact DOI-level match
A5100460656,A5100460656,Hui Wang,1,Exact DOI-level match
A5100460666,A5100460666,Hui Wang,1,Exact DOI-level match
A5100460682,A5100460682,Hui Wang,1,Exact DOI-level match
A5100460717,A5100460717,Hui Wang,1,Exact DOI-level match
A5100460747,A5100460747,Hui Wang,1,Exact DOI-level match
A5100460750,A5100460750,Hui Wang,1,Exact DOI-level match
A5100460757,A5100460757,Hui Wang,1,Exact DOI-level match
A5100460770,A5100460770,Hui Wang,1,Exact DOI-level match
A5100460787,A5100460787,Hui Wang,1,Exact DOI-level match
A5100460801,A5100460801,Hui Wang,1,Exact DOI-level match
A5100460802,A5100460802,Hui Wang,1,Exact DOI-level match
A5100460823,A5100460823,Hui Wang,1,Exact DOI-level match
A5100460827,A5100460827,Hui Wang,1,Exact DOI-level match
A5100460840,A5100460840,Hui Wang,1,Exact DOI-level match
A5100460842,A5100460842,Hui Wang,1,Exact DOI-level match
A5100460845,A5100460845,Hui Wang,1,Exact DOI-level match
A5100460871,A5100460871,Hui Wang,1,Exact DOI-level match
A5100460894,A5100460894,Hui Wang,1,Exact DOI-level match
A5100460897,A5100460897,Hui Wang,1,Exact DOI-level match
A5100460913,A5100460913,Hui Wang,1,Exact DOI-level match
A5100460915,A5100460915,Hui Wang,1,Exact DOI-level match
A5100460916,A5100460916,Hui Wang,1,Exact DOI-level match
A5100460917,A5100460917,Hui Wang,1,Exact DOI-level match
A5100460922,A5100460922,Hui Wang,1,Exact DOI-level match
A5100460930,A5100460930,Hui Wang,1,Exact DOI-level match
A5100460935,A5100460935,Hui Wang,1,Exact DOI-level match
A5100460944,A5100460944,Hui Wang,1,Exact DOI-level match
A5100460953,A5100460953,Hui Wang,1,Exact DOI-level match
A5100460960,A5100460960,Hui Wang,1,Exact DOI-level match
A5100460965,A5100460965,Hui Wang,1,Exact DOI-level match
A5100462701,A5100462701,Ying Li,1,Exact DOI-level match
A5100528758,A5100528758,Yang Zhang,1,Exact DOI-level match
A5100528838,A5100528838,Jian Xu,1,Exact DOI-level match
A5100529729,A5100529729,Lin Wang,1,Exact DOI-level match
A5100543776,A5100543776,Hong Zhang,1,Exact DOI-level match
A5100552628,A5100552628,Li Bo,1,Exact DOI-level match
A5100563378,A5100563378,Ming Li,1,Exact DOI-level match
A5100577104,A5100577104,Ying Li,1,Exact DOI-level match
A5100585858,A5100585858,Yan Zhang,1,Exact DOI-level match
A5100591044,A5100591044,Hao Chen,1,Exact DOI-level match
A5100597152,A5100597152,Jian Xu,1,Exact DOI-level match
A5100599411,A5100599411,Yan Li,1,Exact DOI-level match
A5100599720,A5100599720,Yi Wang,1,Exact DOI-level match
A5100599811,A5100599811,Hao Wang,1,Exact DOI-level match
A5100600022,A5100600022,Peng Li,1,Exact DOI-level match
A5100600050,A5100600050,Qi Wang,1,Exact DOI-level match
A5100600156,A5100600156,Feng Li,1,Exact DOI-level match
A5100600233,A5100600233,Wei Li,1,Exact DOI-level match
A5100600473,A5100600473,Gang Wang,1,Exact DOI-level match
A5100600786,A5100600786,Jing Li,1,Exact DOI-level match
A5100600960,A5100600960,Yan Li,1,Exact DOI-level match
A5100601412,A5100601412,Jun Li,1,Exact DOI-level match
A5100601665,A5100601665,Yan Li,1,Exact DOI-level match
A5100601871,A5100601871,Tao Liu,1,Exact DOI-level match
A5100602098,A5100602098,Yi Wang,1,Exact DOI-level match
A5100602299,A5100602299,Jian Li,1,Exact DOI-level match
A5100602753,A5100602753,Lei Zhang,1,Exact DOI-level match
A5100602877,A5100602877,Fang Liu,1,Exact DOI-level match
A5100603359,A5100603359,Hui Wang,1,Exact DOI-level match
A5100603360,A5100603360,Hui Wang,1,Exact DOI-level match
A5100603362,A5100603362,Hui Wang,1,Exact DOI-level match
A5100603379,A5100603379,Jian Xu,1,Exact DOI-level match
A5100604078,A5100604078,Jie Zhang,1,Exact DOI-level match
A5100604280,A5100604280,Wei Li,1,Exact DOI-level match
A5100604499,A5100604499,Hong Zhang,1,Exact DOI-level match
A5100604501,A5100604501,Hong Zhang,1,Exact DOI-level match
A5100604633,A5100604633,Yong Wang,1,Exact DOI-level match
A5100606318,A5100606318,Lei Zhang,1,Exact DOI-level match
A5100606421,A5100606421,Feng Li,1,Exact DOI-level match
A5100606482,A5100606482,Yu Liu,1,Exact DOI-level match
A5100606833,A5100606833,Jian Li,1,Exact DOI-level match
A5100607116,A5100607116,Yong Zhang,1,Exact DOI-level match
A5100607850,A5100607850,Hong Li,1,Exact DOI-level match
A5100608080,A5100608080,Yan Wang,1,Exact DOI-level match
A5100608084,A5100608084,Yan Wang,1,Exact DOI-level match
A5100608271,A5100608271,Min Wang,1,Exact DOI-level match
A5100608566,A5100608566,Wei Liu,1,Exact DOI-level match
A5100608695,A5100608695,Hui Wang,1,Exact DOI-level match
A5100608698,A5100608698,Hui Wang,1,Exact DOI-level match
A5100609014,A5100609014,Wei Zhang,1,Exact DOI-level match
A5100609297,A5100609297,Jun Chen,1,Exact DOI-level match
A5100609768,A5100609768,Xin Li,1,Exact DOI-level match
A5100609965,A5100609965,Fang Liu,1,Exact DOI-level match
A5100609967,A5100609967,Fang Liu,1,Exact DOI-level match
A5100609989,A5100609989,Lei Li,1,Exact DOI-level match
A5100610356,A5100610356,Wei Wang,1,Exact DOI-level match
A5100610570,A5100610570,Lei Wang,1,Exact DOI-level match
A5100611475,A5100611475,Lei Li,1,Exact DOI-level match
A5100611652,A5100611652,Wei Liu,1,Exact DOI-level match
A5100611808,A5100611808,Lei Zhang,1,Exact DOI-level match
A5100611811,A5100611811,Lei Zhang,1,Exact DOI-level match
A5100612403,A5100612403,Xin Li,1,Exact DOI-level match
A5100612612,A5100612612,Jin Zhang,1,Exact DOI-level match
A5100612615,A5100612615,Zhang Jin,1,Exact DOI-level match
A5100612715,A5100612715,Yan Chen,1,Exact DOI-level match
A5100613541,A5100613541,Wei Li,1,Exact DOI-level match
A5100613640,A5100613640,Yang Liu,1,Exact DOI-level match
A5100613817,A5100613817,Yu Zhang,1,Exact DOI-level match
A5100613825,A5100613825,Yang Wang,1,Exact DOI-level match
A5100614363,A5100614363,Ming Li,1,Exact DOI-level match
A5100614547,A5100614547,Wei Zhang,1,Exact DOI-level match
A5100614945,A5100614945,Lei Zhang,1,Exact DOI-level match
A5100615376,A5100615376,Jie Li,1,Exact DOI-level match
A5100615869,A5100615869,Wei Liu,1,Exact DOI-level match
A5100616189,A5100616189,Lei Zhang,1,Exact DOI-level match
A5100617006,A5100617006,Jie Chen,1,Exact DOI-level match
A5100617097,A5100617097,Jing Li,1,Exact DOI-level match
A5100617401,A5100617401,Jun Lü,1,Exact DOI-level match
A5100617466,A5100617466,Wei Wang,1,Exact DOI-level match
A5100617513,A5100617513,Min Li,1,Exact DOI-level match
A5100617737,A5100617737,Zhang Hong,1,Exact DOI-level match
A5100617810,A5100617810,Yan Zhang,1,Exact DOI-level match
A5100618270,A5100618270,Jian Wang,1,Exact DOI-level match
A5100618357,A5100618357,Yü Liu,1,Exact DOI-level match
A5100618684,A5100618684,Min Zhang,1,Exact DOI-level match
A5100618818,A5100618818,Wei Wang,1,Exact DOI-level match
A5100619143,A5100619143,Jing Zhang,1,Exact DOI-level match
A5100619511,A5100619511,Yan Wang,1,Exact DOI-level match
A5100620598,A5100620598,Yi Zhang,1,Exact DOI-level match
A5100620601,A5100620601,Yi Zhang,1,Exact DOI-level match
A5100620788,A5100620788,Wei Zhang,1,Exact DOI-level match
A5100620971,A5100620971,Yang Zhang,1,Exact DOI-level match
A5100621178,A5100621178,Wang Yu,1,Exact DOI-level match
A5100621208,A5100621208,Jing Zhang,1,Exact DOI-level match
A5100621214,A5100621214,Jing Zhang,1,Exact DOI-level match
A5100621216,A5100621216,Jing Zhang,1,Exact DOI-level match
A5100621420,A5100621420,Qian Wang,1,Exact DOI-level match
A5100621763,A5100621763,Jing Chen,1,Exact DOI-level match
A5100621923,A5100621923,Lei Wang,1,Exact DOI-level match
A5100622343,A5100622343,Qian Zhang,1,Exact DOI-level match
A5100622379,A5100622379,Hao Chen,1,Exact DOI-level match
A5100622691,A5100622691,Tao Wang,1,Exact DOI-level match
A5100623113,A5100623113,Lei Zhang,1,Exact DOI-level match
A5100623290,A5100623290,Wei Zhang,1,Exact DOI-level match
A5100623617,A5100623617,Jing Zhang,1,Exact DOI-level match
A5100623618,A5100623618,Jing Zhang,1,Exact DOI-level match
A5100624421,A5100624421,Bo Li,1,Exact DOI-level match
A5100625037,A5100625037,Wei Zhang,1,Exact DOI-level match
A5100625120,A5100625120,Yan Liu,1,Exact DOI-level match
A5100625139,A5100625139,Jun Wang,1,Exact DOI-level match
A5100625717,A5100625717,Yang Liu,1,Exact DOI-level match
A5100626316,A5100626316,Hui Zhang,1,Exact DOI-level match
A5100626318,A5100626318,Hui Zhang,1,Exact DOI-level match
A5100627148,A5100627148,Hui Li,1,Exact DOI-level match
A5100628078,A5100628078,Yang Wang,1,Exact DOI-level match
A5100628179,A5100628179,Jun Yang,1,Exact DOI-level match
A5100628350,A5100628350,Yang Li,1,Exact DOI-level match
A5100628741,A5100628741,Ying Wang,1,Exact DOI-level match
A5100628874,A5100628874,Jie Wang,1,Exact DOI-level match
A5100628877,A5100628877,Jie Wang,1,Exact DOI-level match
A5100628923,A5100628923,Ying Wang,1,Exact DOI-level match
A5100629419,A5100629419,Juan Li,1,Exact DOI-level match
A5100629622,A5100629622,Li Yang,1,Exact DOI-level match
A5100629688,A5100629688,Li Hui,1,Exact DOI-level match
A5100629871,A5100629871,Jing Zhang,1,Exact DOI-level match
A5100630077,A5100630077,Yong Zhang,1,Exact DOI-level match
A5100630417,A5100630417,Yi Wang,1,Exact DOI-level match
A5100630506,A5100630506,Yan Li,1,Exact DOI-level match
A5100630518,A5100630518,Hao Wang,1,Exact DOI-level match
A5100630789,A5100630789,Jing Zhao,1,Exact DOI-level match
A5100630793,A5100630793,Jing Zhao,1,Exact DOI-level match
A5100631094,A5100631094,Ying Liu,1,Exact DOI-level match
A5100631272,A5100631272,Tao Wang,1,Exact DOI-level match
A5100631575,A5100631575,Wang Yong,1,Exact DOI-level match
A5100631609,A5100631609,Min Li,1,Exact DOI-level match
A5100632438,A5100632438,Tao Wang,1,Exact DOI-level match
A5100632441,A5100632441,Tao Wang,1,Exact DOI-level match
A5100632608,A5100632608,Hui Li,1,Exact DOI-level match
A5100632990,A5100632990,Jie Zhang,1,Exact DOI-level match
A5100633358,A5100633358,Tao Zhang,1,Exact DOI-level match
A5100633559,A5100633559,Wang Jing,1,Exact DOI-level match
A5100633560,A5100633560,Wang Jing,1,Exact DOI-level match
A5100633636,A5100633636,Yan Liu,1,Exact DOI-level match
A5100634274,A5100634274,Yan Chen,1,Exact DOI-level match
A5100634513,A5100634513,Hui Li,1,Exact DOI-level match
A5100634516,A5100634516,Hui Li,1,Exact DOI-level match
A5100634568,A5100634568,Tao Wang,1,Exact DOI-level match
A5100635013,A5100635013,Jian Li,1,Exact DOI-level match
A5100635758,A5100635758,Qian Zhang,1,Exact DOI-level match
A5100635867,A5100635867,Jun Li,1,Exact DOI-level match
A5100636014,A5100636014,Lin Wang,1,Exact DOI-level match
A5100636568,A5100636568,Hong Zhang,1,Exact DOI-level match
A5100636685,A5100636685,Gang Li,1,Exact DOI-level match
A5100636688,A5100636688,Gang Li,1,Exact DOI-level match
A5100637184,A5100637184,Wei Zhang,1,Exact DOI-level match
A5100637299,A5100637299,Yong Wang,1,Exact DOI-level match
A5100637532,A5100637532,Jin Wang,1,Exact DOI-level match
A5100637534,A5100637534,Jin Wang,1,Exact DOI-level match
A5100638346,A5100638346,Xin Zhang,1,Exact DOI-level match
A5100638756,A5100638756,Tao Zhang,1,Exact DOI-level match
A5100638913,A5100638913,Jun Wang,1,Exact DOI-level match
A5100639134,A5100639134,Jian Zhang,1,Exact DOI-level match
A5100639535,A5100639535,Jun Zhang,1,Exact DOI-level match
A5100640040,A5100640040,Yu Wang,1,Exact DOI-level match
A5100640312,A5100640312,Yang Wang,1,Exact DOI-level match
A5100640488,A5100640488,Yan Li,1,Exact DOI-level match
A5100640543,A5100640543,Wei Zhang,1,Exact DOI-level match
A5100640575,A5100640575,Yi Wang,1,Exact DOI-level match
A5100641575,A5100641575,Yan Zhang,1,Exact DOI-level match
A5100641714,A5100641714,Wei Liu,1,Exact DOI-level match
A5100641908,A5100641908,Lei Li,1,Exact DOI-level match
A5100642011,A5100642011,Yong Wang,1,Exact DOI-level match
A5100642015,A5100642015,Yong Wang,1,Exact DOI-level match
A5100642363,A5100642363,Zhang Wei,1,Exact DOI-level match
A5100642364,A5100642364,Wei Zhang,1,Exact DOI-level match
A5100642775,A5100642775,Hong Li,1,Exact DOI-level match
A5100642778,A5100642778,Hong Li,1,Exact DOI-level match
A5100643197,A5100643197,Jing Wang,1,Exact DOI-level match
A5100643198,A5100643198,Jing Wang,1,Exact DOI-level match
A5100643679,A5100643679,Yu Wang,1,Exact DOI-level match
A5100644473,A5100644473,Jing Zhao,1,Exact DOI-level match
A5100644577,A5100644577,Wei Zhao,1,Exact DOI-level match
A5100644648,A5100644648,Jun Zhang,1,Exact DOI-level match
A5100645058,A5100645058,Chao Wang,1,Exact DOI-level match
A5100645122,A5100645122,Yan Li,1,Exact DOI-level match
A5100645927,A5100645927,Hao Chen,1,Exact DOI-level match
A5100646609,A5100646609,Jing Li,1,Exact DOI-level match
A5100647065,A5100647065,Lei Liu,1,Exact DOI-level match
A5100647967,A5100647967,Lei Wang,1,Exact DOI-level match
A5100648406,A5100648406,Tao Zhang,1,Exact DOI-level match
A5100648727,A5100648727,Jie Li,1,Exact DOI-level match
A5100649033,A5100649033,Min Li,1,Exact DOI-level match
A5100649046,A5100649046,Bo Zhang,1,Exact DOI-level match
A5100649203,A5100649203,Wei Li,1,Exact DOI-level match
A5100649565,A5100649565,Rui Wang,1,Exact DOI-level match
A5100649898,A5100649898,Peng Li,1,Exact DOI-level match
A5100650047,A5100650047,Jun Chen,1,Exact DOI-level match
A5100650122,A5100650122,Wei Liu,1,Exact DOI-level match
A5100650306,A5100650306,Zhang Jun,1,Exact DOI-level match
A5100650704,A5100650704,Xi Chen,1,Exact DOI-level match
A5100650728,A5100650728,Gang Li,1,Exact DOI-level match
A5100650932,A5100650932,Xin Li,1,Exact DOI-level match
A5100651229,A5100651229,Yu Zhang,1,Exact DOI-level match
A5100651242,A5100651242,Jing Wang,1,Exact DOI-level match
A5100651434,A5100651434,Jian Zhang,1,Exact DOI-level match
A5100652050,A5100652050,Yan Wang,1,Exact DOI-level match
A5100652122,A5100652122,Ying Zhang,1,Exact DOI-level match
A5100652124,A5100652124,Ying Zhang,1,Exact DOI-level match
A5100652493,A5100652493,Wei Wang,1,Exact DOI-level match
A5100653025,A5100653025,Li Yan,1,Exact DOI-level match
A5100653072,A5100653072,Yu Wang,1,Exact DOI-level match
A5100653142,A5100653142,Tao Wang,1,Exact DOI-level match
A5100653154,A5100653154,Hao Wang,1,Exact DOI-level match
A5100653327,A5100653327,Wei Zhang,1,Exact DOI-level match
A5100653917,A5100653917,Feng Li,1,Exact DOI-level match
A5100653920,A5100653920,Feng Li,1,Exact DOI-level match
A5100654694,A5100654694,Wei Wang,1,Exact DOI-level match
A5100654977,A5100654977,Hui Li,1,Exact DOI-level match
A5100655593,A5100655593,Ping Li,1,Exact DOI-level match
A5100656241,A5100656241,Jie Li,1,Exact DOI-level match
A5100656258,A5100656258,Hui Li,1,Exact DOI-level match
A5100656514,A5100656514,Dong‐Mei Wu,1,Exact DOI-level match
A5100656515,A5100656515,Dong‐Mei Wu,1,Exact DOI-level match
A5100656516,A5100656516,Dong‐Mei Wu,1,Exact DOI-level match
A5100656519,A5100656519,Dongmei Wu,1,Exact DOI-level match
A5100656520,A5100656520,Dongmei Wu,1,Exact DOI-level match
A5100656521,A5100656521,Dongmei Wu,1,Exact DOI-level match
A5100656671,A5100656671,Rui Zhang,1,Exact DOI-level match
A5100657020,A5100657020,Yan Wang,1,Exact DOI-level match
A5100657770,A5100657770,Min Li,1,Exact DOI-level match
A5100658032,A5100658032,Lin Zhang,1,Exact DOI-level match
A5100658729,A5100658729,Hui Li,1,Exact DOI-level match
A5100658983,A5100658983,Lei Li,1,Exact DOI-level match
A5100659048,A5100659048,Jing Chen,1,Exact DOI-level match
A5100659187,A5100659187,Lei Zhang,1,Exact DOI-level match
A5100659190,A5100659190,Lei Zhang,1,Exact DOI-level match
A5100659191,A5100659191,Lei Zhang,1,Exact DOI-level match
A5100659269,A5100659269,Yang Zhang,1,Exact DOI-level match
A5100659786,A5100659786,Yang Wang,1,Exact DOI-level match
A5100659787,A5100659787,Yang Wang,1,Exact DOI-level match
A5100659803,A5100659803,Feng Li,1,Exact DOI-level match
A5100659919,A5100659919,Jie Chen,1,Exact DOI-level match
A5100659921,A5100659921,Jie Chen,1,Exact DOI-level match
A5100660575,A5100660575,Jie Liu,1,Exact DOI-level match
A5100660612,A5100660612,Fang Liu,1,Exact DOI-level match
A5100661252,A5100661252,Xin Li,1,Exact DOI-level match
A5100661844,A5100661844,Tao Liu,1,Exact DOI-level match
A5100661902,A5100661902,Yi Zhang,1,Exact DOI-level match
A5100661905,A5100661905,Yi Zhang,1,Exact DOI-level match
A5100662033,A5100662033,Jing Wang,1,Exact DOI-level match
A5100662048,A5100662048,Jing Zhang,1,Exact DOI-level match
A5100662051,A5100662051,Jing Zhang,1,Exact DOI-level match
A5100662539,A5100662539,Yang Wang,1,Exact DOI-level match
A5100662545,A5100662545,Yan Li,1,Exact DOI-level match
A5100662583,A5100662583,Ming Li,1,Exact DOI-level match
A5100662642,A5100662642,Jie Zhang,1,Exact DOI-level match
A5100663071,A5100663071,Wei Zhang,1,Exact DOI-level match
A5100663265,A5100663265,Hui Zhang,1,Exact DOI-level match
A5100663269,A5100663269,Hui Zhang,1,Exact DOI-level match
A5100663398,A5100663398,Wei Liu,1,Exact DOI-level match
A5100663497,A5100663497,Jun Li,1,Exact DOI-level match
A5100663508,A5100663508,Yan Liu,1,Exact DOI-level match
A5100663664,A5100663664,Wei Li,1,Exact DOI-level match
A5100663666,A5100663666,Li Wei,1,Exact DOI-level match
A5100663910,A5100663910,Hui Zhang,1,Exact DOI-level match
A5100664424,A5100664424,Jiantao Li,1,Exact DOI-level match
A5100664579,A5100664579,Ping Zhang,1,Exact DOI-level match
A5100664640,A5100664640,Gang Li,1,Exact DOI-level match
A5100664762,A5100664762,Wei Chen,1,Exact DOI-level match
A5100664884,A5100664884,Lei Zhang,1,Exact DOI-level match
A5100664920,A5100664920,Wei Zhang,1,Exact DOI-level match
A5100664921,A5100664921,Wei Zhang,1,Exact DOI-level match
A5100664990,A5100664990,Wei Wang,1,Exact DOI-level match
A5100665448,A5100665448,Bin Wang,1,Exact DOI-level match
A5100665534,A5100665534,Lei Wang,1,Exact DOI-level match
A5100665918,A5100665918,Yan Li,1,Exact DOI-level match
A5100666580,A5100666580,Juan Li,1,Exact DOI-level match
A5100666583,A5100666583,Juan Li,1,Exact DOI-level match
A5100667354,A5100667354,Tao Liu,1,Exact DOI-level match
A5100667768,A5100667768,Tao Liu,1,Exact DOI-level match
A5100667879,A5100667879,Jin Wang,1,Exact DOI-level match
A5100668329,A5100668329,Yang Li,1,Exact DOI-level match
A5100668542,A5100668542,Yang Wang,1,Exact DOI-level match
A5100669407,A5100669407,Bo Zhang,1,Exact DOI-level match
A5100670187,A5100670187,Xin Zhang,1,Exact DOI-level match
A5100670746,A5100670746,Wei Zhang,1,Exact DOI-level match
A5100671514,A5100671514,Yan Li,1,Exact DOI-level match
A5100671570,A5100671570,Min Zhang,1,Exact DOI-level match
A5100671580,A5100671580,Min Zhang,1,Exact DOI-level match
A5100671581,A5100671581,Min Zhang,1,Exact DOI-level match
A5100671582,A5100671582,Min Zhang,1,Exact DOI-level match
A5100672023,A5100672023,Hui Zhang,1,Exact DOI-level match
A5100672024,A5100672024,Hui Zhang,1,Exact DOI-level match
A5100673270,A5100673270,Yu Liu,1,Exact DOI-level match
A5100673610,A5100673610,Lei Zhang,1,Exact DOI-level match
A5100673613,A5100673613,Lei Zhang,1,Exact DOI-level match
A5100673842,A5100673842,Bin Zhang,1,Exact DOI-level match
A5100674295,A5100674295,Ying Zhang,1,Exact DOI-level match
A5100674304,A5100674304,Ying Zhang,1,Exact DOI-level match
A5100674305,A5100674305,Ying Zhang,1,Exact DOI-level match
A5100674472,A5100674472,Feng Li,1,Exact DOI-level match
A5100674651,A5100674651,Jun Liu,1,Exact DOI-level match
A5100675481,A5100675481,Rui Zhang,1,Exact DOI-level match
A5100675611,A5100675611,Weijian Li,1,Unresolved abbreviation
A5100676060,A5100676060,Yang Liu,1,Exact DOI-level match
A5100676213,A5100676213,Bo Li,1,Exact DOI-level match
A5100676379,A5100676379,Gang Wang,1,Exact DOI-level match
A5100677390,A5100677390,Jun Liu,1,Exact DOI-level match
A5100677514,A5100677514,Hui Li,1,Exact DOI-level match
A5100677736,A5100677736,Yan Li,1,Exact DOI-level match
A5100678224,A5100678224,Jun Liu,1,Exact DOI-level match
A5100678225,A5100678225,Jun Liu,1,Exact DOI-level match
A5100678679,A5100678679,Hui Wang,1,Exact DOI-level match
A5100679018,A5100679018,Yang Liu,1,Exact DOI-level match
A5100679241,A5100679241,Jie Li,1,Exact DOI-level match
A5100679836,A5100679836,Tao Liu,1,Exact DOI-level match
A5100680426,A5100680426,Jian Zhang,1,Exact DOI-level match
A5100680432,A5100680432,Jian Zhang,1,Exact DOI-level match
A5100680659,A5100680659,Jing Zhang,1,Exact DOI-level match
A5100681652,A5100681652,Jing Wang,1,Exact DOI-level match
A5100681666,A5100681666,Hui Zhang,1,Exact DOI-level match
A5100681768,A5100681768,Yan Li,1,Exact DOI-level match
A5100682321,A5100682321,Yang Liu,1,Exact DOI-level match
A5100682444,A5100682444,Jie Liu,1,Exact DOI-level match
A5100682556,A5100682556,Qian Zhang,1,Exact DOI-level match
A5100682902,A5100682902,Jun Wang,1,Exact DOI-level match
A5100683583,A5100683583,Wei Li,1,Exact DOI-level match
A5100683594,A5100683594,Tao Zhang,1,Exact DOI-level match
A5100683792,A5100683792,Yong Wang,1,Exact DOI-level match
A5100684023,A5100684023,Jie Li,1,Exact DOI-level match
A5100684101,A5100684101,Wei Zhang,1,Exact DOI-level match
A5100684105,A5100684105,Wei Zhang,1,Exact DOI-level match
A5100685148,A5100685148,Wei Zhang,1,Exact DOI-level match
A5100685294,A5100685294,Lin Wang,1,Exact DOI-level match
A5100685327,A5100685327,Yan Li,1,Exact DOI-level match
A5100685454,A5100685454,Wei Zhang,1,Exact DOI-level match
A5100685813,A5100685813,Hui Zhang,1,Exact DOI-level match
A5100685860,A5100685860,Nan Li,1,Exact DOI-level match
A5100685953,A5100685953,Wei Li,1,Exact DOI-level match
A5100686093,A5100686093,Jun Wang,1,Exact DOI-level match
A5100686100,A5100686100,Jun Wang,1,Exact DOI-level match
A5100686366,A5100686366,Xin Zhang,1,Exact DOI-level match
A5100686671,A5100686671,Jian Wang,1,Exact DOI-level match
A5100687082,A5100687082,Min Li,1,Exact DOI-level match
A5100687290,A5100687290,Jian Li,1,Exact DOI-level match
A5100687713,A5100687713,Jing Liu,1,Exact DOI-level match
A5100687913,A5100687913,Qiang Li,1,Exact DOI-level match
A5100688135,A5100688135,Jun Wang,1,Exact DOI-level match
A5100688193,A5100688193,Hao Wang,1,Exact DOI-level match
A5100688303,A5100688303,Yan Li,1,Exact DOI-level match
A5100688318,A5100688318,Bo Li,1,Exact DOI-level match
A5100688594,A5100688594,Ming Li,1,Exact DOI-level match
A5100688670,A5100688670,Gang Wang,1,Exact DOI-level match
A5100688680,A5100688680,Wei Zhang,1,Exact DOI-level match
A5100688686,A5100688686,Wei Zhang,1,Exact DOI-level match
A5100688689,A5100688689,Wei Zhang,1,Exact DOI-level match
A5100688707,A5100688707,Wei Zhao,1,Exact DOI-level match
A5100688853,A5100688853,Wei Wang,1,Exact DOI-level match
A5100688855,A5100688855,Wei Wang,1,Exact DOI-level match
A5100688958,A5100688958,Zhang Hui,1,Exact DOI-level match
A5100689303,A5100689303,Yan Li,1,Exact DOI-level match
A5100689605,A5100689605,Min Wang,1,Exact DOI-level match
A5100689763,A5100689763,Wei Li,1,Exact DOI-level match
A5100689770,A5100689770,Wei Li,1,Exact DOI-level match
A5100690398,A5100690398,Ping Zhang,1,Exact DOI-level match
A5100690769,A5100690769,Wang Feng,1,Exact DOI-level match
A5100691319,A5100691319,Jun Li,1,Exact DOI-level match
A5100691466,A5100691466,Ping Zhang,1,Exact DOI-level match
A5100691473,A5100691473,Ping Zhang,1,Exact DOI-level match
A5100692029,A5100692029,Wei Wang,1,Exact DOI-level match
A5100692440,A5100692440,Feng Wang,1,Exact DOI-level match
A5100692555,A5100692555,Wei Li,1,Exact DOI-level match
A5100693170,A5100693170,Hui Li,1,Exact DOI-level match
A5100693303,A5100693303,Jing Wang,1,Exact DOI-level match
A5100693703,A5100693703,Yang Liu,1,Exact DOI-level match
A5100694048,A5100694048,Wang Qi,1,Exact DOI-level match
A5100694290,A5100694290,Lei Wang,1,Exact DOI-level match
A5100694293,A5100694293,Wei Zhang,1,Exact DOI-level match
A5100695272,A5100695272,Yan Li,1,Exact DOI-level match
A5100695629,A5100695629,Jing Wang,1,Exact DOI-level match
A5100695670,A5100695670,Yang Li,1,Exact DOI-level match
A5100696289,A5100696289,Bo Li,1,Exact DOI-level match
A5100696824,A5100696824,Jian Wang,1,Exact DOI-level match
A5100696828,A5100696828,Jian Wang,1,Exact DOI-level match
A5100696862,A5100696862,Jun Li,1,Exact DOI-level match
A5100697102,A5100697102,Wei Li,1,Exact DOI-level match
A5100697144,A5100697144,Jie Zhang,1,Exact DOI-level match
A5100697693,A5100697693,Jing Yang,1,Exact DOI-level match
A5100697861,A5100697861,Wei Wang,1,Exact DOI-level match
A5100699718,A5100699718,Jing Wang,1,Exact DOI-level match
A5100699829,A5100699829,Wei Zhang,1,Exact DOI-level match
A5100699976,A5100699976,Jing Zhang,1,Exact DOI-level match
A5100699977,A5100699977,Jing Zhang,1,Exact DOI-level match
A5100699981,A5100699981,Jing Zhang,1,Exact DOI-level match
A5100702595,A5100702595,Ling Wang,1,Exact DOI-level match
A5100703011,A5100703011,Xin Li,1,Exact DOI-level match
A5100703074,A5100703074,Ping Wang,1,Exact DOI-level match
A5100703080,A5100703080,Hui Li,1,Exact DOI-level match
A5100703128,A5100703128,Yong Wang,1,Exact DOI-level match
A5100703131,A5100703131,Yong Wang,1,Exact DOI-level match
A5100703373,A5100703373,Wei Zhang,1,Exact DOI-level match
A5100703493,A5100703493,Hui Zhang,1,Exact DOI-level match
A5100703541,A5100703541,Wei Wang,1,Exact DOI-level match
A5100703836,A5100703836,Ling Wang,1,Exact DOI-level match
A5100703840,A5100703840,Ling Wang,1,Exact DOI-level match
A5100704177,A5100704177,Jin Zhang,1,Exact DOI-level match
A5100704259,A5100704259,Xin Zhang,1,Exact DOI-level match
A5100704992,A5100704992,Yang Wang,1,Exact DOI-level match
A5100705424,A5100705424,Jian Zhang,1,Exact DOI-level match
A5100705783,A5100705783,Yu Wang,1,Exact DOI-level match
A5100706289,A5100706289,Jinli Zhang,1,Exact DOI-level match
A5100706529,A5100706529,Rui Wang,1,Exact DOI-level match
A5100707081,A5100707081,Ying Wang,1,Exact DOI-level match
A5100707101,A5100707101,Yu Zhang,1,Exact DOI-level match
A5100707577,A5100707577,Wang Jing,1,Exact DOI-level match
A5100707750,A5100707750,Yu Zhang,1,Exact DOI-level match
A5100707955,A5100707955,Hui Li,1,Exact DOI-level match
A5100708580,A5100708580,Yan Li,2,Merged 2 OpenAlex profiles
A5100708680,A5100708680,Yong Zhang,1,Exact DOI-level match
A5100709844,A5100709844,Dan Wang,1,Exact DOI-level match
A5100710018,A5100710018,Ying Li,1,Exact DOI-level match
A5100710202,A5100710202,Jing Zhang,1,Exact DOI-level match
A5100710279,A5100710279,Jian Li,1,Exact DOI-level match
A5100710906,A5100710906,Wei Zhang,1,Exact DOI-level match
A5100711101,A5100711101,Qiang Li,1,Exact DOI-level match
A5100711118,A5100711118,Qiang Li,1,Exact DOI-level match
A5100711316,A5100711316,Yan Li,1,Exact DOI-level match
A5100711847,A5100711847,Chen Jie,1,Exact DOI-level match
A5100711850,A5100711850,Jie Chen,1,Exact DOI-level match
A5100712373,A5100712373,Yan Chen,1,Exact DOI-level match
A5100712374,A5100712374,Yan Chen,1,Exact DOI-level match
A5100712376,A5100712376,Yan Chen,1,Exact DOI-level match
A5100712378,A5100712378,Yan Chen,1,Exact DOI-level match
A5100712514,A5100712514,Chao Wang,1,Exact DOI-level match
A5100713489,A5100713489,Min Li,1,Exact DOI-level match
A5100714117,A5100714117,Jian Wang,1,Exact DOI-level match
A5100714128,A5100714128,Jing Chen,1,Exact DOI-level match
A5100714129,A5100714129,Jing Chen,1,Exact DOI-level match
A5100714218,A5100714218,Qi Wang,1,Exact DOI-level match
A5100714578,A5100714578,Yang Wang,1,Exact DOI-level match
A5100715317,A5100715317,Yong Zhang,1,Exact DOI-level match
A5100715414,A5100715414,Hui Zhang,1,Exact DOI-level match
A5100716051,A5100716051,Ying Zhang,1,Exact DOI-level match
A5100716709,A5100716709,Dan Wang,1,Exact DOI-level match
A5100716770,A5100716770,Wei Li,1,Exact DOI-level match
A5100716772,A5100716772,Wei Li,1,Exact DOI-level match
A5100716777,A5100716777,Wei Li,1,Exact DOI-level match
A5100716886,A5100716886,Ying Liu,1,Exact DOI-level match
A5100717825,A5100717825,Yi Wang,1,Exact DOI-level match
A5100717978,A5100717978,Jin Zhang,1,Exact DOI-level match
A5100718284,A5100718284,Xi Chen,1,Exact DOI-level match
A5100718998,A5100718998,Wei Wang,1,Exact DOI-level match
A5100719016,A5100719016,Min Li,1,Exact DOI-level match
A5100719254,A5100719254,Wei Chen,1,Exact DOI-level match
A5100719328,A5100719328,Lei Zhang,1,Exact DOI-level match
A5100719335,A5100719335,Jie Li,1,Exact DOI-level match
A5100719808,A5100719808,Hao Chen,1,Exact DOI-level match
A5100720060,A5100720060,Jing Zhang,1,Exact DOI-level match
A5100720490,A5100720490,Gang Wang,1,Exact DOI-level match
A5100720766,A5100720766,Qiang Li,1,Exact DOI-level match
A5100721167,A5100721167,Chao Wang,1,Exact DOI-level match
A5100721619,A5100721619,Yi Wang,1,Exact DOI-level match
A5100721699,A5100721699,Xi Chen,1,Exact DOI-level match
A5100721764,A5100721764,Min Wang,1,Exact DOI-level match
A5100721766,A5100721766,Min Wang,1,Exact DOI-level match
A5100722246,A5100722246,Jie Zhang,1,Exact DOI-level match
A5100722310,A5100722310,Wei Liu,1,Exact DOI-level match
A5100722569,A5100722569,Jun Chen,1,Exact DOI-level match
A5100722789,A5100722789,Bin Liu,1,Exact DOI-level match
A5100722980,A5100722980,Wei Zhao,1,Exact DOI-level match
A5100723045,A5100723045,Yan Li,1,Exact DOI-level match
A5100723246,A5100723246,Wei Wang,1,Exact DOI-level match
A5100723310,A5100723310,Yan Li,1,Exact DOI-level match
A5100724709,A5100724709,Yang Wang,1,Exact DOI-level match
A5100725601,A5100725601,Jing Liu,1,Exact DOI-level match
A5100725736,A5100725736,Zhang Bin,1,Exact DOI-level match
A5100726190,A5100726190,Jing Li,1,Exact DOI-level match
A5100726408,A5100726408,Wei Wang,1,Exact DOI-level match
A5100726586,A5100726586,Ying Wang,1,Exact DOI-level match
A5100727225,A5100727225,Hong Zhang,1,Exact DOI-level match
A5100727231,A5100727231,Jing Zhang,1,Exact DOI-level match
A5100727476,A5100727476,Yan Wang,1,Exact DOI-level match
A5100727545,A5100727545,Wei Zhang,1,Exact DOI-level match
A5100727785,A5100727785,Bin Liu,1,Exact DOI-level match
A5100729293,A5100729293,Yan Liu,1,Exact DOI-level match
A5100729465,A5100729465,Bin Wang,1,Exact DOI-level match
A5100729663,A5100729663,Hao Wang,1,Exact DOI-level match
A5100730402,A5100730402,Wei Zhang,1,Exact DOI-level match
A5100730407,A5100730407,Wei Zhang,1,Exact DOI-level match
A5100730489,A5100730489,Xin Li,1,Exact DOI-level match
A5100730844,A5100730844,Yu Wang,1,Exact DOI-level match
A5100730951,A5100730951,Wei Chen,1,Exact DOI-level match
A5100731014,A5100731014,Hui Wang,1,Exact DOI-level match
A5100731323,A5100731323,Lei Zhang,1,Exact DOI-level match
A5100731925,A5100731925,Yang Zhang,1,Exact DOI-level match
A5100731973,A5100731973,Jin Wang,1,Exact DOI-level match
A5100732073,A5100732073,Hui Wang,1,Exact DOI-level match
A5100733367,A5100733367,Yong Wang,1,Exact DOI-level match
A5100733463,A5100733463,Li Yang,1,Exact DOI-level match
A5100733485,A5100733485,Hui Li,1,Exact DOI-level match
A5100733607,A5100733607,Lei Zhang,1,Exact DOI-level match
A5100733647,A5100733647,Bin Wang,1,Exact DOI-level match
A5100733648,A5100733648,Bin Wang,1,Exact DOI-level match
A5100734132,A5100734132,Hui Wang,1,Exact DOI-level match
A5100734534,A5100734534,Yi Wang,1,Exact DOI-level match
A5100734695,A5100734695,Yi Wang,1,Exact DOI-level match
A5100734749,A5100734749,Jun Wang,1,Exact DOI-level match
A5100735068,A5100735068,Lei Wang,1,Exact DOI-level match
A5100735424,A5100735424,Tao Zhang,1,Exact DOI-level match
A5100735511,A5100735511,Lin Wang,1,Exact DOI-level match
A5100735527,A5100735527,Jin Zhang,1,Exact DOI-level match
A5100735570,A5100735570,Yan Zhang,1,Exact DOI-level match
A5100736091,A5100736091,Xin Wang,1,Exact DOI-level match
A5100736588,A5100736588,Yan Li,1,Exact DOI-level match
A5100737055,A5100737055,Dan Wang,1,Exact DOI-level match
A5100737361,A5100737361,Wei Zhang,1,Exact DOI-level match
A5100738282,A5100738282,Wei Zhang,1,Exact DOI-level match
A5100739666,A5100739666,Jian Xu,1,Exact DOI-level match
A5100740183,A5100740183,Wei Zhang,1,Exact DOI-level match
A5100740585,A5100740585,Ying Zhang,1,Exact DOI-level match
A5100740616,A5100740616,Wei Chen,1,Exact DOI-level match
A5100740712,A5100740712,Yu Wang,1,Exact DOI-level match
A5100741318,A5100741318,Ping Li,1,Exact DOI-level match
A5100741396,A5100741396,Feng Wang,1,Exact DOI-level match
A5100741399,A5100741399,Feng Wang,1,Exact DOI-level match
A5100741429,A5100741429,Lei Zhang,1,Exact DOI-level match
A5100742518,A5100742518,Wei Zhang,1,Exact DOI-level match
A5100742701,A5100742701,Jian Li,1,Exact DOI-level match
A5100743523,A5100743523,Bo Li,1,Exact DOI-level match
A5100743731,A5100743731,Jun Lü,1,Exact DOI-level match
A5100743733,A5100743733,Jun Lu,1,Exact DOI-level match
A5100744459,A5100744459,Min Zhang,1,Exact DOI-level match
A5100744890,A5100744890,Dan Li,1,Exact DOI-level match
A5100744919,A5100744919,Feng Li,1,Exact DOI-level match
A5100745330,A5100745330,Yi Wang,1,Exact DOI-level match
A5100745734,A5100745734,Qian Li,1,Exact DOI-level match
A5100745736,A5100745736,Qian Li,1,Exact DOI-level match
A5100745809,A5100745809,Lin Wang,1,Exact DOI-level match
A5100746534,A5100746534,Feng Li,1,Exact DOI-level match
A5100747473,A5100747473,Jun Zhang,1,Exact DOI-level match
A5100747588,A5100747588,Lei Zhang,1,Exact DOI-level match
A5100748083,A5100748083,Jing Zhang,1,Exact DOI-level match
A5100749250,A5100749250,Tao Liu,1,Exact DOI-level match
A5100749251,A5100749251,Tao Liu,1,Exact DOI-level match
A5100749424,A5100749424,Qian Li,1,Exact DOI-level match
A5100749688,A5100749688,Wei Wang,1,Exact DOI-level match
A5100750037,A5100750037,Yu Zhang,1,Exact DOI-level match
A5100750171,A5100750171,Min Zhang,1,Exact DOI-level match
A5100750217,A5100750217,Gang Li,1,Exact DOI-level match
A5100750703,A5100750703,Li Min,1,Exact DOI-level match
A5100751021,A5100751021,Wei Li,1,Exact DOI-level match
A5100751413,A5100751413,Lei Zhang,1,Exact DOI-level match
A5100751792,A5100751792,Feng Wang,1,Exact DOI-level match
A5100752314,A5100752314,Min Zhang,1,Exact DOI-level match
A5100752421,A5100752421,Jian Zhang,1,Exact DOI-level match
A5100752983,A5100752983,Bin Wang,1,Exact DOI-level match
A5100753238,A5100753238,Jing Yang,1,Exact DOI-level match
A5100753509,A5100753509,Qian Li,1,Exact DOI-level match
A5100753720,A5100753720,Jie Zhang,1,Exact DOI-level match
A5100754578,A5100754578,Lei Li,1,Exact DOI-level match
A5100754647,A5100754647,Li Yan,1,Exact DOI-level match
A5100754823,A5100754823,Wei Zhang,1,Exact DOI-level match
A5100754828,A5100754828,Yan Zhang,1,Exact DOI-level match
A5100754832,A5100754832,Yan Zhang,1,Exact DOI-level match
A5100755246,A5100755246,Lin Wang,1,Exact DOI-level match
A5100755889,A5100755889,Jun Li,1,Exact DOI-level match
A5100756296,A5100756296,Jian Wang,1,Exact DOI-level match
A5100756547,A5100756547,Lei Zhang,1,Exact DOI-level match
A5100756550,A5100756550,Lei Zhang,1,Exact DOI-level match
A5100756634,A5100756634,Wei Zhang,1,Exact DOI-level match
A5100756636,A5100756636,Wei Zhang,1,Exact DOI-level match
A5100756874,A5100756874,Wei Zhang,1,Exact DOI-level match
A5100757098,A5100757098,Jing Zhang,1,Exact DOI-level match
A5100757101,A5100757101,Jing Zhang,1,Exact DOI-level match
A5100757663,A5100757663,Lei Wang,1,Exact DOI-level match
A5100757668,A5100757668,Lei Wang,1,Exact DOI-level match
A5100757744,A5100757744,Yang Li,1,Exact DOI-level match
A5100757983,A5100757983,Yan Chen,1,Exact DOI-level match
A5100758062,A5100758062,Jian Wang,1,Exact DOI-level match
A5100758169,A5100758169,Bo Li,1,Exact DOI-level match
A5100758204,A5100758204,Min Li,1,Exact DOI-level match
A5100758537,A5100758537,Yi Zhang,1,Exact DOI-level match
A5100758858,A5100758858,Fang Wang,1,Exact DOI-level match
A5100758864,A5100758864,Wei Liu,1,Exact DOI-level match
A5100758871,A5100758871,Wei Liu,1,Exact DOI-level match
A5100759077,A5100759077,Jing Wang,1,Exact DOI-level match
A5100759204,A5100759204,Wei Liu,1,Exact DOI-level match
A5100759346,A5100759346,Lei Wang,1,Exact DOI-level match
A5100759634,A5100759634,Jun Wang,1,Exact DOI-level match
A5100760409,A5100760409,Li Yan,1,Exact DOI-level match
A5100760638,A5100760638,Ling Wang,1,Exact DOI-level match
A5100760704,A5100760704,Yang Li,1,Exact DOI-level match
A5100760756,A5100760756,Wei Liu,1,Exact DOI-level match
A5100760835,A5100760835,Jun Liu,1,Exact DOI-level match
A5100761191,A5100761191,Qian Wang,1,Exact DOI-level match
A5100761365,A5100761365,Wei Zhang,1,Exact DOI-level match
A5100761366,A5100761366,Hui Li,1,Exact DOI-level match
A5100761374,A5100761374,Hui Li,1,Exact DOI-level match
A5100763925,A5100763925,Xin Zhang,1,Exact DOI-level match
A5100765021,A5100765021,Lei Zhang,1,Exact DOI-level match
A5100765200,A5100765200,Jing Wang,1,Exact DOI-level match
A5100765863,A5100765863,Wei Wang,1,Exact DOI-level match
A5100766053,A5100766053,Jiän Zhang,1,Exact DOI-level match
A5100766062,A5100766062,Bin Wang,1,Exact DOI-level match
A5100766149,A5100766149,Yu Zhang,1,Exact DOI-level match
A5100766197,A5100766197,Бо Лі,1,Exact DOI-level match
A5100766586,A5100766586,Dan Liú,1,Exact DOI-level match
A5100767367,A5100767367,Bin Liu,1,Exact DOI-level match
A5100767435,A5100767435,Feng Li,1,Exact DOI-level match
A5100767665,A5100767665,Bin Wang,1,Exact DOI-level match
A5100767849,A5100767849,Lei Zhang,1,Exact DOI-level match
A5100767888,A5100767888,Yang Li,1,Exact DOI-level match
A5100768349,A5100768349,Xu Jian,1,Exact DOI-level match
A5100768472,A5100768472,Feng Wang,1,Exact DOI-level match
A5100768936,A5100768936,Jian Wang,1,Exact DOI-level match
A5100769024,A5100769024,Hao Wang,1,Exact DOI-level match
A5100770129,A5100770129,Xin Wang,1,Exact DOI-level match
A5100771044,A5100771044,Zhang Yi,1,Exact DOI-level match
A5100771047,A5100771047,Zhang Yi,1,Exact DOI-level match
A5100772167,A5100772167,Xin Li,1,Exact DOI-level match
A5100772205,A5100772205,Bo Li,1,Exact DOI-level match
A5100772254,A5100772254,Yan Liu,1,Exact DOI-level match
A5100772356,A5100772356,Wei Wang,1,Exact DOI-level match
A5100772694,A5100772694,Jie Wang,1,Exact DOI-level match
A5100772766,A5100772766,Weimin Qi,1,Exact DOI-level match
A5100773035,A5100773035,Yan Li,1,Exact DOI-level match
A5100773313,A5100773313,Yi Wang,1,Exact DOI-level match
A5100773352,A5100773352,Jian Wang,1,Exact DOI-level match
A5100773459,A5100773459,Chao Wang,1,Exact DOI-level match
A5100773675,A5100773675,Hui Li,1,Exact DOI-level match
A5100773796,A5100773796,Hao Zhang,1,Exact DOI-level match
A5100773874,A5100773874,Bo Li,1,Exact DOI-level match
A5100774126,A5100774126,Lin Zhang,1,Exact DOI-level match
A5100774472,A5100774472,Wei Li,1,Exact DOI-level match
A5100775905,A5100775905,Jing Li,1,Exact DOI-level match
A5100775907,A5100775907,Jing Li,1,Exact DOI-level match
A5100775910,A5100775910,Jing Li,1,Exact DOI-level match
A5100776230,A5100776230,Wei Liu,1,Exact DOI-level match
A5100776276,A5100776276,Li Wei,1,Exact DOI-level match
A5100776413,A5100776413,Yu Liu,1,Exact DOI-level match
A5100777320,A5100777320,Yan Zhang,1,Exact DOI-level match
A5100778012,A5100778012,Ying Liu,1,Exact DOI-level match
A5100778176,A5100778176,Min Li,1,Exact DOI-level match
A5100779495,A5100779495,Rui Zhang,1,Exact DOI-level match
A5100779597,A5100779597,Li Jun,1,Exact DOI-level match
A5100779699,A5100779699,Hong Li,1,Exact DOI-level match
A5100779879,A5100779879,Yan Wang,1,Exact DOI-level match
A5100779893,A5100779893,Yi Wang,1,Exact DOI-level match
A5100780163,A5100780163,Wei Liu,1,Exact DOI-level match
A5100780396,A5100780396,Jing Yang,1,Exact DOI-level match
A5100780397,A5100780397,Jing Yang,1,Exact DOI-level match
A5100780576,A5100780576,Jie Li,1,Exact DOI-level match
A5100780609,A5100780609,Lei Zhang,1,Exact DOI-level match
A5100780612,A5100780612,Lei Zhang,1,Exact DOI-level match
A5100780731,A5100780731,Yong Wang,1,Exact DOI-level match
A5100780965,A5100780965,Tao Wang,1,Exact DOI-level match
A5100781379,A5100781379,Wei Zhang,1,Exact DOI-level match
A5100781382,A5100781382,Wei Zhang,1,Exact DOI-level match
A5100781635,A5100781635,Liu Yang,1,Exact DOI-level match
A5100781638,A5100781638,Yang Liu,1,Exact DOI-level match
A5100782513,A5100782513,Lei Zhang,1,Exact DOI-level match
A5100782738,A5100782738,Ying Liu,1,Exact DOI-level match
A5100782741,A5100782741,Ying Liu,1,Exact DOI-level match
A5100783084,A5100783084,Lin Wang,1,Exact DOI-level match
A5100783106,A5100783106,Jing Chen,1,Exact DOI-level match
A5100783183,A5100783183,Yang Wang,1,Exact DOI-level match
A5100783301,A5100783301,Hong Zhang,1,Exact DOI-level match
A5100784036,A5100784036,Jun Chen,1,Exact DOI-level match
A5100784213,A5100784213,Yi Wang,1,Exact DOI-level match
A5100784324,A5100784324,Li Yang,1,Exact DOI-level match
A5100784365,A5100784365,Jing Wang,1,Exact DOI-level match
A5100784754,A5100784754,Yang Wang,1,Exact DOI-level match
A5100784853,A5100784853,Yang Wang,1,Exact DOI-level match
A5100784878,A5100784878,Li Peng,1,Exact DOI-level match
A5100785029,A5100785029,Wei Li,1,Exact DOI-level match
A5100785034,A5100785034,Wei Li,1,Exact DOI-level match
A5100785059,A5100785059,Yan Wang,1,Exact DOI-level match
A5100785565,A5100785565,Yan Wang,1,Exact DOI-level match
A5100786107,A5100786107,Jin Wang,1,Exact DOI-level match
A5100786294,A5100786294,Xin Wang,1,Exact DOI-level match
A5100786356,A5100786356,Min Li,1,Exact DOI-level match
A5100786654,A5100786654,Liang Wang,1,Exact DOI-level match
A5100814407,A5100814407,Lin Zhang,1,Exact DOI-level match
A5100864739,A5100864739,Wei Zhao,1,Exact DOI-level match
A5100870097,A5100870097,Lin Zhang,1,Exact DOI-level match
A5100889587,A5100889587,Yong Zhang,1,Exact DOI-level match
A5100936798,A5100936798,Hong Li,1,Exact DOI-level match
A5100939128,A5100939128,Yu Wang,1,Exact DOI-level match
A5100945082,A5100945082,Feng Li,1,Exact DOI-level match
A5100964711,A5100964711,Jie Wang,1,Exact DOI-level match
A5101069784,A5101069784,Yang Liu,1,Exact DOI-level match
A5101216405,A5101216405,Yu Wang,1,Exact DOI-level match
A5101232791,A5101232791,Yu Zhang,1,Exact DOI-level match
A5101336186,A5101336186,Qian Zhang,1,Exact DOI-level match
A5101397149,A5101397149,Lei Zhang,1,Exact DOI-level match
A5101398880,A5101398880,Yang Wang,1,Exact DOI-level match
A5101403419,A5101403419,Qiang Li,1,Exact DOI-level match
A5101404761,A5101404761,Yong Wang,1,Exact DOI-level match
A5101407394,A5101407394,Yong Zhang,1,Exact DOI-level match
A5101407825,A5101407825,Yan Liu,1,Exact DOI-level match
A5101408176,A5101408176,Jian Xu,1,Exact DOI-level match
A5101410620,A5101410620,Jing Liu,1,Exact DOI-level match
A5101412123,A5101412123,Bo Wang,1,Exact DOI-level match
A5101412124,A5101412124,Bo Wang,1,Exact DOI-level match
A5101413915,A5101413915,Min Wang,1,Exact DOI-level match
A5101416744,A5101416744,Jing Wang,1,Exact DOI-level match
A5101421438,A5101421438,Wang Xin,1,Exact DOI-level match
A5101423040,A5101423040,Qian Wang,1,Exact DOI-level match
A5101423831,A5101423831,Wei Zhang,1,Exact DOI-level match
A5101425694,A5101425694,Wei Zhao,1,Exact DOI-level match
A5101426633,A5101426633,Jing Chen,1,Exact DOI-level match
A5101427524,A5101427524,Hui Li,1,Exact DOI-level match
A5101436377,A5101436377,Jing Li,1,Exact DOI-level match
A5101439529,A5101439529,Yu Wang,1,Exact DOI-level match
A5101443601,A5101443601,Yong Wang,1,Exact DOI-level match
A5101443725,A5101443725,Jing Chen,1,Exact DOI-level match
A5101444599,A5101444599,Qian Zhang,1,Exact DOI-level match
A5101445946,A5101445946,Bo Wang,1,Exact DOI-level match
A5101446655,A5101446655,Jing Liu,1,Exact DOI-level match
A5101446656,A5101446656,Jing Liu,1,Exact DOI-level match
A5101449729,A5101449729,Xin Li,1,Exact DOI-level match
A5101453769,A5101453769,Jie Li,1,Exact DOI-level match
A5101455300,A5101455300,Wei Zhao,1,Exact DOI-level match
A5101458603,A5101458603,Feng Li,1,Exact DOI-level match
A5101458953,A5101458953,Jie Liu,1,Exact DOI-level match
A5101459862,A5101459862,Wei Li,1,Exact DOI-level match
A5101467140,A5101467140,Jie Zhang,1,Exact DOI-level match
A5101468387,A5101468387,Yang Wang,1,Exact DOI-level match
A5101473351,A5101473351,Dan Liu,1,Exact DOI-level match
A5101477613,A5101477613,Yong Wang,1,Exact DOI-level match
A5101479066,A5101479066,Tao Li,1,Exact DOI-level match
A5101480934,A5101480934,Dan Li,1,Exact DOI-level match
A5101486151,A5101486151,Zhang Jin,1,Exact DOI-level match
A5101486867,A5101486867,Jun Yang,1,Exact DOI-level match
A5101486868,A5101486868,Jun Yang,1,Exact DOI-level match
A5101487401,A5101487401,Jing Zhang,1,Exact DOI-level match
A5101488488,A5101488488,Gang Wang,1,Exact DOI-level match
A5101489740,A5101489740,Dan Li,1,Exact DOI-level match
A5101491257,A5101491257,Qiang Li,1,Exact DOI-level match
A5101492139,A5101492139,Qiang Li,1,Exact DOI-level match
A5101492421,A5101492421,Yu Zhang,1,Exact DOI-level match
A5101496931,A5101496931,Hui Liu,1,Exact DOI-level match
A5101499128,A5101499128,Lei Zhang,1,Exact DOI-level match
A5101502858,A5101502858,Tao Li,1,Exact DOI-level match
A5101505916,A5101505916,Qian Zhang,1,Exact DOI-level match
A5101506227,A5101506227,Jun Wang,1,Exact DOI-level match
A5101507256,A5101507256,Bin Liu,1,Exact DOI-level match
A5101507888,A5101507888,Lei Zhang,1,Exact DOI-level match
A5101509998,A5101509998,Hui Wang,1,Exact DOI-level match
A5101512674,A5101512674,Hui Liu,1,Exact DOI-level match
A5101518188,A5101518188,Ying Wang,1,Exact DOI-level match
A5101520036,A5101520036,Jing Wang,1,Exact DOI-level match
A5101520677,A5101520677,Zhang Qian,1,Exact DOI-level match
A5101520987,A5101520987,Hui Liu,1,Exact DOI-level match
A5101521301,A5101521301,Yu Wang,1,Exact DOI-level match
A5101522282,A5101522282,Bin Wang,1,Exact DOI-level match
A5101523355,A5101523355,Yan Liu,1,Exact DOI-level match
A5101526257,A5101526257,Jun Yang,1,Exact DOI-level match
A5101526879,A5101526879,Zhang Rui,1,Exact DOI-level match
A5101526880,A5101526880,Rui Zhang,1,Exact DOI-level match
A5101526881,A5101526881,Zhang Rui,1,Exact DOI-level match
A5101527583,A5101527583,Yong Wang,1,Exact DOI-level match
A5101528438,A5101528438,Juan Li,1,Exact DOI-level match
A5101533110,A5101533110,Jin Zhang,1,Exact DOI-level match
A5101534953,A5101534953,Lei Zhang,1,Exact DOI-level match
A5101536531,A5101536531,Yang Zhang,1,Exact DOI-level match
A5101538539,A5101538539,Yan Li,1,Exact DOI-level match
A5101540669,A5101540669,Zhang Yu,1,Exact DOI-level match
A5101546953,A5101546953,Bo Li,1,Exact DOI-level match
A5101547727,A5101547727,Ying Wang,1,Exact DOI-level match
A5101554082,A5101554082,Ping Wang,1,Exact DOI-level match
A5101554609,A5101554609,Wei Liu,1,Exact DOI-level match
A5101555201,A5101555201,Yan Li,1,Exact DOI-level match
A5101555228,A5101555228,Wei Zhang,1,Exact DOI-level match
A5101559441,A5101559441,Min Wang,1,Exact DOI-level match
A5101559744,A5101559744,Jing Zhang,1,Exact DOI-level match
A5101560857,A5101560857,Yan Li,1,Exact DOI-level match
A5101566029,A5101566029,Jun Yang,1,Exact DOI-level match
A5101575178,A5101575178,Yan Zhang,1,Exact DOI-level match
A5101575662,A5101575662,Jin Wang,1,Exact DOI-level match
A5101576125,A5101576125,Yan Wang,1,Exact DOI-level match
A5101579694,A5101579694,Ying Liu,1,Exact DOI-level match
A5101583691,A5101583691,Nan Li,1,Exact DOI-level match
A5101588346,A5101588346,Yi Wang,1,Exact DOI-level match
A5101593074,A5101593074,Yu Wang,1,Exact DOI-level match
A5101594452,A5101594452,Jian Zhang,1,Exact DOI-level match
A5101595115,A5101595115,Yang Liu,1,Exact DOI-level match
A5101598620,A5101598620,Wang Xin,1,Exact DOI-level match
A5101600019,A5101600019,Jing Zhao,1,Exact DOI-level match
A5101601630,A5101601630,Wei Liu,1,Exact DOI-level match
A5101602689,A5101602689,Ying Li,1,Exact DOI-level match
A5101603815,A5101603815,Yan Wang,1,Exact DOI-level match
A5101605358,A5101605358,Yang Wang,1,Exact DOI-level match
A5101605359,A5101605359,Yang Wang,1,Exact DOI-level match
A5101607909,A5101607909,Chao Wang,1,Exact DOI-level match
A5101609397,A5101609397,Yi Wang,1,Exact DOI-level match
A5101609466,A5101609466,Wang Jing,1,Exact DOI-level match
A5101609470,A5101609470,Wang Jing,1,Exact DOI-level match
A5101610149,A5101610149,Wei Zhao,1,Exact DOI-level match
A5101610936,A5101610936,Yang Li,1,Exact DOI-level match
A5101612078,A5101612078,Zhang Jin,1,Exact DOI-level match
A5101618740,A5101618740,Hong Wang,1,Exact DOI-level match
A5101619987,A5101619987,Juan Li,1,Exact DOI-level match
A5101619989,A5101619989,Juan Li,1,Exact DOI-level match
A5101627406,A5101627406,Ping Wang,1,Exact DOI-level match
A5101627722,A5101627722,Yan Zhang,1,Exact DOI-level match
A5101628482,A5101628482,Wang Yu,1,Exact DOI-level match
A5101631168,A5101631168,Bo Wang,1,Exact DOI-level match
A5101633848,A5101633848,Chao Wang,1,Exact DOI-level match
A5101634746,A5101634746,Wei Zhang,1,Exact DOI-level match
A5101637303,A5101637303,Wang Hong,1,Exact DOI-level match
A5101638340,A5101638340,Yusuke Fujii,1,Unresolved abbreviation
A5101639721,A5101639721,Tao Li,1,Exact DOI-level match
A5101639975,A5101639975,Wei Zhang,1,Exact DOI-level match
A5101647700,A5101647700,Rui Zhang,1,Exact DOI-level match
A5101650422,A5101650422,Dan Liu,1,Exact DOI-level match
A5101653132,A5101653132,Qi Wang,1,Exact DOI-level match
A5101655546,A5101655546,Ying Liu,1,Exact DOI-level match
A5101657244,A5101657244,Yang Wang,1,Exact DOI-level match
A5101658006,A5101658006,Wei Liu,1,Exact DOI-level match
A5101662499,A5101662499,Jun Liu,1,Exact DOI-level match
A5101662788,A5101662788,Yang Yang,1,Exact DOI-level match
A5101669826,A5101669826,Wei Zhang,1,Exact DOI-level match
A5101671600,A5101671600,Yi Wang,1,Exact DOI-level match
A5101672854,A5101672854,Lei Wang,1,Exact DOI-level match
A5101674122,A5101674122,Ping Zhang,1,Exact DOI-level match
A5101676868,A5101676868,Yang Li,1,Exact DOI-level match
A5101677632,A5101677632,Hui Li,1,Exact DOI-level match
A5101677637,A5101677637,Rui Zhang,1,Exact DOI-level match
A5101679434,A5101679434,Hui Wang,1,Exact DOI-level match
A5101680913,A5101680913,Jing Zhao,1,Exact DOI-level match
A5101681014,A5101681014,Jing Zhang,1,Exact DOI-level match
A5101681105,A5101681105,Peng Zhang,1,Exact DOI-level match
A5101681466,A5101681466,Jin Wang,1,Exact DOI-level match
A5101682898,A5101682898,Yi Wang,1,Exact DOI-level match
A5101682950,A5101682950,Jun Liu,1,Exact DOI-level match
A5101684590,A5101684590,Hong Li,1,Exact DOI-level match
A5101685602,A5101685602,Nan Li,1,Exact DOI-level match
A5101688452,A5101688452,Tao Li,1,Exact DOI-level match
A5101690168,A5101690168,Jing Zhao,1,Exact DOI-level match
A5101690323,A5101690323,Jing Yang,1,Exact DOI-level match
A5101691725,A5101691725,Bin Wang,1,Exact DOI-level match
A5101693490,A5101693490,Ming Li,1,Exact DOI-level match
A5101693947,A5101693947,Fang Wang,1,Exact DOI-level match
A5101694878,A5101694878,Jun Li,1,Exact DOI-level match
A5101695655,A5101695655,Jing Zhang,1,Exact DOI-level match
A5101696593,A5101696593,Rui Wang,1,Exact DOI-level match
A5101697202,A5101697202,Ying Wang,1,Exact DOI-level match
A5101703841,A5101703841,Yan Zhang,1,Exact DOI-level match
A5101706896,A5101706896,Tao Liu,1,Exact DOI-level match
A5101711605,A5101711605,Jing Wang,1,Exact DOI-level match
A5101711826,A5101711826,Jie Zhang,1,Exact DOI-level match
A5101714747,A5101714747,H. Zhong,1,Confirmed abbreviation
A5101715046,A5101715046,Ali Nazari,1,Exact DOI-level match
A5101716192,A5101716192,Min Zhang,1,Exact DOI-level match
A5101717809,A5101717809,Dan Li,1,Exact DOI-level match
A5101718578,A5101718578,Yan Zhang,1,Exact DOI-level match
A5101720958,A5101720958,Jing Yang,1,Exact DOI-level match
A5101721480,A5101721480,Jun Chen,1,Exact DOI-level match
A5101723469,A5101723469,Xin Wang,1,Exact DOI-level match
A5101723568,A5101723568,Ying Zhang,1,Exact DOI-level match
A5101725885,A5101725885,Yu Zhang,1,Exact DOI-level match
A5101727067,A5101727067,Hao Zhang,1,Exact DOI-level match
A5101730287,A5101730287,Jie Liu,1,Exact DOI-level match
A5101731118,A5101731118,Yan Li,1,Exact DOI-level match
A5101738160,A5101738160,Qi Wang,1,Exact DOI-level match
A5101742727,A5101742727,Li Juan,1,Exact DOI-level match
A5101743303,A5101743303,Feng Wang,1,Exact DOI-level match
A5101743572,A5101743572,Bin Wang,1,Exact DOI-level match
A5101743921,A5101743921,Yan Liu,1,Exact DOI-level match
A5101744646,A5101744646,Jie Chen,1,Exact DOI-level match
A5101745924,A5101745924,Lei Wang,1,Exact DOI-level match
A5101748041,A5101748041,Jing Wang,1,Exact DOI-level match
A5101748458,A5101748458,Tao Zhang,1,Exact DOI-level match
A5101748981,A5101748981,Yan Li,1,Exact DOI-level match
A5101750692,A5101750692,Rui Zhang,1,Exact DOI-level match
A5101753954,A5101753954,Zhang Bo,1,Exact DOI-level match
A5101753955,A5101753955,Bo Zhang,1,Exact DOI-level match
A5101757005,A5101757005,Tao Liu,1,Exact DOI-level match
A5101758261,A5101758261,Wei Zhang,1,Exact DOI-level match
A5101758904,A5101758904,Yan Chen,1,Exact DOI-level match
A5101758984,A5101758984,Jing Zhang,1,Exact DOI-level match
A5101759661,A5101759661,Bo Zhang,1,Exact DOI-level match
A5101759670,A5101759670,Wei Liu,1,Exact DOI-level match
A5101761642,A5101761642,Wei Wang,1,Exact DOI-level match
A5101763645,A5101763645,Jian Zhang,1,Exact DOI-level match
A5101763665,A5101763665,Qian Li,1,Exact DOI-level match
A5101765379,A5101765379,Jun Yang,1,Exact DOI-level match
A5101766670,A5101766670,Wei Zhang,1,Exact DOI-level match
A5101770332,A5101770332,Wei Li,1,Exact DOI-level match
A5101770872,A5101770872,Yi Wang,1,Exact DOI-level match
A5101771857,A5101771857,Qian Wang,1,Exact DOI-level match
A5101772016,A5101772016,Liu Ying,1,Exact DOI-level match
A5101776487,A5101776487,Jie Liu,1,Exact DOI-level match
A5101777880,A5101777880,Min Zhang,1,Exact DOI-level match
A5101785717,A5101785717,Wei Li,1,Exact DOI-level match
A5101786234,A5101786234,Tao Wang,1,Exact DOI-level match
A5101789244,A5101789244,Jing Zhao,1,Exact DOI-level match
A5101790171,A5101790171,Jie Chen,1,Exact DOI-level match
A5101790254,A5101790254,Yan Li,1,Exact DOI-level match
A5101790494,A5101790494,Qi Wang,1,Exact DOI-level match
A5101791479,A5101791479,Hong Wang,1,Exact DOI-level match
A5101792540,A5101792540,Yi Zhang,1,Exact DOI-level match
A5101793453,A5101793453,Yan Chen,1,Exact DOI-level match
A5101795782,A5101795782,Hui Wang,1,Exact DOI-level match
A5101798871,A5101798871,Ping Wang,1,Exact DOI-level match
A5101801469,A5101801469,Ying Li,1,Exact DOI-level match
A5101801472,A5101801472,Ying Li,1,Exact DOI-level match
A5101802140,A5101802140,Hongquan Chen,1,Unresolved abbreviation
A5101802385,A5101802385,Jing Li,1,Exact DOI-level match
A5101805939,A5101805939,Bin Wang,1,Exact DOI-level match
A5101808099,A5101808099,Yu Wang,1,Exact DOI-level match
A5101809565,A5101809565,Xin Li,1,Exact DOI-level match
A5101809583,A5101809583,Jun Wang,1,Exact DOI-level match
A5101811219,A5101811219,Min Zhang,1,Exact DOI-level match
A5101812357,A5101812357,Jian Li,1,Exact DOI-level match
A5101814183,A5101814183,Xin Wang,1,Exact DOI-level match
A5101814840,A5101814840,Yan Li,1,Exact DOI-level match
A5101815136,A5101815136,Hui Liu,1,Exact DOI-level match
A5101816531,A5101816531,Lin Wang,1,Exact DOI-level match
A5101818842,A5101818842,Lei Liu,1,Exact DOI-level match
A5101819941,A5101819941,Yan Liu,1,Exact DOI-level match
A5101820456,A5101820456,Yang Liu,1,Exact DOI-level match
A5101820930,A5101820930,Hui Li,1,Exact DOI-level match
A5101820932,A5101820932,Hui Li,1,Exact DOI-level match
A5101829092,A5101829092,Lei Wang,1,Exact DOI-level match
A5101829311,A5101829311,Jin Zhang,1,Exact DOI-level match
A5101830011,A5101830011,Hui Liu,1,Exact DOI-level match
A5101830509,A5101830509,Hui Li,1,Exact DOI-level match
A5101833024,A5101833024,Hui Wang,1,Exact DOI-level match
A5101835221,A5101835221,Qian Li,1,Exact DOI-level match
A5101841508,A5101841508,Hao Wang,1,Exact DOI-level match
A5101841825,A5101841825,Wei Zhao,1,Exact DOI-level match
A5101842461,A5101842461,Hong Wang,1,Exact DOI-level match
A5101844896,A5101844896,Yu Zhang,1,Exact DOI-level match
A5101846976,A5101846976,Jun Yang,1,Exact DOI-level match
A5101851212,A5101851212,Jin Wang,1,Exact DOI-level match
A5101852320,A5101852320,Jing Liu,1,Exact DOI-level match
A5101855430,A5101855430,Hong Zhang,1,Exact DOI-level match
A5101860413,A5101860413,Chen Jun,1,Exact DOI-level match
A5101860830,A5101860830,Chao Wang,1,Exact DOI-level match
A5101861850,A5101861850,Lei Wang,1,Exact DOI-level match
A5101868642,A5101868642,Liang Wang,1,Exact DOI-level match
A5101869288,A5101869288,Hong Li,1,Exact DOI-level match
A5101870488,A5101870488,Yu Wang,1,Exact DOI-level match
A5101870787,A5101870787,Yang Liu,1,Exact DOI-level match
A5101871331,A5101871331,Wei Zhang,1,Exact DOI-level match
A5101872244,A5101872244,Jian Li,1,Exact DOI-level match
A5101877339,A5101877339,Jian Xu,1,Exact DOI-level match
A5101877929,A5101877929,Yu Zhang,1,Exact DOI-level match
A5101879486,A5101879486,Wang Jun,1,Exact DOI-level match
A5101879933,A5101879933,Qi Wang,1,Exact DOI-level match
A5101880132,A5101880132,Yang Li,1,Exact DOI-level match
A5101880175,A5101880175,Hao Wang,1,Exact DOI-level match
A5101882854,A5101882854,Jing Li,1,Exact DOI-level match
A5101886618,A5101886618,Tao Wang,1,Exact DOI-level match
A5101886854,A5101886854,Yu Zhang,1,Exact DOI-level match
A5101895062,A5101895062,Ping Wang,1,Exact DOI-level match
A5101895992,A5101895992,Ying Zhang,1,Exact DOI-level match
A5101897890,A5101897890,Hui Li,1,Exact DOI-level match
A5101899269,A5101899269,Hui Zhang,1,Exact DOI-level match
A5101903125,A5101903125,Jun Liu,1,Exact DOI-level match
A5101904389,A5101904389,Jun Li,1,Exact DOI-level match
A5101906873,A5101906873,Wei Liu,1,Exact DOI-level match
A5101911113,A5101911113,Jun Yang,1,Exact DOI-level match
A5101917726,A5101917726,Lei Zhang,1,Exact DOI-level match
A5101919621,A5101919621,Yang Liu,1,Exact DOI-level match
A5101923319,A5101923319,Ying Liu,1,Exact DOI-level match
A5101930356,A5101930356,Yan Li,1,Exact DOI-level match
A5101930813,A5101930813,Wei Li,1,Exact DOI-level match
A5101932080,A5101932080,Ying Liu,1,Exact DOI-level match
A5101933045,A5101933045,Bin Wang,1,Exact DOI-level match
A5101933924,A5101933924,Tao Wang,1,Exact DOI-level match
A5101937669,A5101937669,Yang Li,1,Exact DOI-level match
A5101939501,A5101939501,Yu Wang,1,Exact DOI-level match
A5101940143,A5101940143,Chao Wang,1,Exact DOI-level match
A5101943107,A5101943107,Li Yang,1,Exact DOI-level match
A5101945802,A5101945802,Qian Li,1,Exact DOI-level match
A5101947323,A5101947323,Qi Wang,1,Exact DOI-level match
A5101949154,A5101949154,Peng Zhang,1,Exact DOI-level match
A5101949155,A5101949155,Peng Zhang,1,Exact DOI-level match
A5101955899,A5101955899,Yan Chen,1,Exact DOI-level match
A5101962762,A5101962762,Wei Chen,1,Exact DOI-level match
A5101964376,A5101964376,Hui Li,1,Exact DOI-level match
A5101970527,A5101970527,Tao Liu,1,Exact DOI-level match
A5101975094,A5101975094,Qi Wang,1,Exact DOI-level match
A5101975705,A5101975705,Min Li,1,Exact DOI-level match
A5101976608,A5101976608,Jing Zhao,1,Exact DOI-level match
A5101978970,A5101978970,Lei Liu,1,Exact DOI-level match
A5101979804,A5101979804,Jie Chen,1,Exact DOI-level match
A5101981090,A5101981090,Fang Wang,1,Exact DOI-level match
A5101981092,A5101981092,Fang Wang,1,Exact DOI-level match
A5101981637,A5101981637,Hui Liu,1,Exact DOI-level match
A5101981780,A5101981780,Yu Liu,1,Exact DOI-level match
A5101982203,A5101982203,Feng Wang,1,Exact DOI-level match
A5101982490,A5101982490,Bin Zhang,1,Exact DOI-level match
A5101983417,A5101983417,Yan Zhang,1,Exact DOI-level match
A5101983801,A5101983801,Jie Li,1,Exact DOI-level match
A5101984581,A5101984581,Jian Li,1,Exact DOI-level match
A5101985994,A5101985994,Zhang Yong,1,Exact DOI-level match
A5101987392,A5101987392,Qi Wang,1,Exact DOI-level match
A5101989559,A5101989559,Yan Chen,1,Exact DOI-level match
A5101992212,A5101992212,Hui Li,1,Exact DOI-level match
A5101992682,A5101992682,Yu Liu,1,Exact DOI-level match
A5101993111,A5101993111,Wei Zhang,1,Exact DOI-level match
A5101995233,A5101995233,Min Wang,1,Exact DOI-level match
A5101996567,A5101996567,Qian Li,1,Exact DOI-level match
A5101996816,A5101996816,Hui Wang,1,Exact DOI-level match
A5101998802,A5101998802,Li Hong,1,Exact DOI-level match
A5102000409,A5102000409,Bo Zhang,1,Exact DOI-level match
A5102003486,A5102003486,Xin Zhang,1,Exact DOI-level match
A5102005976,A5102005976,Yang Liu,1,Exact DOI-level match
A5102006736,A5102006736,Jin Wang,1,Exact DOI-level match
A5102007222,A5102007222,Jian Li,1,Exact DOI-level match
A5102013013,A5102013013,Yong Wang,1,Exact DOI-level match
A5102013672,A5102013672,Li Jun,1,Exact DOI-level match
A5102014320,A5102014320,Wang Lin,1,Exact DOI-level match
A5102014717,A5102014717,Jian Li,1,Exact DOI-level match
A5102015424,A5102015424,Jing Zhao,1,Exact DOI-level match
A5102017562,A5102017562,Wei Wang,1,Exact DOI-level match
A5102021858,A5102021858,Yang Li,1,Exact DOI-level match
A5102022760,A5102022760,Fang Liu,1,Exact DOI-level match
A5102023137,A5102023137,Wei Chen,1,Exact DOI-level match
A5102023839,A5102023839,Lei Zhang,1,Exact DOI-level match
A5102023989,A5102023989,Jing Zhao,1,Exact DOI-level match
A5102025755,A5102025755,Li Ping,1,Exact DOI-level match
A5102028170,A5102028170,Xi Chen,1,Exact DOI-level match
A5102484987,A5102484987,Yang Zhang,1,Exact DOI-level match
A5102647679,A5102647679,Ying Chun Li,1,Exact DOI-level match
A5102725591,A5102725591,Jun Zhang,1,Exact DOI-level match
A5102728879,A5102728879,Yi Zhang,1,Exact DOI-level match
A5102745002,A5102745002,Li Yang,1,Exact DOI-level match
A5102754404,A5102754404,Yu Zhang,1,Exact DOI-level match
A5102778991,A5102778991,Juan Li,1,Exact DOI-level match
A5102782865,A5102782865,Feng Wang,1,Exact DOI-level match
A5102786560,A5102786560,Jian Xu,1,Exact DOI-level match
A5102792357,A5102792357,Jun Liu,1,Exact DOI-level match
A5102794270,A5102794270,Yan Liu,1,Exact DOI-level match
A5102819538,A5102819538,Jing Zhang,1,Exact DOI-level match
A5102829821,A5102829821,Ming Li,1,Exact DOI-level match
A5102843527,A5102843527,Feng Wang,1,Exact DOI-level match
A5102867906,A5102867906,Yan Wang,1,Exact DOI-level match
A5102868122,A5102868122,Li Yang,1,Exact DOI-level match
A5102868743,A5102868743,Dan Liu,1,Exact DOI-level match
A5102871845,A5102871845,Jing Yang,1,Exact DOI-level match
A5102872389,A5102872389,Wang Min,1,Exact DOI-level match
A5102888516,A5102888516,Yi Wang,1,Exact DOI-level match
A5102900476,A5102900476,Ming Li,1,Exact DOI-level match
A5102903857,A5102903857,Jun Lu,1,Exact DOI-level match
A5102917382,A5102917382,Wei Li,1,Exact DOI-level match
A5102924196,A5102924196,Wei Zhang,1,Exact DOI-level match
A5102937181,A5102937181,Hong Li,1,Exact DOI-level match
A5102953247,A5102953247,J. Liu,1,Exact DOI-level match
A5102960220,A5102960220,Feng Wang,1,Exact DOI-level match
A5102973091,A5102973091,Yu Wang,1,Exact DOI-level match
A5102974766,A5102974766,Ming Li,1,Exact DOI-level match
A5102985039,A5102985039,Yang Liu,1,Exact DOI-level match
A5102993611,A5102993611,Jing Zhao,1,Exact DOI-level match
A5102995581,A5102995581,Jun Yang,1,Exact DOI-level match
A5103041386,A5103041386,Hong Zhang,1,Exact DOI-level match
A5103043669,A5103043669,Liang Wang,1,Exact DOI-level match
A5103053297,A5103053297,Li Lei,1,Exact DOI-level match
A5103053572,A5103053572,Xin Zhang,1,Exact DOI-level match
A5103073589,A5103073589,Jie Wang,1,Exact DOI-level match
A5103105312,A5103105312,Jun Ru Yang,1,Exact DOI-level match
A5103108220,A5103108220,Feng Wang,1,Exact DOI-level match
A5103110312,A5103110312,Li Chen,1,Exact DOI-level match
A5103111786,A5103111786,Lei Zhang,1,Exact DOI-level match
A5103116435,A5103116435,Jing Chen,1,Exact DOI-level match
A5103141629,A5103141629,Dan Liu,1,Exact DOI-level match
A5103157014,A5103157014,Lei Wang,1,Exact DOI-level match
A5103166485,A5103166485,Yang Wang,1,Exact DOI-level match
A5103170672,A5103170672,Wei Liu,1,Exact DOI-level match
A5103177501,A5103177501,Jing Zhang,1,Exact DOI-level match
A5103178479,A5103178479,Lei Liu,1,Exact DOI-level match
A5103184233,A5103184233,Jie Wang,1,Exact DOI-level match
A5103186940,A5103186940,Z. Tao,1,Exact DOI-level match
A5103187234,A5103187234,Wei Wang,1,Exact DOI-level match
A5103198031,A5103198031,Jing Wang,1,Exact DOI-level match
A5103201487,A5103201487,Lin Zhang,1,Exact DOI-level match
A5103213127,A5103213127,Dan Wang,1,Exact DOI-level match
A5103218134,A5103218134,Wei Zhang,1,Exact DOI-level match
A5103224227,A5103224227,Ying Zhang,1,Exact DOI-level match
A5103235582,A5103235582,Jing Zhao,1,Exact DOI-level match
A5103237433,A5103237433,Lei Liu,1,Exact DOI-level match
A5103247363,A5103247363,Jing Zhao,1,Exact DOI-level match
A5103272289,A5103272289,Wei Zhao,1,Exact DOI-level match
A5103274952,A5103274952,Qian Li,1,Exact DOI-level match
A5103276659,A5103276659,Bo Wang,1,Exact DOI-level match
A5103282157,A5103282157,Yan Li,1,Exact DOI-level match
A5103401671,A5103401671,Li Li,1,Exact DOI-level match
A5103409441,A5103409441,Jing Yang,1,Exact DOI-level match
A5103641532,A5103641532,Yang Li,1,Exact DOI-level match
A5103756554,A5103756554,Jasti S. Rao,1,Exact DOI-level match
A5103821838,A5103821838,Jun Lu,1,Exact DOI-level match
A5103836716,A5103836716,Rui Zhang,1,Exact DOI-level match
A5104075260,A5104075260,Jie Chen,1,Exact DOI-level match
A5104080732,A5104080732,Yan Zhang,1,Exact DOI-level match
A5104169440,A5104169440,Hong Zhang,1,Exact DOI-level match
A5104239516,A5104239516,Wei Li,1,Exact DOI-level match
A5104255973,A5104255973,Yang Yang,1,Exact DOI-level match
A5104299271,A5104299271,Yang Yang,1,Exact DOI-level match
A5104319672,A5104319672,Yang Li,1,Exact DOI-level match
A5104668712,A5104668712,Jie Zhang,1,Exact DOI-level match
A5104928020,A5104928020,Wei Wang,1,Exact DOI-level match
A5105235533,A5105235533,Li Li,1,Exact DOI-level match
A5105667992,A5105667992,Jun Wang,1,Exact DOI-level match
A5105690761,A5105690761,Yang Wang,1,Exact DOI-level match
A5105757192,A5105757192,Peng Li,1,Exact DOI-level match
A5105797276,A5105797276,尚美 木本,1,Unresolved abbreviation
A5106036096,A5106036096,Yu Wang,1,Exact DOI-level match
A5106231611,A5106231611,Ying Li,1,Exact DOI-level match
A5106235754,A5106235754,Bin Liu,1,Exact DOI-level match
A5106387597,A5106387597,Min Li,1,Exact DOI-level match
A5106403837,A5106403837,Yan Wang,1,Exact DOI-level match
A5106406940,A5106406940,Lei Wang,1,Exact DOI-level match
A5106407830,A5106407830,Li Li,1,Exact DOI-level match
A5106596953,A5106596953,Min Li,1,Exact DOI-level match
A5106725202,A5106725202,Juan Li,1,Exact DOI-level match
A5106920585,A5106920585,Peng Li,1,Exact DOI-level match
A5106975842,A5106975842,Jun Liu,1,Exact DOI-level match
A5106980048,A5106980048,Liakopoulos Dimitris,1,Exact DOI-level match
A5107031356,A5107031356,Gang Wang,1,Exact DOI-level match
A5107062631,A5107062631,Tao Li,1,Exact DOI-level match
A5107114898,A5107114898,Li Li,1,Exact DOI-level match
A5107170303,A5107170303,Min Li,1,Exact DOI-level match
A5107306837,A5107306837,Yu Wang,1,Exact DOI-level match
A5107444519,A5107444519,Ying Zhang,1,Exact DOI-level match
A5107838887,A5107838887,Hong Zhang,1,Exact DOI-level match
A5107842408,A5107842408,Qian Li,1,Exact DOI-level match
A5107863477,A5107863477,Yu Zhang,1,Exact DOI-level match
A5107885846,A5107885846,Lei Li,1,Exact DOI-level match
A5107889976,A5107889976,Li Wang,3,Merged 3 OpenAlex profiles
A5107891330,A5107891330,Fang Liu,1,Exact DOI-level match
A5107938911,A5107938911,Min Li,1,Exact DOI-level match
A5107953153,A5107953153,Nan Li,1,Exact DOI-level match
A5107954647,A5107954647,Ying Zhang,1,Exact DOI-level match
A5107957665,A5107957665,Peng Li,1,Exact DOI-level match
A5108046685,A5108046685,Wei Li,1,Exact DOI-level match
A5108046728,A5108046728,Ying Zhang,1,Exact DOI-level match
A5108046754,A5108046754,Ying Zhang,1,Exact DOI-level match
A5108047871,A5108047871,Yi Wang,1,Exact DOI-level match
A5108047889,A5108047889,Yi-Xiang Wang,1,Exact DOI-level match
A5108048810,A5108048810,Wei Zhao,1,Exact DOI-level match
A5108049812,A5108049812,Lei Zhang,1,Exact DOI-level match
A5108052724,A5108052724,Yang Zhang,1,Exact DOI-level match
A5108052996,A5108052996,Yang Yang,1,Exact DOI-level match
A5108055084,A5108055084,Jing Liu,1,Exact DOI-level match
A5108059654,A5108059654,Hui Zhang,1,Exact DOI-level match
A5108059677,A5108059677,Hong Li,1,Exact DOI-level match
A5108063768,A5108063768,Bo Wang,1,Exact DOI-level match
A5108069464,A5108069464,Li Li,1,Exact DOI-level match
A5108108376,A5108108376,Liang Wang,1,Exact DOI-level match
A5108117231,A5108117231,Ying Zhang,1,Exact DOI-level match
A5108144474,A5108144474,Peng Li,1,Exact DOI-level match
A5108146628,A5108146628,Yang Liu,1,Exact DOI-level match
A5108156794,A5108156794,Bin Wang,1,Exact DOI-level match
A5108240542,A5108240542,Wei Zhang,1,Exact DOI-level match
A5108258014,A5108258014,Bo Wang,1,Exact DOI-level match
A5108361045,A5108361045,Jing Yang,1,Exact DOI-level match
A5108397355,A5108397355,Fang Liu,1,Exact DOI-level match
A5108417396,A5036218939,G. Hempelmann,3,Merged 3 OpenAlex profiles
A5108448496,A5108448496,Jie Li,1,Exact DOI-level match
A5108572291,A5108572291,Ping Zhang,1,Exact DOI-level match
A5108574153,A5108574153,Jing Zhao,1,Exact DOI-level match
A5108576108,A5108576108,Yong Zhang,1,Exact DOI-level match
A5108600470,A5108600470,Hua Zhong,1,Exact DOI-level match
A5108651569,A5108651569,Jun Lü,1,Exact DOI-level match
A5108683792,A5108683792,Ying Liu,1,Exact DOI-level match
A5108731091,A5108731091,Jun Yang,1,Exact DOI-level match
A5108732420,A5108732420,Qian Li,1,Exact DOI-level match
A5108739892,A5108739892,Na Li,1,Exact DOI-level match
A5108779115,A5108779115,Bin Liu,1,Exact DOI-level match
A5108782830,A5108782830,Gang Wang,1,Exact DOI-level match
A5108811062,A5108811062,Y. Fujii,1,Unresolved abbreviation
A5108823933,A5108823933,Yi Zhang,1,Exact DOI-level match
A5108827472,A5108827472,Tao Wang,1,Exact DOI-level match
A5108831521,A5108831521,Yu Wang,1,Exact DOI-level match
A5108971751,A5108971751,Lei Wang,1,Exact DOI-level match
A5109092413,A5109092413,Michael Fresenius,1,Exact DOI-level match
A5109247804,A5109247804,Wei Zhang,1,Exact DOI-level match
A5109278193,A5109278193,Fazlul H. Sarkar,1,Exact DOI-level match
A5109403893,A5109403893,Lei Liu,1,Exact DOI-level match
A5109482157,A5109482157,Yu Liu,1,Exact DOI-level match
A5109542843,A5109542843,Yuhji Saitoh,2,Merged 2 OpenAlex profiles
A5109569139,A5109542843,Yuhji Saitoh,2,Merged 2 OpenAlex profiles
A5109583153,A5109583153,Rui Zhang,1,Exact DOI-level match
A5109678794,A5109678794,Hao Chen,1,Exact DOI-level match
A5109863564,A5109863564,Li Li,1,Exact DOI-level match
A5109875525,A5109875525,Jing Li,1,Exact DOI-level match
A5109948506,A5074419878,Jun Iwamoto,2,Merged 2 OpenAlex profiles
A5109953883,A5109953883,Ping Wang,1,Exact DOI-level match
A5109971899,A5109971899,J Li,1,Unresolved abbreviation
A5110124818,A5110124818,Yoshitaka Fujii,1,Exact DOI-level match
A5110151879,A5110151879,Yoshitaka Fujii,1,Exact DOI-level match
A5110163940,A5056921218,Hiroyoshi Tanaka,4,Merged 4 OpenAlex profiles
A5110377414,A5110377414,Yang Yang,1,Exact DOI-level match
A5110377895,A5110377895,Yan Wang,1,Exact DOI-level match
A5110380913,A5056921218,Hiroyoshi Tanaka,4,Merged 4 OpenAlex profiles
A5110468596,A5110468596,Ping Li,1,Exact DOI-level match
A5110515489,A5110515489,Feng Li,1,Exact DOI-level match
A5110516399,A5110516399,Xin Zhang,1,Exact DOI-level match
A5110646701,A5110646701,Xin Li,1,Exact DOI-level match
A5110667048,A5110667048,Xin Wang,1,Exact DOI-level match
A5110742141,A5110742141,Fei Wang,1,Exact DOI-level match
A5110795513,A5110795513,Yoshihiro Satō,1,Exact DOI-level match
A5110826850,A5110826850,Jun Yang,1,Exact DOI-level match
A5110848668,A5110848668,Feng Li,1,Exact DOI-level match
A5110875673,A5110875673,Shadi Riahi,1,Exact DOI-level match
A5111054898,A5111054898,Wei Zhao,1,Exact DOI-level match
A5111365052,A5111365052,Tao Wang,1,Exact DOI-level match
A5111410581,A5111410581,Yoshihiro Sato,1,Exact DOI-level match
A5111499609,A5111499609,Li Wang,1,Exact DOI-level match
A5111511007,A5111511007,Fei Wang,1,Exact DOI-level match
A5111531609,A5111531609,Jun Yang,1,Exact DOI-level match
A5111554215,A5111554215,Jun Wang,1,Exact DOI-level match
A5111562782,A5111562782,Stefan Suttner,2,Merged 2 OpenAlex profiles
A5111597301,A5111597301,Y. Zhang,1,Unresolved abbreviation
A5111641520,A5111641520,Jie Li,1,Exact DOI-level match
A5111763115,A5111763115,Lei Zhang,1,Exact DOI-level match
A5111812676,A5111812676,Y. Sato,1,Confirmed abbreviation
A5111934554,A5111562782,Stefan Suttner,2,Merged 2 OpenAlex profiles
A5111964102,A5111964102,Jun Wang,1,Exact DOI-level match
A5112079336,A5112079336,Zhang Jin,1,Exact DOI-level match
A5112114445,A5112114445,Jing Chen,1,Exact DOI-level match
A5112115843,A5112115843,Yong Wang,1,Exact DOI-level match
A5112411768,A5112411768,Wei Li,1,Exact DOI-level match
A5112532734,A5112532734,Dan Wang,1,Exact DOI-level match
A5112534202,A5112534202,Xin Zhang,1,Exact DOI-level match
A5112542518,A5112542518,Hao Chen,1,Exact DOI-level match
A5112550617,A5112550617,Wang Hong,1,Exact DOI-level match
A5112577317,A5112577317,Jun Yang,1,Exact DOI-level match
A5112658615,A5112658615,Yan Zhang,1,Exact DOI-level match
A5112664324,A5112664324,Jian Xu,1,Exact DOI-level match
A5112723885,A5112723885,Jing Liu,1,Exact DOI-level match
A5112874868,A5112874868,Yang Li,1,Exact DOI-level match
A5112887955,A5112887955,Li Li,1,Exact DOI-level match
A5112890524,A5112890524,Jie Zhang,1,Exact DOI-level match
A5112900684,A5112900684,Li Wang,1,Exact DOI-level match
A5112930506,A5112930506,Y. Sato,1,Confirmed abbreviation
A5112959879,A5112959879,Yang Zhang,1,Exact DOI-level match
A5113079405,A5113079405,Yu Liu,1,Exact DOI-level match
A5113087192,A5113087192,Jing Zhang,1,Exact DOI-level match
A5113149079,A5113149079,Hui Li,1,Exact DOI-level match
A5113186018,A5113186018,Dan Wang,1,Exact DOI-level match
A5113329408,A5113329408,Bo Li,1,Exact DOI-level match
A5113333854,A5113333854,Qian Li,1,Exact DOI-level match
A5113353372,A5113353372,Hong Zhang,1,Exact DOI-level match
A5113373874,A5113373874,Jian Xu,1,Exact DOI-level match
A5113384513,A5113384513,Jing Wang,1,Exact DOI-level match
A5113414168,A5113414168,Qian Zhang,1,Exact DOI-level match
A5113414416,A5113414416,Jin Wang,1,Exact DOI-level match
A5113427686,A5113427686,Yong Zhang,1,Exact DOI-level match
A5113507673,A5113643499,Swen N. Piper,3,Merged 3 OpenAlex profiles
A5113517827,A5023949389,Hidenori Toyooka,3,Merged 3 OpenAlex profiles
A5113566766,A5113566766,Hui Liu,1,Exact DOI-level match
A5113639147,A5113643499,Swen N. Piper,3,Merged 3 OpenAlex profiles
A5113643499,A5113643499,Swen N. Piper,3,Merged 3 OpenAlex profiles
A5113716959,A5113716959,Jian Xu,1,Exact DOI-level match
A5113788436,A5113788436,Yu Liu,1,Exact DOI-level match
A5113904786,A5113904786,Rui Wang,1,Exact DOI-level match
A5114155974,A5114155974,Jing Zhang,1,Exact DOI-level match
A5114244118,A5114244118,Li Li,1,Exact DOI-level match
A5114375779,A5114375779,Peng Zhang,1,Exact DOI-level match
A5114377942,A5114377942,Bo Zhang,1,Exact DOI-level match
A5114378296,A5114378296,Yang Yang,1,Exact DOI-level match
A5114546958,A5114546958,Jing Wei Liu,1,Exact DOI-level match
A5114549706,A5114549706,Gang Wang,1,Exact DOI-level match
A5114585361,A5114585361,Li Zhang,1,Exact DOI-level match
A5114608804,A5114608804,Jing Wang,1,Exact DOI-level match
A5114804029,A5114804029,Rui Zhang,1,Exact DOI-level match
A5114860112,A5114860112,Jing Liu,1,Exact DOI-level match
A5114889239,A5114889239,Yan Wang,1,Exact DOI-level match
A5114911316,A5114911316,Li Li,1,Exact DOI-level match
A5114929650,A5114929650,Jian Zhang,1,Exact DOI-level match
A5114973643,A5114973643,Yang Liu,1,Exact DOI-level match
A5114994797,A5114994797,Ying Wang,1,Exact DOI-level match
A5115076700,A5115076700,Chao Wang,1,Exact DOI-level match
A5115588071,A5115588071,Jing Liu,1,Exact DOI-level match
A5115588160,A5115588160,Li Zhang,1,Exact DOI-level match
A5115588577,A5115588577,Peng Zhang,1,Exact DOI-level match
A5115588655,A5115588655,Hao Zhang,1,Exact DOI-level match
A5115589185,A5115589185,Jing Li,1,Exact DOI-level match
A5115589198,A5115589198,Jing Wang,1,Exact DOI-level match
A5115589352,A5115589352,Hao Wang,1,Exact DOI-level match
A5115589622,A5115589622,Jian Wang,1,Exact DOI-level match
A5115590096,A5115590096,Xin Zhang,1,Exact DOI-level match
A5115590684,A5115590684,Wei Wang,1,Exact DOI-level match
A5115591660,A5115591660,Yan Wang,1,Exact DOI-level match
A5115592026,A5115592026,Wei Zhang,1,Exact DOI-level match
A5115593250,A5115593250,Yang Liu,1,Exact DOI-level match
A5115594996,A5115594996,Lei Wang,1,Exact DOI-level match
A5115595101,A5115595101,Hui Wang,1,Exact DOI-level match
A5115596056,A5115596056,Rui Wang,2,Merged 2 OpenAlex profiles
A5115596413,A5115596413,Yu Wang,1,Exact DOI-level match
A5115596731,A5115596731,Lei Wang,1,Exact DOI-level match
A5115596787,A5115596787,Jun Li,1,Exact DOI-level match
A5115596846,A5115596846,Wei Chen,1,Exact DOI-level match
A5115596851,A5115596851,Hao Wang,1,Exact DOI-level match
A5115596907,A5115596907,Yang Zhang,1,Exact DOI-level match
A5115597675,A5115597675,Hong Wang,1,Exact DOI-level match
A5115600572,A5115600572,Jing Chen,1,Exact DOI-level match
A5115601814,A5115601814,Jie Chen,1,Exact DOI-level match
A5115601815,A5115601815,Jie Chen,1,Exact DOI-level match
A5115602019,A5115602019,Fang Wang,1,Exact DOI-level match
A5115602022,A5115602022,Hui Wang,1,Exact DOI-level match
A5115602045,A5115602045,Jie Wang,1,Exact DOI-level match
A5115602051,A5115602051,Yang Wang,1,Exact DOI-level match
A5115602070,A5115602070,Fang Wang,1,Exact DOI-level match
A5115602155,A5115602155,Tao Zhang,1,Exact DOI-level match
A5115602340,A5115602340,Hui Liu,1,Exact DOI-level match
A5115602441,A5115602441,Lei Liu,1,Exact DOI-level match
A5115602686,A5115602686,Lei Li,1,Exact DOI-level match
A5115602707,A5115602707,Yang Wang,1,Exact DOI-level match
A5115602709,A5115602709,Yu Wang,1,Exact DOI-level match
A5115602710,A5115602710,Ying Wang,1,Exact DOI-level match
A5115603610,A5115603610,Qian Zhang,1,Exact DOI-level match
A5115603637,A5115603637,Rui Zhang,1,Exact DOI-level match
A5115603655,A5115603655,Yan Zhang,1,Exact DOI-level match
A5115603669,A5115603669,Jing Zhang,1,Exact DOI-level match
A5115603684,A5115603684,Hui Zhang,1,Exact DOI-level match
A5115603709,A5115603709,Tao Liu,1,Exact DOI-level match
A5115604378,A5115604378,Lei Zhang,1,Exact DOI-level match
A5115604431,A5115604431,Dan Li,1,Exact DOI-level match
A5115604615,A5115604615,Yu Liu,1,Exact DOI-level match
A5115605022,A5115605022,Tao Li,1,Exact DOI-level match
A5115694897,A5115694897,Jing Wang,1,Exact DOI-level match
A5115695074,A5115695074,Lin Wang,1,Exact DOI-level match
A5115695385,A5115695385,Tao Wang,1,Exact DOI-level match
A5115695450,A5115695450,Yan Wang,1,Exact DOI-level match
A5115695473,A5115695473,Ping Wang,1,Exact DOI-level match
A5115695478,A5115695478,Li Wang,1,Exact DOI-level match
A5115695483,A5115695483,Yan Wang,1,Exact DOI-level match
A5115695500,A5115695500,Wei Wang,1,Exact DOI-level match
A5115695506,A5115695506,Wei Wang,1,Exact DOI-level match
A5115695510,A5115695510,Jun Wang,1,Exact DOI-level match
A5115695525,A5115695525,Lei Wang,1,Exact DOI-level match
A5115695550,A5115695550,Yan Wang,1,Exact DOI-level match
A5116016368,A5116016368,Jing Liu,1,Exact DOI-level match
A5116319512,A5116319512,Li Wang,1,Exact DOI-level match
A5116337743,A5116337743,Wei Wang,1,Exact DOI-level match
A5116568586,A5116568586,Jian Wang,1,Exact DOI-level match
A5116719957,A5116719957,Wei Liu,1,Exact DOI-level match
A5116736541,A5107889976,Li Wang,3,Merged 3 OpenAlex profiles
A5117137724,A5117137724,Hui Wang,1,Exact DOI-level match
A5117459284,A5117459284,Hong Zhang,1,Exact DOI-level match
A5117525036,A5117525036,Wei Wang,1,Exact DOI-level match
A5117634646,A5117634646,Yang Zhang,1,Exact DOI-level match
A5117779795,A5117779795,Hui Li,1,Exact DOI-level match
A5118941484,A5107889976,Li Wang,3,Merged 3 OpenAlex profiles
A5118969723,A5118969723,Wei Wang,1,Exact DOI-level match
A5118983736,A5118983736,Wei Zhang,1,Exact DOI-level match
A5119013751,A5119013751,Yan Wang,1,Exact DOI-level match
A5119206315,A5119206315,Min Wang,1,Exact DOI-level match
A5119268674,A5119268674,Min Zhang,1,Exact DOI-level match
A5119272133,A5119272133,Ying Wang,1,Exact DOI-level match
A5119272186,A5119272186,Jing Liu,1,Exact DOI-level match
A5119607022,A5119607022,Hui Zhang,1,Exact DOI-level match
A5119767597,A5119767597,Yong Zhang,1,Exact DOI-level match
A5119929943,A5119929943,Yan Wang,1,Exact DOI-level match
A5125168263,A5125168263,Xi Chen,1,Exact DOI-level match
A5132799693,A5132799693,J Boldt,1,Unresolved abbreviation
A5134056450,A5134056450,Bin Wang,1,Exact DOI-level match
