openalex_author_id,author,paper_key,doi,source_author_names,publication_year,retraction_year,retraction_lag_years,match_type
A5000044808,Li Chen,doi:10.1155/2022/5166100,10.1155/2022/5166100,Li Chen,2022,2023,1,Exact
A5000117750,Hong Zhang,doi:10.1155/2022/4234137,10.1155/2022/4234137,Hong Zhang,2022,2023,1,Exact
A5000155659,Wei Zhang,doi:10.1155/2022/6234883,10.1155/2022/6234883,Wei Zhang,2022,2023,1,Exact
A5000201876,Jie Zhang,doi:10.1109/etcs.2010.474,10.1109/etcs.2010.474,Jie Zhang,2010,2010,0,Exact
A5000211045,Ping Li,doi:10.1155/2022/1414641,10.1155/2022/1414641,Ping Li,2022,2023,1,Exact
A5000314950,Jian Zhang,doi:10.1001/jama.2016.20036,10.1001/jama.2016.20036,Jian Zhang,2017,2018,1,Exact
A5000314950,Jian Zhang,doi:10.1001/jamapediatrics.2018.1012,10.1001/jamapediatrics.2018.1012,Jian Zhang,2018,2019,1,Exact
A5000436270,Lei Wang,doi:10.1155/2022/1704948,10.1155/2022/1704948,Lei Wang,2022,2023,1,Exact
A5000512905,Jun Yang,doi:10.1007/s12020-018-1803-1,10.1007/s12020-018-1803-1,Jun Yang,2018,2022,4,Exact
A5000531260,Dan Li,doi:10.1155/2022/8763304,10.1155/2022/8763304,Dan Li,2022,2023,1,Exact
A5000570841,Bin Liu,doi:10.1155/2022/5776831,10.1155/2022/5776831,Bin Liu,2022,2024,2,Exact
A5001059898,Yang Liu,doi:10.1016/j.phpro.2012.03.171,10.1016/j.phpro.2012.03.171,Yang Liu,2012,2013,1,Exact
A5001251426,Peng Zhang,doi:10.1186/s12885-018-5199-3,10.1186/s12885-018-5199-3,Peng Zhang,2018,2021,3,Exact
A5001362174,Feng Wang,doi:10.1155/2022/7580642,10.1155/2022/7580642,Feng Wang,2022,2023,1,Exact
A5001392952,Yang Liu,doi:10.1155/2021/5546716,10.1155/2021/5546716,Yang Liu,2021,2023,2,Exact
A5001396636,Tao Zhang,doi:10.1155/2022/9430708,10.1155/2022/9430708,Tao Zhang,2022,2023,1,Exact
A5001526015,Qian Wang,doi:10.1109/icina.2010.5636433,10.1109/icina.2010.5636433,Qian Wang,2010,2010,0,Exact
A5001544321,Jun Zhang,doi:10.1155/2022/2794851,10.1155/2022/2794851,Jun Zhang,2022,2023,1,Exact
A5001559266,Feng Wang,doi:10.1155/2022/2586400,10.1155/2022/2586400,Feng Wang,2022,2023,1,Exact
A5001591092,Yan Liu,doi:10.1155/2022/8646994,10.1155/2022/8646994,Yan Liu,2022,2023,1,Exact
A5001612078,Yan Liu,doi:10.1007/s00210-014-1071-4,10.1007/s00210-014-1071-4,Yan Liu,2014,2021,7,Exact
A5001760784,Feng Wang,doi:10.1088/1742-6596/1574/1/012015,10.1088/1742-6596/1574/1/012015,Feng Wang,2020,2022,2,Exact
A5002025513,Fang Liu,doi:10.1155/2022/7425801,10.1155/2022/7425801,Fang Liu,2022,2023,1,Exact
A5002090770,M.H. Li,doi:10.1016/j.neuroscience.2013.04.015,10.1016/j.neuroscience.2013.04.015,Min Li,2013,2013,0,Initial
A5002125442,Tao Wang,doi:10.1155/2022/8353697,10.1155/2022/8353697,Tao Wang,2022,2023,1,Exact
A5002187164,Chandra Gopala Rao,doi:10.1016/b978-0-12-803365-4.00038-5,10.1016/b978-0-12-803365-4.00038-5,Chandra Gopala Rao,2015,2015,0,Exact
A5002187164,Chandra Gopala Rao,doi:10.1016/b978-0-12-803365-4.00040-3,10.1016/b978-0-12-803365-4.00040-3,Chandra Gopala Rao,2015,2015,0,Exact
A5002187164,Chandra Gopala Rao,doi:10.1016/b978-0-12-803365-4.00041-5,10.1016/b978-0-12-803365-4.00041-5,Chandra Gopala Rao,2015,2015,0,Exact
A5002244487,Lei Liu,doi:10.1155/2022/3627385,10.1155/2022/3627385,Lei Liu,2022,2023,1,Exact
A5002285108,Jing Zhang,doi:10.1111/iwj.14350,10.1111/iwj.14350,Jing Zhang,2023,2025,2,Exact
A5002442875,J Zhang,doi:10.1002/tox.24222,10.1002/tox.24222,Jing Zhang,2024,2025,1,Exact
A5002453567,Yang Liu,doi:10.1080/24701556.2019.1709505,10.1080/24701556.2019.1709505,Yang Liu,2020,2024,4,Exact
A5002498810,Yu Liu,doi:10.1109/qr2mse.2013.6625573,10.1109/qr2mse.2013.6625573,Yu Liu,2013,2013,0,Exact
A5002498810,Yu Liu,doi:10.1109/qr2mse.2013.6625679,10.1109/qr2mse.2013.6625679,Yu Liu,2013,2013,0,Exact
A5002498810,Yu Liu,doi:10.1109/qr2mse.2013.6625707,10.1109/qr2mse.2013.6625707,Yu Liu,2013,2013,0,Exact
A5002622778,Li Hong,doi:10.1155/2022/1865952,10.1155/2022/1865952,Hong Li,2022,2023,1,Exact
A5002637149,Jing Wang,doi:10.1155/2022/8282624,10.1155/2022/8282624,Jing Wang,2022,2024,2,Exact
A5002750918,Jun Li,doi:10.1155/2021/1255943,10.1155/2021/1255943,Jun Li,2021,2023,2,Exact
A5002814280,Tao Liu,doi:10.1002/bab.1310,10.1002/bab.1310,Tao Liu,2014,2023,9,Exact
A5002814280,Tao Liu,doi:10.1021/acsabm.8b00675,10.1021/acsabm.8b00675,Tao Liu,2019,2023,4,Exact
A5002847404,Jian Wang,doi:10.1038/s41417-021-00304-w,10.1038/s41417-021-00304-w,Jian Wang,2021,2021,0,Exact
A5002959160,Yong Wang,doi:10.1155/2022/1649455,10.1155/2022/1649455,Yong Wang,2022,2023,1,Exact
A5003031088,Jie Wang,doi:10.1371/journal.pone.0242629,10.1371/journal.pone.0242629,Jie Wang,2020,2025,5,Exact
A5003154300,Jun Zhang,doi:10.1155/2022/6886590,10.1155/2022/6886590,Jun Zhang,2022,2023,1,Exact
A5003277541,Jian Li,doi:10.1155/2022/3216045,10.1155/2022/3216045,Jian Li,2022,2023,1,Exact
A5003334032,Bo Wang,doi:10.1007/s00299-009-0732-0,10.1007/s00299-009-0732-0,Bo Wang,2009,2009,0,Exact
A5003408565,Lin Zhang,doi:10.1109/icebeg.2011.5876676,10.1109/icebeg.2011.5876676,Lin Zhang,2011,2011,0,Exact
A5003674725,Ying Li Wang,doi:10.1007/s11229-025-05020-8,10.1007/s11229-025-05020-8,Ying Wang,2025,2025,0,Exact
A5003724781,Yang Yang,doi:10.1016/j.tsc.2021.100930,10.1016/j.tsc.2021.100930,Yang Yang,2021,2022,1,Exact
A5003757195,Wei Zhao,doi:10.1007/s00432-019-03003-0,10.1007/s00432-019-03003-0,Wei Zhao,2019,2024,5,Exact
A5003813737,Rui Zhang,doi:10.1371/journal.pone.0263755,10.1371/journal.pone.0263755,Rui Zhang,2022,2024,2,Exact
A5003815460,Ying Zhang,doi:10.1155/2022/3676444,10.1155/2022/3676444,Ying Zhang,2022,2023,1,Exact
A5003837307,Hui Wang,doi:10.1155/2022/3300449,10.1155/2022/3300449,Hui Wang,2022,2023,1,Exact
A5003871909,Yan Zhang,doi:10.1155/2022/8517802,10.1155/2022/8517802,Yan Zhang,2022,2023,1,Exact
A5004063425,Y. Wang,doi:10.1124/jpet.111.190918,10.1124/jpet.111.190918,Yu Wang,2012,2012,0,Initial
A5004137391,Li Li,doi:10.1155/2022/8963756,10.1155/2022/8963756,Li Li,2022,2023,1,Exact
A5004150912,Jun Yang,doi:10.1109/icbbe.2011.5781440,10.1109/icbbe.2011.5781440,Jun Yang,2011,2011,0,Exact
A5004255007,Na Li,doi:10.1155/2022/3034928,10.1155/2022/3034928,Na Li,2022,2023,1,Exact
A5004255007,Na Li,doi:10.1155/2022/8793521,10.1155/2022/8793521,Na Li,2022,2023,1,Exact
A5004389567,Yang Wang,doi:10.3892/ijmm.2017.3166,10.3892/ijmm.2017.3166,Yang Wang,2017,2018,1,Exact
A5004389567,Yang Wang,doi:10.1042/bsr20160532,10.1042/bsr20160532,Yang Wang,2017,2021,4,Exact
A5004486459,Hui Li,doi:10.2147/ott.s233256,10.2147/ott.s233256,Hui Li,2020,2021,1,Exact
A5004486459,Hui Li,doi:10.1016/j.anl.2021.04.013,10.1016/j.anl.2021.04.013,Hui Li,2021,2024,3,Exact
A5004486459,Hui Li,doi:10.1016/j.lfs.2020.117425,10.1016/j.lfs.2020.117425,Hui Li,2020,2024,4,Exact
A5004578755,Jun Liu,doi:10.1155/2022/4378173,10.1155/2022/4378173,Jun Liu,2022,2023,1,Exact
A5004844933,Lei Li,doi:10.1155/2022/2498435,10.1155/2022/2498435,Lei Li,2022,2023,1,Exact
A5005049433,Hui Wang,doi:10.1109/icmss.2009.5302672,10.1109/icmss.2009.5302672,Hui Wang,2009,2009,0,Exact
A5005075928,Jing Zhang,doi:10.1155/2022/2175020,10.1155/2022/2175020,Jing Zhang,2022,2023,1,Exact
A5005112871,Jing Yang,doi:10.1371/journal.pone.0102522,10.1371/journal.pone.0102522,Jing Yang,2014,2019,5,Exact
A5005208943,Ping Wang,doi:10.1109/icebeg.2011.5881804,10.1109/icebeg.2011.5881804,Ping Wang,2011,2011,0,Exact
A5005433863,Lin Wang,doi:10.1155/2022/8209861,10.1155/2022/8209861,Lin Wang,2022,2023,1,Exact
A5005528787,Jing Li,doi:10.1109/etcs.2010.251,10.1109/etcs.2010.251,Jing Li,2010,2010,0,Exact
A5005691416,Dan Wang,doi:10.1155/2022/4055128,10.1155/2022/4055128,Dan Wang,2022,2023,1,Exact
A5005746172,Hao Wang,doi:10.1155/2022/9721702,10.1155/2022/9721702,Hao Wang,2022,2023,1,Exact
A5005804072,Jun Zhang,doi:10.1155/2021/5545956,10.1155/2021/5545956,Jun Zhang,2021,2023,2,Exact
A5005804072,Jun Zhang,doi:10.1155/2021/9947811,10.1155/2021/9947811,Jun Zhang,2021,2023,2,Exact
A5005876103,Wei Liu,doi:10.1155/2022/5207003,10.1155/2022/5207003,Wei Liu,2022,2023,1,Exact
A5005908337,Yan Chen,doi:10.1155/2022/8786035,10.1155/2022/8786035,Yan Chen,2022,2023,1,Exact
A5005934609,Yang Zhang,doi:10.1155/2022/2794225,10.1155/2022/2794225,Yang Zhang,2022,2023,1,Exact
A5005983977,Hong Zhang,doi:10.1109/ssme.2009.141,10.1109/ssme.2009.141,Hong Zhang,2009,2009,0,Exact
A5005983977,Hong Zhang,doi:10.1109/icnc.2010.5582956,10.1109/icnc.2010.5582956,Hong Zhang,2010,2010,0,Exact
A5006042664,Dan Liu,doi:10.1155/2022/8569381,10.1155/2022/8569381,Dan Liu,2022,2023,1,Exact
A5006059676,Tao Liu,doi:10.1016/j.biortech.2020.123584,10.1016/j.biortech.2020.123584,Tao Liu,2020,2024,4,Exact
A5006134468,Liang Wang,doi:10.1109/esiat.2010.5567297,10.1109/esiat.2010.5567297,Liang Wang,2010,2010,0,Exact
A5006134468,Liang Wang,doi:10.1109/esiat.2010.5568285,10.1109/esiat.2010.5568285,Liang Wang,2010,2010,0,Exact
A5006134468,Liang Wang,doi:10.1109/esiat.2010.5568736,10.1109/esiat.2010.5568736,Liang Wang,2010,2010,0,Exact
A5006134468,Liang Wang,doi:10.1109/paccs.2011.5990091,10.1109/paccs.2011.5990091,Liang Wang,2011,2011,0,Exact
A5006134468,Liang Wang,doi:10.1016/j.jinorgbio.2021.111464,10.1016/j.jinorgbio.2021.111464,Liang Wang,2021,2023,2,Exact
A5006143021,Lin Zhang,doi:10.1109/appeec.2010.5448262,10.1109/appeec.2010.5448262,Lin Zhang,2010,2010,0,Exact
A5006143021,Lin Zhang,doi:10.1109/esiat.2010.5568983,10.1109/esiat.2010.5568983,Lin Zhang,2010,2010,0,Exact
A5006143021,Lin Zhang,doi:10.1109/opee.2010.5507997,10.1109/opee.2010.5507997,Lin Zhang,2010,2010,0,Exact
A5006143021,Lin Zhang,doi:10.1109/opee.2010.5508030,10.1109/opee.2010.5508030,Lin Zhang,2010,2010,0,Exact
A5006213514,Yang Wang,doi:10.1002/jcb.27051,10.1002/jcb.27051,Yang Wang,2018,2021,3,Exact
A5006213514,Yang Wang,doi:10.1016/j.yexcr.2017.07.034,10.1016/j.yexcr.2017.07.034,Yang Wang,2017,2022,5,Exact
A5006228979,P. Li,doi:10.1155/2022/6448724,10.1155/2022/6448724,Ping Li,2022,2023,1,Exact
A5006284156,Yan Zhang,doi:10.1155/2022/6919130,10.1155/2022/6919130,Yan Zhang,2022,2023,1,Exact
A5006317498,Xi Chen,doi:10.3390/app9112316,10.3390/app9112316,Xi Chen,2019,2021,2,Exact
A5006324322,Qi Wang,doi:10.1155/2022/6806151,10.1155/2022/6806151,Qi Wang,2022,2023,1,Exact
A5006402805,Peng Zhang,doi:10.1155/2022/4607735,10.1155/2022/4607735,Peng Zhang,2022,2023,1,Exact
A5006447721,Hong Zhang,doi:10.1016/j.heliyon.2023.e17388,10.1016/j.heliyon.2023.e17388,Hong Zhang,2023,2025,2,Exact
A5006478175,Bo Zhang,doi:10.1155/2022/4071038,10.1155/2022/4071038,Bo Zhang,2022,2023,1,Exact
A5006619863,Hong Zhang,doi:10.1155/2022/6288695,10.1155/2022/6288695,Hong Zhang,2022,2023,1,Exact
A5006698197,Lei Wang,doi:10.1109/icams.2010.5553190,10.1109/icams.2010.5553190,Lei Wang,2010,2010,0,Exact
A5006698197,Lei Wang,doi:10.1109/wmsvm.2010.59,10.1109/wmsvm.2010.59,Lei Wang,2010,2010,0,Exact
A5006738950,Feng Wang,doi:10.1016/j.clinre.2014.10.004,10.1016/j.clinre.2014.10.004,Feng Wang,2014,2014,0,Exact
A5006774419,Jing Liu,doi:10.1155/2022/9366684,10.1155/2022/9366684,Jing Liu,2022,2023,1,Exact
A5006794525,Jie Chen,doi:10.1155/2022/3541403,10.1155/2022/3541403,Jie Chen,2022,2024,2,Exact
A5007049678,Li Liu,doi:10.1111/iwj.14490,10.1111/iwj.14490,Li Liu,2023,2024,1,Exact
A5007062656,Wei Li,doi:10.1145/3465631.3465929,10.1145/3465631.3465929,Wei Li,2021,2022,1,Exact
A5007096495,Qi Wang,doi:10.1155/2022/6064883,10.1155/2022/6064883,Qi Wang,2022,2023,1,Exact
A5007120063,Jian Wang,doi:10.1155/2022/1322172,10.1155/2022/1322172,Jian Wang,2022,2023,1,Exact
A5007205237,Fang Liu,doi:10.1371/journal.pone.0055487,10.1371/journal.pone.0055487,Fang Liu,2013,2018,5,Exact
A5007205237,Fang Liu,doi:10.1371/journal.pone.0085808,10.1371/journal.pone.0085808,Fang Liu,2014,2018,4,Exact
A5007289800,Li Zhang,doi:10.1155/2022/2682921,10.1155/2022/2682921,Li Zhang,2022,2023,1,Exact
A5007564658,Li Zhang,doi:10.1155/2022/6217186,10.1155/2022/6217186,Li Zhang,2022,2023,1,Exact
A5007650371,Yong Zhang,doi:10.1007/s11032-013-9860-x,10.1007/s11032-013-9860-x,Yong Zhang,2013,2013,0,Exact
A5007650371,Yong Zhang,doi:10.1002/mc.22764,10.1002/mc.22764,Yong Zhang,2017,2024,7,Exact
A5007661149,Hui Li,doi:10.3389/fpsyg.2022.1010627,10.3389/fpsyg.2022.1010627,Hui Li,2022,2025,3,Exact
A5007661986,Jie Zhang,doi:10.1155/2022/6964582,10.1155/2022/6964582,Jie Zhang,2022,2023,1,Exact
A5007810825,Dan Liu,doi:10.3802/jgo.2023.34.e11,10.3802/jgo.2023.34.e11,Dan Liu,2022,2023,1,Exact
A5007944403,Ping Wang,doi:10.1155/2022/6328807,10.1155/2022/6328807,Ping Wang,2022,2023,1,Exact
A5007971153,Ping Wang,doi:10.1007/s00500-021-05965-1,10.1007/s00500-021-05965-1,Ping Wang,2021,2023,2,Exact
A5008016038,Jie Chen,doi:10.1109/icetce.2011.5774571,10.1109/icetce.2011.5774571,Jie Chen,2011,2011,0,Exact
A5008061427,Li Yang,doi:10.3892/ijo.2016.3628,10.3892/ijo.2016.3628,Yang Li,2016,2021,5,Exact
A5008114041,Jie Chen,doi:10.1007/s11042-017-5384-4,10.1007/s11042-017-5384-4,Jie Chen,2017,2022,5,Exact
A5008114041,Jie Chen,doi:10.3389/fenvs.2022.981038,10.3389/fenvs.2022.981038,Jie Chen,2022,2023,1,Exact
A5008213873,Jun Zhang,doi:10.1155/2022/4438251,10.1155/2022/4438251,Jun Zhang,2022,2023,1,Exact
A5008318334,Hao Zhang,doi:10.1155/2022/3667339,10.1155/2022/3667339,Hao Zhang,2022,2024,2,Exact
A5008425595,Qiang Li,doi:10.1109/icebeg.2011.5887119,10.1109/icebeg.2011.5887119,Qiang Li,2011,2011,0,Exact
A5008518906,Jing Zhao,doi:10.1016/j.avb.2021.101626,10.1016/j.avb.2021.101626,Jing Zhao,2021,2023,2,Exact
A5008570719,Feng Wang,doi:10.1007/s13277-014-1913-1,10.1007/s13277-014-1913-1,Feng Wang,2014,2017,3,Exact
A5008717871,Lei Wang,doi:10.1155/2022/5355286,10.1155/2022/5355286,Lei Wang,2022,2023,1,Exact
A5008724498,Yan Liu,doi:10.1155/2022/1925668,10.1155/2022/1925668,Yan Liu,2022,2023,1,Exact
A5008724498,Yan Liu,doi:10.1155/2022/7572530,10.1155/2022/7572530,Yan Liu,2023,2023,0,Exact
A5008773119,Yong Zhang,doi:10.1109/aimsec.2011.6009830,10.1109/aimsec.2011.6009830,Yong Zhang,2011,2011,0,Exact
A5008829405,Lin Wang,doi:10.1007/s13369-021-05886-z,10.1007/s13369-021-05886-z,Lin Wang,2021,2022,1,Exact
A5008829405,Lin Wang,doi:10.1155/2021/2242807,10.1155/2021/2242807,Lin Wang,2021,2023,2,Exact
A5008829405,Lin Wang,doi:10.3233/jifs-234812,10.3233/jifs-234812,Lin Wang,2024,2024,0,Exact
A5008881437,Wei Zhang,doi:10.1111/acel.12951,10.1111/acel.12951,Wei Zhang,2019,2024,5,Exact
A5008916846,Bo Wang,doi:10.1155/2022/1213278,10.1155/2022/1213278,Bo Wang,2022,2023,1,Exact
A5008992137,Jing Wang,doi:10.1155/2022/1972516,10.1155/2022/1972516,Jing Wang,2022,2023,1,Exact
A5009045763,Jing Li,doi:10.1155/2022/3049619,10.1155/2022/3049619,Jing Li,2022,2023,1,Exact
A5009386422,Jian Xu,doi:10.1038/nature07409,10.1038/nature07409,Jian Xu,2008,2014,6,Exact
A5009404304,Gang Wang,doi:10.1155/2022/4908978,10.1155/2022/4908978,Gang Wang,2022,2023,1,Exact
A5009411552,Qian Zhang,doi:10.1177/0044118x18770309,10.1177/0044118x18770309,Qian Zhang,2018,2019,1,Exact
A5009411552,Qian Zhang,doi:10.1177/0044118x18775846,10.1177/0044118x18775846,Qian Zhang,2018,2019,1,Exact
A5009411552,Qian Zhang,doi:10.1016/j.chb.2014.03.008,10.1016/j.chb.2014.03.008,Qian Zhang,2014,2021,7,Exact
A5009411552,Qian Zhang,doi:10.1002/ab.21836,10.1002/ab.21836,Qian Zhang,2019,2022,3,Exact
A5009411552,Qian Zhang,doi:10.1016/j.paid.2015.09.017,10.1016/j.paid.2015.09.017,Qian Zhang,2015,2022,7,Exact
A5009517684,Jian Xu,doi:10.1007/s11277-020-07244-y,10.1007/s11277-020-07244-y,Jian Xu,2020,2022,2,Exact
A5009553418,Lin Zhang,doi:10.1155/2022/5422333,10.1155/2022/5422333,Lin Zhang,2022,2023,1,Exact
A5009695635,Juan Li,doi:10.1155/2022/7114630,10.1155/2022/7114630,Juan Li,2022,2023,1,Exact
A5009949085,Wei Zhao,doi:10.1109/peam.2011.6134946,10.1109/peam.2011.6134946,Wei Zhao,2011,2012,1,Exact
A5009985129,Hironobu Ueshima,doi:10.1097/aap.0000000000000375,10.1097/aap.0000000000000375,Hironobu Ueshima,2016,2020,4,Exact
A5009985129,Hironobu Ueshima,doi:10.1097/aap.0000000000000463,10.1097/aap.0000000000000463,Hironobu Ueshima,2019,2020,1,Exact
A5009985129,Hironobu Ueshima,doi:10.1097/md.0000000000012746,10.1097/md.0000000000012746,Hironobu Ueshima,2018,2020,2,Exact
A5009985129,Hironobu Ueshima,doi:10.1136/rapm-2018-100091,10.1136/rapm-2018-100091,Hironobu Ueshima,2019,2020,1,Exact
A5009985129,Hironobu Ueshima,doi:10.1186/s40981-016-0061-6,10.1186/s40981-016-0061-6,Hironobu Ueshima,2016,2020,4,Exact
A5009985129,Hironobu Ueshima,doi:10.1186/s40981-018-0161-6,10.1186/s40981-018-0161-6,Hironobu Ueshima,2018,2020,2,Exact
A5009985129,Hironobu Ueshima,doi:10.4236/ojanes.2017.710035,10.4236/ojanes.2017.710035,Hironobu Ueshima,2017,2021,4,Exact
A5009985129,Hironobu Ueshima,doi:10.4236/ojanes.2019.93004,10.4236/ojanes.2019.93004,Hironobu Ueshima,2019,2021,2,Exact
A5009985129,Hironobu Ueshima,doi:10.4236/ojanes.2019.94006,10.4236/ojanes.2019.94006,Hironobu Ueshima,2019,2021,2,Exact
A5009985129,Hironobu Ueshima,doi:10.1016/j.jclinane.2015.05.013,10.1016/j.jclinane.2015.05.013,Hironobu Ueshima,2015,2022,7,Exact
A5009985129,Hironobu Ueshima,doi:10.1016/j.jclinane.2015.10.007,10.1016/j.jclinane.2015.10.007,Hironobu Ueshima,2016,2022,6,Exact
A5009985129,Hironobu Ueshima,doi:10.1016/j.jclinane.2015.10.014,10.1016/j.jclinane.2015.10.014,Hironobu Ueshima,2016,2022,6,Exact
A5009985129,Hironobu Ueshima,doi:10.1016/j.jclinane.2015.11.012,10.1016/j.jclinane.2015.11.012,Hironobu Ueshima,2016,2022,6,Exact
A5009985129,Hironobu Ueshima,doi:10.1016/j.jclinane.2015.11.019,10.1016/j.jclinane.2015.11.019,Hironobu Ueshima,2016,2022,6,Exact
A5009985129,Hironobu Ueshima,doi:10.1016/j.jclinane.2015.12.033,10.1016/j.jclinane.2015.12.033,Hironobu Ueshima,2016,2022,6,Exact
A5009985129,Hironobu Ueshima,doi:10.1016/j.jclinane.2016.01.046,10.1016/j.jclinane.2016.01.046,Hironobu Ueshima,2016,2022,6,Exact
A5009985129,Hironobu Ueshima,doi:10.1016/j.jclinane.2016.02.005,10.1016/j.jclinane.2016.02.005,Hironobu Ueshima,2016,2022,6,Exact
A5009985129,Hironobu Ueshima,doi:10.1016/j.jclinane.2016.02.031,10.1016/j.jclinane.2016.02.031,Hironobu Ueshima,2016,2022,6,Exact
A5009985129,Hironobu Ueshima,doi:10.1016/j.jclinane.2016.03.027,10.1016/j.jclinane.2016.03.027,Hironobu Ueshima,2016,2022,6,Exact
A5009985129,Hironobu Ueshima,doi:10.1016/j.jclinane.2016.03.030,10.1016/j.jclinane.2016.03.030,Hironobu Ueshima,2016,2022,6,Exact
A5009985129,Hironobu Ueshima,doi:10.1016/j.jclinane.2016.03.032,10.1016/j.jclinane.2016.03.032,Hironobu Ueshima,2016,2022,6,Exact
A5009985129,Hironobu Ueshima,doi:10.1016/j.jclinane.2016.03.040,10.1016/j.jclinane.2016.03.040,Hironobu Ueshima,2016,2022,6,Exact
A5009985129,Hironobu Ueshima,doi:10.1016/j.jclinane.2016.03.057,10.1016/j.jclinane.2016.03.057,Hironobu Ueshima,2016,2022,6,Exact
A5009985129,Hironobu Ueshima,doi:10.1016/j.jclinane.2016.04.006,10.1016/j.jclinane.2016.04.006,Hironobu Ueshima,2016,2022,6,Exact
A5009985129,Hironobu Ueshima,doi:10.1016/j.jclinane.2016.04.008,10.1016/j.jclinane.2016.04.008,Hironobu Ueshima,2016,2022,6,Exact
A5009985129,Hironobu Ueshima,doi:10.1016/j.jclinane.2016.04.014,10.1016/j.jclinane.2016.04.014,Hironobu Ueshima,2016,2022,6,Exact
A5009985129,Hironobu Ueshima,doi:10.1016/j.jclinane.2016.04.060,10.1016/j.jclinane.2016.04.060,Hironobu Ueshima,2016,2022,6,Exact
A5009985129,Hironobu Ueshima,doi:10.1016/j.jclinane.2016.05.001,10.1016/j.jclinane.2016.05.001,Hironobu Ueshima,2016,2022,6,Exact
A5009985129,Hironobu Ueshima,doi:10.1016/j.jclinane.2016.05.031,10.1016/j.jclinane.2016.05.031,Hironobu Ueshima,2018,2022,4,Exact
A5009985129,Hironobu Ueshima,doi:10.1016/j.jclinane.2016.06.001,10.1016/j.jclinane.2016.06.001,Hironobu Ueshima,2018,2022,4,Exact
A5009985129,Hironobu Ueshima,doi:10.1016/j.jclinane.2016.06.004,10.1016/j.jclinane.2016.06.004,Hironobu Ueshima,2016,2022,6,Exact
A5009985129,Hironobu Ueshima,doi:10.1016/j.jclinane.2016.09.001,10.1016/j.jclinane.2016.09.001,Hironobu Ueshima,2016,2022,6,Exact
A5009985129,Hironobu Ueshima,doi:10.1016/j.jclinane.2016.09.009,10.1016/j.jclinane.2016.09.009,Hironobu Ueshima,2016,2022,6,Exact
A5009985129,Hironobu Ueshima,doi:10.1016/j.jclinane.2016.12.013,10.1016/j.jclinane.2016.12.013,Hironobu Ueshima,2017,2022,5,Exact
A5009985129,Hironobu Ueshima,doi:10.1016/j.jclinane.2016.12.014,10.1016/j.jclinane.2016.12.014,Hironobu Ueshima,2017,2022,5,Exact
A5009985129,Hironobu Ueshima,doi:10.1016/j.jclinane.2016.12.020,10.1016/j.jclinane.2016.12.020,Hironobu Ueshima,2017,2022,5,Exact
A5009985129,Hironobu Ueshima,doi:10.1016/j.jclinane.2016.12.021,10.1016/j.jclinane.2016.12.021,Hironobu Ueshima,2017,2022,5,Exact
A5009985129,Hironobu Ueshima,doi:10.1016/j.jclinane.2016.12.022,10.1016/j.jclinane.2016.12.022,Hironobu Ueshima,2017,2022,5,Exact
A5009985129,Hironobu Ueshima,doi:10.1016/j.jclinane.2016.12.026,10.1016/j.jclinane.2016.12.026,Hironobu Ueshima,2017,2022,5,Exact
A5009985129,Hironobu Ueshima,doi:10.1016/j.jclinane.2016.12.028,10.1016/j.jclinane.2016.12.028,Hironobu Ueshima,2017,2022,5,Exact
A5009985129,Hironobu Ueshima,doi:10.1016/j.jclinane.2017.01.003,10.1016/j.jclinane.2017.01.003,Hironobu Ueshima,2017,2022,5,Exact
A5009985129,Hironobu Ueshima,doi:10.1016/j.jclinane.2017.01.009,10.1016/j.jclinane.2017.01.009,Hironobu Ueshima,2017,2022,5,Exact
A5009985129,Hironobu Ueshima,doi:10.1016/j.jclinane.2017.01.010,10.1016/j.jclinane.2017.01.010,Hironobu Ueshima,2017,2022,5,Exact
A5009985129,Hironobu Ueshima,doi:10.1016/j.jclinane.2017.01.027,10.1016/j.jclinane.2017.01.027,Hironobu Ueshima,2017,2022,5,Exact
A5009985129,Hironobu Ueshima,doi:10.1016/j.jclinane.2017.01.038,10.1016/j.jclinane.2017.01.038,Hironobu Ueshima,2017,2022,5,Exact
A5009985129,Hironobu Ueshima,doi:10.1016/j.jclinane.2017.03.042,10.1016/j.jclinane.2017.03.042,Hironobu Ueshima,2017,2022,5,Exact
A5009985129,Hironobu Ueshima,doi:10.1016/j.jclinane.2017.03.056,10.1016/j.jclinane.2017.03.056,Hironobu Ueshima,2017,2022,5,Exact
A5009985129,Hironobu Ueshima,doi:10.1016/j.jclinane.2017.04.012,10.1016/j.jclinane.2017.04.012,Hironobu Ueshima,2017,2022,5,Exact
A5009985129,Hironobu Ueshima,doi:10.1016/j.jclinane.2017.04.013,10.1016/j.jclinane.2017.04.013,Hironobu Ueshima,2017,2022,5,Exact
A5009985129,Hironobu Ueshima,doi:10.1016/j.jclinane.2017.04.016,10.1016/j.jclinane.2017.04.016,Hironobu Ueshima,2017,2022,5,Exact
A5009985129,Hironobu Ueshima,doi:10.1016/j.jclinane.2017.05.012,10.1016/j.jclinane.2017.05.012,Hironobu Ueshima,2017,2022,5,Exact
A5009985129,Hironobu Ueshima,doi:10.1016/j.jclinane.2017.06.012,10.1016/j.jclinane.2017.06.012,Hironobu Ueshima,2017,2022,5,Exact
A5009985129,Hironobu Ueshima,doi:10.1016/j.jclinane.2017.06.018,10.1016/j.jclinane.2017.06.018,Hironobu Ueshima,2017,2022,5,Exact
A5009985129,Hironobu Ueshima,doi:10.1016/j.jclinane.2017.07.011,10.1016/j.jclinane.2017.07.011,Hironobu Ueshima,2017,2022,5,Exact
A5009985129,Hironobu Ueshima,doi:10.1016/j.jclinane.2017.08.006,10.1016/j.jclinane.2017.08.006,Hironobu Ueshima,2017,2022,5,Exact
A5009985129,Hironobu Ueshima,doi:10.1016/j.jclinane.2017.08.012,10.1016/j.jclinane.2017.08.012,Hironobu Ueshima,2017,2022,5,Exact
A5009985129,Hironobu Ueshima,doi:10.1016/j.jclinane.2017.08.032,10.1016/j.jclinane.2017.08.032,Hironobu Ueshima,2017,2022,5,Exact
A5009985129,Hironobu Ueshima,doi:10.1016/j.jclinane.2017.09.018,10.1016/j.jclinane.2017.09.018,Hironobu Ueshima,2017,2022,5,Exact
A5009985129,Hironobu Ueshima,doi:10.1016/j.jclinane.2017.10.015,10.1016/j.jclinane.2017.10.015,Hironobu Ueshima,2018,2022,4,Exact
A5009985129,Hironobu Ueshima,doi:10.1016/j.jclinane.2017.10.021,10.1016/j.jclinane.2017.10.021,Hironobu Ueshima,2017,2022,5,Exact
A5009985129,Hironobu Ueshima,doi:10.1016/j.jclinane.2017.10.027,10.1016/j.jclinane.2017.10.027,Hironobu Ueshima,2017,2022,5,Exact
A5009985129,Hironobu Ueshima,doi:10.1016/j.jclinane.2017.11.009,10.1016/j.jclinane.2017.11.009,Hironobu Ueshima,2017,2022,5,Exact
A5009985129,Hironobu Ueshima,doi:10.1016/j.jclinane.2017.11.020,10.1016/j.jclinane.2017.11.020,Hironobu Ueshima,2017,2022,5,Exact
A5009985129,Hironobu Ueshima,doi:10.1016/j.jclinane.2017.11.028,10.1016/j.jclinane.2017.11.028,Hironobu Ueshima,2017,2022,5,Exact
A5009985129,Hironobu Ueshima,doi:10.1016/j.jclinane.2017.11.031,10.1016/j.jclinane.2017.11.031,Hironobu Ueshima,2017,2022,5,Exact
A5009985129,Hironobu Ueshima,doi:10.1016/j.jclinane.2017.12.007,10.1016/j.jclinane.2017.12.007,Hironobu Ueshima,2017,2022,5,Exact
A5009985129,Hironobu Ueshima,doi:10.1016/j.jclinane.2017.12.012,10.1016/j.jclinane.2017.12.012,Hironobu Ueshima,2017,2022,5,Exact
A5009985129,Hironobu Ueshima,doi:10.1016/j.jclinane.2018.01.021,10.1016/j.jclinane.2018.01.021,Hironobu Ueshima,2018,2022,4,Exact
A5009985129,Hironobu Ueshima,doi:10.1016/j.jclinane.2018.02.001,10.1016/j.jclinane.2018.02.001,Hironobu Ueshima,2018,2022,4,Exact
A5009985129,Hironobu Ueshima,doi:10.1016/j.jclinane.2018.03.013,10.1016/j.jclinane.2018.03.013,Hironobu Ueshima,2018,2022,4,Exact
A5009985129,Hironobu Ueshima,doi:10.1016/j.jclinane.2018.04.004,10.1016/j.jclinane.2018.04.004,Hironobu Ueshima,2018,2022,4,Exact
A5009985129,Hironobu Ueshima,doi:10.1016/j.jclinane.2018.04.009,10.1016/j.jclinane.2018.04.009,Hironobu Ueshima,2018,2022,4,Exact
A5009985129,Hironobu Ueshima,doi:10.1016/j.jclinane.2018.04.018,10.1016/j.jclinane.2018.04.018,Hironobu Ueshima,2018,2022,4,Exact
A5009985129,Hironobu Ueshima,doi:10.1016/j.jclinane.2018.06.014,10.1016/j.jclinane.2018.06.014,Hironobu Ueshima,2018,2022,4,Exact
A5009985129,Hironobu Ueshima,doi:10.1016/j.jclinane.2018.06.015,10.1016/j.jclinane.2018.06.015,Hironobu Ueshima,2018,2022,4,Exact
A5009985129,Hironobu Ueshima,doi:10.1016/j.jclinane.2018.06.017,10.1016/j.jclinane.2018.06.017,Hironobu Ueshima,2018,2022,4,Exact
A5009985129,Hironobu Ueshima,doi:10.1016/j.jclinane.2018.06.043,10.1016/j.jclinane.2018.06.043,Hironobu Ueshima,2018,2022,4,Exact
A5009985129,Hironobu Ueshima,doi:10.1016/j.jclinane.2018.06.049,10.1016/j.jclinane.2018.06.049,Hironobu Ueshima,2018,2022,4,Exact
A5009985129,Hironobu Ueshima,doi:10.1016/j.jclinane.2018.07.010,10.1016/j.jclinane.2018.07.010,Hironobu Ueshima,2018,2022,4,Exact
A5009985129,Hironobu Ueshima,doi:10.1016/j.jclinane.2018.08.003,10.1016/j.jclinane.2018.08.003,Hironobu Ueshima,2018,2022,4,Exact
A5009985129,Hironobu Ueshima,doi:10.1016/j.jclinane.2018.08.009,10.1016/j.jclinane.2018.08.009,Hironobu Ueshima,2018,2022,4,Exact
A5009985129,Hironobu Ueshima,doi:10.1016/j.jclinane.2018.08.013,10.1016/j.jclinane.2018.08.013,Hironobu Ueshima,2018,2022,4,Exact
A5009985129,Hironobu Ueshima,doi:10.1016/j.jclinane.2018.09.022,10.1016/j.jclinane.2018.09.022,Hironobu Ueshima,2018,2022,4,Exact
A5009985129,Hironobu Ueshima,doi:10.1016/j.jclinane.2018.09.025,10.1016/j.jclinane.2018.09.025,Hironobu Ueshima,2018,2022,4,Exact
A5009985129,Hironobu Ueshima,doi:10.1016/j.jclinane.2018.09.026,10.1016/j.jclinane.2018.09.026,Hironobu Ueshima,2018,2022,4,Exact
A5009985129,Hironobu Ueshima,doi:10.1016/j.jclinane.2018.10.013,10.1016/j.jclinane.2018.10.013,Hironobu Ueshima,2018,2022,4,Exact
A5009985129,Hironobu Ueshima,doi:10.1016/j.jclinane.2018.10.014,10.1016/j.jclinane.2018.10.014,Hironobu Ueshima,2018,2022,4,Exact
A5009985129,Hironobu Ueshima,doi:10.1016/j.jclinane.2018.10.053,10.1016/j.jclinane.2018.10.053,Hironobu Ueshima,2018,2022,4,Exact
A5009985129,Hironobu Ueshima,doi:10.1016/j.jclinane.2018.11.004,10.1016/j.jclinane.2018.11.004,Hironobu Ueshima,2018,2022,4,Exact
A5009985129,Hironobu Ueshima,doi:10.1016/j.jclinane.2018.12.003,10.1016/j.jclinane.2018.12.003,Hironobu Ueshima,2018,2022,4,Exact
A5009985129,Hironobu Ueshima,doi:10.1016/j.jclinane.2018.12.004,10.1016/j.jclinane.2018.12.004,Hironobu Ueshima,2018,2022,4,Exact
A5009985129,Hironobu Ueshima,doi:10.1016/j.jclinane.2018.12.009,10.1016/j.jclinane.2018.12.009,Hironobu Ueshima,2018,2022,4,Exact
A5009985129,Hironobu Ueshima,doi:10.1016/j.jclinane.2018.12.021,10.1016/j.jclinane.2018.12.021,Hironobu Ueshima,2019,2022,3,Exact
A5009985129,Hironobu Ueshima,doi:10.1016/j.jclinane.2018.12.025,10.1016/j.jclinane.2018.12.025,Hironobu Ueshima,2018,2022,4,Exact
A5009985129,Hironobu Ueshima,doi:10.1016/j.jclinane.2018.12.026,10.1016/j.jclinane.2018.12.026,Hironobu Ueshima,2018,2022,4,Exact
A5009985129,Hironobu Ueshima,doi:10.1016/j.jclinane.2018.12.058,10.1016/j.jclinane.2018.12.058,Hironobu Ueshima,2018,2022,4,Exact
A5009985129,Hironobu Ueshima,doi:10.1016/j.jclinane.2019.01.006,10.1016/j.jclinane.2019.01.006,Hironobu Ueshima,2019,2022,3,Exact
A5009985129,Hironobu Ueshima,doi:10.1016/j.jclinane.2019.01.030,10.1016/j.jclinane.2019.01.030,Hironobu Ueshima,2019,2022,3,Exact
A5009985129,Hironobu Ueshima,doi:10.1016/j.jclinane.2019.01.034,10.1016/j.jclinane.2019.01.034,Hironobu Ueshima,2019,2022,3,Exact
A5009985129,Hironobu Ueshima,doi:10.1016/j.jclinane.2019.01.035,10.1016/j.jclinane.2019.01.035,Hironobu Ueshima,2019,2022,3,Exact
A5009985129,Hironobu Ueshima,doi:10.1016/j.jclinane.2019.02.011,10.1016/j.jclinane.2019.02.011,Hironobu Ueshima,2019,2022,3,Exact
A5009985129,Hironobu Ueshima,doi:10.1016/j.jclinane.2019.02.012,10.1016/j.jclinane.2019.02.012,Hironobu Ueshima,2019,2022,3,Exact
A5009985129,Hironobu Ueshima,doi:10.1016/j.jclinane.2019.03.004,10.1016/j.jclinane.2019.03.004,Hironobu Ueshima,2019,2022,3,Exact
A5009985129,Hironobu Ueshima,doi:10.1016/j.jclinane.2019.03.005,10.1016/j.jclinane.2019.03.005,Hironobu Ueshima,2019,2022,3,Exact
A5009985129,Hironobu Ueshima,doi:10.1016/j.jclinane.2019.04.008,10.1016/j.jclinane.2019.04.008,Hironobu Ueshima,2019,2022,3,Exact
A5009985129,Hironobu Ueshima,doi:10.1016/j.jclinane.2019.04.026,10.1016/j.jclinane.2019.04.026,Hironobu Ueshima,2019,2022,3,Exact
A5009985129,Hironobu Ueshima,doi:10.1016/j.jclinane.2019.04.030,10.1016/j.jclinane.2019.04.030,Hironobu Ueshima,2019,2022,3,Exact
A5009985129,Hironobu Ueshima,doi:10.1016/j.jclinane.2019.05.019,10.1016/j.jclinane.2019.05.019,Hironobu Ueshima,2019,2022,3,Exact
A5009985129,Hironobu Ueshima,doi:10.1016/j.jclinane.2019.05.022,10.1016/j.jclinane.2019.05.022,Hironobu Ueshima,2019,2022,3,Exact
A5009985129,Hironobu Ueshima,doi:10.1016/j.jclinane.2019.06.008,10.1016/j.jclinane.2019.06.008,Hironobu Ueshima,2019,2022,3,Exact
A5009985129,Hironobu Ueshima,doi:10.1016/j.jclinane.2019.06.010,10.1016/j.jclinane.2019.06.010,Hironobu Ueshima,2019,2022,3,Exact
A5009985129,Hironobu Ueshima,doi:10.1016/j.jclinane.2019.08.007,10.1016/j.jclinane.2019.08.007,Hironobu Ueshima,2019,2022,3,Exact
A5009985129,Hironobu Ueshima,doi:10.1016/j.jclinane.2019.109648,10.1016/j.jclinane.2019.109648,Hironobu Ueshima,2019,2022,3,Exact
A5009985129,Hironobu Ueshima,doi:10.1016/j.jclinane.2019.109684,10.1016/j.jclinane.2019.109684,Hironobu Ueshima,2019,2022,3,Exact
A5009985129,Hironobu Ueshima,doi:10.1016/j.jclinane.2020.109727,10.1016/j.jclinane.2020.109727,Hironobu Ueshima,2020,2022,2,Exact
A5009985129,Hironobu Ueshima,doi:10.1093/bja/aew449,10.1093/bja/aew449,Hironobu Ueshima,2017,2022,5,Exact
A5009985129,Hironobu Ueshima,doi:10.1155/2016/4598583,10.1155/2016/4598583,Hironobu Ueshima,2016,2022,6,Exact
A5009985129,Hironobu Ueshima,doi:10.4103/1658-354x.140919,10.4103/1658-354x.140919,Hironobu Ueshima,2014,2022,8,Exact
A5009985129,Hironobu Ueshima,doi:10.4103/1658-354x.152904,10.4103/1658-354x.152904,Hironobu Ueshima,2015,2022,7,Exact
A5009985129,Hironobu Ueshima,doi:10.4103/sja.sja_301_17,10.4103/sja.sja_301_17,Hironobu Ueshima,2014,2022,8,Exact
A5009985129,Hironobu Ueshima,doi:10.1016/j.jclinane.2016.01.047,10.1016/j.jclinane.2016.01.047,Hironobu Ueshima,2016,2023,7,Exact
A5010246094,Jun Zhang,doi:10.1155/2022/7660071,10.1155/2022/7660071,Jun Zhang,2022,2022,0,Exact
A5010249218,Jie Zhang,doi:10.1109/icmss.2009.5305248,10.1109/icmss.2009.5305248,Jie Zhang,2009,2009,0,Exact
A5010249218,Jie Zhang,doi:10.5551/jat.40212,10.5551/jat.40212,Jie Zhang,2017,2021,4,Exact
A5010249218,Jie Zhang,doi:10.12659/msm.896428,10.12659/msm.896428,Jie Zhang,2016,2022,6,Exact
A5010249218,Jie Zhang,doi:10.3389/fonc.2021.639980,10.3389/fonc.2021.639980,Jie Zhang,2021,2022,1,Exact
A5010261091,Lin Wang,doi:10.1155/2022/9421738,10.1155/2022/9421738,Lin Wang,2022,2023,1,Exact
A5010827491,Min Zhang,doi:10.1155/2022/8877321,10.1155/2022/8877321,Min Zhang,2022,2023,1,Exact
A5010846614,Jun Li,doi:10.1155/2022/3200798,10.1155/2022/3200798,Jun Li,2022,2023,1,Exact
A5010940242,Yang Wang,doi:10.1155/2022/4688356,10.1155/2022/4688356,Yang Wang,2022,2023,1,Exact
A5010949036,Rui Wang,doi:10.1080/26895293.2021.1917458,10.1080/26895293.2021.1917458,Rui Wang,2021,2023,2,Exact
A5010958243,Ying Wang,doi:10.1155/2022/3199884,10.1155/2022/3199884,Ying Wang,2022,2024,2,Exact
A5010978341,Yi Wang,doi:10.1155/2022/3909276,10.1155/2022/3909276,Yi Wang,2022,2023,1,Exact
A5010993715,Yu Zhang,doi:10.1007/s11010-012-1463-z,10.1007/s11010-012-1463-z,Yu Zhang,2012,2024,12,Exact
A5011049502,Jing Zhao,doi:10.1080/24701556.2020.1793357,10.1080/24701556.2020.1793357,Jing Zhao,2020,2023,3,Exact
A5011210400,Min Zhang,doi:10.1371/journal.pone.0112135,10.1371/journal.pone.0112135,Min Zhang,2014,2019,5,Exact
A5011210400,Min Zhang,doi:10.1155/2022/1850033,10.1155/2022/1850033,Min Zhang,2022,2023,1,Exact
A5011258836,Feng Wang,doi:10.1155/2021/4623414,10.1155/2021/4623414,Feng Wang,2021,2024,3,Exact
A5011347232,Ying Zhang,doi:10.1155/2022/3315601,10.1155/2022/3315601,Ying Zhang,2022,2023,1,Exact
A5011359621,Ying Zhang,doi:10.1155/2022/7503668,10.1155/2022/7503668,Ying Zhang,2022,2024,2,Exact
A5011410001,Feng Li,doi:10.1155/2021/9979017,10.1155/2021/9979017,Feng Li,2021,2023,2,Exact
A5011410001,Feng Li,doi:10.1155/2022/5960949,10.1155/2022/5960949,Feng Li,2022,2023,1,Exact
A5011429168,Ying Zhang,doi:10.1155/2022/1244660,10.1155/2022/1244660,Ying Zhang,2022,2023,1,Exact
A5011550595,Hong Li,doi:10.1155/2022/9349598,10.1155/2022/9349598,Hong Li,2022,2023,1,Exact
A5011701654,Wei Zhang,doi:10.1155/2022/1336184,10.1155/2022/1336184,Wei Zhang,2022,2023,1,Exact
A5011749539,Xin Li,doi:10.1155/2022/8953181,10.1155/2022/8953181,Xin Li,2022,2023,1,Exact
A5011751975,Yong Wang,doi:10.1109/iccms.2010.321,10.1109/iccms.2010.321,Yong Wang,2010,2010,0,Exact
A5011792338,Ying Zhang,doi:10.1109/icbbe.2011.5780783,10.1109/icbbe.2011.5780783,Ying Zhang,2011,2011,0,Exact
A5011863186,Li Zhang,doi:10.1109/icmss.2009.5301256,10.1109/icmss.2009.5301256,Li Zhang,2009,2009,0,Exact
A5011885525,Hui Zhang,doi:10.1155/2022/1889628,10.1155/2022/1889628,Hui Zhang,2022,2022,0,Exact
A5011888863,Jie Wang,doi:10.3233/jifs-239289,10.3233/jifs-239289,Jie Wang,2024,2025,1,Exact
A5011912885,Wei Wang,doi:10.1155/2022/5087610,10.1155/2022/5087610,Wei Wang,2022,2023,1,Exact
A5012050321,Yu Liu,doi:10.1155/2022/9604456,10.1155/2022/9604456,Yu Liu,2022,2023,1,Exact
A5012063033,Hui Liu,doi:10.1155/2022/2807116,10.1155/2022/2807116,Hui Liu,2022,2023,1,Exact
A5012063033,Hui Liu,doi:10.1155/2022/9515736,10.1155/2022/9515736,Hui Liu,2022,2023,1,Exact
A5012124607,Qiang Li,doi:10.1155/2022/9995962,10.1155/2022/9995962,Qiang Li,2022,2023,1,Exact
A5012249136,Yi Zhang,doi:10.1109/opee.2010.5508036,10.1109/opee.2010.5508036,Yi Zhang,2010,2010,0,Exact
A5012340726,Wei Liu,doi:10.1155/2021/4868399,10.1155/2021/4868399,Wei Liu,2021,2024,3,Exact
A5012387700,Jun Wang,doi:10.1007/s00500-023-09590-y,10.1007/s00500-023-09590-y,Jun Wang,2024,2025,1,Exact
A5012413755,Jun Li,doi:10.1155/2022/8552358,10.1155/2022/8552358,Jun Li,2022,2023,1,Exact
A5012506063,Yasunori Sato,doi:10.1136/jnnp.74.5.574,10.1136/jnnp.74.5.574,Yoshihiro Sato,2003,2017,14,Initial
A5012585311,Jian Xu,doi:10.2174/1874444301507012167,10.2174/1874444301507012167,Jian Xu,2015,2016,1,Exact
A5012858773,Yan Li,doi:10.3390/electronics12040829,10.3390/electronics12040829,Yan Li,2023,2024,1,Exact
A5012870940,Jing Li,doi:10.1016/j.neulet.2020.135223,10.1016/j.neulet.2020.135223,Jing Li,2020,2020,0,Exact
A5012877783,Yang Yang,doi:10.1155/2021/5537998,10.1155/2021/5537998,Yang Yang,2021,2024,3,Exact
A5012882774,Ping Wang,doi:10.1371/journal.pone.0057020,10.1371/journal.pone.0057020,Ping Wang,2013,2020,7,Exact
A5012938528,Lei Li,doi:10.1155/2022/5792866,10.1155/2022/5792866,Lei Li,2022,2023,1,Exact
A5013041751,Jian Zhang,doi:10.1109/icebeg.2011.5884472,10.1109/icebeg.2011.5884472,Jian Zhang,2011,2011,0,Exact
A5013165064,Ming Li,doi:10.1155/2022/9228838,10.1155/2022/9228838,Ming Li,2022,2023,1,Exact
A5013190448,Feng Li,doi:10.1155/2022/6124895,10.1155/2022/6124895,Feng Li,2022,2024,2,Exact
A5013241415,Wei Wang,doi:10.1186/s13046-021-01973-z,10.1186/s13046-021-01973-z,Wei Wang,2021,2022,1,Exact
A5013416069,Qi Wang,doi:10.1109/ett.2009.83,10.1109/ett.2009.83,Qi Wang,2009,2010,1,Exact
A5013416069,Qi Wang,doi:10.1155/2022/1106573,10.1155/2022/1106573,Qi Wang,2022,2023,1,Exact
A5013467294,Xin Zhang,doi:10.1155/2022/6431164,10.1155/2022/6431164,Xin Zhang,2022,2023,1,Exact
A5013494150,Hui Li,doi:10.1155/2022/8112212,10.1155/2022/8112212,Hui Li,2022,2023,1,Exact
A5013585741,Jing Chen,doi:10.1155/2022/4687349,10.1155/2022/4687349,Jing Chen,2022,2023,1,Exact
A5013619990,Bo Wang,doi:10.1145/3517805,10.1145/3517805,Bo Wang,2022,2026,4,Exact
A5013634562,Xi Chen,doi:10.1155/2022/3344972,10.1155/2022/3344972,Xi Chen,2022,2023,1,Exact
A5013637763,Bo Li,doi:10.1155/2022/8753473,10.1155/2022/8753473,Bo Li,2022,2023,1,Exact
A5013663299,Juan Li,doi:10.1155/2022/6217328,10.1155/2022/6217328,Juan Li,2022,2022,0,Exact
A5013911877,Gang Wang,doi:10.1007/s10479-021-04517-y,10.1007/s10479-021-04517-y,Gang Wang,2022,2023,1,Exact
A5013925708,Lin Zhang,doi:10.1109/qr2mse.2013.6625740,10.1109/qr2mse.2013.6625740,Lin Zhang,2013,2013,0,Exact
A5013925708,Lin Zhang,doi:10.4028/www.scientific.net/amr.821-822.803,10.4028/www.scientific.net/amr.821-822.803,Lin Zhang,2013,2013,0,Exact
A5013928979,Jun Yang,doi:10.1155/2022/7558807,10.1155/2022/7558807,Jun Yang,2022,2023,1,Exact
A5014023805,Jie Chen,doi:10.1155/2022/9547166,10.1155/2022/9547166,Jie Chen,2022,2023,1,Exact
A5014031610,Gang Li,doi:10.1111/iwj.14284,10.1111/iwj.14284,Gang Li,2023,2025,2,Exact
A5014102697,Lei Li,doi:10.1155/2022/7663379,10.1155/2022/7663379,Lei Li,2022,2023,1,Exact
A5014135483,Ying Li,doi:10.1038/s41598-025-92751-w,10.1038/s41598-025-92751-w,Ying Li,2025,2025,0,Exact
A5014223967,Chao Wang,doi:10.1155/2022/9422902,10.1155/2022/9422902,Chao Wang,2022,2023,1,Exact
A5014231537,Ying Wang,doi:10.1155/2022/3338030,10.1155/2022/3338030,Ying Wang,2022,2023,1,Exact
A5014247970,Yong Wang,doi:10.2147/ott.s96925,10.2147/ott.s96925,Yong Wang,2015,2016,1,Exact
A5014292481,Jing Yang,doi:10.3233/jifs-220534,10.3233/jifs-220534,Jing Yang,2022,2025,3,Exact
A5014322283,Yan Liu,doi:10.1109/icbbe.2011.5781558,10.1109/icbbe.2011.5781558,Yan Liu,2011,2011,0,Exact
A5014354722,Chao Wang,doi:10.1109/aimsec.2011.6009741,10.1109/aimsec.2011.6009741,Chao Wang,2011,2011,0,Exact
A5014414658,Gang Wang,doi:10.1155/2022/9076175,10.1155/2022/9076175,Gang Wang,2022,2023,1,Exact
A5014470051,Bo Zhang,doi:10.1155/2022/2408682,10.1155/2022/2408682,Bo Zhang,2022,2023,1,Exact
A5014528687,Tao Zhang,doi:10.1155/2022/3973665,10.1155/2022/3973665,Tao Zhang,2022,2023,1,Exact
A5014610739,Jing Wang,doi:10.1046/j.1460-9568.2002.02087.x,10.1046/j.1460-9568.2002.02087.x,Jing Wang,2002,2009,7,Exact
A5014850606,Lei Zhang,doi:10.1155/2021/6405394,10.1155/2021/6405394,Lei Zhang,2021,2023,2,Exact
A5015003653,Wei Li,doi:10.1155/2022/7663729,10.1155/2022/7663729,Wei Li,2022,2023,1,Exact
A5015005775,Ying Liu,doi:10.1155/2022/2479956,10.1155/2022/2479956,Ying Liu,2022,2024,2,Exact
A5015022905,Li Wang,doi:10.1080/2331186x.2024.2320465,10.1080/2331186x.2024.2320465,Li Wang,2024,2024,0,Exact
A5015090617,Jie Chen,doi:10.1155/2022/5159009,10.1155/2022/5159009,Jie Chen,2022,2023,1,Exact
A5015200260,Jun Liu,doi:10.1155/2022/7171126,10.1155/2022/7171126,Jun Liu,2022,2023,1,Exact
A5015240075,T. Liu,doi:10.1107/s1600536807045485,10.1107/s1600536807045485,Tao Liu,2007,2009,2,Initial
A5015262601,Wei Li,doi:10.1155/2022/2485056,10.1155/2022/2485056,Wei Li,2022,2024,2,Exact
A5015270944,Jian Zhang,doi:10.2147/cmar.s159790,10.2147/cmar.s159790,Jian Zhang,2018,2024,6,Exact
A5015316618,Yan Liu,doi:10.1155/2021/7974175,10.1155/2021/7974175,Yan Liu,2021,2023,2,Exact
A5015316618,Yan Liu,doi:10.1038/s41598-023-32951-4,10.1038/s41598-023-32951-4,Yan Liu,2023,2025,2,Exact
A5015400531,Bo Li,doi:10.1042/bsr20191726,10.1042/bsr20191726,Bo Li,2020,2024,4,Exact
A5015412414,Hao Wang,doi:10.7883/yoken.jjid.2014.147,10.7883/yoken.jjid.2014.147,Hao Wang,2015,2017,2,Exact
A5015554999,Nan Li,doi:10.1155/2022/4049076,10.1155/2022/4049076,Nan Li,2022,2023,1,Exact
A5015620665,Wei Zhao,doi:10.1021/ml100224d,10.1021/ml100224d,Wei Zhao,2010,2023,13,Exact
A5015648401,Ying Liu,doi:10.1155/2022/4620492,10.1155/2022/4620492,Ying Liu,2022,2023,1,Exact
A5015648581,Qi Wang,doi:10.1155/2022/9185827,10.1155/2022/9185827,Qi Wang,2022,2023,1,Exact
A5015675820,Qiang Li,doi:10.1155/2022/9701349,10.1155/2022/9701349,Qiang Li,2022,2022,0,Exact
A5015833745,Wei Zhao,doi:10.1155/2022/2877679,10.1155/2022/2877679,Wei Zhao,2022,2023,1,Exact
A5015833745,Wei Zhao,doi:10.1155/2022/7153491,10.1155/2022/7153491,Wei Zhao,2022,2023,1,Exact
A5015857920,Jing Li,doi:10.1155/2022/1411943,10.1155/2022/1411943,Jing Li,2022,2023,1,Exact
A5015873217,Michael Heck,doi:10.1007/978-3-642-36942-1_1,10.1007/978-3-642-36942-1_1,Michael Heck,2014,2014,0,Exact
A5015873217,Michael Heck,doi:10.1007/978-3-642-36942-1_10,10.1007/978-3-642-36942-1_10,Michael Heck,2014,2014,0,Exact
A5015873217,Michael Heck,doi:10.1007/978-3-642-36942-1_12,10.1007/978-3-642-36942-1_12,Michael Heck,2014,2014,0,Exact
A5015873217,Michael Heck,doi:10.1007/978-3-642-36942-1_13,10.1007/978-3-642-36942-1_13,Michael Heck,2014,2014,0,Exact
A5015873217,Michael Heck,doi:10.1007/978-3-642-36942-1_14,10.1007/978-3-642-36942-1_14,Michael Heck,2014,2014,0,Exact
A5015873217,Michael Heck,doi:10.1007/978-3-642-36942-1_15,10.1007/978-3-642-36942-1_15,Michael Heck,2014,2014,0,Exact
A5015873217,Michael Heck,doi:10.1007/978-3-642-36942-1_16,10.1007/978-3-642-36942-1_16,Michael Heck,2014,2014,0,Exact
A5015873217,Michael Heck,doi:10.1007/978-3-642-36942-1_17,10.1007/978-3-642-36942-1_17,Michael Heck,2014,2014,0,Exact
A5015873217,Michael Heck,doi:10.1007/978-3-642-36942-1_18,10.1007/978-3-642-36942-1_18,Michael Heck,2014,2014,0,Exact
A5015873217,Michael Heck,doi:10.1007/978-3-642-36942-1_19,10.1007/978-3-642-36942-1_19,Michael Heck,2014,2014,0,Exact
A5015873217,Michael Heck,doi:10.1007/978-3-642-36942-1_2,10.1007/978-3-642-36942-1_2,Michael Heck,2014,2014,0,Exact
A5015873217,Michael Heck,doi:10.1007/978-3-642-36942-1_20,10.1007/978-3-642-36942-1_20,Michael Heck,2014,2014,0,Exact
A5015873217,Michael Heck,doi:10.1007/978-3-642-36942-1_21,10.1007/978-3-642-36942-1_21,Michael Heck,2014,2014,0,Exact
A5015873217,Michael Heck,doi:10.1007/978-3-642-36942-1_22,10.1007/978-3-642-36942-1_22,Michael Heck,2014,2014,0,Exact
A5015873217,Michael Heck,doi:10.1007/978-3-642-36942-1_23,10.1007/978-3-642-36942-1_23,Michael Heck,2014,2014,0,Exact
A5015873217,Michael Heck,doi:10.1007/978-3-642-36942-1_24,10.1007/978-3-642-36942-1_24,Michael Heck,2014,2014,0,Exact
A5015873217,Michael Heck,doi:10.1007/978-3-642-36942-1_25,10.1007/978-3-642-36942-1_25,Michael Heck,2014,2014,0,Exact
A5015873217,Michael Heck,doi:10.1007/978-3-642-36942-1_26,10.1007/978-3-642-36942-1_26,Michael Heck,2014,2014,0,Exact
A5015873217,Michael Heck,doi:10.1007/978-3-642-36942-1_27,10.1007/978-3-642-36942-1_27,Michael Heck,2014,2014,0,Exact
A5015873217,Michael Heck,doi:10.1007/978-3-642-36942-1_28,10.1007/978-3-642-36942-1_28,Michael Heck,2014,2014,0,Exact
A5015873217,Michael Heck,doi:10.1007/978-3-642-36942-1_30,10.1007/978-3-642-36942-1_30,Michael Heck,2014,2014,0,Exact
A5015873217,Michael Heck,doi:10.1007/978-3-642-36942-1_31,10.1007/978-3-642-36942-1_31,Michael Heck,2014,2014,0,Exact
A5015873217,Michael Heck,doi:10.1007/978-3-642-36942-1_32,10.1007/978-3-642-36942-1_32,Michael Heck,2014,2014,0,Exact
A5015873217,Michael Heck,doi:10.1007/978-3-642-36942-1_33,10.1007/978-3-642-36942-1_33,Michael Heck,2014,2014,0,Exact
A5015873217,Michael Heck,doi:10.1007/978-3-642-36942-1_34,10.1007/978-3-642-36942-1_34,Michael Heck,2014,2014,0,Exact
A5015873217,Michael Heck,doi:10.1007/978-3-642-36942-1_35,10.1007/978-3-642-36942-1_35,Michael Heck,2014,2014,0,Exact
A5015873217,Michael Heck,doi:10.1007/978-3-642-36942-1_36,10.1007/978-3-642-36942-1_36,Michael Heck,2014,2014,0,Exact
A5015873217,Michael Heck,doi:10.1007/978-3-642-36942-1_37,10.1007/978-3-642-36942-1_37,Michael Heck,2014,2014,0,Exact
A5015873217,Michael Heck,doi:10.1007/978-3-642-36942-1_38,10.1007/978-3-642-36942-1_38,Michael Heck,2014,2014,0,Exact
A5015873217,Michael Heck,doi:10.1007/978-3-642-36942-1_39,10.1007/978-3-642-36942-1_39,Michael Heck,2014,2014,0,Exact
A5015873217,Michael Heck,doi:10.1007/978-3-642-36942-1_4,10.1007/978-3-642-36942-1_4,Michael Heck,2014,2014,0,Exact
A5015873217,Michael Heck,doi:10.1007/978-3-642-36942-1_40,10.1007/978-3-642-36942-1_40,Michael Heck,2014,2014,0,Exact
A5015873217,Michael Heck,doi:10.1007/978-3-642-36942-1_42,10.1007/978-3-642-36942-1_42,Michael Heck,2014,2014,0,Exact
A5015873217,Michael Heck,doi:10.1007/978-3-642-36942-1_43,10.1007/978-3-642-36942-1_43,Michael Heck,2014,2014,0,Exact
A5015873217,Michael Heck,doi:10.1007/978-3-642-36942-1_44,10.1007/978-3-642-36942-1_44,Michael Heck,2014,2014,0,Exact
A5015873217,Michael Heck,doi:10.1007/978-3-642-36942-1_45,10.1007/978-3-642-36942-1_45,Michael Heck,2014,2014,0,Exact
A5015873217,Michael Heck,doi:10.1007/978-3-642-36942-1_46,10.1007/978-3-642-36942-1_46,Michael Heck,2014,2014,0,Exact
A5015873217,Michael Heck,doi:10.1007/978-3-642-36942-1_47,10.1007/978-3-642-36942-1_47,Michael Heck,2014,2014,0,Exact
A5015873217,Michael Heck,doi:10.1007/978-3-642-36942-1_48,10.1007/978-3-642-36942-1_48,Michael Heck,2014,2014,0,Exact
A5015873217,Michael Heck,doi:10.1007/978-3-642-36942-1_49,10.1007/978-3-642-36942-1_49,Michael Heck,2014,2014,0,Exact
A5015873217,Michael Heck,doi:10.1007/978-3-642-36942-1_5,10.1007/978-3-642-36942-1_5,Michael Heck,2013,2014,1,Exact
A5015873217,Michael Heck,doi:10.1007/978-3-642-36942-1_50,10.1007/978-3-642-36942-1_50,Michael Heck,2014,2014,0,Exact
A5015873217,Michael Heck,doi:10.1007/978-3-642-36942-1_51,10.1007/978-3-642-36942-1_51,Michael Heck,2014,2014,0,Exact
A5015873217,Michael Heck,doi:10.1007/978-3-642-36942-1_52,10.1007/978-3-642-36942-1_52,Michael Heck,2014,2014,0,Exact
A5015873217,Michael Heck,doi:10.1007/978-3-642-36942-1_53,10.1007/978-3-642-36942-1_53,Michael Heck,2014,2014,0,Exact
A5015873217,Michael Heck,doi:10.1007/978-3-642-36942-1_54,10.1007/978-3-642-36942-1_54,Michael Heck,2014,2014,0,Exact
A5015873217,Michael Heck,doi:10.1007/978-3-642-36942-1_55,10.1007/978-3-642-36942-1_55,Michael Heck,2014,2014,0,Exact
A5015873217,Michael Heck,doi:10.1007/978-3-642-36942-1_56,10.1007/978-3-642-36942-1_56,Michael Heck,2014,2014,0,Exact
A5015873217,Michael Heck,doi:10.1007/978-3-642-36942-1_57,10.1007/978-3-642-36942-1_57,Michael Heck,2014,2014,0,Exact
A5015873217,Michael Heck,doi:10.1007/978-3-642-36942-1_58,10.1007/978-3-642-36942-1_58,Michael Heck,2014,2014,0,Exact
A5015873217,Michael Heck,doi:10.1007/978-3-642-36942-1_59,10.1007/978-3-642-36942-1_59,Michael Heck,2014,2014,0,Exact
A5015873217,Michael Heck,doi:10.1007/978-3-642-36942-1_6,10.1007/978-3-642-36942-1_6,Michael Heck,2014,2014,0,Exact
A5015873217,Michael Heck,doi:10.1007/978-3-642-36942-1_60,10.1007/978-3-642-36942-1_60,Michael Heck,2014,2014,0,Exact
A5015873217,Michael Heck,doi:10.1007/978-3-642-36942-1_61,10.1007/978-3-642-36942-1_61,Michael Heck,2014,2014,0,Exact
A5015873217,Michael Heck,doi:10.1007/978-3-642-36942-1_62,10.1007/978-3-642-36942-1_62,Michael Heck,2014,2014,0,Exact
A5015873217,Michael Heck,doi:10.1007/978-3-642-36942-1_63,10.1007/978-3-642-36942-1_63,Michael Heck,2014,2014,0,Exact
A5015873217,Michael Heck,doi:10.1007/978-3-642-36942-1_64,10.1007/978-3-642-36942-1_64,Michael Heck,2014,2014,0,Exact
A5015873217,Michael Heck,doi:10.1007/978-3-642-36942-1_7,10.1007/978-3-642-36942-1_7,Michael Heck,2014,2014,0,Exact
A5015873217,Michael Heck,doi:10.1007/978-3-642-36942-1_8,10.1007/978-3-642-36942-1_8,Michael Heck,2014,2014,0,Exact
A5015873217,Michael Heck,doi:10.1007/978-3-642-36942-1_9,10.1007/978-3-642-36942-1_9,Michael Heck,2014,2014,0,Exact
A5015996319,Ling Wang,doi:10.1371/journal.pone.0049347,10.1371/journal.pone.0049347,Ling Wang,2012,2021,9,Exact
A5015996319,Ling Wang,doi:10.1371/journal.pone.0055563,10.1371/journal.pone.0055563,Ling Wang,2013,2024,11,Exact
A5016017312,Fang Wang,doi:10.1039/c8ra00296g,10.1039/c8ra00296g,Fang Wang,2018,2021,3,Exact
A5016017312,Fang Wang,doi:10.1042/bsr20170799,10.1042/bsr20170799,Fang Wang,2017,2021,4,Exact
A5016017312,Fang Wang,doi:10.1155/2022/4289383,10.1155/2022/4289383,Fang Wang,2022,2024,2,Exact
A5016138743,Lei Zhang,doi:10.1155/2021/9785466,10.1155/2021/9785466,Lei Zhang,2021,2023,2,Exact
A5016138743,Lei Zhang,doi:10.1155/2022/3746640,10.1155/2022/3746640,Lei Zhang,2022,2023,1,Exact
A5016204133,D. Liakopoulos,doi:10.1163/ej.9789004177710.i-234.2,10.1163/ej.9789004177710.i-234.2,Dimitris Liakopoulos,2009,2021,12,Initial
A5016204133,D. Liakopoulos,doi:10.1163/ej.9789004177710.i-234.49,10.1163/ej.9789004177710.i-234.49,Dimitris Liakopoulos,2009,2021,12,Initial
A5016204133,D. Liakopoulos,doi:10.1163/ej.9789004177710.i-234.5,10.1163/ej.9789004177710.i-234.5,Dimitris Liakopoulos,2009,2021,12,Initial
A5016204133,D. Liakopoulos,doi:10.1163/ej.9789004177710.i-234.60,10.1163/ej.9789004177710.i-234.60,Dimitris Liakopoulos,2009,2021,12,Initial
A5016204133,D. Liakopoulos,doi:10.1163/ej.9789004177710.i-234.87,10.1163/ej.9789004177710.i-234.87,Dimitris Liakopoulos,2009,2021,12,Initial
A5016204133,D. Liakopoulos,doi:10.1163/ej.9789004177710.i-234.9,10.1163/ej.9789004177710.i-234.9,Dimitris Liakopoulos,2009,2021,12,Initial
A5016222194,Jun Chen,doi:10.1155/2022/6318051,10.1155/2022/6318051,Jun Chen,2022,2023,1,Exact
A5016243849,Jie Li,doi:10.1155/2022/2616827,10.1155/2022/2616827,Jie Li,2022,2023,1,Exact
A5016295569,Hong Zhang,doi:10.1155/2022/5316304,10.1155/2022/5316304,Hong Zhang,2022,2023,1,Exact
A5016487886,Lei Zhang,doi:10.1177/0036933020961543,10.1177/0036933020961543,Lei Zhang,2020,2024,4,Exact
A5016525604,Bo Li,doi:10.1155/2022/4918294,10.1155/2022/4918294,Bo Li,2022,2023,1,Exact
A5016525604,Bo Li,doi:10.1155/2022/7967722,10.1155/2022/7967722,Bo Li,2022,2023,1,Exact
A5016603642,Lei Liu,doi:10.1109/peam.2011.6134879,10.1109/peam.2011.6134879,Lei Liu,2011,2012,1,Exact
A5016607393,Jin Zhang,doi:10.1371/journal.pbio.3000313,10.1371/journal.pbio.3000313,Jin Zhang,2019,2023,4,Exact
A5016661007,Peng Li,doi:10.3389/fnins.2018.01057,10.3389/fnins.2018.01057,Peng Li,2019,2021,2,Exact
A5016670060,Jing Zhao,doi:10.1155/2022/7738233,10.1155/2022/7738233,Jing Zhao,2022,2023,1,Exact
A5016789476,Hui Zhang,doi:10.1155/2022/8073232,10.1155/2022/8073232,Hui Zhang,2022,2023,1,Exact
A5016817473,Jing Zhao,doi:10.1109/icise.2010.5688691,10.1109/icise.2010.5688691,Jing Zhao,2010,2011,1,Exact
A5016838980,Jun Yang,doi:10.1016/j.biopha.2018.06.003,10.1016/j.biopha.2018.06.003,Jun Yang,2018,2023,5,Exact
A5016846133,Jie Wang,doi:10.2147/cmar.s270813,10.2147/cmar.s270813,Jie Wang,2020,2024,4,Exact
A5016896263,Min Wang,doi:10.1155/2022/2969979,10.1155/2022/2969979,Min Wang,2022,2023,1,Exact
A5016896263,Min Wang,doi:10.1155/2022/7440015,10.1155/2022/7440015,Min Wang,2022,2023,1,Exact
A5016899308,Yang Zhang,doi:10.1155/2022/4239500,10.1155/2022/4239500,Yang Zhang,2022,2023,1,Exact
A5016959602,YOSHITAKA FUJII,doi:10.1046/j.1460-9592.1998.00206.x,10.1046/j.1460-9592.1998.00206.x,Yoshitaka Fujii,1998,2013,15,Exact
A5016970221,Jing Li,doi:10.1155/2022/1905437,10.1155/2022/1905437,Jing Li,2022,2023,1,Exact
A5017128990,Yan Zhang,doi:10.1155/2021/5954343,10.1155/2021/5954343,Yan Zhang,2021,2023,2,Exact
A5017128990,Yan Zhang,doi:10.1155/2022/1127095,10.1155/2022/1127095,Yan Zhang,2022,2023,1,Exact
A5017212315,Yü Liu,doi:10.1371/journal.pone.0140044,10.1371/journal.pone.0140044,Yu Liu,2015,2018,3,Exact
A5017505207,Jing Yang,doi:10.1109/cctae.2010.5543416,10.1109/cctae.2010.5543416,Jing Yang,2010,2010,0,Exact
A5017585343,Li Lei,doi:10.1109/ett.2009.87,10.1109/ett.2009.87,Lei Li,2009,2010,1,Exact
A5017624626,Yu Wang,doi:10.1155/2019/8023460,10.1155/2019/8023460,Yu Wang,2019,2023,4,Exact
A5017964223,Peng Li,doi:10.1155/2022/3397998,10.1155/2022/3397998,Peng Li,2022,2023,1,Exact
A5017995918,J. Zhang,doi:10.1111/srt.13641,10.1111/srt.13641,Jing Zhang,2024,2025,1,Exact
A5018012012,Gang Li,doi:10.1109/iccsit.2010.5563872,10.1109/iccsit.2010.5563872,Gang Li,2010,2010,0,Exact
A5018012012,Gang Li,doi:10.1097/md.0000000000006919,10.1097/md.0000000000006919,Gang Li,2017,2017,0,Exact
A5018012012,Gang Li,doi:10.1155/2022/7514898,10.1155/2022/7514898,Gang Li,2022,2023,1,Exact
A5018029635,Li Wang,doi:10.1155/2022/4611383,10.1155/2022/4611383,Li Wang,2022,2023,1,Exact
A5018073436,Hui Liu,doi:10.1155/2021/4990941,10.1155/2021/4990941,Hui Liu,2021,2023,2,Exact
A5018203674,Yan Wang,doi:10.1109/aimsec.2011.6009719,10.1109/aimsec.2011.6009719,Yan Wang,2011,2011,0,Exact
A5018216497,Yan Li,doi:10.1155/2020/6637375,10.1155/2020/6637375,Yan Li,2020,2024,4,Exact
A5018393696,Bin Zhang,doi:10.1155/2022/7469970,10.1155/2022/7469970,Bin Zhang,2022,2023,1,Exact
A5018460987,Rui Wang,doi:10.1109/icebeg.2011.5882217,10.1109/icebeg.2011.5882217,Rui Wang,2011,2011,0,Exact
A5018460987,Rui Wang,doi:10.1109/icebeg.2011.5887137,10.1109/icebeg.2011.5887137,Rui Wang,2011,2011,0,Exact
A5018460987,Rui Wang,doi:10.1145/3465631.3465815,10.1145/3465631.3465815,Rui Wang,2021,2022,1,Exact
A5018471110,Xin Zhang,doi:10.1080/15384101.2020.1712033,10.1080/15384101.2020.1712033,Xin Zhang,2020,2022,2,Exact
A5018534416,Min Wang,doi:10.1039/c8en00912k,10.1039/c8en00912k,Min Wang,2018,2020,2,Exact
A5018679281,Xi Chen,doi:10.1109/iciecs.2010.5678132,10.1109/iciecs.2010.5678132,Xi Chen,2010,2010,0,Exact
A5018805981,L Wang,doi:10.1002/14651858.cd005052,10.1002/14651858.cd005052,Lei Wang,2004,2016,12,Initial
A5019138834,Y Wang,doi:10.1080/03009742.2019.1574890,10.1080/03009742.2019.1574890,Yan Wang,2019,2019,0,Initial
A5019149037,Li Wang,doi:10.1155/2022/8993833,10.1155/2022/8993833,Li Wang,2022,2023,1,Exact
A5019152108,Ying Li,doi:10.1155/2023/5752949,10.1155/2023/5752949,Ying Li,2023,2023,0,Exact
A5019378283,Jun Chen,doi:10.1109/icemms.2011.6015627,10.1109/icemms.2011.6015627,Jun Chen,2011,2011,0,Exact
A5019378283,Jun Chen,doi:10.1109/icemms.2011.6015736,10.1109/icemms.2011.6015736,Jun Chen,2011,2011,0,Exact
A5019378283,Jun Chen,doi:10.1109/icemms.2011.6015740,10.1109/icemms.2011.6015740,Jun Chen,2011,2011,0,Exact
A5019663287,Jie Liu,doi:10.1109/icetc.2010.5529591,10.1109/icetc.2010.5529591,Jie Liu,2010,2010,0,Exact
A5019733640,Jun Wang,doi:10.1155/2022/1815417,10.1155/2022/1815417,Jun Wang,2022,2023,1,Exact
A5019794077,Jun Chen,doi:10.1155/2022/3585540,10.1155/2022/3585540,Jun Chen,2022,2023,1,Exact
A5019802003,Lei Wang,doi:10.1007/s10586-018-2212-1,10.1007/s10586-018-2212-1,Lei Wang,2018,2022,4,Exact
A5019822259,Hui Zhang,doi:10.1155/2022/3726351,10.1155/2022/3726351,Hui Zhang,2022,2023,1,Exact
A5019822259,Hui Zhang,doi:10.1155/2022/8030243,10.1155/2022/8030243,Hui Zhang,2022,2023,1,Exact
A5019823979,Ming Li,doi:10.1088/1742-6596/1744/3/032190,10.1088/1742-6596/1744/3/032190,Ming Li,2021,2022,1,Exact
A5019869278,Ying Zhang,doi:10.1155/2022/6370791,10.1155/2022/6370791,Ying Zhang,2022,2023,1,Exact
A5019989501,Q Li,doi:10.1136/jnnp.2008.149088,10.1136/jnnp.2008.149088,Qiang Li,2009,2010,1,Initial
A5020200923,Jian Li,doi:10.31635/ccschem.020.202000456,10.31635/ccschem.020.202000456,Jian Li,2020,2022,2,Exact
A5020322897,Jun Wang,doi:10.3233/jifs-189061,10.3233/jifs-189061,Jun Wang,2020,2021,1,Exact
A5020354230,Yan Zhang,doi:10.1155/2022/9951609,10.1155/2022/9951609,Yan Zhang,2022,2023,1,Exact
A5020394491,Feng Li,doi:10.1155/2022/4657091,10.1155/2022/4657091,Feng Li,2022,2023,1,Exact
A5020713910,Yang Liu,doi:10.1155/2021/1391184,10.1155/2021/1391184,Yang Liu,2021,2024,3,Exact
A5020749950,Jin Wang,doi:10.1155/2015/398028,10.1155/2015/398028,Jin Wang,2015,2018,3,Exact
A5020755753,Wei Zhao,doi:10.1155/2022/6761444,10.1155/2022/6761444,Wei Zhao,2022,2023,1,Exact
A5020969863,Yang Wang,doi:10.1155/2022/1770580,10.1155/2022/1770580,Yang Wang,2022,2023,1,Exact
A5021079201,Jian Xu,doi:10.1042/cs20200249,10.1042/cs20200249,Jian Xu,2020,2021,1,Exact
A5021357452,Yong Zhang,doi:10.1155/2023/7441367,10.1155/2023/7441367,Yong Zhang,2023,2024,1,Exact
A5021396279,Yi Wang,doi:10.1016/j.heliyon.2024.e28299,10.1016/j.heliyon.2024.e28299,Yi Wang,2024,2025,1,Exact
A5021396836,Hong Li,doi:10.1155/2022/6447684,10.1155/2022/6447684,Hong Li,2022,2023,1,Exact
A5021403424,Hui Liu,doi:10.1155/2021/5553490,10.1155/2021/5553490,Hui Liu,2021,2023,2,Exact
A5021587687,Chandra Gopala Rao,doi:10.1016/b978-0-12-803365-4.00003-8,10.1016/b978-0-12-803365-4.00003-8,Chandra Gopala Rao,2015,2015,0,Exact
A5021587687,Chandra Gopala Rao,doi:10.1016/b978-0-12-803365-4.00012-9,10.1016/b978-0-12-803365-4.00012-9,Chandra Gopala Rao,2015,2015,0,Exact
A5021686024,Li Wang,doi:10.1155/2022/7366432,10.1155/2022/7366432,Li Wang,2022,2023,1,Exact
A5021789427,Jing Liu,doi:10.1155/2022/8660752,10.1155/2022/8660752,Jing Liu,2022,2023,1,Exact
A5022072267,Yu Liu,doi:10.1109/icebeg.2011.5887175,10.1109/icebeg.2011.5887175,Yu Liu,2011,2011,0,Exact
A5022072267,Yu Liu,doi:10.1109/icemms.2011.6015783,10.1109/icemms.2011.6015783,Yu Liu,2011,2011,0,Exact
A5022072267,Yu Liu,doi:10.1109/qr2mse.2013.6625726,10.1109/qr2mse.2013.6625726,Yu Liu,2013,2013,0,Exact
A5022072267,Yu Liu,doi:10.1155/2022/1794258,10.1155/2022/1794258,Yu Liu,2022,2023,1,Exact
A5022147727,Jing Li,doi:10.1155/2022/8169938,10.1155/2022/8169938,Jing Li,2022,2023,1,Exact
A5022191573,Ming Li,doi:10.1149/2.0601613jes,10.1149/2.0601613jes,Ming Li,2016,2016,0,Exact
A5022221420,Jing Wang,doi:10.1109/appeec.2010.5449431,10.1109/appeec.2010.5449431,Jing Wang,2010,2010,0,Exact
A5022385871,Jing Li,doi:10.1155/2022/2424011,10.1155/2022/2424011,Jing Li,2022,2023,1,Exact
A5022393623,Wei Zhao,doi:10.1109/icbbe.2011.5781467,10.1109/icbbe.2011.5781467,Wei Zhao,2011,2011,0,Exact
A5022422432,Yu Liu,doi:10.1155/2022/7344375,10.1155/2022/7344375,Yu Liu,2022,2024,2,Exact
A5022437227,Jun Zhang,doi:10.1109/icebeg.2011.5882590,10.1109/icebeg.2011.5882590,Jun Zhang,2011,2011,0,Exact
A5022445441,Jun Li,doi:10.1109/icebeg.2011.5881535,10.1109/icebeg.2011.5881535,Jun Li,2011,2011,0,Exact
A5022545876,Qiang Li,doi:10.1155/2022/3440586,10.1155/2022/3440586,Qiang Li,2022,2023,1,Exact
A5022663899,Rui Wang,doi:10.3233/jifs-237181,10.3233/jifs-237181,Rui Wang,2024,2024,0,Exact
A5022668271,Yang Li,doi:10.1155/2022/5466173,10.1155/2022/5466173,Yang Li,2022,2023,1,Exact
A5022728411,Jun Zhang,doi:10.1155/2022/6919130,10.1155/2022/6919130,Jun Zhang,2022,2023,1,Exact
A5022801986,Min Li,doi:10.1155/2022/1718436,10.1155/2022/1718436,Min Li,2022,2024,2,Exact
A5022913556,Bin Zhang,doi:10.1155/2022/9398551,10.1155/2022/9398551,Bin Zhang,2022,2023,1,Exact
A5022927606,Xin Wang,doi:10.1155/2022/5205371,10.1155/2022/5205371,Xin Wang,2022,2023,1,Exact
A5023061114,Wei Zhang,doi:10.3892/or.2014.3503,10.3892/or.2014.3503,Wei Zhang,2014,2021,7,Exact
A5023158319,Wei Li,doi:10.1155/2022/2017223,10.1155/2022/2017223,Wei Li,2022,2022,0,Exact
A5023161928,Feng Li,doi:10.1109/aimsec.2011.6011453,10.1109/aimsec.2011.6011453,Feng Li,2011,2011,0,Exact
A5023161928,Feng Li,doi:10.1109/icebeg.2011.5881929,10.1109/icebeg.2011.5881929,Feng Li,2011,2011,0,Exact
A5023161928,Feng Li,doi:10.1109/icemms.2011.6015783,10.1109/icemms.2011.6015783,Feng Li,2011,2011,0,Exact
A5023162457,Jing Chen,doi:10.1155/2021/8001787,10.1155/2021/8001787,Jing Chen,2021,2023,2,Exact
A5023191101,Jie Zhang,doi:10.1111/exsy.12820,10.1111/exsy.12820,Jie Zhang,2022,2024,2,Exact
A5023343562,Jing Li,doi:10.1155/2022/1172519,10.1155/2022/1172519,Jing Li,2022,2023,1,Exact
A5023366065,Tao Wang,doi:10.1109/cctae.2010.5545047,10.1109/cctae.2010.5545047,Tao Wang,2010,2010,0,Exact
A5023421415,Bo Wang,doi:10.1007/s11082-024-06560-y,10.1007/s11082-024-06560-y,Bo Wang,2024,2024,0,Exact
A5023526748,Lei Zhang,doi:10.1155/2022/2754302,10.1155/2022/2754302,Lei Zhang,2022,2024,2,Exact
A5023532600,Nan Li,doi:10.1155/2022/2423333,10.1155/2022/2423333,Nan Li,2022,2023,1,Exact
A5023554955,Tao Wang,doi:10.1155/2022/3123565,10.1155/2022/3123565,Tao Wang,2022,2023,1,Exact
A5023556422,Wei Zhao,doi:10.1155/2022/4139323,10.1155/2022/4139323,Wei Zhao,2022,2023,1,Exact
A5023583451,Feng Wang,doi:10.1073/pnas.1301810110,10.1073/pnas.1301810110,Feng Wang,2013,2017,4,Exact
A5023806511,Wei Chen,doi:10.3233/jifs-235573,10.3233/jifs-235573,Wei Chen,2024,2024,0,Exact
A5023828770,Feng Wang,doi:10.1016/j.bbrc.2014.09.078,10.1016/j.bbrc.2014.09.078,Feng Wang,2014,2014,0,Exact
A5023828770,Feng Wang,doi:10.1016/j.bbrc.2014.10.109,10.1016/j.bbrc.2014.10.109,Feng Wang,2014,2014,0,Exact
A5023828770,Feng Wang,doi:10.1007/s10549-014-3068-6,10.1007/s10549-014-3068-6,Feng Wang,2014,2015,1,Exact
A5023828770,Feng Wang,doi:10.1007/s10549-015-3274-x,10.1007/s10549-015-3274-x,Feng Wang,2015,2015,0,Exact
A5023828770,Feng Wang,doi:10.1371/journal.pone.0027684,10.1371/journal.pone.0027684,Feng Wang,2011,2023,12,Exact
A5023828770,Feng Wang,doi:10.1371/journal.pone.0018434,10.1371/journal.pone.0018434,Feng Wang,2011,2024,13,Exact
A5023834481,Wei Zhao,doi:10.1155/2022/2507649,10.1155/2022/2507649,Wei Zhao,2022,2023,1,Exact
A5023886785,Jing Li,doi:10.1155/2022/9997531,10.1155/2022/9997531,Jing Li,2022,2023,1,Exact
A5023894502,Ying Wang,doi:10.1155/2021/9962997,10.1155/2021/9962997,Ying Wang,2021,2023,2,Exact
A5023949389,Hidenori Toyooka,doi:10.1007/bf03009517,10.1007/bf03009517,Hidenori Toyooka,1993,2012,19,Exact
A5023949389,Hidenori Toyooka,doi:10.1007/bf03009869,10.1007/bf03009869,Hidenori Toyooka,1994,2012,18,Exact
A5023949389,Hidenori Toyooka,doi:10.1007/bf03009906,10.1007/bf03009906,Hidenori Toyooka,1994,2012,18,Exact
A5023949389,Hidenori Toyooka,doi:10.1007/bf03010568,10.1007/bf03010568,Hidenori Toyooka,1995,2012,17,Exact
A5023949389,Hidenori Toyooka,doi:10.1007/bf03010577,10.1007/bf03010577,Hidenori Toyooka,1995,2012,17,Exact
A5023949389,Hidenori Toyooka,doi:10.1007/bf03011030,10.1007/bf03011030,Hidenori Toyooka,1995,2012,17,Exact
A5023949389,Hidenori Toyooka,doi:10.1007/bf03011177,10.1007/bf03011177,Hidenori Toyooka,1995,2012,17,Exact
A5023949389,Hidenori Toyooka,doi:10.1007/bf03011250,10.1007/bf03011250,Hidenori Toyooka,1996,2012,16,Exact
A5023949389,Hidenori Toyooka,doi:10.1007/bf03011585,10.1007/bf03011585,Hidenori Toyooka,1994,2012,18,Exact
A5023949389,Hidenori Toyooka,doi:10.1007/bf03011834,10.1007/bf03011834,Hidenori Toyooka,1996,2012,16,Exact
A5023949389,Hidenori Toyooka,doi:10.1007/bf03011936,10.1007/bf03011936,Hidenori Toyooka,1997,2012,15,Exact
A5023949389,Hidenori Toyooka,doi:10.1007/bf03013430,10.1007/bf03013430,Hidenori Toyooka,1996,2012,16,Exact
A5023949389,Hidenori Toyooka,doi:10.1007/bf03014460,10.1007/bf03014460,Hidenori Toyooka,1997,2012,15,Exact
A5023949389,Hidenori Toyooka,doi:10.1007/bf03015365,10.1007/bf03015365,Hidenori Toyooka,1997,2012,15,Exact
A5023949389,Hidenori Toyooka,doi:10.1007/bf03015482,10.1007/bf03015482,Hidenori Toyooka,1995,2012,17,Exact
A5023949389,Hidenori Toyooka,doi:10.1007/bf03015955,10.1007/bf03015955,Hidenori Toyooka,1996,2012,16,Exact
A5023949389,Hidenori Toyooka,doi:10.1007/bf03017947,10.1007/bf03017947,Hidenori Toyooka,1996,2012,16,Exact
A5023949389,Hidenori Toyooka,doi:10.1177/0310057x9602400107,10.1177/0310057x9602400107,Hidenori Toyooka,1996,2012,16,Exact
A5023949389,Hidenori Toyooka,doi:10.1177/0310057x9902700304,10.1177/0310057x9902700304,Hidenori Toyooka,1999,2012,13,Exact
A5023949389,Hidenori Toyooka,doi:10.1213/00000539-199401000-00014,10.1213/00000539-199401000-00014,Hidenori Toyooka,1994,2012,18,Exact
A5023949389,Hidenori Toyooka,doi:10.1007/bf02471386,10.1007/bf02471386,Hidenori Toyooka,1996,2013,17,Exact
A5023949389,Hidenori Toyooka,doi:10.1007/bf02479949,10.1007/bf02479949,Hidenori Toyooka,1995,2013,18,Exact
A5023949389,Hidenori Toyooka,doi:10.1007/bf02480074,10.1007/bf02480074,Hidenori Toyooka,1997,2013,16,Exact
A5023949389,Hidenori Toyooka,doi:10.1007/bf02482037,10.1007/bf02482037,Hidenori Toyooka,1995,2013,18,Exact
A5023949389,Hidenori Toyooka,doi:10.1007/bf02482063,10.1007/bf02482063,Hidenori Toyooka,1996,2013,17,Exact
A5023949389,Hidenori Toyooka,doi:10.1007/bf02514644,10.1007/bf02514644,Hidenori Toyooka,2006,2013,7,Exact
A5023949389,Hidenori Toyooka,doi:10.1007/bf02514655,10.1007/bf02514655,Hidenori Toyooka,1994,2013,19,Exact
A5023949389,Hidenori Toyooka,doi:10.1007/bf03012096,10.1007/bf03012096,Hidenori Toyooka,1998,2013,15,Exact
A5023949389,Hidenori Toyooka,doi:10.1007/bf03012299,10.1007/bf03012299,Hidenori Toyooka,1998,2013,15,Exact
A5023949389,Hidenori Toyooka,doi:10.1007/bf03012704,10.1007/bf03012704,Hidenori Toyooka,1998,2013,15,Exact
A5023949389,Hidenori Toyooka,doi:10.1007/bf03013130,10.1007/bf03013130,Hidenori Toyooka,1999,2013,14,Exact
A5023949389,Hidenori Toyooka,doi:10.1007/bf03013138,10.1007/bf03013138,Hidenori Toyooka,1999,2013,14,Exact
A5023949389,Hidenori Toyooka,doi:10.1007/bf03013260,10.1007/bf03013260,Hidenori Toyooka,1998,2013,15,Exact
A5023949389,Hidenori Toyooka,doi:10.1007/bf03017425,10.1007/bf03017425,Hidenori Toyooka,2002,2013,11,Exact
A5023949389,Hidenori Toyooka,doi:10.1007/bf03019230,10.1007/bf03019230,Hidenori Toyooka,1997,2013,16,Exact
A5023949389,Hidenori Toyooka,doi:10.1007/bf03019488,10.1007/bf03019488,Hidenori Toyooka,2000,2013,13,Exact
A5023949389,Hidenori Toyooka,doi:10.1007/bf03019875,10.1007/bf03019875,Hidenori Toyooka,2000,2013,13,Exact
A5023949389,Hidenori Toyooka,doi:10.1007/s005400050045,10.1007/s005400050045,Hidenori Toyooka,1999,2013,14,Exact
A5023949389,Hidenori Toyooka,doi:10.1007/s005400170007,10.1007/s005400170007,Hidenori Toyooka,2001,2013,12,Exact
A5023949389,Hidenori Toyooka,doi:10.1016/s0952-8180(99)00011-2,10.1016/s0952-8180(99)00011-2,Hidenori Toyooka,1999,2013,14,Exact
A5023949389,Hidenori Toyooka,doi:10.1046/j.1365-2044.1998.00633.x,10.1046/j.1365-2044.1998.00633.x,Hidenori Toyooka,1998,2013,15,Exact
A5023949389,Hidenori Toyooka,doi:10.1046/j.1365-2346.1999.00483.x,10.1046/j.1365-2346.1999.00483.x,Hidenori Toyooka,1999,2013,14,Exact
A5023949389,Hidenori Toyooka,doi:10.1046/j.1365-2346.1999.00546.x,10.1046/j.1365-2346.1999.00546.x,Hidenori Toyooka,1999,2013,14,Exact
A5023949389,Hidenori Toyooka,doi:10.1046/j.1365-2346.2000.00617.x,10.1046/j.1365-2346.2000.00617.x,Hidenori Toyooka,2000,2013,13,Exact
A5023949389,Hidenori Toyooka,doi:10.1046/j.1460-9592.1999.00414.x,10.1046/j.1460-9592.1999.00414.x,Hidenori Toyooka,1999,2013,14,Exact
A5023949389,Hidenori Toyooka,doi:10.1093/bja/79.4.539,10.1093/bja/79.4.539,Hidenori Toyooka,1997,2013,16,Exact
A5023949389,Hidenori Toyooka,doi:10.1093/bja/80.6.764,10.1093/bja/80.6.764,Hidenori Toyooka,1998,2013,15,Exact
A5023949389,Hidenori Toyooka,doi:10.1093/bja/81.3.387,10.1093/bja/81.3.387,Hidenori Toyooka,1998,2013,15,Exact
A5023949389,Hidenori Toyooka,doi:10.1093/bja/81.3.390,10.1093/bja/81.3.390,Hidenori Toyooka,1998,2013,15,Exact
A5023949389,Hidenori Toyooka,doi:10.1093/bja/81.4.526,10.1093/bja/81.4.526,Hidenori Toyooka,1998,2013,15,Exact
A5023949389,Hidenori Toyooka,doi:10.1093/bja/81.5.754,10.1093/bja/81.5.754,Hidenori Toyooka,1998,2013,15,Exact
A5023949389,Hidenori Toyooka,doi:10.1093/bja/86.6.879,10.1093/bja/86.6.879,Hidenori Toyooka,2001,2013,12,Exact
A5023949389,Hidenori Toyooka,doi:10.1097/00000539-200010000-00052,10.1097/00000539-200010000-00052,Hidenori Toyooka,2000,2013,13,Exact
A5023949389,Hidenori Toyooka,doi:10.1097/00000539-200106000-00048,10.1097/00000539-200106000-00048,Hidenori Toyooka,2001,2013,12,Exact
A5023949389,Hidenori Toyooka,doi:10.1097/00000539-200111000-00029,10.1097/00000539-200111000-00029,Hidenori Toyooka,2001,2013,12,Exact
A5023949389,Hidenori Toyooka,doi:10.1097/00000539-200207000-00023,10.1097/00000539-200207000-00023,Hidenori Toyooka,2002,2013,11,Exact
A5023949389,Hidenori Toyooka,doi:10.1111/j.0265-0215.1998.00267.x,10.1111/j.0265-0215.1998.00267.x,Hidenori Toyooka,1998,2013,15,Exact
A5023949389,Hidenori Toyooka,doi:10.1111/j.1399-6576.1997.tb04777.x,10.1111/j.1399-6576.1997.tb04777.x,Hidenori Toyooka,1997,2013,16,Exact
A5023949389,Hidenori Toyooka,doi:10.1111/j.1399-6576.1997.tb04860.x,10.1111/j.1399-6576.1997.tb04860.x,Hidenori Toyooka,1997,2013,16,Exact
A5023949389,Hidenori Toyooka,doi:10.1111/j.1399-6576.1998.tb04922.x,10.1111/j.1399-6576.1998.tb04922.x,Hidenori Toyooka,1998,2013,15,Exact
A5023949389,Hidenori Toyooka,doi:10.1111/j.1399-6576.1998.tb05113.x,10.1111/j.1399-6576.1998.tb05113.x,Hidenori Toyooka,1998,2013,15,Exact
A5023949389,Hidenori Toyooka,doi:10.1111/j.1399-6576.1998.tb05297.x,10.1111/j.1399-6576.1998.tb05297.x,Hidenori Toyooka,1998,2013,15,Exact
A5023949389,Hidenori Toyooka,doi:10.1111/j.1399-6576.1998.tb05350.x,10.1111/j.1399-6576.1998.tb05350.x,Hidenori Toyooka,1998,2013,15,Exact
A5023949389,Hidenori Toyooka,doi:10.1111/j.1399-6576.1998.tb05373.x,10.1111/j.1399-6576.1998.tb05373.x,Hidenori Toyooka,1998,2013,15,Exact
A5023949389,Hidenori Toyooka,doi:10.1177/0310057x9902700109,10.1177/0310057x9902700109,Hidenori Toyooka,1999,2013,14,Exact
A5023949389,Hidenori Toyooka,doi:10.1213/00000539-199803000-00033,10.1213/00000539-199803000-00033,Hidenori Toyooka,1998,2013,15,Exact
A5023949389,Hidenori Toyooka,doi:10.1213/00000539-199810000-00004,10.1213/00000539-199810000-00004,Hidenori Toyooka,1998,2013,15,Exact
A5023949389,Hidenori Toyooka,doi:10.1213/00000539-199811000-00018,10.1213/00000539-199811000-00018,Hidenori Toyooka,1998,2013,15,Exact
A5023949389,Hidenori Toyooka,doi:10.1213/00000539-199812000-00037,10.1213/00000539-199812000-00037,Hidenori Toyooka,1998,2013,15,Exact
A5023949389,Hidenori Toyooka,doi:10.1213/00000539-199906000-00018,10.1213/00000539-199906000-00018,Hidenori Toyooka,1999,2013,14,Exact
A5023949389,Hidenori Toyooka,doi:10.1213/00000539-199906000-00028,10.1213/00000539-199906000-00028,Hidenori Toyooka,1999,2013,14,Exact
A5023949389,Hidenori Toyooka,doi:10.1213/00000539-199908000-00043,10.1213/00000539-199908000-00043,Hidenori Toyooka,1999,2013,14,Exact
A5023949389,Hidenori Toyooka,doi:10.1213/00000539-199909000-00048,10.1213/00000539-199909000-00048,Hidenori Toyooka,1999,2013,14,Exact
A5023949389,Hidenori Toyooka,doi:10.1213/00000539-199912000-00046,10.1213/00000539-199912000-00046,Hidenori Toyooka,1999,2013,14,Exact
A5023949389,Hidenori Toyooka,doi:10.1213/00000539-200002000-00043,10.1213/00000539-200002000-00043,Hidenori Toyooka,2000,2013,13,Exact
A5023949389,Hidenori Toyooka,doi:10.1213/00000539-200103000-00039,10.1213/00000539-200103000-00039,Hidenori Toyooka,2001,2013,12,Exact
A5023949389,Hidenori Toyooka,doi:10.1213/00000539-200210000-00028,10.1213/00000539-200210000-00028,Hidenori Toyooka,2002,2013,11,Exact
A5023949389,Hidenori Toyooka,doi:10.1213/01.ane.0000052512.46939.2e,10.1213/01.ane.0000052512.46939.2e,Hidenori Toyooka,2003,2013,10,Exact
A5023949389,Hidenori Toyooka,doi:10.1213/01.ane.0000076142.42255.bf,10.1213/01.ane.0000076142.42255.bf,Hidenori Toyooka,2003,2013,10,Exact
A5023949389,Hidenori Toyooka,doi:10.1213/01.ane.0000116927.80080.1e,10.1213/01.ane.0000116927.80080.1e,Hidenori Toyooka,2004,2013,9,Exact
A5023949389,Hidenori Toyooka,doi:10.1046/j.1460-9592.2000.00441.x,10.1046/j.1460-9592.2000.00441.x,Hidenori Toyooka,2000,2014,14,Exact
A5023949389,Hidenori Toyooka,doi:10.1046/j.1365-2346.1997.00119.x,10.1046/j.1365-2346.1997.00119.x,Hidenori Toyooka,1997,2018,21,Exact
A5023949389,Hidenori Toyooka,doi:10.1093/bja/70.4.402,10.1093/bja/70.4.402,Hidenori Toyooka,1993,2018,25,Exact
A5023949389,Hidenori Toyooka,doi:10.1093/bja/71.3.443,10.1093/bja/71.3.443,Hidenori Toyooka,1993,2018,25,Exact
A5023949389,Hidenori Toyooka,doi:10.1093/bja/72.6.688,10.1093/bja/72.6.688,Hidenori Toyooka,1994,2018,24,Exact
A5023949389,Hidenori Toyooka,doi:10.1093/bja/73.3.416,10.1093/bja/73.3.416,Hidenori Toyooka,1994,2018,24,Exact
A5023949389,Hidenori Toyooka,doi:10.1093/bja/74.3.293,10.1093/bja/74.3.293,Hidenori Toyooka,1995,2018,23,Exact
A5023949389,Hidenori Toyooka,doi:10.1111/j.1399-6576.1997.tb04776.x,10.1111/j.1399-6576.1997.tb04776.x,Hidenori Toyooka,2008,2019,11,Exact
A5023949389,Hidenori Toyooka,doi:10.1007/bf03011715,10.1007/bf03011715,Hidenori Toyooka,1996,2022,26,Exact
A5023978169,Jun Yang,doi:10.1109/icmss.2009.5301192,10.1109/icmss.2009.5301192,Jun Yang,2009,2009,0,Exact
A5023978169,Jun Yang,doi:10.1109/icmss.2009.5302441,10.1109/icmss.2009.5302441,Jun Yang,2009,2009,0,Exact
A5023984232,Zhang We,doi:10.1007/s10479-021-04383-8,10.1007/s10479-021-04383-8,Wei Zhang,2022,2023,1,Exact
A5023984232,Zhang We,doi:10.1016/j.cej.2021.129261,10.1016/j.cej.2021.129261,Wei Zhang,2021,2024,3,Exact
A5023985119,Ying Li,doi:10.1002/tox.24195,10.1002/tox.24195,Ying Li,2024,2025,1,Exact
A5024036992,Jing Yang,doi:10.1155/2022/1319762,10.1155/2022/1319762,Jing Yang,2022,2023,1,Exact
A5024036992,Jing Yang,doi:10.1155/2022/3906392,10.1155/2022/3906392,Jing Yang,2022,2023,1,Exact
A5024126105,Zhao Jing,doi:10.1155/2022/5277805,10.1155/2022/5277805,Jing Zhao,2022,2023,1,Exact
A5024131897,Tao Li,doi:10.1155/2022/2271635,10.1155/2022/2271635,Tao Li,2022,2024,2,Exact
A5024131897,Tao Li,doi:10.3233/jifs-234766,10.3233/jifs-234766,Tao Li,2023,2024,1,Exact
A5024267654,Ying Zhang,doi:10.1155/2022/9953787,10.1155/2022/9953787,Ying Zhang,2022,2023,1,Exact
A5024279012,Yi Zhang,doi:10.1155/2022/5238941,10.1155/2022/5238941,Yi Zhang,2022,2023,1,Exact
A5024511254,Jian Li,doi:10.1155/2022/4880874,10.1155/2022/4880874,Jian Li,2022,2023,1,Exact
A5024606648,T. Liu,doi:10.1107/s1600536807035076,10.1107/s1600536807035076,Tao Liu,2007,2009,2,Initial
A5024688954,Jing Li,doi:10.1155/2022/6105804,10.1155/2022/6105804,Jing Li,2022,2023,1,Exact
A5024719843,Peng Li,doi:10.1155/2022/5292454,10.1155/2022/5292454,Peng Li,2022,2023,1,Exact
A5024795113,Lin Zhang,doi:10.1520/jte20230068,10.1520/jte20230068,Lin Zhang,2024,2026,2,Exact
A5024992580,Bo Zhang,doi:10.1155/2022/7149477,10.1155/2022/7149477,Bo Zhang,2022,2023,1,Exact
A5025311315,Jie Li,doi:10.2991/icadme-17.2017.53,10.2991/icadme-17.2017.53,Jie Li,2017,2020,3,Exact
A5025329304,Gang Wang,doi:10.1155/2022/3111581,10.1155/2022/3111581,Gang Wang,2022,2023,1,Exact
A5025331536,Ying Li,doi:10.1155/2022/9966275,10.1155/2022/9966275,Ying Li,2022,2023,1,Exact
A5025351076,Lei Liu,doi:10.1177/13860291241304952,10.1177/13860291241304952,Lei Liu,2025,2025,0,Exact
A5025401873,Jie Li,doi:10.1042/bsr20191062,10.1042/bsr20191062,Jie Li,2020,2022,2,Exact
A5025401873,Jie Li,doi:10.2147/cmar.s214553,10.2147/cmar.s214553,Jie Li,2020,2022,2,Exact
A5025401873,Jie Li,doi:10.1155/2022/1899356,10.1155/2022/1899356,Jie Li,2022,2023,1,Exact
A5025499246,Feng Wang,doi:10.1155/2022/7792008,10.1155/2022/7792008,Feng Wang,2022,2023,1,Exact
A5025537865,Yang Liu,doi:10.1155/2022/3832670,10.1155/2022/3832670,Yang Liu,2022,2023,1,Exact
A5025670295,Hui Wang,doi:10.1155/2022/1869922,10.1155/2022/1869922,Hui Wang,2022,2023,1,Exact
A5025692087,Ping Li,doi:10.1111/iwj.14331,10.1111/iwj.14331,Ping Li,2023,2025,2,Exact
A5025712127,Yan Li,doi:10.1155/2022/8155038,10.1155/2022/8155038,Yan Li,2022,2023,1,Exact
A5025897794,Qi Wang,doi:10.1016/j.jad.2023.02.037,10.1016/j.jad.2023.02.037,Qi Wang,2023,2023,0,Exact
A5026080192,Ting-Kai Liu,doi:10.1107/s1600536807054529,10.1107/s1600536807054529,Tao Liu,2007,2009,2,Initial
A5026203203,Lei Liu,doi:10.1007/s12032-014-0251-x,10.1007/s12032-014-0251-x,Lei Liu,2014,2015,1,Exact
A5026244579,Wei Liu,doi:10.1155/2021/1593005,10.1155/2021/1593005,Wei Liu,2021,2023,2,Exact
A5026298072,Fei Wang,doi:10.1155/2022/7931914,10.1155/2022/7931914,Fei Wang,2022,2023,1,Exact
A5026299946,Xin Zhang,doi:10.1109/icetce.2011.5774280,10.1109/icetce.2011.5774280,Xin Zhang,2011,2011,0,Exact
A5026349477,Yan Zhang,doi:10.1155/2022/7376844,10.1155/2022/7376844,Yan Zhang,2022,2023,1,Exact
A5026775636,Liu Wei,doi:10.1155/2022/6069561,10.1155/2022/6069561,Wei Liu,2022,2023,1,Exact
A5026818586,Wei Chen,doi:10.2147/cmar.s159790,10.2147/cmar.s159790,Wei Chen,2018,2024,6,Exact
A5026873018,Ying Zhang,doi:10.1155/2021/4529169,10.1155/2021/4529169,Ying Zhang,2021,2023,2,Exact
A5026909961,Jing Chen,doi:10.3892/or.2018.6736,10.3892/or.2018.6736,Jing Chen,2018,2023,5,Exact
A5026956824,Hong Li,doi:10.1007/s11042-018-6066-6,10.1007/s11042-018-6066-6,Hong Li,2018,2022,4,Exact
A5026976348,Wei Li,doi:10.1155/2022/3648880,10.1155/2022/3648880,Wei Li,2022,2023,1,Exact
A5026976348,Wei Li,doi:10.1155/2022/9719633,10.1155/2022/9719633,Wei Li,2022,2023,1,Exact
A5026980795,Min Wang,doi:10.1145/3465631.3465864,10.1145/3465631.3465864,Min Wang,2021,2022,1,Exact
A5027012549,Xin Wang,doi:10.1155/2019/9742765,10.1155/2019/9742765,Xin Wang,2019,2023,4,Exact
A5027023668,Ping Zhang,doi:10.1155/2022/7207403,10.1155/2022/7207403,Ping Zhang,2022,2023,1,Exact
A5027036101,Joachim Boldt,doi:10.1055/s-2003-40067,10.1055/s-2003-40067,Joachim Boldt,2003,2010,7,Exact
A5027036101,Joachim Boldt,doi:10.1213/ane.0b013e3181b5a24b,10.1213/ane.0b013e3181b5a24b,Joachim Boldt,2009,2010,1,Exact
A5027036101,Joachim Boldt,doi:10.1007/bf03016688,10.1007/bf03016688,Joachim Boldt,2001,2011,10,Exact
A5027036101,Joachim Boldt,doi:10.1007/bf03017799,10.1007/bf03017799,Joachim Boldt,2002,2011,9,Exact
A5027036101,Joachim Boldt,doi:10.1007/bf03017895,10.1007/bf03017895,Joachim Boldt,2002,2011,9,Exact
A5027036101,Joachim Boldt,doi:10.1007/bf03018364,10.1007/bf03018364,Joachim Boldt,2003,2011,8,Exact
A5027036101,Joachim Boldt,doi:10.1007/s00101-008-1495-7,10.1007/s00101-008-1495-7,Joachim Boldt,2009,2011,2,Exact
A5027036101,Joachim Boldt,doi:10.1007/s00134-002-1435-y,10.1007/s00134-002-1435-y,Joachim Boldt,2002,2011,9,Exact
A5027036101,Joachim Boldt,doi:10.1007/s00134-003-1702-6,10.1007/s00134-003-1702-6,Joachim Boldt,2003,2011,8,Exact
A5027036101,Joachim Boldt,doi:10.1007/s00134-003-2110-7,10.1007/s00134-003-2110-7,Joachim Boldt,2004,2011,7,Exact
A5027036101,Joachim Boldt,doi:10.1007/s00134-006-0409-x,10.1007/s00134-006-0409-x,Joachim Boldt,2006,2011,5,Exact
A5027036101,Joachim Boldt,doi:10.1007/s00134-008-1287-1,10.1007/s00134-008-1287-1,Joachim Boldt,2008,2011,3,Exact
A5027036101,Joachim Boldt,doi:10.1016/s0003-4975(01)02462-6,10.1016/s0003-4975(01)02462-6,Joachim Boldt,2001,2011,10,Exact
A5027036101,Joachim Boldt,doi:10.1016/s0003-4975(02)04903-2,10.1016/s0003-4975(02)04903-2,Joachim Boldt,2003,2011,8,Exact
A5027036101,Joachim Boldt,doi:10.1017/s0265021502000996,10.1017/s0265021502000996,Joachim Boldt,2002,2011,9,Exact
A5027036101,Joachim Boldt,doi:10.1017/s0265021504003096,10.1017/s0265021504003096,Joachim Boldt,2004,2011,7,Exact
A5027036101,Joachim Boldt,doi:10.1017/s0265021505000360,10.1017/s0265021505000360,Joachim Boldt,2005,2011,6,Exact
A5027036101,Joachim Boldt,doi:10.1017/s0265021506002286,10.1017/s0265021506002286,Joachim Boldt,2011,2011,0,Exact
A5027036101,Joachim Boldt,doi:10.1017/s0265021508004055,10.1017/s0265021508004055,Joachim Boldt,2008,2011,3,Exact
A5027036101,Joachim Boldt,doi:10.1017/s0265021508004328,10.1017/s0265021508004328,Joachim Boldt,2008,2011,3,Exact
A5027036101,Joachim Boldt,doi:10.1034/j.1399-6576.2001.450210.x,10.1034/j.1399-6576.2001.450210.x,Joachim Boldt,2001,2011,10,Exact
A5027036101,Joachim Boldt,doi:10.1046/j.0265-0215.2000.00810.x,10.1046/j.0265-0215.2000.00810.x,Joachim Boldt,2001,2011,10,Exact
A5027036101,Joachim Boldt,doi:10.1046/j.1365-2044.1999.00849.x,10.1046/j.1365-2044.1999.00849.x,Joachim Boldt,1999,2011,12,Exact
A5027036101,Joachim Boldt,doi:10.1046/j.1365-2044.2000.055002131.x,10.1046/j.1365-2044.2000.055002131.x,Joachim Boldt,2000,2011,11,Exact
A5027036101,Joachim Boldt,doi:10.1046/j.1365-2044.2001.02175.x,10.1046/j.1365-2044.2001.02175.x,Joachim Boldt,2001,2011,10,Exact
A5027036101,Joachim Boldt,doi:10.1046/j.1365-2044.2003.02964_2.x,10.1046/j.1365-2044.2003.02964_2.x,Joachim Boldt,2003,2011,8,Exact
A5027036101,Joachim Boldt,doi:10.1053/cr.2000.5853,10.1053/cr.2000.5853,Joachim Boldt,2000,2011,11,Exact
A5027036101,Joachim Boldt,doi:10.1053/j.jvca.2007.02.015,10.1053/j.jvca.2007.02.015,Joachim Boldt,2007,2011,4,Exact
A5027036101,Joachim Boldt,doi:10.1053/j.jvca.2009.09.014,10.1053/j.jvca.2009.09.014,Joachim Boldt,2009,2011,2,Exact
A5027036101,Joachim Boldt,doi:10.1053/j.jvca.2010.02.008,10.1053/j.jvca.2010.02.008,Joachim Boldt,2010,2011,1,Exact
A5027036101,Joachim Boldt,doi:10.1053/j.jvca.2010.03.001,10.1053/j.jvca.2010.03.001,Joachim Boldt,2010,2011,1,Exact
A5027036101,Joachim Boldt,doi:10.1053/jcan.2000.18447,10.1053/jcan.2000.18447,Joachim Boldt,2000,2011,11,Exact
A5027036101,Joachim Boldt,doi:10.1053/jcan.2000.7945,10.1053/jcan.2000.7945,Joachim Boldt,2000,2011,11,Exact
A5027036101,Joachim Boldt,doi:10.1053/jcan.2001.23276,10.1053/jcan.2001.23276,Joachim Boldt,2001,2011,10,Exact
A5027036101,Joachim Boldt,doi:10.1053/jcan.2001.24979,10.1053/jcan.2001.24979,Joachim Boldt,2001,2011,10,Exact
A5027036101,Joachim Boldt,doi:10.1055/s-2005-921199,10.1055/s-2005-921199,Joachim Boldt,2006,2011,5,Exact
A5027036101,Joachim Boldt,doi:10.1055/s-2007-965302,10.1055/s-2007-965302,Joachim Boldt,2007,2011,4,Exact
A5027036101,Joachim Boldt,doi:10.1093/bja/82.2.170,10.1093/bja/82.2.170,Joachim Boldt,1999,2011,12,Exact
A5027036101,Joachim Boldt,doi:10.1093/bja/85.3.417,10.1093/bja/85.3.417,Joachim Boldt,2000,2011,11,Exact
A5027036101,Joachim Boldt,doi:10.1093/bja/87.3.435,10.1093/bja/87.3.435,Joachim Boldt,2000,2011,11,Exact
A5027036101,Joachim Boldt,doi:10.1093/bja/87.5.699,10.1093/bja/87.5.699,Joachim Boldt,2000,2011,11,Exact
A5027036101,Joachim Boldt,doi:10.1093/bja/aef242,10.1093/bja/aef242,Joachim Boldt,2002,2011,9,Exact
A5027036101,Joachim Boldt,doi:10.1093/bja/ael242,10.1093/bja/ael242,Joachim Boldt,2006,2011,5,Exact
A5027036101,Joachim Boldt,doi:10.1093/bja/ael341,10.1093/bja/ael341,Joachim Boldt,2007,2011,4,Exact
A5027036101,Joachim Boldt,doi:10.1093/bja/aen016,10.1093/bja/aen016,Joachim Boldt,2008,2011,3,Exact
A5027036101,Joachim Boldt,doi:10.1093/bja/aen353,10.1093/bja/aen353,Joachim Boldt,2009,2011,2,Exact
A5027036101,Joachim Boldt,doi:10.1093/bja/aep062,10.1093/bja/aep062,Joachim Boldt,2009,2011,2,Exact
A5027036101,Joachim Boldt,doi:10.1093/bja/aep133,10.1093/bja/aep133,Joachim Boldt,2009,2011,2,Exact
A5027036101,Joachim Boldt,doi:10.1097/00000542-200205000-00012,10.1097/00000542-200205000-00012,Joachim Boldt,2002,2011,9,Exact
A5027036101,Joachim Boldt,doi:10.1097/00003246-200105000-00008,10.1097/00003246-200105000-00008,Joachim Boldt,2001,2011,10,Exact
A5027036101,Joachim Boldt,doi:10.1097/01.ccm.0000288101.02556.de,10.1097/01.ccm.0000288101.02556.de,Joachim Boldt,2007,2011,4,Exact
A5027036101,Joachim Boldt,doi:10.1097/eja.0b013e32832f5a90,10.1097/eja.0b013e32832f5a90,Joachim Boldt,2009,2011,2,Exact
A5027036101,Joachim Boldt,doi:10.1111/j.1365-2044.2004.03734.x,10.1111/j.1365-2044.2004.03734.x,Joachim Boldt,2004,2011,7,Exact
A5027036101,Joachim Boldt,doi:10.1111/j.1365-2044.2005.04157.x,10.1111/j.1365-2044.2005.04157.x,Joachim Boldt,2005,2011,6,Exact
A5027036101,Joachim Boldt,doi:10.1111/j.1399-6576.2006.00905.x,10.1111/j.1399-6576.2006.00905.x,Joachim Boldt,2005,2011,6,Exact
A5027036101,Joachim Boldt,doi:10.1111/j.1399-6576.2008.01829.x,10.1111/j.1399-6576.2008.01829.x,Joachim Boldt,2008,2011,3,Exact
A5027036101,Joachim Boldt,doi:10.1111/j.1423-0410.2007.00946.x,10.1111/j.1423-0410.2007.00946.x,Joachim Boldt,2007,2011,4,Exact
A5027036101,Joachim Boldt,doi:10.1213/00000539-199901000-00015,10.1213/00000539-199901000-00015,Joachim Boldt,1999,2011,12,Exact
A5027036101,Joachim Boldt,doi:10.1213/00000539-199912000-00008,10.1213/00000539-199912000-00008,Joachim Boldt,1999,2011,12,Exact
A5027036101,Joachim Boldt,doi:10.1213/00000539-200004000-00033,10.1213/00000539-200004000-00033,Joachim Boldt,2000,2011,11,Exact
A5027036101,Joachim Boldt,doi:10.1213/00000539-200007000-00039,10.1213/00000539-200007000-00039,Joachim Boldt,2000,2011,11,Exact
A5027036101,Joachim Boldt,doi:10.1213/00000539-200103000-00003,10.1213/00000539-200103000-00003,Joachim Boldt,2001,2011,10,Exact
A5027036101,Joachim Boldt,doi:10.1213/00000539-200108000-00034,10.1213/00000539-200108000-00034,Joachim Boldt,2001,2011,10,Exact
A5027036101,Joachim Boldt,doi:10.1213/00000539-200201000-00020,10.1213/00000539-200201000-00020,Joachim Boldt,2002,2011,9,Exact
A5027036101,Joachim Boldt,doi:10.1213/00000539-200202000-00028,10.1213/00000539-200202000-00028,Joachim Boldt,2002,2011,9,Exact
A5027036101,Joachim Boldt,doi:10.1213/00000539-200209000-00027,10.1213/00000539-200209000-00027,Joachim Boldt,2002,2011,9,Exact
A5027036101,Joachim Boldt,doi:10.1213/00000539-200302000-00008,10.1213/00000539-200302000-00008,Joachim Boldt,2003,2011,8,Exact
A5027036101,Joachim Boldt,doi:10.1213/01.ane.0000090146.02929.2e,10.1213/01.ane.0000090146.02929.2e,Joachim Boldt,2003,2011,8,Exact
A5027036101,Joachim Boldt,doi:10.1213/01.ane.0000120163.44315.47,10.1213/01.ane.0000120163.44315.47,Joachim Boldt,2004,2011,7,Exact
A5027036101,Joachim Boldt,doi:10.1213/01.ane.0000132969.88550.96,10.1213/01.ane.0000132969.88550.96,Joachim Boldt,2004,2011,7,Exact
A5027036101,Joachim Boldt,doi:10.1213/01.ane.0000160532.77128.89,10.1213/01.ane.0000160532.77128.89,Joachim Boldt,2005,2011,6,Exact
A5027036101,Joachim Boldt,doi:10.1213/01.ane.0000189561.44016.99,10.1213/01.ane.0000189561.44016.99,Joachim Boldt,2006,2011,5,Exact
A5027036101,Joachim Boldt,doi:10.1213/01.ane.0000221179.07006.06,10.1213/01.ane.0000221179.07006.06,Joachim Boldt,2006,2011,5,Exact
A5027036101,Joachim Boldt,doi:10.1213/01.ane.0000253484.19070.87,10.1213/01.ane.0000253484.19070.87,Joachim Boldt,2007,2011,4,Exact
A5027036101,Joachim Boldt,doi:10.1213/01.ane.0000260566.39244.bd,10.1213/01.ane.0000260566.39244.bd,Joachim Boldt,2007,2011,4,Exact
A5027036101,Joachim Boldt,doi:10.1213/ane.0b013e318161964d,10.1213/ane.0b013e318161964d,Joachim Boldt,2008,2011,3,Exact
A5027036101,Joachim Boldt,doi:10.1213/ane.0b013e31817b7732,10.1213/ane.0b013e31817b7732,Joachim Boldt,2008,2011,3,Exact
A5027036101,Joachim Boldt,doi:10.1213/ane.0b013e31818370b2,10.1213/ane.0b013e31818370b2,Joachim Boldt,2008,2011,3,Exact
A5027036101,Joachim Boldt,doi:10.1213/ane.0b013e3181923722,10.1213/ane.0b013e3181923722,Joachim Boldt,2009,2011,2,Exact
A5027036101,Joachim Boldt,doi:10.1007/s001340050511,10.1007/s001340050511,Joachim Boldt,1998,2013,15,Exact
A5027036101,Joachim Boldt,doi:10.1055/s-2003-45397,10.1055/s-2003-45397,Joachim Boldt,2003,2013,10,Exact
A5027036101,Joachim Boldt,doi:10.1093/bja/77.4.480,10.1093/bja/77.4.480,Joachim Boldt,1996,2014,18,Exact
A5027036101,Joachim Boldt,doi:10.1097/00000539-199608000-00010,10.1097/00000539-199608000-00010,Joachim Boldt,1996,2014,18,Exact
A5027036101,Joachim Boldt,doi:10.1097/00000542-199109000-00008,10.1097/00000542-199109000-00008,Joachim Boldt,1991,2015,24,Exact
A5027036101,Joachim Boldt,doi:10.1111/j.1365-2044.1995.tb05927.x,10.1111/j.1365-2044.1995.tb05927.x,Joachim Boldt,1995,2015,20,Exact
A5027036101,Joachim Boldt,doi:10.1111/j.1399-6576.1994.tb03924.x,10.1111/j.1399-6576.1994.tb03924.x,Joachim Boldt,1994,2015,21,Exact
A5027036101,Joachim Boldt,doi:10.1016/0003-4975(90)90088-n,10.1016/0003-4975(90)90088-n,Joachim Boldt,1990,2017,27,Exact
A5027036101,Joachim Boldt,doi:10.1016/0003-4975(91)90116-8,10.1016/0003-4975(91)90116-8,Joachim Boldt,1991,2017,26,Exact
A5027036101,Joachim Boldt,doi:10.1016/s1010-7940(96)01093-7,10.1016/s1010-7940(96)01093-7,Joachim Boldt,1997,2019,22,Exact
A5027036101,Joachim Boldt,doi:10.1007/s00134-009-1520-6,10.1007/s00134-009-1520-6,Joachim Boldt,2009,2020,11,Exact
A5027036101,Joachim Boldt,doi:10.1007/s00134-010-1912-7,10.1007/s00134-010-1912-7,Joachim Boldt,2010,2020,10,Exact
A5027036101,Joachim Boldt,doi:10.1007/s001340000625,10.1007/s001340000625,Joachim Boldt,2014,2020,6,Exact
A5027036101,Joachim Boldt,doi:10.1093/bja/64.5.611,10.1093/bja/64.5.611,Joachim Boldt,1990,2020,30,Exact
A5027036101,Joachim Boldt,doi:10.1093/bja/69.1.45,10.1093/bja/69.1.45,Joachim Boldt,1992,2020,28,Exact
A5027036101,Joachim Boldt,doi:10.1093/bja/70.6.661,10.1093/bja/70.6.661,Joachim Boldt,1993,2020,27,Exact
A5027036101,Joachim Boldt,doi:10.1093/bja/71.2.277,10.1093/bja/71.2.277,Joachim Boldt,1993,2020,27,Exact
A5027036101,Joachim Boldt,doi:10.1093/bja/73.5.639,10.1093/bja/73.5.639,Joachim Boldt,1994,2020,26,Exact
A5027036101,Joachim Boldt,doi:10.1093/bja/74.2.174,10.1093/bja/74.2.174,Joachim Boldt,1995,2020,25,Exact
A5027036101,Joachim Boldt,doi:10.1093/bja/75.6.740,10.1093/bja/75.6.740,Joachim Boldt,1995,2020,25,Exact
A5027036101,Joachim Boldt,doi:10.1093/bja/79.6.733,10.1093/bja/79.6.733,Joachim Boldt,1997,2020,23,Exact
A5027036101,Joachim Boldt,doi:10.1093/bja/84.6.783,10.1093/bja/84.6.783,Joachim Boldt,2000,2020,20,Exact
A5027036101,Joachim Boldt,doi:10.1093/bja/aem219,10.1093/bja/aem219,Joachim Boldt,2007,2020,13,Exact
A5027036101,Joachim Boldt,doi:10.1093/bja/aep194,10.1093/bja/aep194,Joachim Boldt,2009,2020,11,Exact
A5027036101,Joachim Boldt,doi:10.1093/bja/aep393,10.1093/bja/aep393,Joachim Boldt,2010,2020,10,Exact
A5027036101,Joachim Boldt,doi:10.1097/00000539-199503000-00008,10.1097/00000539-199503000-00008,Joachim Boldt,1995,2020,25,Exact
A5027036101,Joachim Boldt,doi:10.1097/00000539-199512000-00003,10.1097/00000539-199512000-00003,Joachim Boldt,1995,2020,25,Exact
A5027036101,Joachim Boldt,doi:10.1097/00000539-199512000-00022,10.1097/00000539-199512000-00022,Joachim Boldt,1995,2020,25,Exact
A5027036101,Joachim Boldt,doi:10.1097/00000539-199803000-00010,10.1097/00000539-199803000-00010,Joachim Boldt,1998,2020,22,Exact
A5027036101,Joachim Boldt,doi:10.1097/00000539-200010000-00022,10.1097/00000539-200010000-00022,Joachim Boldt,2000,2020,20,Exact
A5027036101,Joachim Boldt,doi:10.1213/00000539-199202000-00008,10.1213/00000539-199202000-00008,Joachim Boldt,1992,2020,28,Exact
A5027036101,Joachim Boldt,doi:10.1213/00000539-199302000-00006,10.1213/00000539-199302000-00006,Joachim Boldt,1993,2020,27,Exact
A5027036101,Joachim Boldt,doi:10.1213/00000539-199376060-00002,10.1213/00000539-199376060-00002,Joachim Boldt,1993,2020,27,Exact
A5027036101,Joachim Boldt,doi:10.1213/00000539-199905000-00038,10.1213/00000539-199905000-00038,Joachim Boldt,1999,2020,21,Exact
A5027036101,Joachim Boldt,doi:10.1213/00000539-199911000-00009,10.1213/00000539-199911000-00009,Joachim Boldt,1999,2020,21,Exact
A5027036101,Joachim Boldt,doi:10.1213/00000539-200302000-00014,10.1213/00000539-200302000-00014,Joachim Boldt,2003,2020,17,Exact
A5027036101,Joachim Boldt,doi:10.1213/01.ane.0000089961.15975.78,10.1213/01.ane.0000089961.15975.78,Joachim Boldt,2003,2020,17,Exact
A5027036101,Joachim Boldt,doi:10.1213/ane.0b013e31819e9e6c,10.1213/ane.0b013e31819e9e6c,Joachim Boldt,2009,2020,11,Exact
A5027036101,Joachim Boldt,doi:10.1007/bf03018316,10.1007/bf03018316,Joachim Boldt,2004,2021,17,Exact
A5027036101,Joachim Boldt,doi:10.1007/s001010050625,10.1007/s001010050625,Joachim Boldt,1998,2021,23,Exact
A5027036101,Joachim Boldt,doi:10.1016/0003-4975(91)90320-p,10.1016/0003-4975(91)90320-p,Joachim Boldt,1991,2021,30,Exact
A5027036101,Joachim Boldt,doi:10.1016/0003-4975(93)90269-n,10.1016/0003-4975(93)90269-n,Joachim Boldt,1993,2021,28,Exact
A5027036101,Joachim Boldt,doi:10.1016/0003-4975(93)91088-5,10.1016/0003-4975(93)91088-5,Joachim Boldt,1993,2021,28,Exact
A5027036101,Joachim Boldt,doi:10.1016/0003-4975(94)00851-w,10.1016/0003-4975(94)00851-w,Joachim Boldt,1995,2021,26,Exact
A5027036101,Joachim Boldt,doi:10.1016/0003-4975(96)00239-1,10.1016/0003-4975(96)00239-1,Joachim Boldt,1996,2021,25,Exact
A5027036101,Joachim Boldt,doi:10.1016/s0003-4975(97)01306-4,10.1016/s0003-4975(97)01306-4,Joachim Boldt,1998,2021,23,Exact
A5027036101,Joachim Boldt,doi:10.1016/s0003-4975(98)00332-4,10.1016/s0003-4975(98)00332-4,Joachim Boldt,1997,2021,24,Exact
A5027036101,Joachim Boldt,doi:10.1016/s0003-4975(99)00400-2,10.1016/s0003-4975(99)00400-2,Joachim Boldt,1999,2021,22,Exact
A5027036101,Joachim Boldt,doi:10.1016/s0022-5223(19)34197-2,10.1016/s0022-5223(19)34197-2,Joachim Boldt,1993,2021,28,Exact
A5027036101,Joachim Boldt,doi:10.1016/s0022-5223(19)34207-2,10.1016/s0022-5223(19)34207-2,Joachim Boldt,1993,2021,28,Exact
A5027036101,Joachim Boldt,doi:10.1016/s0022-5223(19)34485-x,10.1016/s0022-5223(19)34485-x,Joachim Boldt,1989,2021,32,Exact
A5027036101,Joachim Boldt,doi:10.1016/s0022-5223(19)35501-1,10.1016/s0022-5223(19)35501-1,Joachim Boldt,1990,2021,31,Exact
A5027036101,Joachim Boldt,doi:10.1016/s0022-5223(94)70040-0,10.1016/s0022-5223(94)70040-0,Joachim Boldt,1994,2021,27,Exact
A5027036101,Joachim Boldt,doi:10.1034/j.1399-6576.2000.440208.x,10.1034/j.1399-6576.2000.440208.x,Joachim Boldt,2000,2021,21,Exact
A5027036101,Joachim Boldt,doi:10.1034/j.1399-6576.2000.440710.x,10.1034/j.1399-6576.2000.440710.x,Joachim Boldt,2000,2021,21,Exact
A5027036101,Joachim Boldt,doi:10.1034/j.1399-6576.2001.045004458.x,10.1034/j.1399-6576.2001.045004458.x,Joachim Boldt,2001,2021,20,Exact
A5027036101,Joachim Boldt,doi:10.1097/00005344-199503000-00011,10.1097/00005344-199503000-00011,Joachim Boldt,1995,2021,26,Exact
A5027036101,Joachim Boldt,doi:10.1097/00024382-199409000-00001,10.1097/00024382-199409000-00001,Joachim Boldt,1994,2021,27,Exact
A5027036101,Joachim Boldt,doi:10.1097/00024382-199901000-00002,10.1097/00024382-199901000-00002,Joachim Boldt,1999,2021,22,Exact
A5027036101,Joachim Boldt,doi:10.1097/01.shk.0000189595.35661.40,10.1097/01.shk.0000189595.35661.40,Joachim Boldt,2006,2021,15,Exact
A5027036101,Joachim Boldt,doi:10.1111/j.1365-2044.1990.tb14621.x,10.1111/j.1365-2044.1990.tb14621.x,Joachim Boldt,1990,2021,31,Exact
A5027036101,Joachim Boldt,doi:10.1111/j.1365-2044.1996.tb12557.x,10.1111/j.1365-2044.1996.tb12557.x,Joachim Boldt,1996,2021,25,Exact
A5027036101,Joachim Boldt,doi:10.1111/j.1399-6576.1998.tb05354.x,10.1111/j.1399-6576.1998.tb05354.x,Joachim Boldt,2008,2021,13,Exact
A5027036101,Joachim Boldt,doi:10.1111/j.1399-6576.2006.01238.x,10.1111/j.1399-6576.2006.01238.x,Joachim Boldt,2007,2021,14,Exact
A5027036101,Joachim Boldt,doi:10.1016/1010-7940(91)90078-x,10.1016/1010-7940(91)90078-x,Joachim Boldt,1991,2022,31,Exact
A5027036101,Joachim Boldt,doi:10.1016/1010-7940(92)90133-i,10.1016/1010-7940(92)90133-i,Joachim Boldt,1992,2022,30,Exact
A5027036101,Joachim Boldt,doi:10.1097/00000542-199002000-00013,10.1097/00000542-199002000-00013,Joachim Boldt,1990,2022,32,Exact
A5027036101,Joachim Boldt,doi:10.1007/bf00255785,10.1007/bf00255785,Joachim Boldt,1987,2023,36,Exact
A5027036101,Joachim Boldt,doi:10.1007/bf00256969,10.1007/bf00256969,Joachim Boldt,1988,2023,35,Exact
A5027036101,Joachim Boldt,doi:10.1007/bf00263558,10.1007/bf00263558,Joachim Boldt,1987,2023,36,Exact
A5027036101,Joachim Boldt,doi:10.1007/bf01699231,10.1007/bf01699231,Joachim Boldt,1996,2023,27,Exact
A5027036101,Joachim Boldt,doi:10.1007/bf01700451,10.1007/bf01700451,Joachim Boldt,1996,2023,27,Exact
A5027036101,Joachim Boldt,doi:10.1007/bf01701475,10.1007/bf01701475,Joachim Boldt,1995,2023,28,Exact
A5027036101,Joachim Boldt,doi:10.1007/bf01706326,10.1007/bf01706326,Joachim Boldt,1990,2023,33,Exact
A5027036101,Joachim Boldt,doi:10.1007/bf01708579,10.1007/bf01708579,Joachim Boldt,1992,2023,31,Exact
A5027036101,Joachim Boldt,doi:10.1007/bf01709277,10.1007/bf01709277,Joachim Boldt,1993,2023,30,Exact
A5027036101,Joachim Boldt,doi:10.1007/bf01709740,10.1007/bf01709740,Joachim Boldt,1996,2023,27,Exact
A5027036101,Joachim Boldt,doi:10.1007/bf01711542,10.1007/bf01711542,Joachim Boldt,1995,2023,28,Exact
A5027036101,Joachim Boldt,doi:10.1007/bf01720718,10.1007/bf01720718,Joachim Boldt,1996,2023,27,Exact
A5027036101,Joachim Boldt,doi:10.1007/s00134-001-1126-0,10.1007/s00134-001-1126-0,Joachim Boldt,2001,2023,22,Exact
A5027036101,Joachim Boldt,doi:10.1007/s00134-002-1234-5,10.1007/s00134-002-1234-5,Joachim Boldt,2002,2023,21,Exact
A5027036101,Joachim Boldt,doi:10.1007/s001340050374,10.1007/s001340050374,Joachim Boldt,1997,2023,26,Exact
A5027036101,Joachim Boldt,doi:10.1007/s001340050536,10.1007/s001340050536,Joachim Boldt,1998,2023,25,Exact
A5027036101,Joachim Boldt,doi:10.1007/s001340050743,10.1007/s001340050743,Joachim Boldt,1998,2023,25,Exact
A5027036101,Joachim Boldt,doi:10.1055/s-2004-817674,10.1055/s-2004-817674,Joachim Boldt,2004,2023,19,Exact
A5027036101,Joachim Boldt,doi:10.1097/00003246-198804000-00006,10.1097/00003246-198804000-00006,Joachim Boldt,1988,2023,35,Exact
A5027036101,Joachim Boldt,doi:10.1097/00003246-198906000-00006,10.1097/00003246-198906000-00006,Joachim Boldt,1989,2023,34,Exact
A5027036101,Joachim Boldt,doi:10.1097/00003246-199406000-00014,10.1097/00003246-199406000-00014,Joachim Boldt,1994,2023,29,Exact
A5027036101,Joachim Boldt,doi:10.1097/00003246-199407000-00018,10.1097/00003246-199407000-00018,Joachim Boldt,1994,2023,29,Exact
A5027036101,Joachim Boldt,doi:10.1097/00003246-199603000-00005,10.1097/00003246-199603000-00005,Joachim Boldt,1996,2023,27,Exact
A5027036101,Joachim Boldt,doi:10.1097/00003246-199606000-00011,10.1097/00003246-199606000-00011,Joachim Boldt,1996,2023,27,Exact
A5027036101,Joachim Boldt,doi:10.1097/00003246-199701000-00019,10.1097/00003246-199701000-00019,Joachim Boldt,1997,2023,26,Exact
A5027036101,Joachim Boldt,doi:10.1378/chest.106.3.899,10.1378/chest.106.3.899,Joachim Boldt,1994,2023,29,Exact
A5027036101,Joachim Boldt,doi:10.1378/chest.107.3.787,10.1378/chest.107.3.787,Joachim Boldt,1995,2023,28,Exact
A5027036101,Joachim Boldt,doi:10.1378/chest.91.2.185,10.1378/chest.91.2.185,Joachim Boldt,1987,2023,36,Exact
A5027036101,Joachim Boldt,doi:10.1378/chest.94.3.566,10.1378/chest.94.3.566,Joachim Boldt,1988,2023,35,Exact
A5027036101,Joachim Boldt,doi:10.1378/chest.98.1.53,10.1378/chest.98.1.53,Joachim Boldt,1990,2023,33,Exact
A5027036101,Joachim Boldt,doi:10.1016/1053-0770(91)90040-z,10.1016/1053-0770(91)90040-z,Joachim Boldt,1992,2024,32,Exact
A5027036101,Joachim Boldt,doi:10.1016/1053-0770(91)90041-q,10.1016/1053-0770(91)90041-q,Joachim Boldt,1992,2024,32,Exact
A5027036101,Joachim Boldt,doi:10.1016/1053-0770(91)90088-b,10.1016/1053-0770(91)90088-b,Joachim Boldt,1991,2024,33,Exact
A5027036101,Joachim Boldt,doi:10.1016/1053-0770(91)90118-d,10.1016/1053-0770(91)90118-d,Joachim Boldt,1994,2024,30,Exact
A5027036101,Joachim Boldt,doi:10.1016/1053-0770(92)90141-s,10.1016/1053-0770(92)90141-s,Joachim Boldt,1992,2024,32,Exact
A5027036101,Joachim Boldt,doi:10.1016/1053-0770(93)90110-7,10.1016/1053-0770(93)90110-7,Joachim Boldt,1993,2024,31,Exact
A5027036101,Joachim Boldt,doi:10.1016/1053-0770(94)90164-3,10.1016/1053-0770(94)90164-3,Joachim Boldt,1994,2024,30,Exact
A5027036101,Joachim Boldt,doi:10.1016/1053-0770(94)90244-5,10.1016/1053-0770(94)90244-5,Joachim Boldt,1994,2024,30,Exact
A5027036101,Joachim Boldt,doi:10.1016/1053-0770(94)90333-6,10.1016/1053-0770(94)90333-6,Joachim Boldt,1994,2024,30,Exact
A5027036101,Joachim Boldt,doi:10.1016/1053-0770(94)90335-2,10.1016/1053-0770(94)90335-2,Joachim Boldt,1994,2024,30,Exact
A5027036101,Joachim Boldt,doi:10.1016/1053-0770(94)90569-x,10.1016/1053-0770(94)90569-x,Joachim Boldt,1994,2024,30,Exact
A5027036101,Joachim Boldt,doi:10.1016/s1053-0770(05)80009-6,10.1016/s1053-0770(05)80009-6,Joachim Boldt,1996,2024,28,Exact
A5027036101,Joachim Boldt,doi:10.1016/s1053-0770(05)80054-0,10.1016/s1053-0770(05)80054-0,Joachim Boldt,1995,2024,29,Exact
A5027036101,Joachim Boldt,doi:10.1016/s1053-0770(05)80061-8,10.1016/s1053-0770(05)80061-8,Joachim Boldt,1995,2024,29,Exact
A5027036101,Joachim Boldt,doi:10.1016/s1053-0770(96)80045-0,10.1016/s1053-0770(96)80045-0,Joachim Boldt,1996,2024,28,Exact
A5027036101,Joachim Boldt,doi:10.1016/s1053-0770(96)80094-2,10.1016/s1053-0770(96)80094-2,Joachim Boldt,1996,2024,28,Exact
A5027036101,Joachim Boldt,doi:10.1016/s1053-0770(96)80138-8,10.1016/s1053-0770(96)80138-8,Joachim Boldt,1996,2024,28,Exact
A5027036101,Joachim Boldt,doi:10.1016/s1053-0770(98)90237-3,10.1016/s1053-0770(98)90237-3,Joachim Boldt,1998,2024,26,Exact
A5027036101,Joachim Boldt,doi:10.1016/s1053-0770(99)90134-9,10.1016/s1053-0770(99)90134-9,Joachim Boldt,1999,2024,25,Exact
A5027036101,Joachim Boldt,doi:10.1016/s1053-0770(99)90166-0,10.1016/s1053-0770(99)90166-0,Joachim Boldt,1999,2024,25,Exact
A5027036101,Joachim Boldt,doi:10.1053/cr.2000.5857,10.1053/cr.2000.5857,Joachim Boldt,2000,2024,24,Exact
A5027036101,Joachim Boldt,doi:10.1053/j.jvca.2005.07.023,10.1053/j.jvca.2005.07.023,Joachim Boldt,2006,2024,18,Exact
A5027036101,Joachim Boldt,doi:10.1053/j.jvca.2007.02.020,10.1053/j.jvca.2007.02.020,Joachim Boldt,2007,2024,17,Exact
A5027036101,Joachim Boldt,doi:10.1053/j.jvca.2007.10.008,10.1053/j.jvca.2007.10.008,Joachim Boldt,2008,2024,16,Exact
A5027036101,Joachim Boldt,doi:10.1053/j.jvca.2009.03.003,10.1053/j.jvca.2009.03.003,Joachim Boldt,2009,2024,15,Exact
A5027036101,Joachim Boldt,doi:10.1053/jcan.2002.31059,10.1053/jcan.2002.31059,Joachim Boldt,2002,2024,22,Exact
A5027036101,Joachim Boldt,doi:10.1007/bf03040482,10.1007/bf03040482,Joachim Boldt,2004,2025,21,Exact
A5027036101,Joachim Boldt,doi:10.1017/s026502150600069x,10.1017/s026502150600069x,Joachim Boldt,2006,2026,20,Exact
A5027036101,Joachim Boldt,doi:10.1017/s0265021506002249,10.1017/s0265021506002249,Joachim Boldt,2007,2026,19,Exact
A5027036101,Joachim Boldt,doi:10.1017/s0265021507000774,10.1017/s0265021507000774,Joachim Boldt,2007,2026,19,Exact
A5027036101,Joachim Boldt,doi:10.1017/s0265021507002761,10.1017/s0265021507002761,Joachim Boldt,2007,2026,19,Exact
A5027036101,Joachim Boldt,doi:10.1017/s0265021508004365,10.1017/s0265021508004365,Joachim Boldt,2008,2026,18,Exact
A5027036101,Joachim Boldt,doi:10.1097/aco.0b013e32830dd05b,10.1097/aco.0b013e32830dd05b,Joachim Boldt,2008,2026,18,Exact
A5027036101,Joachim Boldt,doi:10.1097/eja.0b013e32832e08e0,10.1097/eja.0b013e32832e08e0,Joachim Boldt,2009,2026,17,Exact
A5027036101,Joachim Boldt,doi:10.1097/eja.0b013e328337d7d1,10.1097/eja.0b013e328337d7d1,Joachim Boldt,2010,2026,16,Exact
A5027036101,Joachim Boldt,doi:10.1517/14656566.8.13.2135,10.1517/14656566.8.13.2135,Joachim Boldt,2007,2026,19,Exact
A5027061078,Jun Lü,doi:10.7554/elife.57617,10.7554/elife.57617,Jun Lu,2020,2021,1,Exact
A5027281905,Na Li,doi:10.1155/2022/2891463,10.1155/2022/2891463,Na Li,2022,2023,1,Exact
A5027310258,T. Zhang,doi:10.1063/1.125907,10.1063/1.125907,Tao Zhang,2000,2011,11,Initial
A5027327689,Qiang Li,doi:10.1155/2022/4875859,10.1155/2022/4875859,Qiang Li,2022,2023,1,Exact
A5027464346,Bingbo Zhang,doi:10.1631/jzus.b1700516,10.1631/jzus.b1700516,Bo Zhang,2018,2022,4,Exact
A5027521117,Ming Li,doi:10.1155/2022/2257524,10.1155/2022/2257524,Ming Li,2022,2023,1,Exact
A5027679708,Lei Zhang,doi:10.1002/jcp.29087,10.1002/jcp.29087,Lei Zhang,2019,2022,3,Exact
A5027826490,Rui Wang,doi:10.1155/2022/1938325,10.1155/2022/1938325,Rui Wang,2022,2023,1,Exact
A5027918199,Fang Wang,doi:10.1021/acsnano.8b00763,10.1021/acsnano.8b00763,Fang Wang,2018,2023,5,Exact
A5027925351,Jun Chen,doi:10.1155/2022/5316992,10.1155/2022/5316992,Jun Chen,2022,2023,1,Exact
A5027944033,Wei Zhao,doi:10.1159/000495652,10.1159/000495652,Wei Zhao,2018,2021,3,Exact
A5027944033,Wei Zhao,doi:10.1155/2022/5218993,10.1155/2022/5218993,Wei Zhao,2022,2024,2,Exact
A5027944416,Qiang Li,doi:10.1155/2022/7563199,10.1155/2022/7563199,Qiang Li,2022,2024,2,Exact
A5028012159,Hao Chen,doi:10.1016/j.heliyon.2025.e42597,10.1016/j.heliyon.2025.e42597,Hao Chen,2025,2025,0,Exact
A5028114748,Ashok Pandey,doi:10.1099/ijs.0.023382-0,10.1099/ijs.0.023382-0,Ashok Pandey,2010,2012,2,Exact
A5028114748,Ashok Pandey,doi:10.1080/21655979.2020.1736238,10.1080/21655979.2020.1736238,Ashok Pandey,2020,2022,2,Exact
A5028114748,Ashok Pandey,doi:10.1016/j.biortech.2008.07.009,10.1016/j.biortech.2008.07.009,Ashok Pandey,2008,2024,16,Exact
A5028114748,Ashok Pandey,doi:10.1016/j.biortech.2009.11.049,10.1016/j.biortech.2009.11.049,Ashok Pandey,2009,2024,15,Exact
A5028114748,Ashok Pandey,doi:10.1016/j.biortech.2010.02.088,10.1016/j.biortech.2010.02.088,Ashok Pandey,2010,2024,14,Exact
A5028114748,Ashok Pandey,doi:10.1016/j.biortech.2011.08.030,10.1016/j.biortech.2011.08.030,Ashok Pandey,2011,2024,13,Exact
A5028114748,Ashok Pandey,doi:10.1016/j.biortech.2012.09.012,10.1016/j.biortech.2012.09.012,Ashok Pandey,2012,2024,12,Exact
A5028114748,Ashok Pandey,doi:10.1016/j.biortech.2014.03.037,10.1016/j.biortech.2014.03.037,Ashok Pandey,2014,2024,10,Exact
A5028114748,Ashok Pandey,doi:10.1016/j.biortech.2015.03.006,10.1016/j.biortech.2015.03.006,Ashok Pandey,2015,2024,9,Exact
A5028114748,Ashok Pandey,doi:10.1016/j.biortech.2015.03.012,10.1016/j.biortech.2015.03.012,Ashok Pandey,2015,2024,9,Exact
A5028114748,Ashok Pandey,doi:10.1016/j.biortech.2015.04.126,10.1016/j.biortech.2015.04.126,Ashok Pandey,2015,2024,9,Exact
A5028114748,Ashok Pandey,doi:10.1016/j.biortech.2015.08.121,10.1016/j.biortech.2015.08.121,Ashok Pandey,2015,2024,9,Exact
A5028114748,Ashok Pandey,doi:10.1016/j.biortech.2016.02.079,10.1016/j.biortech.2016.02.079,Ashok Pandey,2016,2024,8,Exact
A5028114748,Ashok Pandey,doi:10.1016/j.biortech.2016.02.080,10.1016/j.biortech.2016.02.080,Ashok Pandey,2016,2024,8,Exact
A5028114748,Ashok Pandey,doi:10.1016/j.biortech.2016.03.054,10.1016/j.biortech.2016.03.054,Ashok Pandey,2016,2024,8,Exact
A5028114748,Ashok Pandey,doi:10.1016/j.biortech.2016.03.059,10.1016/j.biortech.2016.03.059,Ashok Pandey,2016,2024,8,Exact
A5028114748,Ashok Pandey,doi:10.1016/j.biortech.2016.03.114,10.1016/j.biortech.2016.03.114,Ashok Pandey,2016,2024,8,Exact
A5028114748,Ashok Pandey,doi:10.1016/j.biortech.2017.01.035,10.1016/j.biortech.2017.01.035,Ashok Pandey,2017,2024,7,Exact
A5028114748,Ashok Pandey,doi:10.1016/j.biortech.2017.02.097,10.1016/j.biortech.2017.02.097,Ashok Pandey,2017,2024,7,Exact
A5028114748,Ashok Pandey,doi:10.1016/j.biortech.2017.03.001,10.1016/j.biortech.2017.03.001,Ashok Pandey,2017,2024,7,Exact
A5028114748,Ashok Pandey,doi:10.1016/j.biortech.2017.03.047,10.1016/j.biortech.2017.03.047,Ashok Pandey,2017,2024,7,Exact
A5028114748,Ashok Pandey,doi:10.1016/j.biortech.2017.03.092,10.1016/j.biortech.2017.03.092,Ashok Pandey,2017,2024,7,Exact
A5028114748,Ashok Pandey,doi:10.1016/j.biortech.2017.03.096,10.1016/j.biortech.2017.03.096,Ashok Pandey,2017,2024,7,Exact
A5028114748,Ashok Pandey,doi:10.1016/j.biortech.2017.03.190,10.1016/j.biortech.2017.03.190,Ashok Pandey,2017,2024,7,Exact
A5028114748,Ashok Pandey,doi:10.1016/j.biortech.2017.04.098,10.1016/j.biortech.2017.04.098,Ashok Pandey,2017,2024,7,Exact
A5028114748,Ashok Pandey,doi:10.1016/j.biortech.2017.05.031,10.1016/j.biortech.2017.05.031,Ashok Pandey,2017,2024,7,Exact
A5028114748,Ashok Pandey,doi:10.1016/j.biortech.2017.05.056,10.1016/j.biortech.2017.05.056,Ashok Pandey,2017,2024,7,Exact
A5028114748,Ashok Pandey,doi:10.1016/j.biortech.2017.05.057,10.1016/j.biortech.2017.05.057,Ashok Pandey,2017,2024,7,Exact
A5028114748,Ashok Pandey,doi:10.1016/j.biortech.2017.05.126,10.1016/j.biortech.2017.05.126,Ashok Pandey,2017,2024,7,Exact
A5028114748,Ashok Pandey,doi:10.1016/j.biortech.2017.05.140,10.1016/j.biortech.2017.05.140,Ashok Pandey,2017,2024,7,Exact
A5028114748,Ashok Pandey,doi:10.1016/j.biortech.2018.01.048,10.1016/j.biortech.2018.01.048,Ashok Pandey,2018,2024,6,Exact
A5028114748,Ashok Pandey,doi:10.1016/j.biortech.2018.03.127,10.1016/j.biortech.2018.03.127,Ashok Pandey,2018,2024,6,Exact
A5028114748,Ashok Pandey,doi:10.1016/j.biortech.2019.01.044,10.1016/j.biortech.2019.01.044,Ashok Pandey,2019,2024,5,Exact
A5028114748,Ashok Pandey,doi:10.1016/j.biortech.2019.01.049,10.1016/j.biortech.2019.01.049,Ashok Pandey,2019,2024,5,Exact
A5028114748,Ashok Pandey,doi:10.1016/j.biortech.2019.01.065,10.1016/j.biortech.2019.01.065,Ashok Pandey,2019,2024,5,Exact
A5028114748,Ashok Pandey,doi:10.1016/j.biortech.2019.02.125,10.1016/j.biortech.2019.02.125,Ashok Pandey,2019,2024,5,Exact
A5028114748,Ashok Pandey,doi:10.1016/j.biortech.2019.03.105,10.1016/j.biortech.2019.03.105,Ashok Pandey,2019,2024,5,Exact
A5028114748,Ashok Pandey,doi:10.1016/j.biortech.2019.122725,10.1016/j.biortech.2019.122725,Ashok Pandey,2020,2024,4,Exact
A5028114748,Ashok Pandey,doi:10.1016/j.biortech.2020.122873,10.1016/j.biortech.2020.122873,Ashok Pandey,2020,2024,4,Exact
A5028251167,Hui Liu,doi:10.1155/2022/2573027,10.1155/2022/2573027,Hui Liu,2022,2023,1,Exact
A5028373050,Peng Zhang,doi:10.1109/icetce.2011.5774199,10.1109/icetce.2011.5774199,Peng Zhang,2011,2011,0,Exact
A5028373050,Peng Zhang,doi:10.1109/qr2mse.2013.6625554,10.1109/qr2mse.2013.6625554,Peng Zhang,2013,2013,0,Exact
A5028373050,Peng Zhang,doi:10.1292/jvms.15-0102,10.1292/jvms.15-0102,Peng Zhang,2015,2015,0,Exact
A5028389743,Jing Wang,doi:10.1109/icebeg.2011.5881909,10.1109/icebeg.2011.5881909,Jing Wang,2011,2011,0,Exact
A5028389743,Jing Wang,doi:10.1088/1742-6596/1744/3/032122,10.1088/1742-6596/1744/3/032122,Jing Wang,2021,2022,1,Exact
A5028481145,Jing Wang,doi:10.1155/2022/5741114,10.1155/2022/5741114,Jing Wang,2022,2023,1,Exact
A5028599614,Qian Li,doi:10.1155/2022/6096688,10.1155/2022/6096688,Qian Li,2022,2023,1,Exact
A5028660596,Jing Zhao,doi:10.1109/ieec.2009.74,10.1109/ieec.2009.74,Jing Zhao,2009,2009,0,Exact
A5028668508,Lei Zhang,doi:10.1155/2022/9971966,10.1155/2022/9971966,Lei Zhang,2022,2023,1,Exact
A5028750131,Jie Li,doi:10.1155/2022/2904447,10.1155/2022/2904447,Jie Li,2022,2023,1,Exact
A5028846529,Jun Yang,doi:10.1109/qr2mse.2013.6625834,10.1109/qr2mse.2013.6625834,Jun Yang,2013,2013,0,Exact
A5028850241,Ying Liu,doi:10.1109/icbbe.2011.5780711,10.1109/icbbe.2011.5780711,Ying Liu,2011,2011,0,Exact
A5028970982,Yu Zhang,doi:10.1007/s11082-023-05769-7,10.1007/s11082-023-05769-7,Yu Zhang,2023,2024,1,Exact
A5029116476,Jian Xu,doi:10.1186/1742-4690-8-2,10.1186/1742-4690-8-2,Jian Xu,2011,2011,0,Exact
A5029116476,Jian Xu,doi:10.1371/journal.pone.0062529,10.1371/journal.pone.0062529,Jian Xu,2013,2022,9,Exact
A5029249465,Xin Zhang,doi:10.1155/2022/2099268,10.1155/2022/2099268,Xin Zhang,2022,2023,1,Exact
A5029268538,J Boldt,doi:10.1055/s-2003-42508,10.1055/s-2003-42508,Joachim Boldt,2003,2010,7,Initial
A5029268538,J Boldt,doi:10.1055/s-2004-814331,10.1055/s-2004-814331,Joachim Boldt,2004,2011,7,Initial
A5029268538,J Boldt,doi:10.1159/000222127,10.1159/000222127,Joachim Boldt,1986,2015,29,Initial
A5029268538,J Boldt,doi:10.1055/s-2001-18182,10.1055/s-2001-18182,Joachim Boldt,2001,2023,22,Initial
A5029294552,Yan Li,doi:10.1155/2022/2495024,10.1155/2022/2495024,Yan Li,2022,2023,1,Exact
A5029326219,T. Liu,doi:10.1107/s1600536807028255,10.1107/s1600536807028255,Tao Liu,2007,2009,2,Initial
A5029326219,T. Liu,doi:10.1107/s1600536807031224,10.1107/s1600536807031224,Tao Liu,2007,2009,2,Initial
A5029326219,T. Liu,doi:10.1107/s1600536807032679,10.1107/s1600536807032679,Tao Liu,2007,2009,2,Initial
A5029326219,T. Liu,doi:10.1107/s1600536807040068,10.1107/s1600536807040068,Tao Liu,2007,2009,2,Initial
A5029326219,T. Liu,doi:10.1107/s1600536807043486,10.1107/s1600536807043486,Tao Liu,2007,2009,2,Initial
A5029326219,T. Liu,doi:10.1107/s1600536807045230,10.1107/s1600536807045230,Tao Liu,2007,2009,2,Initial
A5029326219,T. Liu,doi:10.1107/s1600536807047733,10.1107/s1600536807047733,Tao Liu,2007,2009,2,Initial
A5029326219,T. Liu,doi:10.1107/s1600536807048477,10.1107/s1600536807048477,Tao Liu,2007,2009,2,Initial
A5029326219,T. Liu,doi:10.1107/s160053680705204x,10.1107/s160053680705204x,Tao Liu,2007,2009,2,Initial
A5029326219,T. Liu,doi:10.1107/s1600536807053068,10.1107/s1600536807053068,Tao Liu,2007,2009,2,Initial
A5029326219,T. Liu,doi:10.1107/s1600536807054876,10.1107/s1600536807054876,Tao Liu,2007,2009,2,Initial
A5029326219,T. Liu,doi:10.1107/s1600536807056504,10.1107/s1600536807056504,Tao Liu,2007,2009,2,Initial
A5029326219,T. Liu,doi:10.1107/s160053680706254x,10.1107/s160053680706254x,Tao Liu,2007,2009,2,Initial
A5029326219,T. Liu,doi:10.1107/s1600536807026852,10.1107/s1600536807026852,Tao Liu,2007,2010,3,Initial
A5029326219,T. Liu,doi:10.1107/s1600536807027195,10.1107/s1600536807027195,Tao Liu,2007,2010,3,Initial
A5029326219,T. Liu,doi:10.1107/s1600536807028735,10.1107/s1600536807028735,Tao Liu,2007,2010,3,Initial
A5029326219,T. Liu,doi:10.1107/s1600536807030917,10.1107/s1600536807030917,Tao Liu,2007,2010,3,Initial
A5029326219,T. Liu,doi:10.1107/s1600536807035349,10.1107/s1600536807035349,Tao Liu,2007,2010,3,Initial
A5029326219,T. Liu,doi:10.1107/s1600536807040652,10.1107/s1600536807040652,Tao Liu,2007,2010,3,Initial
A5029326219,T. Liu,doi:10.1107/s1600536807056280,10.1107/s1600536807056280,Tao Liu,2007,2010,3,Initial
A5029326219,T. Liu,doi:10.1107/s1600536807059909,10.1107/s1600536807059909,Tao Liu,2007,2010,3,Initial
A5029386533,Bo Wang,doi:10.1155/2022/2006133,10.1155/2022/2006133,Bo Wang,2022,2022,0,Exact
A5029601647,Pei Liu,doi:10.1109/icbbe.2011.5780452,10.1109/icbbe.2011.5780452,Bin Liu,2011,2011,0,Exact
A5029717979,Diederik A. Stapel,doi:10.1007/978-1-4419-6953-8_4,10.1007/978-1-4419-6953-8_4,Diederik A Stapel,2010,2011,1,Exact
A5029717979,Diederik A. Stapel,doi:10.1007/s11031-011-9216-y,10.1007/s11031-011-9216-y,Diederik A Stapel,2011,2011,0,Exact
A5029717979,Diederik A. Stapel,doi:10.1126/science.1201068,10.1126/science.1201068,Diederik A Stapel,2011,2011,0,Exact
A5029717979,Diederik A. Stapel,doi:10.1002/ejsp.310,10.1002/ejsp.310,Diederik A Stapel,2006,2012,6,Exact
A5029717979,Diederik A. Stapel,doi:10.1002/ejsp.361,10.1002/ejsp.361,Diederik A Stapel,2006,2012,6,Exact
A5029717979,Diederik A. Stapel,doi:10.1002/ejsp.369,10.1002/ejsp.369,Diederik A Stapel,2006,2012,6,Exact
A5029717979,Diederik A. Stapel,doi:10.1002/ejsp.390,10.1002/ejsp.390,Diederik A Stapel,2006,2012,6,Exact
A5029717979,Diederik A. Stapel,doi:10.1002/ejsp.491,10.1002/ejsp.491,Diederik A Stapel,2008,2012,4,Exact
A5029717979,Diederik A. Stapel,doi:10.1002/ejsp.591,10.1002/ejsp.591,Diederik A Stapel,2009,2012,3,Exact
A5029717979,Diederik A. Stapel,doi:10.1002/ejsp.783,10.1002/ejsp.783,Diederik A Stapel,2010,2012,2,Exact
A5029717979,Diederik A. Stapel,doi:10.1037/0022-3514.70.3.437,10.1037/0022-3514.70.3.437,Diederik A Stapel,1996,2012,16,Exact
A5029717979,Diederik A. Stapel,doi:10.1037/0022-3514.92.1.106,10.1037/0022-3514.92.1.106,Diederik A Stapel,2007,2012,5,Exact
A5029717979,Diederik A. Stapel,doi:10.1037/0022-3514.92.6.1051,10.1037/0022-3514.92.6.1051,Diederik A Stapel,2007,2012,5,Exact
A5029717979,Diederik A. Stapel,doi:10.1037/0022-3514.94.5.777,10.1037/0022-3514.94.5.777,Diederik A Stapel,2008,2012,4,Exact
A5029717979,Diederik A. Stapel,doi:10.1037/a0012560,10.1037/a0012560,Diederik A Stapel,2008,2012,4,Exact
A5029717979,Diederik A. Stapel,doi:10.1037/a0020216,10.1037/a0020216,Diederik A Stapel,2010,2012,2,Exact
A5029717979,Diederik A. Stapel,doi:10.1037/a0023172,10.1037/a0023172,Diederik A Stapel,2011,2012,1,Exact
A5029717979,Diederik A. Stapel,doi:10.1080/01973530903539812,10.1080/01973530903539812,Diederik A Stapel,2010,2012,2,Exact
A5029717979,Diederik A. Stapel,doi:10.1080/01973533.2010.540135,10.1080/01973533.2010.540135,Diederik A Stapel,2011,2012,1,Exact
A5029717979,Diederik A. Stapel,doi:10.1080/10463280903119060,10.1080/10463280903119060,Diederik A Stapel,2009,2012,3,Exact
A5029717979,Diederik A. Stapel,doi:10.1080/10478400903448516,10.1080/10478400903448516,Diederik A Stapel,2009,2012,3,Exact
A5029717979,Diederik A. Stapel,doi:10.1080/15298860701438414,10.1080/15298860701438414,Diederik A Stapel,2008,2012,4,Exact
A5029717979,Diederik A. Stapel,doi:10.1080/15534510.2010.525855,10.1080/15534510.2010.525855,Diederik A Stapel,2010,2012,2,Exact
A5029717979,Diederik A. Stapel,doi:10.1086/657430,10.1086/657430,Diederik A Stapel,2010,2012,2,Exact
A5029717979,Diederik A. Stapel,doi:10.1111/j.1467-9280.2008.02097.x,10.1111/j.1467-9280.2008.02097.x,Diederik A Stapel,2008,2012,4,Exact
A5029717979,Diederik A. Stapel,doi:10.1111/j.1467-9280.2008.02128.x,10.1111/j.1467-9280.2008.02128.x,Diederik A Stapel,2008,2012,4,Exact
A5029717979,Diederik A. Stapel,doi:10.1111/j.2044-8309.2010.02002.x,10.1111/j.2044-8309.2010.02002.x,Diederik A Stapel,2011,2012,1,Exact
A5029717979,Diederik A. Stapel,doi:10.1177/0146167208318401,10.1177/0146167208318401,Diederik A Stapel,2008,2012,4,Exact
A5029717979,Diederik A. Stapel,doi:10.1177/0146167208325773,10.1177/0146167208325773,Diederik A Stapel,2009,2012,3,Exact
A5029717979,Diederik A. Stapel,doi:10.1177/0146167209357746,10.1177/0146167209357746,Diederik A Stapel,2010,2012,2,Exact
A5029717979,Diederik A. Stapel,doi:10.1177/0146167210381083,10.1177/0146167210381083,Diederik A Stapel,2010,2012,2,Exact
A5029717979,Diederik A. Stapel,doi:10.1177/01461672962210001,10.1177/01461672962210001,Diederik A Stapel,1996,2012,16,Exact
A5029717979,Diederik A. Stapel,doi:10.1177/0190272511398208,10.1177/0190272511398208,Diederik A Stapel,2011,2012,1,Exact
A5029717979,Diederik A. Stapel,doi:10.1348/014466609x476827,10.1348/014466609x476827,Diederik A Stapel,2010,2012,2,Exact
A5029717979,Diederik A. Stapel,doi:10.1521/soco.2006.24.6.703,10.1521/soco.2006.24.6.703,Diederik A Stapel,2006,2012,6,Exact
A5029717979,Diederik A. Stapel,doi:10.1521/soco.2011.29.3.238,10.1521/soco.2011.29.3.238,Diederik A Stapel,2011,2012,1,Exact
A5029717979,Diederik A. Stapel,doi:10.1006/jesp.1997.9997,10.1006/jesp.1997.9997,Diederik A Stapel,2002,2013,11,Exact
A5029717979,Diederik A. Stapel,doi:10.1016/j.jenvp.2010.06.002,10.1016/j.jenvp.2010.06.002,Diederik A Stapel,2010,2013,3,Exact
A5029717979,Diederik A. Stapel,doi:10.1016/j.jesp.2005.02.002,10.1016/j.jesp.2005.02.002,Diederik A Stapel,2005,2013,8,Exact
A5029717979,Diederik A. Stapel,doi:10.1016/j.jesp.2005.05.006,10.1016/j.jesp.2005.05.006,Diederik A Stapel,2005,2013,8,Exact
A5029717979,Diederik A. Stapel,doi:10.1016/j.jesp.2006.07.007,10.1016/j.jesp.2006.07.007,Diederik A Stapel,2006,2013,7,Exact
A5029717979,Diederik A. Stapel,doi:10.1016/j.jesp.2009.10.001,10.1016/j.jesp.2009.10.001,Diederik A Stapel,2009,2013,4,Exact
A5029717979,Diederik A. Stapel,doi:10.1037/0022-3514.83.1.60,10.1037/0022-3514.83.1.60,Diederik A Stapel,2002,2013,11,Exact
A5029717979,Diederik A. Stapel,doi:10.1037/0022-3514.87.4.468,10.1037/0022-3514.87.4.468,Diederik A Stapel,2004,2013,9,Exact
A5029717979,Diederik A. Stapel,doi:10.1037/0022-3514.87.6.860,10.1037/0022-3514.87.6.860,Diederik A Stapel,2004,2013,9,Exact
A5029717979,Diederik A. Stapel,doi:10.1037/0022-3514.90.2.258,10.1037/0022-3514.90.2.258,Diederik A Stapel,2006,2013,7,Exact
A5029717979,Diederik A. Stapel,doi:10.1037/0022-3514.91.2.243,10.1037/0022-3514.91.2.243,Diederik A Stapel,2006,2013,7,Exact
A5029717979,Diederik A. Stapel,doi:10.1037/0022-3514.93.1.23,10.1037/0022-3514.93.1.23,Diederik A Stapel,2007,2013,6,Exact
A5029717979,Diederik A. Stapel,doi:10.1037/0022-3514.94.6.1018,10.1037/0022-3514.94.6.1018,Diederik A Stapel,2008,2013,5,Exact
A5029717979,Diederik A. Stapel,doi:10.1080/15298861003680117,10.1080/15298861003680117,Diederik A Stapel,2010,2013,3,Exact
A5029717979,Diederik A. Stapel,doi:10.1177/0146167201278001,10.1177/0146167201278001,Diederik A Stapel,2001,2013,12,Exact
A5029717979,Diederik A. Stapel,doi:10.1177/0146167206296105,10.1177/0146167206296105,Diederik A Stapel,2007,2013,6,Exact
A5029717979,Diederik A. Stapel,doi:10.1177/0146167207312465,10.1177/0146167207312465,Diederik A Stapel,2008,2013,5,Exact
A5029717979,Diederik A. Stapel,doi:10.1027/1864-9335.39.4.222,10.1027/1864-9335.39.4.222,Diederik A Stapel,2008,2014,6,Exact
A5029717979,Diederik A. Stapel,doi:10.1002/ejsp.569,10.1002/ejsp.569,Diederik A Stapel,2009,2015,6,Exact
A5029717979,Diederik A. Stapel,doi:10.1006/obhd.1998.2802,10.1006/obhd.1998.2802,Diederik A Stapel,1998,2015,17,Exact
A5029860349,Yan Chen,doi:10.1159/000477597,10.1159/000477597,Yan Chen,2017,2023,6,Exact
A5029911992,Bin Zhang,doi:10.1155/2022/3087681,10.1155/2022/3087681,Bin Zhang,2022,2023,1,Exact
A5029918685,Yan Wang,doi:10.1002/2211-5463.12655,10.1002/2211-5463.12655,Yan Wang,2019,2024,5,Exact
A5029930363,Xin Li,doi:10.1136/annrheumdis-2015-208444,10.1136/annrheumdis-2015-208444,Xin Li,2016,2024,8,Exact
A5029967759,Jun Wang,doi:10.3233/jifs-181425,10.3233/jifs-181425,Jun Wang,2019,2025,6,Exact
A5029996983,Jing Chen,doi:10.1155/2022/7971976,10.1155/2022/7971976,Jing Chen,2021,2023,2,Exact
A5030168404,Bin Wang,doi:10.1155/2022/1865952,10.1155/2022/1865952,Bin Wang,2022,2023,1,Exact
A5030220372,Jie Wang,doi:10.1002/tox.24059,10.1002/tox.24059,Jie Wang,2023,2024,1,Exact
A5030296858,Hao Wang,doi:10.1155/2022/6590557,10.1155/2022/6590557,Hao Wang,2022,2023,1,Exact
A5030335492,Yan Zhang,doi:10.1159/000471865,10.1159/000471865,Yan Zhang,2017,2022,5,Exact
A5030335492,Yan Zhang,doi:10.1155/2022/3252718,10.1155/2022/3252718,Yan Zhang,2022,2023,1,Exact
A5030335492,Yan Zhang,doi:10.1155/2022/6956406,10.1155/2022/6956406,Yan Zhang,2022,2023,1,Exact
A5030335492,Yan Zhang,doi:10.3892/or.2017.5824,10.3892/or.2017.5824,Yan Zhang,2017,2023,6,Exact
A5030335492,Yan Zhang,doi:10.3389/fendo.2025.1606753,10.3389/fendo.2025.1606753,Yan Zhang,2025,2026,1,Exact
A5030361217,Hao Zhang,doi:10.1155/2022/1724428,10.1155/2022/1724428,Hao Zhang,2022,2023,1,Exact
A5030450451,Ying Liu,doi:10.1109/icebeg.2011.5882151,10.1109/icebeg.2011.5882151,Ying Liu,2011,2011,0,Exact
A5030450451,Ying Liu,doi:10.1088/1742-6596/1744/4/042081,10.1088/1742-6596/1744/4/042081,Ying Liu,2021,2022,1,Exact
A5030551183,Bin Wang,doi:10.1111/apm.12650,10.1111/apm.12650,Bin Wang,2017,2023,6,Exact
A5030551183,Bin Wang,doi:10.1371/journal.pone.0088057,10.1371/journal.pone.0088057,Bin Wang,2014,2023,9,Exact
A5030625908,Tao Li,doi:10.1155/2022/6984403,10.1155/2022/6984403,Tao Li,2022,2023,1,Exact
A5030686595,Jun Yang,doi:10.1007/s10586-018-2144-9,10.1007/s10586-018-2144-9,Jun Yang,2018,2022,4,Exact
A5030715283,M. Ghoranneviss,doi:10.1007/s10854-016-5709-5,10.1007/s10854-016-5709-5,M Ghoranneviss,2016,2017,1,Exact
A5030715283,M. Ghoranneviss,doi:10.1007/s10904-015-0263-9,10.1007/s10904-015-0263-9,M Ghoranneviss,2015,2017,2,Exact
A5030715283,M. Ghoranneviss,doi:10.1016/j.ijhydene.2016.10.154,10.1016/j.ijhydene.2016.10.154,M Ghoranneviss,2016,2017,1,Exact
A5030715283,M. Ghoranneviss,doi:10.1016/j.ijhydene.2016.11.017,10.1016/j.ijhydene.2016.11.017,M Ghoranneviss,2016,2017,1,Exact
A5030715283,M. Ghoranneviss,doi:10.1016/j.ijhydene.2016.12.053,10.1016/j.ijhydene.2016.12.053,M Ghoranneviss,2017,2017,0,Exact
A5030715283,M. Ghoranneviss,doi:10.1016/j.rinp.2016.12.015,10.1016/j.rinp.2016.12.015,M Ghoranneviss,2016,2017,1,Exact
A5030715283,M. Ghoranneviss,doi:10.1016/j.rinp.2016.12.016,10.1016/j.rinp.2016.12.016,M Ghoranneviss,2016,2017,1,Exact
A5030715283,M. Ghoranneviss,doi:10.1016/j.fusengdes.2015.02.059,10.1016/j.fusengdes.2015.02.059,M Ghoranneviss,2015,2018,3,Exact
A5030715283,M. Ghoranneviss,doi:10.1016/j.ijhydene.2016.06.178,10.1016/j.ijhydene.2016.06.178,M Ghoranneviss,2016,2018,2,Exact
A5030715283,M. Ghoranneviss,doi:10.1016/j.ijhydene.2016.07.026,10.1016/j.ijhydene.2016.07.026,M Ghoranneviss,2016,2018,2,Exact
A5030715283,M. Ghoranneviss,doi:10.1016/j.ijhydene.2016.07.273,10.1016/j.ijhydene.2016.07.273,M Ghoranneviss,2016,2018,2,Exact
A5030715283,M. Ghoranneviss,doi:10.1016/j.ijhydene.2016.08.073,10.1016/j.ijhydene.2016.08.073,M Ghoranneviss,2016,2018,2,Exact
A5030715283,M. Ghoranneviss,doi:10.1016/j.ijthermalsci.2016.07.014,10.1016/j.ijthermalsci.2016.07.014,M Ghoranneviss,2016,2018,2,Exact
A5030715283,M. Ghoranneviss,doi:10.1016/j.jallcom.2015.04.202,10.1016/j.jallcom.2015.04.202,M Ghoranneviss,2015,2018,3,Exact
A5030715283,M. Ghoranneviss,doi:10.1016/j.jallcom.2015.07.063,10.1016/j.jallcom.2015.07.063,M Ghoranneviss,2015,2018,3,Exact
A5030715283,M. Ghoranneviss,doi:10.1016/j.jallcom.2016.06.087,10.1016/j.jallcom.2016.06.087,M Ghoranneviss,2016,2018,2,Exact
A5030715283,M. Ghoranneviss,doi:10.1016/j.jcrysgro.2014.10.037,10.1016/j.jcrysgro.2014.10.037,M Ghoranneviss,2014,2018,4,Exact
A5030715283,M. Ghoranneviss,doi:10.1016/j.jcrysgro.2016.04.062,10.1016/j.jcrysgro.2016.04.062,M Ghoranneviss,2016,2018,2,Exact
A5030715283,M. Ghoranneviss,doi:10.1016/j.rinp.2016.11.056,10.1016/j.rinp.2016.11.056,M Ghoranneviss,2016,2018,2,Exact
A5030715283,M. Ghoranneviss,doi:10.1016/j.rinp.2017.02.001,10.1016/j.rinp.2017.02.001,M Ghoranneviss,2017,2018,1,Exact
A5030715283,M. Ghoranneviss,doi:10.1016/j.rinp.2017.01.043,10.1016/j.rinp.2017.01.043,M Ghoranneviss,2017,2020,3,Exact
A5030715283,M. Ghoranneviss,doi:10.1007/s12043-016-1353-0,10.1007/s12043-016-1353-0,M Ghoranneviss,2017,2022,5,Exact
A5030715283,M. Ghoranneviss,doi:10.1007/s10904-015-0168-7,10.1007/s10904-015-0168-7,M Ghoranneviss,2015,2023,8,Exact
A5030715283,M. Ghoranneviss,doi:10.1007/s10904-015-0196-3,10.1007/s10904-015-0196-3,M Ghoranneviss,2015,2023,8,Exact
A5030715283,M. Ghoranneviss,doi:10.1007/s10904-015-0207-4,10.1007/s10904-015-0207-4,M Ghoranneviss,2015,2023,8,Exact
A5030715283,M. Ghoranneviss,doi:10.1007/s10904-015-0291-5,10.1007/s10904-015-0291-5,M Ghoranneviss,2015,2023,8,Exact
A5030715283,M. Ghoranneviss,doi:10.1007/s10904-015-0299-x,10.1007/s10904-015-0299-x,M Ghoranneviss,2015,2023,8,Exact
A5030715283,M. Ghoranneviss,doi:10.1007/s10904-015-0325-z,10.1007/s10904-015-0325-z,M Ghoranneviss,2016,2023,7,Exact
A5030715283,M. Ghoranneviss,doi:10.1007/s10904-016-0368-9,10.1007/s10904-016-0368-9,M Ghoranneviss,2016,2023,7,Exact
A5030715283,M. Ghoranneviss,doi:10.1007/s10904-016-0430-7,10.1007/s10904-016-0430-7,M Ghoranneviss,2016,2023,7,Exact
A5030715283,M. Ghoranneviss,doi:10.1007/s10894-009-9198-x,10.1007/s10894-009-9198-x,M Ghoranneviss,2009,2024,15,Exact
A5030715283,M. Ghoranneviss,doi:10.1007/s10894-009-9207-0,10.1007/s10894-009-9207-0,M Ghoranneviss,2009,2024,15,Exact
A5030715283,M. Ghoranneviss,doi:10.1007/s10894-009-9208-z,10.1007/s10894-009-9208-z,M Ghoranneviss,2009,2024,15,Exact
A5030715283,M. Ghoranneviss,doi:10.1007/s10894-009-9210-5,10.1007/s10894-009-9210-5,M Ghoranneviss,2009,2024,15,Exact
A5030715283,M. Ghoranneviss,doi:10.1007/s10894-009-9212-3,10.1007/s10894-009-9212-3,M Ghoranneviss,2009,2024,15,Exact
A5030715283,M. Ghoranneviss,doi:10.1007/s10894-009-9213-2,10.1007/s10894-009-9213-2,M Ghoranneviss,2009,2024,15,Exact
A5030715283,M. Ghoranneviss,doi:10.1007/s10894-009-9214-1,10.1007/s10894-009-9214-1,M Ghoranneviss,2009,2024,15,Exact
A5030715283,M. Ghoranneviss,doi:10.1007/s10894-009-9216-z,10.1007/s10894-009-9216-z,M Ghoranneviss,2009,2024,15,Exact
A5030715283,M. Ghoranneviss,doi:10.1007/s10894-009-9218-x,10.1007/s10894-009-9218-x,M Ghoranneviss,2009,2024,15,Exact
A5030715283,M. Ghoranneviss,doi:10.1007/s10894-009-9221-2,10.1007/s10894-009-9221-2,M Ghoranneviss,2009,2024,15,Exact
A5030715283,M. Ghoranneviss,doi:10.1007/s10894-009-9223-0,10.1007/s10894-009-9223-0,M Ghoranneviss,2009,2024,15,Exact
A5030715283,M. Ghoranneviss,doi:10.1007/s10894-009-9224-z,10.1007/s10894-009-9224-z,M Ghoranneviss,2009,2024,15,Exact
A5030715283,M. Ghoranneviss,doi:10.1007/s10894-009-9226-x,10.1007/s10894-009-9226-x,M Ghoranneviss,2009,2024,15,Exact
A5030715283,M. Ghoranneviss,doi:10.1007/s10894-009-9227-9,10.1007/s10894-009-9227-9,M Ghoranneviss,2009,2024,15,Exact
A5030715283,M. Ghoranneviss,doi:10.1007/s10894-009-9234-x,10.1007/s10894-009-9234-x,M Ghoranneviss,2009,2024,15,Exact
A5030715283,M. Ghoranneviss,doi:10.1007/s10894-009-9235-9,10.1007/s10894-009-9235-9,M Ghoranneviss,2009,2024,15,Exact
A5030715283,M. Ghoranneviss,doi:10.1007/s10894-009-9236-8,10.1007/s10894-009-9236-8,M Ghoranneviss,2009,2024,15,Exact
A5030715283,M. Ghoranneviss,doi:10.1007/s10894-009-9237-7,10.1007/s10894-009-9237-7,M Ghoranneviss,2009,2024,15,Exact
A5030715283,M. Ghoranneviss,doi:10.1007/s10894-009-9260-8,10.1007/s10894-009-9260-8,M Ghoranneviss,2009,2024,15,Exact
A5030715283,M. Ghoranneviss,doi:10.1007/s10894-010-9275-1,10.1007/s10894-010-9275-1,M Ghoranneviss,2010,2024,14,Exact
A5030715283,M. Ghoranneviss,doi:10.1007/s10894-010-9305-z,10.1007/s10894-010-9305-z,M Ghoranneviss,2010,2024,14,Exact
A5030715283,M. Ghoranneviss,doi:10.1007/s10894-012-9570-0,10.1007/s10894-012-9570-0,M Ghoranneviss,2012,2024,12,Exact
A5030715283,M. Ghoranneviss,doi:10.1007/s10894-013-9600-6,10.1007/s10894-013-9600-6,M Ghoranneviss,2013,2024,11,Exact
A5030715283,M. Ghoranneviss,doi:10.1007/s10894-013-9618-9,10.1007/s10894-013-9618-9,M Ghoranneviss,2013,2024,11,Exact
A5030715283,M. Ghoranneviss,doi:10.1007/s10894-013-9627-8,10.1007/s10894-013-9627-8,M Ghoranneviss,2013,2024,11,Exact
A5030715283,M. Ghoranneviss,doi:10.1007/s10894-013-9634-9,10.1007/s10894-013-9634-9,M Ghoranneviss,2013,2024,11,Exact
A5030715283,M. Ghoranneviss,doi:10.1007/s10894-013-9647-4,10.1007/s10894-013-9647-4,M Ghoranneviss,2013,2024,11,Exact
A5030715283,M. Ghoranneviss,doi:10.1007/s10894-013-9653-6,10.1007/s10894-013-9653-6,M Ghoranneviss,2013,2024,11,Exact
A5030715283,M. Ghoranneviss,doi:10.1007/s10894-013-9661-6,10.1007/s10894-013-9661-6,M Ghoranneviss,2014,2024,10,Exact
A5030715283,M. Ghoranneviss,doi:10.1007/s10894-014-9665-x,10.1007/s10894-014-9665-x,M Ghoranneviss,2014,2024,10,Exact
A5030715283,M. Ghoranneviss,doi:10.1007/s10894-014-9811-5,10.1007/s10894-014-9811-5,M Ghoranneviss,2014,2024,10,Exact
A5030715283,M. Ghoranneviss,doi:10.1007/s10894-014-9822-2,10.1007/s10894-014-9822-2,M Ghoranneviss,2014,2024,10,Exact
A5030715283,M. Ghoranneviss,doi:10.1007/s10894-015-0051-0,10.1007/s10894-015-0051-0,M Ghoranneviss,2015,2024,9,Exact
A5030715283,M. Ghoranneviss,doi:10.1007/s10894-015-9898-3,10.1007/s10894-015-9898-3,M Ghoranneviss,2015,2024,9,Exact
A5030715283,M. Ghoranneviss,doi:10.1007/s10894-015-9969-5,10.1007/s10894-015-9969-5,M Ghoranneviss,2015,2024,9,Exact
A5030715283,M. Ghoranneviss,doi:10.1007/s10894-015-9992-6,10.1007/s10894-015-9992-6,M Ghoranneviss,2015,2024,9,Exact
A5030715283,M. Ghoranneviss,doi:10.1007/s10894-016-0117-7,10.1007/s10894-016-0117-7,M Ghoranneviss,2016,2024,8,Exact
A5030715283,M. Ghoranneviss,doi:10.1007/s10894-009-9215-0,10.1007/s10894-009-9215-0,M Ghoranneviss,2009,2025,16,Exact
A5030715283,M. Ghoranneviss,doi:10.1007/s10894-009-9264-4,10.1007/s10894-009-9264-4,M Ghoranneviss,2009,2025,16,Exact
A5030715283,M. Ghoranneviss,doi:10.1007/s10894-012-9526-4,10.1007/s10894-012-9526-4,M Ghoranneviss,2012,2025,13,Exact
A5030715283,M. Ghoranneviss,doi:10.1007/s10894-012-9563-z,10.1007/s10894-012-9563-z,M Ghoranneviss,2012,2025,13,Exact
A5030715283,M. Ghoranneviss,doi:10.1007/s10894-013-9611-3,10.1007/s10894-013-9611-3,M Ghoranneviss,2013,2025,12,Exact
A5030823415,Yang Li,doi:10.1091/mbc.e19-06-0326,10.1091/mbc.e19-06-0326,Yang Li,2019,2021,2,Exact
A5030853272,Jin Zhang,doi:10.1109/icebeg.2011.5882148,10.1109/icebeg.2011.5882148,Jin Zhang,2011,2011,0,Exact
A5030932645,Feng Li,doi:10.1155/2022/9471720,10.1155/2022/9471720,Feng Li,2022,2023,1,Exact
A5030943557,Zhang Jin,doi:10.1155/2022/7650948,10.1155/2022/7650948,Jin Zhang,2022,2023,1,Exact
A5030943557,Zhang Jin,doi:10.1155/2022/7846877,10.1155/2022/7846877,Jin Zhang,2022,2023,1,Exact
A5030964174,Yu Liu,doi:10.1155/2022/9582077,10.1155/2022/9582077,Yu Liu,2022,2023,1,Exact
A5030965157,Wang Fang,doi:10.1155/2022/2688385,10.1155/2022/2688385,Fang Wang,2022,2023,1,Exact
A5031091204,Wei Wang,doi:10.1155/2022/8070016,10.1155/2022/8070016,Wei Wang,2022,2023,1,Exact
A5031232338,Wei Liu,doi:10.1109/icbbe.2011.5781316,10.1109/icbbe.2011.5781316,Wei Liu,2011,2011,0,Exact
A5031327561,Yoshitaka Fujii,doi:10.1177/0194599810391728,10.1177/0194599810391728,Yoshitaka Fujii,2010,2011,1,Exact
A5031327561,Yoshitaka Fujii,doi:10.1001/archopht.123.1.25,10.1001/archopht.123.1.25,Yoshitaka Fujii,2005,2012,7,Exact
A5031327561,Yoshitaka Fujii,doi:10.1001/archotol.127.1.25,10.1001/archotol.127.1.25,Yoshitaka Fujii,2001,2012,11,Exact
A5031327561,Yoshitaka Fujii,doi:10.1001/archsurg.136.1.101,10.1001/archsurg.136.1.101,Yoshitaka Fujii,2001,2012,11,Exact
A5031327561,Yoshitaka Fujii,doi:10.1007/bf03009517,10.1007/bf03009517,Yoshitaka Fujii,1993,2012,19,Exact
A5031327561,Yoshitaka Fujii,doi:10.1007/bf03009869,10.1007/bf03009869,Yoshitaka Fujii,1994,2012,18,Exact
A5031327561,Yoshitaka Fujii,doi:10.1007/bf03010568,10.1007/bf03010568,Yoshitaka Fujii,1995,2012,17,Exact
A5031327561,Yoshitaka Fujii,doi:10.1007/bf03010577,10.1007/bf03010577,Yoshitaka Fujii,1995,2012,17,Exact
A5031327561,Yoshitaka Fujii,doi:10.1007/bf03011030,10.1007/bf03011030,Yoshitaka Fujii,1995,2012,17,Exact
A5031327561,Yoshitaka Fujii,doi:10.1007/bf03011177,10.1007/bf03011177,Yoshitaka Fujii,1995,2012,17,Exact
A5031327561,Yoshitaka Fujii,doi:10.1007/bf03011250,10.1007/bf03011250,Yoshitaka Fujii,1996,2012,16,Exact
A5031327561,Yoshitaka Fujii,doi:10.1007/bf03011585,10.1007/bf03011585,Yoshitaka Fujii,1994,2012,18,Exact
A5031327561,Yoshitaka Fujii,doi:10.1007/bf03011834,10.1007/bf03011834,Yoshitaka Fujii,1996,2012,16,Exact
A5031327561,Yoshitaka Fujii,doi:10.1007/bf03011936,10.1007/bf03011936,Yoshitaka Fujii,1997,2012,15,Exact
A5031327561,Yoshitaka Fujii,doi:10.1007/bf03013430,10.1007/bf03013430,Yoshitaka Fujii,1996,2012,16,Exact
A5031327561,Yoshitaka Fujii,doi:10.1007/bf03014460,10.1007/bf03014460,Yoshitaka Fujii,1997,2012,15,Exact
A5031327561,Yoshitaka Fujii,doi:10.1007/bf03015482,10.1007/bf03015482,Yoshitaka Fujii,1995,2012,17,Exact
A5031327561,Yoshitaka Fujii,doi:10.1007/bf03015955,10.1007/bf03015955,Yoshitaka Fujii,1996,2012,16,Exact
A5031327561,Yoshitaka Fujii,doi:10.1007/bf03017947,10.1007/bf03017947,Yoshitaka Fujii,1996,2012,16,Exact
A5031327561,Yoshitaka Fujii,doi:10.1007/s00464-009-0657-2,10.1007/s00464-009-0657-2,Yoshitaka Fujii,2009,2012,3,Exact
A5031327561,Yoshitaka Fujii,doi:10.1016/j.clinthera.2008.02.018,10.1016/j.clinthera.2008.02.018,Yoshitaka Fujii,2008,2012,4,Exact
A5031327561,Yoshitaka Fujii,doi:10.1016/j.clinthera.2008.11.011,10.1016/j.clinthera.2008.11.011,Yoshitaka Fujii,2009,2012,3,Exact
A5031327561,Yoshitaka Fujii,doi:10.1016/j.clinthera.2009.04.014,10.1016/j.clinthera.2009.04.014,Yoshitaka Fujii,2009,2012,3,Exact
A5031327561,Yoshitaka Fujii,doi:10.1016/j.clinthera.2009.10.012,10.1016/j.clinthera.2009.10.012,Yoshitaka Fujii,2009,2012,3,Exact
A5031327561,Yoshitaka Fujii,doi:10.1016/j.clinthera.2010.08.005,10.1016/j.clinthera.2010.08.005,Yoshitaka Fujii,2010,2012,2,Exact
A5031327561,Yoshitaka Fujii,doi:10.1016/j.ijgo.2009.03.008,10.1016/j.ijgo.2009.03.008,Yoshitaka Fujii,2009,2012,3,Exact
A5031327561,Yoshitaka Fujii,doi:10.1016/j.ijgo.2010.05.007,10.1016/j.ijgo.2010.05.007,Yoshitaka Fujii,2010,2012,2,Exact
A5031327561,Yoshitaka Fujii,doi:10.1046/j.1365-2044.1999.01072.x,10.1046/j.1365-2044.1999.01072.x,Yoshitaka Fujii,1999,2012,13,Exact
A5031327561,Yoshitaka Fujii,doi:10.1046/j.1460-9592.1998.00761.x,10.1046/j.1460-9592.1998.00761.x,Yoshitaka Fujii,1998,2012,14,Exact
A5031327561,Yoshitaka Fujii,doi:10.1046/j.1460-9592.2001.00615.x,10.1046/j.1460-9592.2001.00615.x,Yoshitaka Fujii,2001,2012,11,Exact
A5031327561,Yoshitaka Fujii,doi:10.1046/j.1460-9592.2002.00823.x,10.1046/j.1460-9592.2002.00823.x,Yoshitaka Fujii,2002,2012,10,Exact
A5031327561,Yoshitaka Fujii,doi:10.1177/0310057x9902700304,10.1177/0310057x9902700304,Yoshitaka Fujii,1999,2012,13,Exact
A5031327561,Yoshitaka Fujii,doi:10.1213/00000539-199912000-00048,10.1213/00000539-199912000-00048,Yoshitaka Fujii,1999,2012,13,Exact
A5031327561,Yoshitaka Fujii,doi:10.1007/bf02471386,10.1007/bf02471386,Yoshitaka Fujii,1996,2013,17,Exact
A5031327561,Yoshitaka Fujii,doi:10.1007/bf02479949,10.1007/bf02479949,Yoshitaka Fujii,1995,2013,18,Exact
A5031327561,Yoshitaka Fujii,doi:10.1007/bf02480074,10.1007/bf02480074,Yoshitaka Fujii,1997,2013,16,Exact
A5031327561,Yoshitaka Fujii,doi:10.1007/bf02482037,10.1007/bf02482037,Yoshitaka Fujii,1995,2013,18,Exact
A5031327561,Yoshitaka Fujii,doi:10.1007/bf02482063,10.1007/bf02482063,Yoshitaka Fujii,1996,2013,17,Exact
A5031327561,Yoshitaka Fujii,doi:10.1007/bf02514644,10.1007/bf02514644,Yoshitaka Fujii,2006,2013,7,Exact
A5031327561,Yoshitaka Fujii,doi:10.1007/bf02514655,10.1007/bf02514655,Yoshitaka Fujii,1994,2013,19,Exact
A5031327561,Yoshitaka Fujii,doi:10.1007/bf03012096,10.1007/bf03012096,Yoshitaka Fujii,1998,2013,15,Exact
A5031327561,Yoshitaka Fujii,doi:10.1007/bf03012299,10.1007/bf03012299,Yoshitaka Fujii,1998,2013,15,Exact
A5031327561,Yoshitaka Fujii,doi:10.1007/bf03012704,10.1007/bf03012704,Yoshitaka Fujii,1998,2013,15,Exact
A5031327561,Yoshitaka Fujii,doi:10.1007/bf03013130,10.1007/bf03013130,Yoshitaka Fujii,1999,2013,14,Exact
A5031327561,Yoshitaka Fujii,doi:10.1007/bf03013138,10.1007/bf03013138,Yoshitaka Fujii,1999,2013,14,Exact
A5031327561,Yoshitaka Fujii,doi:10.1007/bf03013157,10.1007/bf03013157,Yoshitaka Fujii,1997,2013,16,Exact
A5031327561,Yoshitaka Fujii,doi:10.1007/bf03013255,10.1007/bf03013255,Yoshitaka Fujii,1998,2013,15,Exact
A5031327561,Yoshitaka Fujii,doi:10.1007/bf03013260,10.1007/bf03013260,Yoshitaka Fujii,1998,2013,15,Exact
A5031327561,Yoshitaka Fujii,doi:10.1007/bf03016073,10.1007/bf03016073,Yoshitaka Fujii,2005,2013,8,Exact
A5031327561,Yoshitaka Fujii,doi:10.1007/bf03016525,10.1007/bf03016525,Yoshitaka Fujii,2005,2013,8,Exact
A5031327561,Yoshitaka Fujii,doi:10.1007/bf03017425,10.1007/bf03017425,Yoshitaka Fujii,2002,2013,11,Exact
A5031327561,Yoshitaka Fujii,doi:10.1007/bf03018390,10.1007/bf03018390,Yoshitaka Fujii,2003,2013,10,Exact
A5031327561,Yoshitaka Fujii,doi:10.1007/bf03018498,10.1007/bf03018498,Yoshitaka Fujii,2004,2013,9,Exact
A5031327561,Yoshitaka Fujii,doi:10.1007/bf03019230,10.1007/bf03019230,Yoshitaka Fujii,1997,2013,16,Exact
A5031327561,Yoshitaka Fujii,doi:10.1007/bf03019488,10.1007/bf03019488,Yoshitaka Fujii,2000,2013,13,Exact
A5031327561,Yoshitaka Fujii,doi:10.1007/bf03019875,10.1007/bf03019875,Yoshitaka Fujii,2000,2013,13,Exact
A5031327561,Yoshitaka Fujii,doi:10.1007/s00464-007-9647-4,10.1007/s00464-007-9647-4,Yoshitaka Fujii,2007,2013,6,Exact
A5031327561,Yoshitaka Fujii,doi:10.1007/s00464-010-1193-9,10.1007/s00464-010-1193-9,Yoshitaka Fujii,2010,2013,3,Exact
A5031327561,Yoshitaka Fujii,doi:10.1007/s00540-011-1241-1,10.1007/s00540-011-1241-1,Yoshitaka Fujii,2011,2013,2,Exact
A5031327561,Yoshitaka Fujii,doi:10.1007/s005400050045,10.1007/s005400050045,Yoshitaka Fujii,1999,2013,14,Exact
A5031327561,Yoshitaka Fujii,doi:10.1007/s005400170007,10.1007/s005400170007,Yoshitaka Fujii,2001,2013,12,Exact
A5031327561,Yoshitaka Fujii,doi:10.1016/j.ijgo.2007.07.017,10.1016/j.ijgo.2007.07.017,Yoshitaka Fujii,2007,2013,6,Exact
A5031327561,Yoshitaka Fujii,doi:10.1016/j.jclinane.2004.06.018,10.1016/j.jclinane.2004.06.018,Yoshitaka Fujii,2005,2013,8,Exact
A5031327561,Yoshitaka Fujii,doi:10.1016/j.jclinane.2006.03.008,10.1016/j.jclinane.2006.03.008,Yoshitaka Fujii,2006,2013,7,Exact
A5031327561,Yoshitaka Fujii,doi:10.1016/s0029-7844(01)01650-7,10.1016/s0029-7844(01)01650-7,Yoshitaka Fujii,2002,2013,11,Exact
A5031327561,Yoshitaka Fujii,doi:10.1016/s0952-8180(03)00086-2,10.1016/s0952-8180(03)00086-2,Yoshitaka Fujii,2003,2013,10,Exact
A5031327561,Yoshitaka Fujii,doi:10.1016/s0959-289x(03)00101-8,10.1016/s0959-289x(03)00101-8,Yoshitaka Fujii,2004,2013,9,Exact
A5031327561,Yoshitaka Fujii,doi:10.1017/s0265021503210929,10.1017/s0265021503210929,Yoshitaka Fujii,2003,2013,10,Exact
A5031327561,Yoshitaka Fujii,doi:10.1046/j.1365-2044.1998.00633.x,10.1046/j.1365-2044.1998.00633.x,Yoshitaka Fujii,1998,2013,15,Exact
A5031327561,Yoshitaka Fujii,doi:10.1046/j.1365-2168.2000.01393.x,10.1046/j.1365-2168.2000.01393.x,Yoshitaka Fujii,2000,2013,13,Exact
A5031327561,Yoshitaka Fujii,doi:10.1046/j.1365-2346.1998.00318.x,10.1046/j.1365-2346.1998.00318.x,Yoshitaka Fujii,1999,2013,14,Exact
A5031327561,Yoshitaka Fujii,doi:10.1046/j.1365-2346.1999.00423.x,10.1046/j.1365-2346.1999.00423.x,Yoshitaka Fujii,1999,2013,14,Exact
A5031327561,Yoshitaka Fujii,doi:10.1046/j.1365-2346.1999.00483.x,10.1046/j.1365-2346.1999.00483.x,Yoshitaka Fujii,1999,2013,14,Exact
A5031327561,Yoshitaka Fujii,doi:10.1046/j.1365-2346.1999.00546.x,10.1046/j.1365-2346.1999.00546.x,Yoshitaka Fujii,1999,2013,14,Exact
A5031327561,Yoshitaka Fujii,doi:10.1046/j.1365-2346.1999.00564.x,10.1046/j.1365-2346.1999.00564.x,Yoshitaka Fujii,1999,2013,14,Exact
A5031327561,Yoshitaka Fujii,doi:10.1046/j.1365-2346.2000.00617.x,10.1046/j.1365-2346.2000.00617.x,Yoshitaka Fujii,2000,2013,13,Exact
A5031327561,Yoshitaka Fujii,doi:10.1046/j.1460-9592.1999.00414.x,10.1046/j.1460-9592.1999.00414.x,Yoshitaka Fujii,1999,2013,14,Exact
A5031327561,Yoshitaka Fujii,doi:10.1080/11024150201680002,10.1080/11024150201680002,Yoshitaka Fujii,2002,2013,11,Exact
A5031327561,Yoshitaka Fujii,doi:10.1093/bja/79.4.539,10.1093/bja/79.4.539,Yoshitaka Fujii,1997,2013,16,Exact
A5031327561,Yoshitaka Fujii,doi:10.1093/bja/80.6.764,10.1093/bja/80.6.764,Yoshitaka Fujii,1998,2013,15,Exact
A5031327561,Yoshitaka Fujii,doi:10.1093/bja/81.3.387,10.1093/bja/81.3.387,Yoshitaka Fujii,1998,2013,15,Exact
A5031327561,Yoshitaka Fujii,doi:10.1093/bja/81.3.390,10.1093/bja/81.3.390,Yoshitaka Fujii,1998,2013,15,Exact
A5031327561,Yoshitaka Fujii,doi:10.1093/bja/81.4.526,10.1093/bja/81.4.526,Yoshitaka Fujii,1998,2013,15,Exact
A5031327561,Yoshitaka Fujii,doi:10.1093/bja/81.5.754,10.1093/bja/81.5.754,Yoshitaka Fujii,1998,2013,15,Exact
A5031327561,Yoshitaka Fujii,doi:10.1093/bja/82.3.329,10.1093/bja/82.3.329,Yoshitaka Fujii,1999,2013,14,Exact
A5031327561,Yoshitaka Fujii,doi:10.1093/bja/83.2.275,10.1093/bja/83.2.275,Yoshitaka Fujii,1999,2013,14,Exact
A5031327561,Yoshitaka Fujii,doi:10.1093/bja/83.2.340,10.1093/bja/83.2.340,Yoshitaka Fujii,1999,2013,14,Exact
A5031327561,Yoshitaka Fujii,doi:10.1093/bja/86.6.879,10.1093/bja/86.6.879,Yoshitaka Fujii,2001,2013,12,Exact
A5031327561,Yoshitaka Fujii,doi:10.1097/00000539-200010000-00052,10.1097/00000539-200010000-00052,Yoshitaka Fujii,2000,2013,13,Exact
A5031327561,Yoshitaka Fujii,doi:10.1097/00000539-200106000-00048,10.1097/00000539-200106000-00048,Yoshitaka Fujii,2001,2013,12,Exact
A5031327561,Yoshitaka Fujii,doi:10.1097/00000539-200111000-00029,10.1097/00000539-200111000-00029,Yoshitaka Fujii,2001,2013,12,Exact
A5031327561,Yoshitaka Fujii,doi:10.1097/00000539-200207000-00023,10.1097/00000539-200207000-00023,Yoshitaka Fujii,2002,2013,11,Exact
A5031327561,Yoshitaka Fujii,doi:10.1097/00003643-199811000-00005,10.1097/00003643-199811000-00005,Yoshitaka Fujii,1998,2013,15,Exact
A5031327561,Yoshitaka Fujii,doi:10.1111/j.0265-0215.1998.00267.x,10.1111/j.0265-0215.1998.00267.x,Yoshitaka Fujii,1998,2013,15,Exact
A5031327561,Yoshitaka Fujii,doi:10.1111/j.1399-6576.1997.tb04777.x,10.1111/j.1399-6576.1997.tb04777.x,Yoshitaka Fujii,1997,2013,16,Exact
A5031327561,Yoshitaka Fujii,doi:10.1111/j.1399-6576.1998.tb04922.x,10.1111/j.1399-6576.1998.tb04922.x,Yoshitaka Fujii,1998,2013,15,Exact
A5031327561,Yoshitaka Fujii,doi:10.1111/j.1399-6576.1998.tb05297.x,10.1111/j.1399-6576.1998.tb05297.x,Yoshitaka Fujii,1998,2013,15,Exact
A5031327561,Yoshitaka Fujii,doi:10.1111/j.1399-6576.1998.tb05350.x,10.1111/j.1399-6576.1998.tb05350.x,Yoshitaka Fujii,1998,2013,15,Exact
A5031327561,Yoshitaka Fujii,doi:10.1111/j.1399-6576.1998.tb05373.x,10.1111/j.1399-6576.1998.tb05373.x,Yoshitaka Fujii,1998,2013,15,Exact
A5031327561,Yoshitaka Fujii,doi:10.1177/0310057x9902700109,10.1177/0310057x9902700109,Yoshitaka Fujii,1999,2013,14,Exact
A5031327561,Yoshitaka Fujii,doi:10.1213/00000539-199803000-00033,10.1213/00000539-199803000-00033,Yoshitaka Fujii,1998,2013,15,Exact
A5031327561,Yoshitaka Fujii,doi:10.1213/00000539-199810000-00004,10.1213/00000539-199810000-00004,Yoshitaka Fujii,1998,2013,15,Exact
A5031327561,Yoshitaka Fujii,doi:10.1213/00000539-199811000-00018,10.1213/00000539-199811000-00018,Yoshitaka Fujii,1998,2013,15,Exact
A5031327561,Yoshitaka Fujii,doi:10.1213/00000539-199812000-00037,10.1213/00000539-199812000-00037,Yoshitaka Fujii,1998,2013,15,Exact
A5031327561,Yoshitaka Fujii,doi:10.1213/00000539-199906000-00018,10.1213/00000539-199906000-00018,Yoshitaka Fujii,1999,2013,14,Exact
A5031327561,Yoshitaka Fujii,doi:10.1213/00000539-199906000-00028,10.1213/00000539-199906000-00028,Yoshitaka Fujii,1999,2013,14,Exact
A5031327561,Yoshitaka Fujii,doi:10.1213/00000539-199908000-00043,10.1213/00000539-199908000-00043,Yoshitaka Fujii,1999,2013,14,Exact
A5031327561,Yoshitaka Fujii,doi:10.1213/00000539-199909000-00048,10.1213/00000539-199909000-00048,Yoshitaka Fujii,1999,2013,14,Exact
A5031327561,Yoshitaka Fujii,doi:10.1213/00000539-199912000-00046,10.1213/00000539-199912000-00046,Yoshitaka Fujii,1999,2013,14,Exact
A5031327561,Yoshitaka Fujii,doi:10.1213/00000539-200002000-00043,10.1213/00000539-200002000-00043,Yoshitaka Fujii,2000,2013,13,Exact
A5031327561,Yoshitaka Fujii,doi:10.1213/00000539-200103000-00039,10.1213/00000539-200103000-00039,Yoshitaka Fujii,2001,2013,12,Exact
A5031327561,Yoshitaka Fujii,doi:10.1213/00000539-200210000-00028,10.1213/00000539-200210000-00028,Yoshitaka Fujii,2002,2013,11,Exact
A5031327561,Yoshitaka Fujii,doi:10.1213/01.ane.0000052512.46939.2e,10.1213/01.ane.0000052512.46939.2e,Yoshitaka Fujii,2003,2013,10,Exact
A5031327561,Yoshitaka Fujii,doi:10.1213/01.ane.0000076142.42255.bf,10.1213/01.ane.0000076142.42255.bf,Yoshitaka Fujii,2003,2013,10,Exact
A5031327561,Yoshitaka Fujii,doi:10.1213/01.ane.0000116927.80080.1e,10.1213/01.ane.0000116927.80080.1e,Yoshitaka Fujii,2004,2013,9,Exact
A5031327561,Yoshitaka Fujii,doi:10.1213/01.ane.0000282835.10607.b8,10.1213/01.ane.0000282835.10607.b8,Yoshitaka Fujii,2007,2013,6,Exact
A5031327561,Yoshitaka Fujii,doi:10.1046/j.1460-9592.2000.00441.x,10.1046/j.1460-9592.2000.00441.x,Yoshitaka Fujii,2000,2014,14,Exact
A5031327561,Yoshitaka Fujii,doi:10.2165/00044011-200323060-00004,10.2165/00044011-200323060-00004,Yoshitaka Fujii,2003,2014,11,Exact
A5031327561,Yoshitaka Fujii,doi:10.2165/00044011-200424120-00006,10.2165/00044011-200424120-00006,Yoshitaka Fujii,2004,2014,10,Exact
A5031327561,Yoshitaka Fujii,doi:10.2165/00044011-200525080-00006,10.2165/00044011-200525080-00006,Yoshitaka Fujii,2005,2014,9,Exact
A5031327561,Yoshitaka Fujii,doi:10.2165/00044011-200626040-00004,10.2165/00044011-200626040-00004,Yoshitaka Fujii,2006,2014,8,Exact
A5031327561,Yoshitaka Fujii,doi:10.2165/00044011-200626110-00003,10.2165/00044011-200626110-00003,Yoshitaka Fujii,2006,2014,8,Exact
A5031327561,Yoshitaka Fujii,doi:10.1007/bf03019810,10.1007/bf03019810,Yoshitaka Fujii,2001,2015,14,Exact
A5031327561,Yoshitaka Fujii,doi:10.1111/j.1524-4741.2007.00497.x,10.1111/j.1524-4741.2007.00497.x,Yoshitaka Fujii,2007,2016,9,Exact
A5031327561,Yoshitaka Fujii,doi:10.1136/bjo.85.6.670,10.1136/bjo.85.6.670,Yoshitaka Fujii,2001,2016,15,Exact
A5031327561,Yoshitaka Fujii,doi:10.1097/00005537-199904000-00028,10.1097/00005537-199904000-00028,Yoshitaka Fujii,1999,2017,18,Exact
A5031327561,Yoshitaka Fujii,doi:10.1097/00005537-200102000-00013,10.1097/00005537-200102000-00013,Yoshitaka Fujii,2001,2017,16,Exact
A5031327561,Yoshitaka Fujii,doi:10.1016/j.clinthera.2005.05.011,10.1016/j.clinthera.2005.05.011,Yoshitaka Fujii,2005,2018,13,Exact
A5031327561,Yoshitaka Fujii,doi:10.1016/j.clinthera.2006.08.015,10.1016/j.clinthera.2006.08.015,Yoshitaka Fujii,2006,2018,12,Exact
A5031327561,Yoshitaka Fujii,doi:10.1016/j.clinthera.2007.05.019,10.1016/j.clinthera.2007.05.019,Yoshitaka Fujii,2007,2018,11,Exact
A5031327561,Yoshitaka Fujii,doi:10.1016/j.curtheres.2003.08.009,10.1016/j.curtheres.2003.08.009,Yoshitaka Fujii,2003,2018,15,Exact
A5031327561,Yoshitaka Fujii,doi:10.1016/j.curtheres.2004.06.002,10.1016/j.curtheres.2004.06.002,Yoshitaka Fujii,2004,2018,14,Exact
A5031327561,Yoshitaka Fujii,doi:10.1016/s0002-9378(00)70484-4,10.1016/s0002-9378(00)70484-4,Yoshitaka Fujii,2000,2018,18,Exact
A5031327561,Yoshitaka Fujii,doi:10.1016/s0149-2918(02)80025-x,10.1016/s0149-2918(02)80025-x,Yoshitaka Fujii,2002,2018,16,Exact
A5031327561,Yoshitaka Fujii,doi:10.1016/s0149-2918(02)85150-5,10.1016/s0149-2918(02)85150-5,Yoshitaka Fujii,2002,2018,16,Exact
A5031327561,Yoshitaka Fujii,doi:10.1016/s0149-2918(03)80072-3,10.1016/s0149-2918(03)80072-3,Yoshitaka Fujii,2003,2018,15,Exact
A5031327561,Yoshitaka Fujii,doi:10.1016/s0149-2918(03)80092-9,10.1016/s0149-2918(03)80092-9,Yoshitaka Fujii,2003,2018,15,Exact
A5031327561,Yoshitaka Fujii,doi:10.1016/s0149-2918(03)90094-4,10.1016/s0149-2918(03)90094-4,Yoshitaka Fujii,2003,2018,15,Exact
A5031327561,Yoshitaka Fujii,doi:10.1016/s0149-2918(03)90097-x,10.1016/s0149-2918(03)90097-x,Yoshitaka Fujii,2003,2018,15,Exact
A5031327561,Yoshitaka Fujii,doi:10.1016/s0149-2918(04)80129-2,10.1016/s0149-2918(04)80129-2,Yoshitaka Fujii,2004,2018,14,Exact
A5031327561,Yoshitaka Fujii,doi:10.1016/s0149-2918(04)90177-4,10.1016/s0149-2918(04)90177-4,Yoshitaka Fujii,2004,2018,14,Exact
A5031327561,Yoshitaka Fujii,doi:10.1046/j.1365-2044.1998.00336.x,10.1046/j.1365-2044.1998.00336.x,Yoshitaka Fujii,1998,2018,20,Exact
A5031327561,Yoshitaka Fujii,doi:10.1159/000066182,10.1159/000066182,Yoshitaka Fujii,2002,2018,16,Exact
A5031327561,Yoshitaka Fujii,doi:10.2165/00044011-200222090-00001,10.2165/00044011-200222090-00001,Yoshitaka Fujii,2002,2018,16,Exact
A5031327561,Yoshitaka Fujii,doi:10.1016/j.bjoms.2007.08.005,10.1016/j.bjoms.2007.08.005,Yoshitaka Fujii,2007,2019,12,Exact
A5031327561,Yoshitaka Fujii,doi:10.1111/j.1399-6576.1998.tb05333.x,10.1111/j.1399-6576.1998.tb05333.x,Yoshitaka Fujii,2008,2019,11,Exact
A5031388726,Jin Zhang,doi:10.1007/s12282-018-00939-y,10.1007/s12282-018-00939-y,Jin Zhang,2019,2019,0,Exact
A5031426722,Bo Wang,doi:10.1155/2022/1777112,10.1155/2022/1777112,Bo Wang,2022,2023,1,Exact
A5031540238,Jing Yang,doi:10.1016/j.cogsys.2018.07.011,10.1016/j.cogsys.2018.07.011,Jing Yang,2018,2023,5,Exact
A5031540238,Jing Yang,doi:10.1007/s11227-018-2528-x,10.1007/s11227-018-2528-x,Jing Yang,2018,2024,6,Exact
A5031646526,Jing Zhang,doi:10.1155/2022/1929371,10.1155/2022/1929371,Jing Zhang,2022,2023,1,Exact
A5031733486,Rui Zhang,doi:10.1155/2022/6912315,10.1155/2022/6912315,Rui Zhang,2022,2023,1,Exact
A5031774812,Jun Yang,doi:10.1155/2022/1166314,10.1155/2022/1166314,Jun Yang,2022,2023,1,Exact
A5032071700,Tao Liu,doi:10.12659/msm.914244,10.12659/msm.914244,Tao Liu,2019,2021,2,Exact
A5032071700,Tao Liu,doi:10.3892/etm.2021.10624,10.3892/etm.2021.10624,Tao Liu,2021,2023,2,Exact
A5032073958,Dan Wang,doi:10.1155/2022/3106491,10.1155/2022/3106491,Dan Wang,2022,2023,1,Exact
A5032161264,Jie Li,doi:10.1155/2022/2105332,10.1155/2022/2105332,Jie Li,2022,2023,1,Exact
A5032165975,Hui Liu,doi:10.1109/icemms.2011.6015758,10.1109/icemms.2011.6015758,Hui Liu,2011,2011,0,Exact
A5032276114,Jing Wang,doi:10.1109/icbbe.2011.5780704,10.1109/icbbe.2011.5780704,Jing Wang,2011,2011,0,Exact
A5032306716,Lei Zhang,doi:10.1155/2022/9914931,10.1155/2022/9914931,Lei Zhang,2022,2024,2,Exact
A5032345419,Hui Zhang,doi:10.1016/j.avb.2021.101683,10.1016/j.avb.2021.101683,Hui Zhang,2021,2023,2,Exact
A5032345419,Hui Zhang,doi:10.3233/jifs-212095,10.3233/jifs-212095,Hui Zhang,2022,2025,3,Exact
A5032355023,Yu Wang,doi:10.1155/2022/4878378,10.1155/2022/4878378,Yu Wang,2022,2023,1,Exact
A5032383296,Yan Wang,doi:10.1155/2023/2303766,10.1155/2023/2303766,Yan Wang,2023,2024,1,Exact
A5032441724,Tao Wang,doi:10.1155/2022/7798595,10.1155/2022/7798595,Tao Wang,2022,2023,1,Exact
A5032456044,Yu Zhang,doi:10.1186/s13046-020-01626-7,10.1186/s13046-020-01626-7,Yu Zhang,2020,2023,3,Exact
A5032504496,Gang Wang,doi:10.1155/2022/8923901,10.1155/2022/8923901,Gang Wang,2022,2023,1,Exact
A5032506525,Jian Zhang,doi:10.1155/2022/6248779,10.1155/2022/6248779,Jian Zhang,2022,2024,2,Exact
A5032562681,Hao Chen,doi:10.1089/gtmb.2012.0033,10.1089/gtmb.2012.0033,Hao Chen,2012,2016,4,Exact
A5032618552,Yan Zhang,doi:10.1155/2022/4003853,10.1155/2022/4003853,Yan Zhang,2022,2023,1,Exact
A5032620244,Wei Li,doi:10.1155/2022/8453470,10.1155/2022/8453470,Wei Li,2022,2023,1,Exact
A5032622694,Hao Wang,doi:10.1155/2022/1740295,10.1155/2022/1740295,Hao Wang,2022,2024,2,Exact
A5032633956,Jun Yang,doi:10.3892/etm.2014.2135,10.3892/etm.2014.2135,Jun Yang,2014,2024,10,Exact
A5032656905,Ying Wang,doi:10.1155/2022/1926605,10.1155/2022/1926605,Ying Wang,2022,2023,1,Exact
A5032721022,Jie Zhang,doi:10.1155/2022/8788365,10.1155/2022/8788365,Jie Zhang,2022,2023,1,Exact
A5032847461,Wei Li,doi:10.1155/2022/1131994,10.1155/2022/1131994,Wei Li,2022,2023,1,Exact
A5032988165,Gang Wang,doi:10.1007/s13198-021-01240-6,10.1007/s13198-021-01240-6,Gang Wang,2021,2022,1,Exact
A5033131662,T. Liu,doi:10.1107/s1600536807051756,10.1107/s1600536807051756,Tao Liu,2007,2009,2,Initial
A5033134984,Wei Li,doi:10.1155/2022/8902195,10.1155/2022/8902195,Wei Li,2022,2023,1,Exact
A5033255645,Tao Liu,doi:10.1155/2022/6181943,10.1155/2022/6181943,Tao Liu,2022,2023,1,Exact
A5033259869,Hao Wang,doi:10.1111/exsy.13187,10.1111/exsy.13187,Hao Wang,2022,2024,2,Exact
A5033311186,Qian Zhang,doi:10.1155/2022/9435625,10.1155/2022/9435625,Qian Zhang,2022,2023,1,Exact
A5033408038,Ling Wang,doi:10.3233/jifs-234582,10.3233/jifs-234582,Ling Wang,2023,2024,1,Exact
A5033424831,Yu Liu,doi:10.1121/10.0039380,10.1121/10.0039380,Yu Liu,2025,2026,1,Exact
A5033612860,Jing Li,doi:10.1155/2022/7132159,10.1155/2022/7132159,Jing Li,2022,2024,2,Exact
A5033645349,Jie Zhang,doi:10.1155/2021/3265561,10.1155/2021/3265561,Jie Zhang,2021,2023,2,Exact
A5033731690,Wei Li,doi:10.1109/icebeg.2011.5881955,10.1109/icebeg.2011.5881955,Wei Li,2011,2011,0,Exact
A5033731690,Wei Li,doi:10.1109/icebeg.2011.5886755,10.1109/icebeg.2011.5886755,Wei Li,2011,2011,0,Exact
A5033828504,Jin Wang,doi:10.1109/icbbe.2011.5781664,10.1109/icbbe.2011.5781664,Jin Wang,2011,2011,0,Exact
A5033850890,Feng Li,doi:10.1155/2022/8978152,10.1155/2022/8978152,Feng Li,2022,2023,1,Exact
A5033904866,Wenting Zhao,doi:10.1016/j.neuroscience.2013.04.021,10.1016/j.neuroscience.2013.04.021,Wei Zhao,2013,2013,0,Initial
A5033935681,Yang Liu,doi:10.1155/2022/7624135,10.1155/2022/7624135,Yang Liu,2022,2023,1,Exact
A5033945545,Tao Zhang,doi:10.1155/2022/2541576,10.1155/2022/2541576,Tao Zhang,2022,2023,1,Exact
A5033994816,Yi Wang,doi:10.1155/2022/1323321,10.1155/2022/1323321,Yi Wang,2022,2023,1,Exact
A5034013411,Feng Wang,doi:10.1109/icbbe.2011.5780965,10.1109/icbbe.2011.5780965,Feng Wang,2011,2011,0,Exact
A5034017799,Qiang Li,doi:10.1080/23802359.2019.1586494,10.1080/23802359.2019.1586494,Qiang Li,2019,2020,1,Exact
A5034017799,Qiang Li,doi:10.1093/jjco/hyv185,10.1093/jjco/hyv185,Qiang Li,2016,2021,5,Exact
A5034017799,Qiang Li,doi:10.1159/000492686,10.1159/000492686,Qiang Li,2018,2022,4,Exact
A5034017799,Qiang Li,doi:10.1155/2020/6632413,10.1155/2020/6632413,Qiang Li,2020,2023,3,Exact
A5034017799,Qiang Li,doi:10.2147/ott.s218043,10.2147/ott.s218043,Qiang Li,2019,2023,4,Exact
A5034151733,Ping Wang,doi:10.1109/icent.2010.5532266,10.1109/icent.2010.5532266,Ping Wang,2010,2010,0,Exact
A5034151733,Ping Wang,doi:10.1109/icetc.2010.5529521,10.1109/icetc.2010.5529521,Ping Wang,2010,2010,0,Exact
A5034182828,Jing Zhao,doi:10.1155/2022/5207003,10.1155/2022/5207003,Jing Zhao,2022,2023,1,Exact
A5034225464,Yan Liu,doi:10.1155/2022/3087681,10.1155/2022/3087681,Yan Liu,2022,2023,1,Exact
A5034257967,Jian Xu,doi:10.1080/15376510701533921,10.1080/15376510701533921,Jian Xu,2008,2008,0,Exact
A5034257967,Jian Xu,doi:10.1109/icbbe.2011.5781185,10.1109/icbbe.2011.5781185,Jian Xu,2011,2011,0,Exact
A5034280484,Hui Liu,doi:10.1155/2022/2586307,10.1155/2022/2586307,Hui Liu,2022,2023,1,Exact
A5034484272,Peng Li,doi:10.1155/2022/2102496,10.1155/2022/2102496,Peng Li,2022,2023,1,Exact
A5034537860,Qiang Li,doi:10.1155/2022/9582701,10.1155/2022/9582701,Qiang Li,2022,2023,1,Exact
A5034584084,Jie Chen,doi:10.1109/aimsec.2011.6010886,10.1109/aimsec.2011.6010886,Jie Chen,2011,2011,0,Exact
A5034667170,Jing Zhang,doi:10.1155/2022/3880413,10.1155/2022/3880413,Jing Zhang,2022,2024,2,Exact
A5034675261,Yu Liu,doi:10.1155/2022/1710907,10.1155/2022/1710907,Yu Liu,2022,2023,1,Exact
A5034747850,Hui Wang,doi:10.1155/2022/9599943,10.1155/2022/9599943,Hui Wang,2022,2023,1,Exact
A5034749609,Qian Wang,doi:10.1155/2022/1356909,10.1155/2022/1356909,Qian Wang,2022,2023,1,Exact
A5034878136,Li Li,doi:10.1155/2022/2971393,10.1155/2022/2971393,Li Li,2022,2023,1,Exact
A5035035721,Qian Zhang,doi:10.1155/2022/4051379,10.1155/2022/4051379,Qian Zhang,2022,2024,2,Exact
A5035071840,Yang Li,doi:10.1155/2022/1960030,10.1155/2022/1960030,Yang Li,2022,2023,1,Exact
A5035120060,Jun Yang,doi:10.1155/2022/8747919,10.1155/2022/8747919,Jun Yang,2022,2023,1,Exact
A5035305361,Jun Chen,doi:10.1155/2022/5261344,10.1155/2022/5261344,Jun Chen,2022,2023,1,Exact
A5035316294,Jie Chen,doi:10.1097/md.0000000000011849,10.1097/md.0000000000011849,Jie Chen,2018,2021,3,Exact
A5035333902,Jing Li,doi:10.1155/2022/6914157,10.1155/2022/6914157,Jing Li,2022,2023,1,Exact
A5035398796,Yu Zhang,doi:10.1155/2021/8340179,10.1155/2021/8340179,Yu Zhang,2021,2024,3,Exact
A5035465997,Wei Zhang,doi:10.1186/s12871-021-01542-z,10.1186/s12871-021-01542-z,Wei Zhang,2022,2022,0,Exact
A5035465997,Wei Zhang,doi:10.1155/2022/9900916,10.1155/2022/9900916,Wei Zhang,2022,2023,1,Exact
A5035465997,Wei Zhang,doi:10.3892/ol.2020.11660,10.3892/ol.2020.11660,Wei Zhang,2020,2024,4,Exact
A5035543508,Qian Wang,doi:10.1109/icbbe.2011.5780725,10.1109/icbbe.2011.5780725,Qian Wang,2011,2011,0,Exact
A5035658484,Ming Li,doi:10.1155/2022/3055465,10.1155/2022/3055465,Ming Li,2022,2023,1,Exact
A5035747390,Hui Zhang,doi:10.1080/02640414.2013.805885,10.1080/02640414.2013.805885,Hui Zhang,2014,2017,3,Exact
A5035757377,Bin Wang,doi:10.1007/s12517-021-08027-w,10.1007/s12517-021-08027-w,Bin Wang,2021,2021,0,Exact
A5035770690,Yi Zhang,doi:10.1038/s41419-019-1352-4,10.1038/s41419-019-1352-4,Yi Zhang,2019,2023,4,Exact
A5035770690,Yi Zhang,doi:10.1186/s12943-019-1116-x,10.1186/s12943-019-1116-x,Yi Zhang,2019,2023,4,Exact
A5035770690,Yi Zhang,doi:10.3892/or.2013.2222,10.3892/or.2013.2222,Yi Zhang,2013,2024,11,Exact
A5035770690,Yi Zhang,doi:10.3892/etm.2021.10711,10.3892/etm.2021.10711,Yi Zhang,2021,2025,4,Exact
A5035834837,Jun Zhang,doi:10.1007/s11033-014-3715-3,10.1007/s11033-014-3715-3,Jun Zhang,2014,2015,1,Exact
A5036057418,Tao Liu,doi:10.1109/icbbe.2011.5781479,10.1109/icbbe.2011.5781479,Tao Liu,2011,2011,0,Exact
A5036074225,Ming Li,doi:10.1155/2022/8018962,10.1155/2022/8018962,Ming Li,2022,2023,1,Exact
A5036218939,G. Hempelmann,doi:10.1007/s001340050511,10.1007/s001340050511,Gunter G Hempelmann,1998,2013,15,Initial
A5036218939,G. Hempelmann,doi:10.1093/bja/77.4.480,10.1093/bja/77.4.480,Gunter G Hempelmann,1996,2014,18,Initial
A5036218939,G. Hempelmann,doi:10.1097/00000539-199608000-00010,10.1097/00000539-199608000-00010,Gunter G Hempelmann,1996,2014,18,Initial
A5036218939,G. Hempelmann,doi:10.1097/00000542-199109000-00008,10.1097/00000542-199109000-00008,Gunter G Hempelmann,1991,2015,24,Initial
A5036218939,G. Hempelmann,doi:10.1111/j.1365-2044.1995.tb05927.x,10.1111/j.1365-2044.1995.tb05927.x,Gunter G Hempelmann,1995,2015,20,Initial
A5036218939,G. Hempelmann,doi:10.1111/j.1399-6576.1994.tb03924.x,10.1111/j.1399-6576.1994.tb03924.x,Gunter G Hempelmann,1994,2015,21,Initial
A5036218939,G. Hempelmann,doi:10.1016/0003-4975(90)90088-n,10.1016/0003-4975(90)90088-n,Gunter G Hempelmann,1990,2017,27,Initial
A5036218939,G. Hempelmann,doi:10.1016/0003-4975(91)90116-8,10.1016/0003-4975(91)90116-8,Gunter G Hempelmann,1991,2017,26,Initial
A5036218939,G. Hempelmann,doi:10.1016/s1010-7940(96)01093-7,10.1016/s1010-7940(96)01093-7,Gunter G Hempelmann,1997,2019,22,Initial
A5036218939,G. Hempelmann,doi:10.1093/bja/64.5.611,10.1093/bja/64.5.611,Gunter G Hempelmann,1990,2020,30,Initial
A5036218939,G. Hempelmann,doi:10.1093/bja/70.6.661,10.1093/bja/70.6.661,Gunter G Hempelmann,1993,2020,27,Initial
A5036218939,G. Hempelmann,doi:10.1093/bja/71.2.277,10.1093/bja/71.2.277,Gunter G Hempelmann,1993,2020,27,Initial
A5036218939,G. Hempelmann,doi:10.1093/bja/73.5.639,10.1093/bja/73.5.639,Gunter G Hempelmann,1994,2020,26,Initial
A5036218939,G. Hempelmann,doi:10.1093/bja/74.2.174,10.1093/bja/74.2.174,Gunter G Hempelmann,1995,2020,25,Initial
A5036218939,G. Hempelmann,doi:10.1093/bja/75.6.740,10.1093/bja/75.6.740,Gunter G Hempelmann,1995,2020,25,Initial
A5036218939,G. Hempelmann,doi:10.1093/bja/79.6.733,10.1093/bja/79.6.733,Gunter G Hempelmann,1997,2020,23,Initial
A5036218939,G. Hempelmann,doi:10.1097/00000539-199512000-00003,10.1097/00000539-199512000-00003,Gunter G Hempelmann,1995,2020,25,Initial
A5036218939,G. Hempelmann,doi:10.1213/00000539-199202000-00008,10.1213/00000539-199202000-00008,Gunter G Hempelmann,1992,2020,28,Initial
A5036218939,G. Hempelmann,doi:10.1213/00000539-199302000-00006,10.1213/00000539-199302000-00006,Gunter G Hempelmann,1993,2020,27,Initial
A5036218939,G. Hempelmann,doi:10.1213/00000539-199376060-00002,10.1213/00000539-199376060-00002,Gunter G Hempelmann,1993,2020,27,Initial
A5036218939,G. Hempelmann,doi:10.1016/0003-4975(91)90320-p,10.1016/0003-4975(91)90320-p,Gunter G Hempelmann,1991,2021,30,Initial
A5036218939,G. Hempelmann,doi:10.1016/0003-4975(93)90269-n,10.1016/0003-4975(93)90269-n,Gunter G Hempelmann,1993,2021,28,Initial
A5036218939,G. Hempelmann,doi:10.1016/0003-4975(93)91088-5,10.1016/0003-4975(93)91088-5,Gunter G Hempelmann,1993,2021,28,Initial
A5036218939,G. Hempelmann,doi:10.1016/0003-4975(96)00239-1,10.1016/0003-4975(96)00239-1,Gunter G Hempelmann,1996,2021,25,Initial
A5036218939,G. Hempelmann,doi:10.1016/s0003-4975(99)00400-2,10.1016/s0003-4975(99)00400-2,Gunter G Hempelmann,1999,2021,22,Initial
A5036218939,G. Hempelmann,doi:10.1016/s0022-5223(19)34485-x,10.1016/s0022-5223(19)34485-x,Gunter G Hempelmann,1989,2021,32,Initial
A5036218939,G. Hempelmann,doi:10.1016/s0022-5223(19)35501-1,10.1016/s0022-5223(19)35501-1,Gunter G Hempelmann,1990,2021,31,Initial
A5036218939,G. Hempelmann,doi:10.1016/s0022-5223(94)70040-0,10.1016/s0022-5223(94)70040-0,Gunter G Hempelmann,1994,2021,27,Initial
A5036218939,G. Hempelmann,doi:10.1097/00005344-199503000-00011,10.1097/00005344-199503000-00011,Gunter G Hempelmann,1995,2021,26,Initial
A5036218939,G. Hempelmann,doi:10.1097/00024382-199901000-00002,10.1097/00024382-199901000-00002,Gunter G Hempelmann,1999,2021,22,Initial
A5036218939,G. Hempelmann,doi:10.1111/j.1365-2044.1996.tb12557.x,10.1111/j.1365-2044.1996.tb12557.x,Gunter G Hempelmann,1996,2021,25,Initial
A5036218939,G. Hempelmann,doi:10.1111/j.1399-6576.1998.tb05354.x,10.1111/j.1399-6576.1998.tb05354.x,Gunter G Hempelmann,2008,2021,13,Initial
A5036218939,G. Hempelmann,doi:10.1016/1010-7940(91)90078-x,10.1016/1010-7940(91)90078-x,Gunter G Hempelmann,1991,2022,31,Initial
A5036218939,G. Hempelmann,doi:10.1016/1010-7940(92)90133-i,10.1016/1010-7940(92)90133-i,Gunter G Hempelmann,1992,2022,30,Initial
A5036218939,G. Hempelmann,doi:10.1097/00000542-199002000-00013,10.1097/00000542-199002000-00013,Gunter G Hempelmann,1990,2022,32,Initial
A5036218939,G. Hempelmann,doi:10.1007/bf00255785,10.1007/bf00255785,Gunter G Hempelmann,1987,2023,36,Initial
A5036218939,G. Hempelmann,doi:10.1007/bf00256969,10.1007/bf00256969,Gunter G Hempelmann,1988,2023,35,Initial
A5036218939,G. Hempelmann,doi:10.1007/bf01699231,10.1007/bf01699231,Gunter G Hempelmann,1996,2023,27,Initial
A5036218939,G. Hempelmann,doi:10.1007/bf01700451,10.1007/bf01700451,Gunter G Hempelmann,1996,2023,27,Initial
A5036218939,G. Hempelmann,doi:10.1007/bf01701475,10.1007/bf01701475,Gunter G Hempelmann,1995,2023,28,Initial
A5036218939,G. Hempelmann,doi:10.1007/bf01706326,10.1007/bf01706326,Gunter G Hempelmann,1990,2023,33,Initial
A5036218939,G. Hempelmann,doi:10.1007/bf01708579,10.1007/bf01708579,Gunter G Hempelmann,1992,2023,31,Initial
A5036218939,G. Hempelmann,doi:10.1007/bf01709277,10.1007/bf01709277,Gunter G Hempelmann,1993,2023,30,Initial
A5036218939,G. Hempelmann,doi:10.1007/bf01709740,10.1007/bf01709740,Gunter G Hempelmann,1996,2023,27,Initial
A5036218939,G. Hempelmann,doi:10.1007/bf01711542,10.1007/bf01711542,Gunter G Hempelmann,1995,2023,28,Initial
A5036218939,G. Hempelmann,doi:10.1007/bf01720718,10.1007/bf01720718,Gunter G Hempelmann,1996,2023,27,Initial
A5036218939,G. Hempelmann,doi:10.1007/s001340050374,10.1007/s001340050374,Gunter G Hempelmann,1997,2023,26,Initial
A5036218939,G. Hempelmann,doi:10.1097/00003246-198804000-00006,10.1097/00003246-198804000-00006,Gunter G Hempelmann,1988,2023,35,Initial
A5036218939,G. Hempelmann,doi:10.1097/00003246-198906000-00006,10.1097/00003246-198906000-00006,Gunter G Hempelmann,1989,2023,34,Initial
A5036218939,G. Hempelmann,doi:10.1097/00003246-199603000-00005,10.1097/00003246-199603000-00005,Gunter G Hempelmann,1996,2023,27,Exact
A5036218939,G. Hempelmann,doi:10.1097/00003246-199606000-00011,10.1097/00003246-199606000-00011,Gunter G Hempelmann,1996,2023,27,Initial
A5036218939,G. Hempelmann,doi:10.1097/00003246-199701000-00019,10.1097/00003246-199701000-00019,Gunter G Hempelmann,1997,2023,26,Initial
A5036218939,G. Hempelmann,doi:10.1378/chest.106.3.899,10.1378/chest.106.3.899,Gunter G Hempelmann,1994,2023,29,Initial
A5036218939,G. Hempelmann,doi:10.1378/chest.107.3.787,10.1378/chest.107.3.787,Gunter G Hempelmann,1995,2023,28,Initial
A5036218939,G. Hempelmann,doi:10.1378/chest.91.2.185,10.1378/chest.91.2.185,Gunter G Hempelmann,1987,2023,36,Initial
A5036218939,G. Hempelmann,doi:10.1378/chest.94.3.566,10.1378/chest.94.3.566,Gunter G Hempelmann,1988,2023,35,Initial
A5036218939,G. Hempelmann,doi:10.1378/chest.98.1.53,10.1378/chest.98.1.53,Gunter G Hempelmann,1990,2023,33,Initial
A5036218939,G. Hempelmann,doi:10.1016/1053-0770(91)90040-z,10.1016/1053-0770(91)90040-z,Gunter G Hempelmann,1992,2024,32,Initial
A5036218939,G. Hempelmann,doi:10.1016/1053-0770(91)90041-q,10.1016/1053-0770(91)90041-q,Gunter G Hempelmann,1992,2024,32,Initial
A5036218939,G. Hempelmann,doi:10.1016/1053-0770(91)90088-b,10.1016/1053-0770(91)90088-b,Gunter G Hempelmann,1991,2024,33,Initial
A5036218939,G. Hempelmann,doi:10.1016/1053-0770(91)90118-d,10.1016/1053-0770(91)90118-d,Gunter G Hempelmann,1994,2024,30,Initial
A5036218939,G. Hempelmann,doi:10.1016/1053-0770(92)90141-s,10.1016/1053-0770(92)90141-s,Gunter G Hempelmann,1992,2024,32,Initial
A5036218939,G. Hempelmann,doi:10.1016/1053-0770(93)90110-7,10.1016/1053-0770(93)90110-7,Gunter G Hempelmann,1993,2024,31,Initial
A5036218939,G. Hempelmann,doi:10.1016/1053-0770(94)90164-3,10.1016/1053-0770(94)90164-3,Gunter G Hempelmann,1994,2024,30,Initial
A5036218939,G. Hempelmann,doi:10.1016/1053-0770(94)90244-5,10.1016/1053-0770(94)90244-5,Gunter G Hempelmann,1994,2024,30,Initial
A5036218939,G. Hempelmann,doi:10.1016/1053-0770(94)90333-6,10.1016/1053-0770(94)90333-6,Gunter G Hempelmann,1994,2024,30,Initial
A5036218939,G. Hempelmann,doi:10.1016/1053-0770(94)90569-x,10.1016/1053-0770(94)90569-x,Gunter G Hempelmann,1994,2024,30,Initial
A5036218939,G. Hempelmann,doi:10.1016/s1053-0770(05)80009-6,10.1016/s1053-0770(05)80009-6,Gunter G Hempelmann,1996,2024,28,Initial
A5036218939,G. Hempelmann,doi:10.1016/s1053-0770(96)80045-0,10.1016/s1053-0770(96)80045-0,Gunter G Hempelmann,1996,2024,28,Initial
A5036218939,G. Hempelmann,doi:10.1016/s1053-0770(96)80094-2,10.1016/s1053-0770(96)80094-2,Gunter G Hempelmann,1996,2024,28,Initial
A5036218939,G. Hempelmann,doi:10.1016/s1053-0770(96)80138-8,10.1016/s1053-0770(96)80138-8,Gunter G Hempelmann,1996,2024,28,Initial
A5036245525,Xi Chen,doi:10.1155/2022/9028835,10.1155/2022/9028835,Xi Chen,2022,2023,1,Exact
A5036287731,Lin Wang,doi:10.1155/2022/1924138,10.1155/2022/1924138,Lin Wang,2022,2023,1,Exact
A5036359133,Jie Liu,doi:10.1155/2022/6523337,10.1155/2022/6523337,Jie Liu,2022,2023,1,Exact
A5036359133,Jie Liu,doi:10.1155/2022/7426559,10.1155/2022/7426559,Jie Liu,2022,2023,1,Exact
A5036360052,Hui Wang,doi:10.1155/2022/7729524,10.1155/2022/7729524,Hui Wang,2022,2023,1,Exact
A5036815027,Li Li,doi:10.1155/2022/3901372,10.1155/2022/3901372,Li Li,2022,2023,1,Exact
A5036815027,Li Li,doi:10.1155/2022/5696334,10.1155/2022/5696334,Li Li,2022,2023,1,Exact
A5036827390,Yong Wang,doi:10.1155/2023/3801908,10.1155/2023/3801908,Yong Wang,2023,2024,1,Exact
A5036827392,Hui Zhang,doi:10.1155/2022/4894714,10.1155/2022/4894714,Hui Zhang,2022,2023,1,Exact
A5036889750,Lei Zhang,doi:10.1177/1758835919874651,10.1177/1758835919874651,Lei Zhang,2019,2021,2,Exact
A5036889750,Lei Zhang,doi:10.1080/15384101.2020.1809259,10.1080/15384101.2020.1809259,Lei Zhang,2020,2023,3,Exact
A5036952846,Yang Liu,doi:10.1155/2021/8056225,10.1155/2021/8056225,Yang Liu,2021,2023,2,Exact
A5036984102,Min Li,doi:10.1109/aimsec.2011.6011239,10.1109/aimsec.2011.6011239,Min Li,2011,2011,0,Exact
A5037001971,Nan Li,doi:10.1155/2022/7928052,10.1155/2022/7928052,Nan Li,2022,2023,1,Exact
A5037185064,Qiang Li,doi:10.1109/icbbe.2011.5780830,10.1109/icbbe.2011.5780830,Qiang Li,2011,2011,0,Exact
A5037197426,Jing Wang,doi:10.1155/2022/1649904,10.1155/2022/1649904,Jing Wang,2022,2023,1,Exact
A5037486203,Jun Liu,doi:10.1155/2022/4914727,10.1155/2022/4914727,Jun Liu,2022,2023,1,Exact
A5037510821,Wei Li,doi:10.1155/2022/4421418,10.1155/2022/4421418,Wei Li,2022,2023,1,Exact
A5037550973,Wang Lei,doi:10.1155/2022/2859567,10.1155/2022/2859567,Lei Wang,2022,2023,1,Exact
A5037756311,Bin Wang,doi:10.1155/2022/9880038,10.1155/2022/9880038,Bin Wang,2022,2023,1,Exact
A5037776494,Wei Wang,doi:10.1155/2022/9883144,10.1155/2022/9883144,Wei Wang,2022,2023,1,Exact
A5037794174,Jing Zhao,doi:10.3892/or.2020.7549,10.3892/or.2020.7549,Jing Zhao,2020,2024,4,Exact
A5037868938,Ping Wang,doi:10.1155/2022/2925689,10.1155/2022/2925689,Ping Wang,2022,2023,1,Exact
A5037948258,Juan Li,doi:10.1155/2022/3056109,10.1155/2022/3056109,Juan Li,2022,2023,1,Exact
A5037995370,Ying Li,doi:10.1155/2022/8970860,10.1155/2022/8970860,Ying Li,2022,2023,1,Exact
A5038082698,Hui Li,doi:10.1155/2022/9336080,10.1155/2022/9336080,Hui Li,2022,2023,1,Exact
A5038084459,Rui Zhang,doi:10.1172/jci.insight.121123,10.1172/jci.insight.121123,Rui Zhang,2018,2023,5,Exact
A5038151206,Bo Zhang,doi:10.1155/2022/2413922,10.1155/2022/2413922,Bo Zhang,2022,2023,1,Exact
A5038151206,Bo Zhang,doi:10.1155/2022/6483087,10.1155/2022/6483087,Bo Zhang,2022,2023,1,Exact
A5038178478,Lei Zhang,doi:10.1155/2022/5024006,10.1155/2022/5024006,Lei Zhang,2022,2023,1,Exact
A5038336845,Wei Zhang,doi:10.1155/2022/3495099,10.1155/2022/3495099,Wei Zhang,2022,2023,1,Exact
A5038481495,Hao Zhang,doi:10.1155/2022/9475522,10.1155/2022/9475522,Hao Zhang,2022,2023,1,Exact
A5038484217,Li Zhang,doi:10.1155/2022/3974794,10.1155/2022/3974794,Li Zhang,2022,2023,1,Exact
A5038517767,Jing Liu,doi:10.1109/icicci.2010.75,10.1109/icicci.2010.75,Jing Liu,2010,2010,0,Exact
A5038517767,Jing Liu,doi:10.1109/icicci.2010.87,10.1109/icicci.2010.87,Jing Liu,2010,2010,0,Exact
A5038580778,Feng Wang,doi:10.1155/2021/5527101,10.1155/2021/5527101,Feng Wang,2021,2024,3,Exact
A5038580778,Feng Wang,doi:10.1155/2022/9381203,10.1155/2022/9381203,Feng Wang,2022,2024,2,Exact
A5038615802,Jun Liu,doi:10.1111/exsy.13266,10.1111/exsy.13266,Jun Liu,2023,2024,1,Exact
A5038656294,Wei Wang,doi:10.1016/j.patcog.2017.07.033,10.1016/j.patcog.2017.07.033,Wei Wang,2017,2018,1,Exact
A5038663135,Lin Zhang,doi:10.1155/2022/9274060,10.1155/2022/9274060,Lin Zhang,2022,2023,1,Exact
A5038945598,Jing Li,doi:10.1155/2022/4304524,10.1155/2022/4304524,Jing Li,2022,2023,1,Exact
A5039233244,Xi Chen,doi:10.1109/access.2019.2911892,10.1109/access.2019.2911892,Xi Chen,2019,2019,0,Exact
A5039233244,Xi Chen,doi:10.3390/s19143145,10.3390/s19143145,Xi Chen,2019,2020,1,Exact
A5039233244,Xi Chen,doi:10.1002/cpe.5533,10.1002/cpe.5533,Xi Chen,2019,2021,2,Exact
A5039239695,Jun Lu,doi:10.1080/24701556.2020.1793359,10.1080/24701556.2020.1793359,Jun Lu,2020,2024,4,Exact
A5039280625,Yang Liu,doi:10.1155/2022/5695487,10.1155/2022/5695487,Yang Liu,2022,2023,1,Exact
A5039466818,Yan Zhang,doi:10.1155/2022/1601169,10.1155/2022/1601169,Yan Zhang,2022,2023,1,Exact
A5039489169,HIROYOSHI TANAKA,doi:10.1046/j.1460-9592.1998.00206.x,10.1046/j.1460-9592.1998.00206.x,Hiroyoshi Tanaka,1998,2013,15,Exact
A5039575608,Yang Yang,doi:10.1155/2023/1804731,10.1155/2023/1804731,Yang Yang,2023,2024,1,Exact
A5039607162,Yan Li,doi:10.1016/j.molstruc.2020.129357,10.1016/j.molstruc.2020.129357,Yan Li,2020,2023,3,Exact
A5039796943,Jing Chen,doi:10.1155/2022/2197071,10.1155/2022/2197071,Jing Chen,2022,2023,1,Exact
A5039796943,Jing Chen,doi:10.1155/2022/8365565,10.1155/2022/8365565,Jing Chen,2022,2023,1,Exact
A5039888109,T. Zhang,doi:10.1093/rheumatology/keq304,10.1093/rheumatology/keq304,Tao Zhang,2010,2011,1,Initial
A5039935749,Ying Wang,doi:10.1186/s12951-023-01947-7,10.1186/s12951-023-01947-7,Ying Wang,2023,2024,1,Exact
A5039980454,Yan Li,doi:10.1155/2022/9046507,10.1155/2022/9046507,Yan Li,2022,2023,1,Exact
A5040046880,Jing Wang,doi:10.1007/s13204-021-02241-4,10.1007/s13204-021-02241-4,Jing Wang,2022,2022,0,Exact
A5040090704,Min Li,doi:10.3892/mmr.2013.1280,10.3892/mmr.2013.1280,Min Li,2013,2018,5,Exact
A5040090704,Min Li,doi:10.1016/j.omtn.2018.06.011,10.1016/j.omtn.2018.06.011,Min Li,2018,2022,4,Exact
A5040223607,Yang Yang,doi:10.1155/2022/8118680,10.1155/2022/8118680,Yang Yang,2022,2023,1,Exact
A5040230812,Jun Liu,doi:10.1155/2022/8370842,10.1155/2022/8370842,Jun Liu,2022,2023,1,Exact
A5040234624,Jun Yang,doi:10.2147/cmar.s252635,10.2147/cmar.s252635,Jun Yang,2020,2021,1,Exact
A5040234624,Jun Yang,doi:10.1002/2211-5463.12676,10.1002/2211-5463.12676,Jun Yang,2019,2023,4,Exact
A5040386641,Yong Zhang,doi:10.1155/2022/3562209,10.1155/2022/3562209,Yong Zhang,2022,2023,1,Exact
A5040547097,Ping Zhang,doi:10.1109/paccs.2011.5990308,10.1109/paccs.2011.5990308,Ping Zhang,2011,2011,0,Exact
A5040547097,Ping Zhang,doi:10.1155/2022/7548850,10.1155/2022/7548850,Ping Zhang,2022,2023,1,Exact
A5040721382,Lei Zhang,doi:10.1007/s10916-019-1356-8,10.1007/s10916-019-1356-8,Lei Zhang,2019,2023,4,Exact
A5040728436,Wei Wang,doi:10.1371/journal.pone.0080145,10.1371/journal.pone.0080145,Wei Wang,2013,2014,1,Exact
A5040983456,Yu Zhang,doi:10.1155/2022/1893351,10.1155/2022/1893351,Yu Zhang,2022,2024,2,Exact
A5041039715,Hui Li,doi:10.1186/2049-1891-3-26,10.1186/2049-1891-3-26,Hui Li,2012,2013,1,Exact
A5041162076,Jian Xu,doi:10.1007/s13277-015-3812-5,10.1007/s13277-015-3812-5,Jian Xu,2015,2017,2,Exact
A5041162076,Jian Xu,doi:10.3892/or.2017.6135,10.3892/or.2017.6135,Jian Xu,2017,2022,5,Exact
A5041162076,Jian Xu,doi:10.3892/or.2018.6449,10.3892/or.2018.6449,Jian Xu,2018,2022,4,Exact
A5041162076,Jian Xu,doi:10.1002/jcb.26916,10.1002/jcb.26916,Jian Xu,2018,2025,7,Exact
A5041221161,Jing Yang,doi:10.1042/bsr20171082,10.1042/bsr20171082,Jing Yang,2017,2023,6,Exact
A5041301769,Jing Zhao,doi:10.1155/2022/2783944,10.1155/2022/2783944,Jing Zhao,2022,2023,1,Exact
A5041321290,Yong Wang,doi:10.3233/jifs-212939,10.3233/jifs-212939,Yong Wang,2022,2024,2,Exact
A5041353259,Li Li,doi:10.1155/2022/5365172,10.1155/2022/5365172,Li Li,2022,2023,1,Exact
A5041462375,Jing Zhang,doi:10.1109/ett.2009.99,10.1109/ett.2009.99,Jing Zhang,2009,2010,1,Exact
A5041515065,Yan Li,doi:10.1155/2022/5336548,10.1155/2022/5336548,Yan Li,2022,2023,1,Exact
A5041569324,Peng Zhang,doi:10.1155/2022/6431852,10.1155/2022/6431852,Peng Zhang,2022,2023,1,Exact
A5041694909,Xin Zhang,doi:10.1155/2022/3738867,10.1155/2022/3738867,Xin Zhang,2022,2023,1,Exact
A5041736536,Chandra Gopala Rao,doi:10.1016/b978-0-12-803365-4.00049-x,10.1016/b978-0-12-803365-4.00049-x,Chandra Gopala Rao,2015,2015,0,Exact
A5041736536,Chandra Gopala Rao,doi:10.1016/b978-0-12-803365-4.00053-1,10.1016/b978-0-12-803365-4.00053-1,Chandra Gopala Rao,2015,2015,0,Exact
A5041748805,Liang Wang,doi:10.1007/s11032-020-01138-4,10.1007/s11032-020-01138-4,Liang Wang,2020,2020,0,Exact
A5041991874,Tao Li,doi:10.1155/2022/4239500,10.1155/2022/4239500,Tao Li,2022,2023,1,Exact
A5042092603,Fang Wang,doi:10.1109/qr2mse.2013.6625563,10.1109/qr2mse.2013.6625563,Fang Wang,2013,2013,0,Exact
A5042092603,Fang Wang,doi:10.1016/j.heliyon.2024.e24302,10.1016/j.heliyon.2024.e24302,Fang Wang,2024,2025,1,Exact
A5042137602,Dan Wang,doi:10.1155/2022/6572420,10.1155/2022/6572420,Dan Wang,2022,2023,1,Exact
A5042175903,Wei Chen,doi:10.1093/gji/ggz145,10.1093/gji/ggz145,Wei Chen,2019,2020,1,Exact
A5042175903,Wei Chen,doi:10.1093/gji/ggz200,10.1093/gji/ggz200,Wei Chen,2019,2020,1,Exact
A5042262850,Yang Jing,doi:10.1155/2022/5487681,10.1155/2022/5487681,Jing Yang,2022,2023,1,Exact
A5042289560,Wei Liu,doi:10.1155/2021/6942699,10.1155/2021/6942699,Wei Liu,2021,2023,2,Exact
A5042419777,Yu Wang,doi:10.1007/s00284-021-02422-y,10.1007/s00284-021-02422-y,Yu Wang,2021,2021,0,Exact
A5042474689,Jun Yang,doi:10.1002/ptr.2470,10.1002/ptr.2470,Jun Yang,2008,2008,0,Exact
A5042474689,Jun Yang,doi:10.1002/ptr.2468,10.1002/ptr.2468,Jun Yang,2008,2009,1,Exact
A5042474689,Jun Yang,doi:10.1155/2022/8696084,10.1155/2022/8696084,Jun Yang,2022,2023,1,Exact
A5042474689,Jun Yang,doi:10.1111/iwj.14778,10.1111/iwj.14778,Jun Yang,2024,2025,1,Exact
A5042531041,Tao Li,doi:10.1109/icbmei.2011.5916890,10.1109/icbmei.2011.5916890,Tao Li,2011,2011,0,Exact
A5042539186,Yang Yang,doi:10.1155/2022/6241818,10.1155/2022/6241818,Yang Yang,2022,2023,1,Exact
A5042608620,Rui Zhang,doi:10.1155/2022/7174399,10.1155/2022/7174399,Rui Zhang,2022,2023,1,Exact
A5042609030,Ling Wang,doi:10.1155/2022/4118976,10.1155/2022/4118976,Ling Wang,2022,2023,1,Exact
A5042711964,Wei Li,doi:10.1109/appeec.2010.5448222,10.1109/appeec.2010.5448222,Wei Li,2010,2010,0,Exact
A5042765146,Jing Zhao,doi:10.3892/etm.2016.3992,10.3892/etm.2016.3992,Jing Zhao,2016,2024,8,Exact
A5042780587,Jing Li,doi:10.1371/journal.pone.0167857,10.1371/journal.pone.0167857,Jing Li,2016,2026,10,Exact
A5042786497,Jing Yang,doi:10.1155/2018/2917981,10.1155/2018/2917981,Jing Yang,2018,2024,6,Exact
A5042882563,Hui Wang,doi:10.1155/2022/3648880,10.1155/2022/3648880,Hui Wang,2022,2023,1,Exact
A5042882563,Hui Wang,doi:10.1155/2022/9719633,10.1155/2022/9719633,Hui Wang,2022,2023,1,Exact
A5042900753,Jun Lu,doi:10.1109/qr2mse.2013.6625538,10.1109/qr2mse.2013.6625538,Jun Lu,2013,2013,0,Exact
A5042929643,Yan Liu,doi:10.1155/2022/2227629,10.1155/2022/2227629,Yan Liu,2022,2023,1,Exact
A5042940393,Qi Wang,doi:10.1111/iwj.14621,10.1111/iwj.14621,Qi Wang,2024,2025,1,Exact
A5042980234,Xin Li,doi:10.1155/2022/7044153,10.1155/2022/7044153,Xin Li,2022,2023,1,Exact
A5042998462,Hao Wang,doi:10.1155/2022/5976155,10.1155/2022/5976155,Hao Wang,2022,2023,1,Exact
A5043043179,Yang Liu,doi:10.1109/iciecs.2010.5678335,10.1109/iciecs.2010.5678335,Yang Liu,2010,2010,0,Exact
A5043113888,Lei Li,doi:10.1111/iwj.14163,10.1111/iwj.14163,Lei Li,2023,2025,2,Exact
A5043138070,Jian Zhang,doi:10.3892/etm.2019.7722,10.3892/etm.2019.7722,Jian Zhang,2019,2024,5,Exact
A5043190135,Hui Li,doi:10.1155/2022/7408136,10.1155/2022/7408136,Hui Li,2022,2024,2,Exact
A5043290888,Feng Wang,doi:10.1109/icebeg.2011.5882137,10.1109/icebeg.2011.5882137,Feng Wang,2011,2011,0,Exact
A5043290888,Feng Wang,doi:10.1177/0020720918813812,10.1177/0020720918813812,Feng Wang,2018,2021,3,Exact
A5043389655,Chao Wang,doi:10.1016/j.biopha.2018.08.107,10.1016/j.biopha.2018.08.107,Chao Wang,2018,2020,2,Exact
A5043389655,Chao Wang,doi:10.1016/j.arabjc.2021.103584,10.1016/j.arabjc.2021.103584,Chao Wang,2021,2023,2,Exact
A5043389655,Chao Wang,doi:10.1038/s41598-018-26496-0,10.1038/s41598-018-26496-0,Chao Wang,2018,2023,5,Exact
A5043483439,Chandra Gopala Rao,doi:10.1016/b978-0-12-803365-4.00001-4,10.1016/b978-0-12-803365-4.00001-4,Chandra Gopala Rao,2015,2015,0,Exact
A5043483439,Chandra Gopala Rao,doi:10.1016/b978-0-12-803365-4.00002-6,10.1016/b978-0-12-803365-4.00002-6,Chandra Gopala Rao,2015,2015,0,Exact
A5043483439,Chandra Gopala Rao,doi:10.1016/b978-0-12-803365-4.00004-x,10.1016/b978-0-12-803365-4.00004-x,Chandra Gopala Rao,2015,2015,0,Exact
A5043483439,Chandra Gopala Rao,doi:10.1016/b978-0-12-803365-4.00005-1,10.1016/b978-0-12-803365-4.00005-1,Chandra Gopala Rao,2015,2015,0,Exact
A5043483439,Chandra Gopala Rao,doi:10.1016/b978-0-12-803365-4.00006-3,10.1016/b978-0-12-803365-4.00006-3,Chandra Gopala Rao,2015,2015,0,Exact
A5043483439,Chandra Gopala Rao,doi:10.1016/b978-0-12-803365-4.00007-5,10.1016/b978-0-12-803365-4.00007-5,Chandra Gopala Rao,2015,2015,0,Exact
A5043483439,Chandra Gopala Rao,doi:10.1016/b978-0-12-803365-4.00008-7,10.1016/b978-0-12-803365-4.00008-7,Chandra Gopala Rao,2015,2015,0,Exact
A5043483439,Chandra Gopala Rao,doi:10.1016/b978-0-12-803365-4.00009-9,10.1016/b978-0-12-803365-4.00009-9,Chandra Gopala Rao,2015,2015,0,Exact
A5043483439,Chandra Gopala Rao,doi:10.1016/b978-0-12-803365-4.00010-5,10.1016/b978-0-12-803365-4.00010-5,Chandra Gopala Rao,2015,2015,0,Exact
A5043483439,Chandra Gopala Rao,doi:10.1016/b978-0-12-803365-4.00013-0,10.1016/b978-0-12-803365-4.00013-0,Chandra Gopala Rao,2015,2015,0,Exact
A5043483439,Chandra Gopala Rao,doi:10.1016/b978-0-12-803365-4.00014-2,10.1016/b978-0-12-803365-4.00014-2,Chandra Gopala Rao,2015,2015,0,Exact
A5043483439,Chandra Gopala Rao,doi:10.1016/b978-0-12-803365-4.00015-4,10.1016/b978-0-12-803365-4.00015-4,Chandra Gopala Rao,2015,2015,0,Exact
A5043483439,Chandra Gopala Rao,doi:10.1016/b978-0-12-803365-4.00016-6,10.1016/b978-0-12-803365-4.00016-6,Chandra Gopala Rao,2015,2015,0,Exact
A5043483439,Chandra Gopala Rao,doi:10.1016/b978-0-12-803365-4.00017-8,10.1016/b978-0-12-803365-4.00017-8,Chandra Gopala Rao,2015,2015,0,Exact
A5043483439,Chandra Gopala Rao,doi:10.1016/b978-0-12-803365-4.00019-1,10.1016/b978-0-12-803365-4.00019-1,Chandra Gopala Rao,2015,2015,0,Exact
A5043483439,Chandra Gopala Rao,doi:10.1016/b978-0-12-803365-4.00020-8,10.1016/b978-0-12-803365-4.00020-8,Chandra Gopala Rao,2015,2015,0,Exact
A5043483439,Chandra Gopala Rao,doi:10.1016/b978-0-12-803365-4.00021-x,10.1016/b978-0-12-803365-4.00021-x,Chandra Gopala Rao,2015,2015,0,Exact
A5043483439,Chandra Gopala Rao,doi:10.1016/b978-0-12-803365-4.00022-1,10.1016/b978-0-12-803365-4.00022-1,Chandra Gopala Rao,2015,2015,0,Exact
A5043483439,Chandra Gopala Rao,doi:10.1016/b978-0-12-803365-4.00023-3,10.1016/b978-0-12-803365-4.00023-3,Chandra Gopala Rao,2015,2015,0,Exact
A5043483439,Chandra Gopala Rao,doi:10.1016/b978-0-12-803365-4.00024-5,10.1016/b978-0-12-803365-4.00024-5,Chandra Gopala Rao,2015,2015,0,Exact
A5043483439,Chandra Gopala Rao,doi:10.1016/b978-0-12-803365-4.00026-9,10.1016/b978-0-12-803365-4.00026-9,Chandra Gopala Rao,2015,2015,0,Exact
A5043483439,Chandra Gopala Rao,doi:10.1016/b978-0-12-803365-4.00027-0,10.1016/b978-0-12-803365-4.00027-0,Chandra Gopala Rao,2015,2015,0,Exact
A5043483439,Chandra Gopala Rao,doi:10.1016/b978-0-12-803365-4.00028-2,10.1016/b978-0-12-803365-4.00028-2,Chandra Gopala Rao,2015,2015,0,Exact
A5043483439,Chandra Gopala Rao,doi:10.1016/b978-0-12-803365-4.00029-4,10.1016/b978-0-12-803365-4.00029-4,Chandra Gopala Rao,2015,2015,0,Exact
A5043483439,Chandra Gopala Rao,doi:10.1016/b978-0-12-803365-4.00030-0,10.1016/b978-0-12-803365-4.00030-0,Chandra Gopala Rao,2015,2015,0,Exact
A5043483439,Chandra Gopala Rao,doi:10.1016/b978-0-12-803365-4.00031-2,10.1016/b978-0-12-803365-4.00031-2,Chandra Gopala Rao,2015,2015,0,Exact
A5043483439,Chandra Gopala Rao,doi:10.1016/b978-0-12-803365-4.00032-4,10.1016/b978-0-12-803365-4.00032-4,Chandra Gopala Rao,2015,2015,0,Exact
A5043483439,Chandra Gopala Rao,doi:10.1016/b978-0-12-803365-4.00033-6,10.1016/b978-0-12-803365-4.00033-6,Chandra Gopala Rao,2015,2015,0,Exact
A5043483439,Chandra Gopala Rao,doi:10.1016/b978-0-12-803365-4.00034-8,10.1016/b978-0-12-803365-4.00034-8,Chandra Gopala Rao,2015,2015,0,Exact
A5043483439,Chandra Gopala Rao,doi:10.1016/b978-0-12-803365-4.00035-x,10.1016/b978-0-12-803365-4.00035-x,Chandra Gopala Rao,2015,2015,0,Exact
A5043483439,Chandra Gopala Rao,doi:10.1016/b978-0-12-803365-4.00036-1,10.1016/b978-0-12-803365-4.00036-1,Chandra Gopala Rao,2015,2015,0,Exact
A5043483439,Chandra Gopala Rao,doi:10.1016/b978-0-12-803365-4.00037-3,10.1016/b978-0-12-803365-4.00037-3,Chandra Gopala Rao,2015,2015,0,Exact
A5043483439,Chandra Gopala Rao,doi:10.1016/b978-0-12-803365-4.00043-9,10.1016/b978-0-12-803365-4.00043-9,Chandra Gopala Rao,2015,2015,0,Exact
A5043483439,Chandra Gopala Rao,doi:10.1016/b978-0-12-803365-4.00046-4,10.1016/b978-0-12-803365-4.00046-4,Chandra Gopala Rao,2015,2015,0,Exact
A5043483439,Chandra Gopala Rao,doi:10.1016/b978-0-12-803365-4.00047-6,10.1016/b978-0-12-803365-4.00047-6,Chandra Gopala Rao,2015,2015,0,Exact
A5043483439,Chandra Gopala Rao,doi:10.1016/b978-0-12-803365-4.00048-8,10.1016/b978-0-12-803365-4.00048-8,Chandra Gopala Rao,2015,2015,0,Exact
A5043483439,Chandra Gopala Rao,doi:10.1016/b978-0-12-803365-4.00050-6,10.1016/b978-0-12-803365-4.00050-6,Chandra Gopala Rao,2015,2015,0,Exact
A5043483439,Chandra Gopala Rao,doi:10.1016/b978-0-12-803365-4.00052-x,10.1016/b978-0-12-803365-4.00052-x,Chandra Gopala Rao,2015,2015,0,Exact
A5043542067,Jing Zhang,doi:10.3892/ijo.2015.3214,10.3892/ijo.2015.3214,Jing Zhang,2015,2023,8,Exact
A5043542067,Jing Zhang,doi:10.1002/jcp.29746,10.1002/jcp.29746,Jing Zhang,2020,2025,5,Exact
A5043543895,Yan Zhang,doi:10.1155/2022/6983242,10.1155/2022/6983242,Yan Zhang,2022,2023,1,Exact
A5043677526,Bin Zhang,doi:10.1155/2021/3621259,10.1155/2021/3621259,Bin Zhang,2021,2024,3,Exact
A5043680558,Yan Chen,doi:10.3390/mca22040040,10.3390/mca22040040,Yan Chen,2017,2018,1,Exact
A5043689305,Xin Wang,doi:10.1155/2022/9559606,10.1155/2022/9559606,Xin Wang,2022,2023,1,Exact
A5043770165,Feng Wang,doi:10.1186/s13034-018-0219-2,10.1186/s13034-018-0219-2,Feng Wang,2018,2020,2,Exact
A5043846259,Jie Chen,doi:10.1021/jf901458p,10.1021/jf901458p,Jie Chen,2009,2009,0,Exact
A5043963143,Hao Chen,doi:10.1109/cctae.2010.5544611,10.1109/cctae.2010.5544611,Hao Chen,2010,2010,0,Exact
A5044072954,Wei Zhang,doi:10.1155/2022/5091945,10.1155/2022/5091945,Wei Zhang,2022,2023,1,Exact
A5044108299,Jing Li,doi:10.1109/ett.2009.82,10.1109/ett.2009.82,Jing Li,2009,2010,1,Exact
A5044169855,Peng Li,doi:10.1155/2021/7800144,10.1155/2021/7800144,Peng Li,2021,2023,2,Exact
A5044180306,Yang Liu,doi:10.1155/2016/8010346,10.1155/2016/8010346,Yang Liu,2016,2018,2,Exact
A5044197510,Fei Wang,doi:10.1111/srt.13845,10.1111/srt.13845,Fei Wang,2024,2025,1,Exact
A5044211780,Lin Zhang,doi:10.1109/icebeg.2011.5887175,10.1109/icebeg.2011.5887175,Lin Zhang,2011,2011,0,Exact
A5044215108,Peng Zhang,doi:10.1016/j.watres.2006.04.009,10.1016/j.watres.2006.04.009,Peng Zhang,2006,2022,16,Exact
A5044215108,Peng Zhang,doi:10.1016/j.jics.2021.100252,10.1016/j.jics.2021.100252,Peng Zhang,2021,2023,2,Exact
A5044215108,Peng Zhang,doi:10.1080/24701556.2020.1735423,10.1080/24701556.2020.1735423,Peng Zhang,2020,2024,4,Exact
A5044249016,Jun Li,doi:10.1155/2022/2946812,10.1155/2022/2946812,Jun Li,2022,2024,2,Exact
A5044500704,Min Zhang,doi:10.1109/appeec.2010.5449462,10.1109/appeec.2010.5449462,Min Zhang,2010,2010,0,Exact
A5044608381,Yang Yang,doi:10.1155/2022/3084420,10.1155/2022/3084420,Yang Yang,2022,2023,1,Exact
A5044641119,Ying Yang,doi:10.1182/blood-2012-04-422907,10.1182/blood-2012-04-422907,Yang Yang,2012,2013,1,Initial
A5044652383,Peng Zhang,doi:10.3389/fnins.2020.616258,10.3389/fnins.2020.616258,Peng Zhang,2021,2025,4,Exact
A5044788172,Gang Li,doi:10.1155/2022/4605389,10.1155/2022/4605389,Gang Li,2022,2023,1,Exact
A5044865265,Jing Zhang,doi:10.1002/jcb.29609,10.1002/jcb.29609,Jing Zhang,2020,2021,1,Exact
A5044865265,Jing Zhang,doi:10.1080/21691401.2019.1616552,10.1080/21691401.2019.1616552,Jing Zhang,2019,2022,3,Exact
A5044865265,Jing Zhang,doi:10.3389/fonc.2021.768879,10.3389/fonc.2021.768879,Jing Zhang,2021,2025,4,Exact
A5044894669,Dan Li,doi:10.1039/d0nr07176e,10.1039/d0nr07176e,Dan Li,2021,2022,1,Exact
A5044958587,Lei Zhang,doi:10.1109/icetce.2011.5775250,10.1109/icetce.2011.5775250,Lei Zhang,2011,2011,0,Exact
A5045000619,Bin Liu,doi:10.1177/1533033819874808,10.1177/1533033819874808,Bin Liu,2019,2021,2,Exact
A5045002108,Chao Wang,doi:10.1109/opee.2010.5508003,10.1109/opee.2010.5508003,Chao Wang,2010,2010,0,Exact
A5045035115,Yang Wang,doi:10.1109/aimsec.2011.6010278,10.1109/aimsec.2011.6010278,Yang Wang,2011,2011,0,Exact
A5045041456,Hao Zhang,doi:10.1155/2022/5734876,10.1155/2022/5734876,Hao Zhang,2022,2023,1,Exact
A5045052946,Jun Wang,doi:10.1038/srep33676,10.1038/srep33676,Jun Wang,2016,2024,8,Exact
A5045171103,Yan Li,doi:10.1155/2022/2555603,10.1155/2022/2555603,Yan Li,2022,2023,1,Exact
A5045529329,Jie Li,doi:10.1155/2022/6047074,10.1155/2022/6047074,Jie Li,2022,2023,1,Exact
A5045537577,Li Zhang,doi:10.1155/2022/6247824,10.1155/2022/6247824,Li Zhang,2022,2023,1,Exact
A5045655535,Jing Chen,doi:10.1155/2022/2408550,10.1155/2022/2408550,Jing Chen,2022,2023,1,Exact
A5045665383,Jun Yang,doi:10.1109/icmecg.2009.66,10.1109/icmecg.2009.66,Jun Yang,2009,2009,0,Exact
A5045674411,Chandra Gopala Rao,doi:10.1016/b978-0-12-803365-4.00011-7,10.1016/b978-0-12-803365-4.00011-7,Chandra Gopala Rao,2015,2015,0,Exact
A5045674411,Chandra Gopala Rao,doi:10.1016/b978-0-12-803365-4.00018-x,10.1016/b978-0-12-803365-4.00018-x,Chandra Gopala Rao,2015,2015,0,Exact
A5045689983,Jing Zhao,doi:10.3892/ijo.2018.4586,10.3892/ijo.2018.4586,Jing Zhao,2018,2024,6,Exact
A5045995585,Xin Zhang,doi:10.1155/2022/6008603,10.1155/2022/6008603,Xin Zhang,2022,2023,1,Exact
A5046007026,D. Wu,doi:10.1002/jcb.26354,10.1002/jcb.26354,Dong Mei Wu,2017,2021,4,Initial
A5046026008,Lei Wang,doi:10.1111/cbdd.12573,10.1111/cbdd.12573,Lei Wang,2015,2018,3,Exact
A5046026008,Lei Wang,doi:10.1007/s00432-019-03003-0,10.1007/s00432-019-03003-0,Lei Wang,2019,2024,5,Exact
A5046036161,Yan Liu,doi:10.1155/2022/6402646,10.1155/2022/6402646,Yan Liu,2022,2023,1,Exact
A5046054850,Yi Wang,doi:10.1111/srt.13872,10.1111/srt.13872,Yi Wang,2024,2025,1,Exact
A5046081253,Li Zhang,doi:10.1155/2022/4764254,10.1155/2022/4764254,Li Zhang,2022,2023,1,Exact
A5046226427,Jing Chen,doi:10.1155/2022/7970237,10.1155/2022/7970237,Jing Chen,2022,2023,1,Exact
A5046253737,Hao Zhang,doi:10.1155/2022/4553644,10.1155/2022/4553644,Hao Zhang,2022,2023,1,Exact
A5046280269,Ping Zhang,doi:10.1142/s1793292017501478,10.1142/s1793292017501478,Ping Zhang,2017,2018,1,Exact
A5046365830,Yan Chen,doi:10.1155/2022/3231698,10.1155/2022/3231698,Yan Chen,2022,2023,1,Exact
A5046401983,Qi Wang,doi:10.1093/nar/gkz952,10.1093/nar/gkz952,Qi Wang,2019,2019,0,Exact
A5046428239,Rui Zhang,doi:10.1155/2022/2629140,10.1155/2022/2629140,Rui Zhang,2022,2023,1,Exact
A5046496688,Ping Zhang,doi:10.1155/2021/4711232,10.1155/2021/4711232,Ping Zhang,2021,2023,2,Exact
A5046496688,Ping Zhang,doi:10.1155/2021/8715823,10.1155/2021/8715823,Ping Zhang,2021,2023,2,Exact
A5046714160,Yong Wang,doi:10.1109/icbbe.2011.5781242,10.1109/icbbe.2011.5781242,Yong Wang,2011,2011,0,Exact
A5046782370,Xin Li,doi:10.1155/2022/5371493,10.1155/2022/5371493,Xin Li,2022,2023,1,Exact
A5046903577,Yan Zhang,doi:10.1007/978-981-10-2260-9_27,10.1007/978-981-10-2260-9_27,Yan Zhang,2016,2017,1,Exact
A5046903577,Yan Zhang,doi:10.1155/2022/1177961,10.1155/2022/1177961,Yan Zhang,2022,2023,1,Exact
A5046903577,Yan Zhang,doi:10.1155/2023/1593651,10.1155/2023/1593651,Yan Zhang,2023,2023,0,Exact
A5047095866,Jin Zhang,doi:10.1155/2022/6590557,10.1155/2022/6590557,Jin Zhang,2022,2023,1,Exact
A5047206390,Jie Chen,doi:10.1155/2022/6202457,10.1155/2022/6202457,Jie Chen,2022,2023,1,Exact
A5047226075,Lei Li,doi:10.3390/fishes9100407,10.3390/fishes9100407,Lei Li,2024,2025,1,Exact
A5047259119,Jing Zhang,doi:10.1155/2022/2815078,10.1155/2022/2815078,Jing Zhang,2022,2022,0,Exact
A5047300457,Jun Li,doi:10.1109/icbbe.2011.5781502,10.1109/icbbe.2011.5781502,Jun Li,2011,2011,0,Exact
A5047322713,Jing Zhang,doi:10.1155/2022/6380719,10.1155/2022/6380719,Jing Zhang,2022,2023,1,Exact
A5047404037,Wei Zhao,doi:10.1155/2022/9742461,10.1155/2022/9742461,Wei Zhao,2022,2023,1,Exact
A5047504462,Yong Wang,doi:10.1109/iceit.2010.5607716,10.1109/iceit.2010.5607716,Yong Wang,2010,2010,0,Exact
A5047530483,Yan Liu,doi:10.1109/icbbe.2011.5780123,10.1109/icbbe.2011.5780123,Yan Liu,2011,2011,0,Exact
A5047573616,Qian Zhang,doi:10.1074/jbc.m113.473397,10.1074/jbc.m113.473397,Qian Zhang,2013,2021,8,Exact
A5047607191,Jing Wang,doi:10.1111/iwj.14179,10.1111/iwj.14179,Jing Wang,2023,2025,2,Exact
A5047610224,Bo Wang,doi:10.2174/1874834101508010153,10.2174/1874834101508010153,Bo Wang,2015,2016,1,Exact
A5047614788,Xin Wang,doi:10.1371/journal.ppat.1009035,10.1371/journal.ppat.1009035,Xin Wang,2020,2024,4,Exact
A5047614812,Yang Liu,doi:10.1155/2014/253713,10.1155/2014/253713,Yang Liu,2014,2016,2,Exact
A5047665294,Ying Zhang,doi:10.1155/2022/8063851,10.1155/2022/8063851,Ying Zhang,2022,2023,1,Exact
A5048023486,Hui Wang,doi:10.1155/2022/7671169,10.1155/2022/7671169,Hui Wang,2022,2023,1,Exact
A5048072663,Jian Xu,doi:10.1155/2022/4435092,10.1155/2022/4435092,Jian Xu,2022,2023,1,Exact
A5048101324,Lin Wang,doi:10.1155/2022/4957275,10.1155/2022/4957275,Lin Wang,2022,2023,1,Exact
A5048136376,Wei Zhang,doi:10.1155/2022/9271879,10.1155/2022/9271879,Wei Zhang,2022,2023,1,Exact
A5048138372,Hao Zhang,doi:10.1155/2022/4588643,10.1155/2022/4588643,Hao Zhang,2022,2023,1,Exact
A5048169117,Ying Wang,doi:10.1155/2022/9774570,10.1155/2022/9774570,Ying Wang,2022,2023,1,Exact
A5048242778,Tao Liu,doi:10.1155/2022/7118919,10.1155/2022/7118919,Tao Liu,2022,2023,1,Exact
A5048306079,Li Jian,doi:10.1155/2021/5594080,10.1155/2021/5594080,Jian Li,2021,2023,2,Exact
A5048318517,Jian Wang,doi:10.1155/2022/8485651,10.1155/2022/8485651,Jian Wang,2022,2023,1,Exact
A5048357136,Ying Zhang,doi:10.1109/icebeg.2011.5882612,10.1109/icebeg.2011.5882612,Ying Zhang,2011,2011,0,Exact
A5048360484,Peng Li,doi:10.1155/2022/8485644,10.1155/2022/8485644,Peng Li,2022,2023,1,Exact
A5048603917,Fei Wang,doi:10.1155/2022/2720228,10.1155/2022/2720228,Fei Wang,2022,2023,1,Exact
A5048636173,Jun Wang,doi:10.1016/j.jallcom.2014.01.143,10.1016/j.jallcom.2014.01.143,Jun Wang,2014,2014,0,Exact
A5048936273,Yan Li,doi:10.1016/j.lfs.2018.10.064,10.1016/j.lfs.2018.10.064,Yan Li,2018,2020,2,Exact
A5048936273,Yan Li,doi:10.3233/jifs-231672,10.3233/jifs-231672,Yan Li,2023,2025,2,Exact
A5049013824,Hui Liu,doi:10.1155/2022/2052359,10.1155/2022/2052359,Hui Liu,2022,2023,1,Exact
A5049186289,Lei Li,doi:10.1155/2022/7631323,10.1155/2022/7631323,Lei Li,2022,2023,1,Exact
A5049191739,Wei Zhang,doi:10.1155/2022/5935353,10.1155/2022/5935353,Wei Zhang,2022,2023,1,Exact
A5049325006,Li Zhang,doi:10.1155/2022/6873062,10.1155/2022/6873062,Li Zhang,2022,2023,1,Exact
A5049402835,Jun Liu,doi:10.1155/2022/7479416,10.1155/2022/7479416,Jun Liu,2022,2023,1,Exact
A5049434233,T. Liu,doi:10.1107/s1600536807050969,10.1107/s1600536807050969,Tao Liu,2007,2009,2,Initial
A5049507932,Yang Li,doi:10.1155/2022/1345118,10.1155/2022/1345118,Yang Li,2022,2023,1,Exact
A5049523028,Lei Wang,doi:10.1016/j.isprsjprs.2018.11.011,10.1016/j.isprsjprs.2018.11.011,Lei Wang,2018,2019,1,Exact
A5049619309,Wei Li,doi:10.1155/2022/3711776,10.1155/2022/3711776,Wei Li,2022,2023,1,Exact
A5049753524,Jun Yang,doi:10.1155/2022/9617048,10.1155/2022/9617048,Jun Yang,2022,2023,1,Exact
A5049756400,Hao Zhang,doi:10.1155/2022/3420723,10.1155/2022/3420723,Hao Zhang,2022,2023,1,Exact
A5049774714,Taizheng Liu,doi:10.1107/s1600536807039712,10.1107/s1600536807039712,Tao Liu,2007,2009,2,Initial
A5049808079,Juan Li,doi:10.1109/icbbe.2011.5781260,10.1109/icbbe.2011.5781260,Juan Li,2011,2011,0,Exact
A5050008040,Jin Zhang,doi:10.1111/cas.14744,10.1111/cas.14744,Jin Zhang,2020,2023,3,Exact
A5050008040,Jin Zhang,doi:10.3892/ol.2019.11002,10.3892/ol.2019.11002,Jin Zhang,2019,2023,4,Exact
A5050052644,Peng Li,doi:10.1155/2022/7226598,10.1155/2022/7226598,Peng Li,2022,2023,1,Exact
A5050099873,Jing Liu,doi:10.1038/s41598-023-31439-5,10.1038/s41598-023-31439-5,Jing Liu,2023,2023,0,Exact
A5050099873,Jing Liu,doi:10.1155/2022/2419454,10.1155/2022/2419454,Jing Liu,2022,2023,1,Exact
A5050099873,Jing Liu,doi:10.1155/2022/6543211,10.1155/2022/6543211,Jing Liu,2022,2023,1,Exact
A5050099873,Jing Liu,doi:10.1155/2022/7800298,10.1155/2022/7800298,Jing Liu,2022,2023,1,Exact
A5050173769,Hui Li,doi:10.1292/jvms.13-0051,10.1292/jvms.13-0051,Hui Li,2013,2013,0,Exact
A5050191744,Hui Zhang,doi:10.1155/2022/7438464,10.1155/2022/7438464,Hui Zhang,2022,2023,1,Exact
A5050422997,Yan Li,doi:10.1109/ifita.2009.109,10.1109/ifita.2009.109,Yan Li,2009,2009,0,Exact
A5050427570,Jing Li,doi:10.1155/2022/3084196,10.1155/2022/3084196,Jing Li,2022,2023,1,Exact
A5050496216,Juan Li,doi:10.1145/3517805,10.1145/3517805,Juan Li,2022,2026,4,Exact
A5050562433,Jing Zhao,doi:10.1155/2022/7020804,10.1155/2022/7020804,Jing Zhao,2022,2024,2,Exact
A5050602131,Hui Liu,doi:10.1042/bsr20193431,10.1042/bsr20193431,Hui Liu,2020,2024,4,Exact
A5050613279,Jun Li,doi:10.1155/2022/3623141,10.1155/2022/3623141,Jun Li,2022,2023,1,Exact
A5050756580,Li Zhang,doi:10.1155/2022/3462644,10.1155/2022/3462644,Li Zhang,2022,2023,1,Exact
A5050813384,Jie Zhang,doi:10.1155/2022/2421723,10.1155/2022/2421723,Jie Zhang,2022,2023,1,Exact
A5050862463,Lei Wang,doi:10.1155/2021/1030183,10.1155/2021/1030183,Lei Wang,2021,2024,3,Exact
A5050886276,Jian Li,doi:10.1111/iwj.14104,10.1111/iwj.14104,Jian Li,2023,2025,2,Exact
A5050901258,Wei Liu,doi:10.1155/2022/5914344,10.1155/2022/5914344,Wei Liu,2022,2023,1,Exact
A5051035051,Hao Zhang,doi:10.1155/2022/8134928,10.1155/2022/8134928,Hao Zhang,2022,2023,1,Exact
A5051035661,Hui Li,doi:10.1111/iwj.14697,10.1111/iwj.14697,Hui Li,2024,2025,1,Exact
A5051144397,Jing Wang,doi:10.1155/2022/7503566,10.1155/2022/7503566,Jing Wang,2022,2023,1,Exact
A5051167897,Ying Liu,doi:10.1155/2022/9299746,10.1155/2022/9299746,Ying Liu,2022,2023,1,Exact
A5051174374,Lei Wang,doi:10.1155/2022/3397967,10.1155/2022/3397967,Lei Wang,2022,2023,1,Exact
A5051180946,Ying Zhang,doi:10.1016/s1995-7645(11)60248-4,10.1016/s1995-7645(11)60248-4,Ying Zhang,2011,2011,0,Exact
A5051180946,Ying Zhang,doi:10.1016/j.neulet.2019.03.053,10.1016/j.neulet.2019.03.053,Ying Zhang,2019,2019,0,Exact
A5051217195,Yang Liu,doi:10.1155/2022/5207003,10.1155/2022/5207003,Yang Liu,2022,2023,1,Exact
A5051275615,Wei Zhao,doi:10.1089/met.2018.0140,10.1089/met.2018.0140,Wei Zhao,2019,2023,4,Exact
A5051275615,Wei Zhao,doi:10.3389/fonc.2021.649176,10.3389/fonc.2021.649176,Wei Zhao,2021,2023,2,Exact
A5051431817,Lei Wang,doi:10.1016/j.brainresbull.2021.04.022,10.1016/j.brainresbull.2021.04.022,Lei Wang,2021,2022,1,Exact
A5051643036,Ying Zhang,doi:10.1155/2022/8716823,10.1155/2022/8716823,Ying Zhang,2022,2023,1,Exact
A5051719124,Min Zhang,doi:10.1111/iwj.13753,10.1111/iwj.13753,Min Zhang,2022,2025,3,Exact
A5051750709,Wei Liu,doi:10.1155/2022/5603355,10.1155/2022/5603355,Wei Liu,2022,2023,1,Exact
A5052006689,Bo Zhang,doi:10.1002/jcb.27797,10.1002/jcb.27797,Bo Zhang,2018,2024,6,Exact
A5052029275,Li Li,doi:10.1155/2022/4094025,10.1155/2022/4094025,Li Li,2022,2023,1,Exact
A5052029849,Ping Zhang,doi:10.1155/2022/5040439,10.1155/2022/5040439,Ping Zhang,2022,2023,1,Exact
A5052082627,Cornelius Busch,doi:10.1007/978-3-642-36942-1_1,10.1007/978-3-642-36942-1_1,Cornelius J Busch,2014,2014,0,Exact
A5052082627,Cornelius Busch,doi:10.1007/978-3-642-36942-1_10,10.1007/978-3-642-36942-1_10,Cornelius J Busch,2014,2014,0,Exact
A5052082627,Cornelius Busch,doi:10.1007/978-3-642-36942-1_12,10.1007/978-3-642-36942-1_12,Cornelius J Busch,2014,2014,0,Exact
A5052082627,Cornelius Busch,doi:10.1007/978-3-642-36942-1_13,10.1007/978-3-642-36942-1_13,Cornelius J Busch,2014,2014,0,Exact
A5052082627,Cornelius Busch,doi:10.1007/978-3-642-36942-1_14,10.1007/978-3-642-36942-1_14,Cornelius J Busch,2014,2014,0,Exact
A5052082627,Cornelius Busch,doi:10.1007/978-3-642-36942-1_15,10.1007/978-3-642-36942-1_15,Cornelius J Busch,2014,2014,0,Exact
A5052082627,Cornelius Busch,doi:10.1007/978-3-642-36942-1_16,10.1007/978-3-642-36942-1_16,Cornelius J Busch,2014,2014,0,Exact
A5052082627,Cornelius Busch,doi:10.1007/978-3-642-36942-1_17,10.1007/978-3-642-36942-1_17,Cornelius J Busch,2014,2014,0,Exact
A5052082627,Cornelius Busch,doi:10.1007/978-3-642-36942-1_18,10.1007/978-3-642-36942-1_18,Cornelius J Busch,2014,2014,0,Exact
A5052082627,Cornelius Busch,doi:10.1007/978-3-642-36942-1_19,10.1007/978-3-642-36942-1_19,Cornelius J Busch,2014,2014,0,Exact
A5052082627,Cornelius Busch,doi:10.1007/978-3-642-36942-1_2,10.1007/978-3-642-36942-1_2,Cornelius J Busch,2014,2014,0,Exact
A5052082627,Cornelius Busch,doi:10.1007/978-3-642-36942-1_20,10.1007/978-3-642-36942-1_20,Cornelius J Busch,2014,2014,0,Exact
A5052082627,Cornelius Busch,doi:10.1007/978-3-642-36942-1_21,10.1007/978-3-642-36942-1_21,Cornelius J Busch,2014,2014,0,Exact
A5052082627,Cornelius Busch,doi:10.1007/978-3-642-36942-1_22,10.1007/978-3-642-36942-1_22,Cornelius J Busch,2014,2014,0,Exact
A5052082627,Cornelius Busch,doi:10.1007/978-3-642-36942-1_23,10.1007/978-3-642-36942-1_23,Cornelius J Busch,2014,2014,0,Exact
A5052082627,Cornelius Busch,doi:10.1007/978-3-642-36942-1_24,10.1007/978-3-642-36942-1_24,Cornelius J Busch,2014,2014,0,Exact
A5052082627,Cornelius Busch,doi:10.1007/978-3-642-36942-1_25,10.1007/978-3-642-36942-1_25,Cornelius J Busch,2014,2014,0,Exact
A5052082627,Cornelius Busch,doi:10.1007/978-3-642-36942-1_26,10.1007/978-3-642-36942-1_26,Cornelius J Busch,2014,2014,0,Exact
A5052082627,Cornelius Busch,doi:10.1007/978-3-642-36942-1_27,10.1007/978-3-642-36942-1_27,Cornelius J Busch,2014,2014,0,Exact
A5052082627,Cornelius Busch,doi:10.1007/978-3-642-36942-1_28,10.1007/978-3-642-36942-1_28,Cornelius J Busch,2014,2014,0,Exact
A5052082627,Cornelius Busch,doi:10.1007/978-3-642-36942-1_30,10.1007/978-3-642-36942-1_30,Cornelius J Busch,2014,2014,0,Exact
A5052082627,Cornelius Busch,doi:10.1007/978-3-642-36942-1_31,10.1007/978-3-642-36942-1_31,Cornelius J Busch,2014,2014,0,Exact
A5052082627,Cornelius Busch,doi:10.1007/978-3-642-36942-1_32,10.1007/978-3-642-36942-1_32,Cornelius J Busch,2014,2014,0,Exact
A5052082627,Cornelius Busch,doi:10.1007/978-3-642-36942-1_33,10.1007/978-3-642-36942-1_33,Cornelius J Busch,2014,2014,0,Exact
A5052082627,Cornelius Busch,doi:10.1007/978-3-642-36942-1_34,10.1007/978-3-642-36942-1_34,Cornelius J Busch,2014,2014,0,Exact
A5052082627,Cornelius Busch,doi:10.1007/978-3-642-36942-1_35,10.1007/978-3-642-36942-1_35,Cornelius J Busch,2014,2014,0,Exact
A5052082627,Cornelius Busch,doi:10.1007/978-3-642-36942-1_36,10.1007/978-3-642-36942-1_36,Cornelius J Busch,2014,2014,0,Exact
A5052082627,Cornelius Busch,doi:10.1007/978-3-642-36942-1_37,10.1007/978-3-642-36942-1_37,Cornelius J Busch,2014,2014,0,Exact
A5052082627,Cornelius Busch,doi:10.1007/978-3-642-36942-1_38,10.1007/978-3-642-36942-1_38,Cornelius J Busch,2014,2014,0,Exact
A5052082627,Cornelius Busch,doi:10.1007/978-3-642-36942-1_39,10.1007/978-3-642-36942-1_39,Cornelius J Busch,2014,2014,0,Exact
A5052082627,Cornelius Busch,doi:10.1007/978-3-642-36942-1_4,10.1007/978-3-642-36942-1_4,Cornelius J Busch,2014,2014,0,Exact
A5052082627,Cornelius Busch,doi:10.1007/978-3-642-36942-1_40,10.1007/978-3-642-36942-1_40,Cornelius J Busch,2014,2014,0,Exact
A5052082627,Cornelius Busch,doi:10.1007/978-3-642-36942-1_42,10.1007/978-3-642-36942-1_42,Cornelius J Busch,2014,2014,0,Exact
A5052082627,Cornelius Busch,doi:10.1007/978-3-642-36942-1_43,10.1007/978-3-642-36942-1_43,Cornelius J Busch,2014,2014,0,Exact
A5052082627,Cornelius Busch,doi:10.1007/978-3-642-36942-1_44,10.1007/978-3-642-36942-1_44,Cornelius J Busch,2014,2014,0,Exact
A5052082627,Cornelius Busch,doi:10.1007/978-3-642-36942-1_45,10.1007/978-3-642-36942-1_45,Cornelius J Busch,2014,2014,0,Exact
A5052082627,Cornelius Busch,doi:10.1007/978-3-642-36942-1_46,10.1007/978-3-642-36942-1_46,Cornelius J Busch,2014,2014,0,Exact
A5052082627,Cornelius Busch,doi:10.1007/978-3-642-36942-1_47,10.1007/978-3-642-36942-1_47,Cornelius J Busch,2014,2014,0,Exact
A5052082627,Cornelius Busch,doi:10.1007/978-3-642-36942-1_48,10.1007/978-3-642-36942-1_48,Cornelius J Busch,2014,2014,0,Exact
A5052082627,Cornelius Busch,doi:10.1007/978-3-642-36942-1_49,10.1007/978-3-642-36942-1_49,Cornelius J Busch,2014,2014,0,Exact
A5052082627,Cornelius Busch,doi:10.1007/978-3-642-36942-1_5,10.1007/978-3-642-36942-1_5,Cornelius J Busch,2013,2014,1,Exact
A5052082627,Cornelius Busch,doi:10.1007/978-3-642-36942-1_50,10.1007/978-3-642-36942-1_50,Cornelius J Busch,2014,2014,0,Exact
A5052082627,Cornelius Busch,doi:10.1007/978-3-642-36942-1_51,10.1007/978-3-642-36942-1_51,Cornelius J Busch,2014,2014,0,Exact
A5052082627,Cornelius Busch,doi:10.1007/978-3-642-36942-1_52,10.1007/978-3-642-36942-1_52,Cornelius J Busch,2014,2014,0,Exact
A5052082627,Cornelius Busch,doi:10.1007/978-3-642-36942-1_53,10.1007/978-3-642-36942-1_53,Cornelius J Busch,2014,2014,0,Exact
A5052082627,Cornelius Busch,doi:10.1007/978-3-642-36942-1_54,10.1007/978-3-642-36942-1_54,Cornelius J Busch,2014,2014,0,Exact
A5052082627,Cornelius Busch,doi:10.1007/978-3-642-36942-1_55,10.1007/978-3-642-36942-1_55,Cornelius J Busch,2014,2014,0,Exact
A5052082627,Cornelius Busch,doi:10.1007/978-3-642-36942-1_56,10.1007/978-3-642-36942-1_56,Cornelius J Busch,2014,2014,0,Exact
A5052082627,Cornelius Busch,doi:10.1007/978-3-642-36942-1_57,10.1007/978-3-642-36942-1_57,Cornelius J Busch,2014,2014,0,Exact
A5052082627,Cornelius Busch,doi:10.1007/978-3-642-36942-1_58,10.1007/978-3-642-36942-1_58,Cornelius J Busch,2014,2014,0,Exact
A5052082627,Cornelius Busch,doi:10.1007/978-3-642-36942-1_59,10.1007/978-3-642-36942-1_59,Cornelius J Busch,2014,2014,0,Exact
A5052082627,Cornelius Busch,doi:10.1007/978-3-642-36942-1_6,10.1007/978-3-642-36942-1_6,Cornelius J Busch,2014,2014,0,Exact
A5052082627,Cornelius Busch,doi:10.1007/978-3-642-36942-1_60,10.1007/978-3-642-36942-1_60,Cornelius J Busch,2014,2014,0,Exact
A5052082627,Cornelius Busch,doi:10.1007/978-3-642-36942-1_61,10.1007/978-3-642-36942-1_61,Cornelius J Busch,2014,2014,0,Exact
A5052082627,Cornelius Busch,doi:10.1007/978-3-642-36942-1_62,10.1007/978-3-642-36942-1_62,Cornelius J Busch,2014,2014,0,Exact
A5052082627,Cornelius Busch,doi:10.1007/978-3-642-36942-1_63,10.1007/978-3-642-36942-1_63,Cornelius J Busch,2014,2014,0,Exact
A5052082627,Cornelius Busch,doi:10.1007/978-3-642-36942-1_64,10.1007/978-3-642-36942-1_64,Cornelius J Busch,2014,2014,0,Exact
A5052082627,Cornelius Busch,doi:10.1007/978-3-642-36942-1_7,10.1007/978-3-642-36942-1_7,Cornelius J Busch,2014,2014,0,Exact
A5052082627,Cornelius Busch,doi:10.1007/978-3-642-36942-1_8,10.1007/978-3-642-36942-1_8,Cornelius J Busch,2014,2014,0,Exact
A5052082627,Cornelius Busch,doi:10.1007/978-3-642-36942-1_9,10.1007/978-3-642-36942-1_9,Cornelius J Busch,2014,2014,0,Exact
A5052157653,Yang Li,doi:10.1155/2022/2899128,10.1155/2022/2899128,Yang Li,2022,2023,1,Exact
A5052195927,Min Zhang,doi:10.1016/j.brainres.2016.11.032,10.1016/j.brainres.2016.11.032,Min Zhang,2016,2022,6,Exact
A5052195927,Min Zhang,doi:10.2147/ott.s282425,10.2147/ott.s282425,Min Zhang,2020,2022,2,Exact
A5052195927,Min Zhang,doi:10.1155/2022/3924400,10.1155/2022/3924400,Min Zhang,2022,2024,2,Exact
A5052195927,Min Zhang,doi:10.18632/oncotarget.16448,10.18632/oncotarget.16448,Min Zhang,2017,2024,7,Exact
A5052202371,Jin Wang,doi:10.1155/2022/2446779,10.1155/2022/2446779,Jin Wang,2022,2023,1,Exact
A5052300879,Yan Liu,doi:10.1155/2022/5127989,10.1155/2022/5127989,Yan Liu,2022,2023,1,Exact
A5052423480,Jing Wang,doi:10.1155/2022/9974914,10.1155/2022/9974914,Jing Wang,2022,2023,1,Exact
A5052508414,Ying Wang,doi:10.1155/2022/4915402,10.1155/2022/4915402,Ying Wang,2022,2023,1,Exact
A5052519895,Liang Wang,doi:10.1109/opee.2010.5508166,10.1109/opee.2010.5508166,Liang Wang,2010,2010,0,Exact
A5052519895,Liang Wang,doi:10.1016/j.heliyon.2024.e36441,10.1016/j.heliyon.2024.e36441,Liang Wang,2024,2025,1,Exact
A5052540638,Rui Wang,doi:10.1007/s13738-019-01673-8,10.1007/s13738-019-01673-8,Rui Wang,2019,2024,5,Exact
A5052547581,Dan Wang,doi:10.1155/2022/8190398,10.1155/2022/8190398,Dan Wang,2022,2023,1,Exact
A5052716645,Ying Zhang,doi:10.1155/2022/4300840,10.1155/2022/4300840,Ying Zhang,2022,2023,1,Exact
A5052835094,Hui Li,doi:10.1155/2022/7730474,10.1155/2022/7730474,Hui Li,2022,2023,1,Exact
A5052932225,Qiang Li,doi:10.1155/2022/2538769,10.1155/2022/2538769,Qiang Li,2022,2022,0,Exact
A5052937310,Ming Li,doi:10.1155/2022/6746419,10.1155/2022/6746419,Ming Li,2022,2023,1,Exact
A5052980884,Jian Xu,doi:10.1155/2022/8103897,10.1155/2022/8103897,Jian Xu,2022,2023,1,Exact
A5053014486,Qian Zhang,doi:10.1155/2022/7998725,10.1155/2022/7998725,Qian Zhang,2022,2023,1,Exact
A5053051950,Lei Wang,doi:10.1155/2021/8587351,10.1155/2021/8587351,Lei Wang,2021,2023,2,Exact
A5053097614,Ying Wang,doi:10.1109/icbbe.2011.5781285,10.1109/icbbe.2011.5781285,Ying Wang,2011,2011,0,Exact
A5053097614,Ying Wang,doi:10.1109/icbbe.2011.5781368,10.1109/icbbe.2011.5781368,Ying Wang,2011,2011,0,Exact
A5053103595,Bin Wang,doi:10.1186/s12935-019-1007-7,10.1186/s12935-019-1007-7,Bin Wang,2019,2023,4,Exact
A5053179595,Wei Zhao,doi:10.1155/2022/4139200,10.1155/2022/4139200,Wei Zhao,2022,2023,1,Exact
A5053181742,Hui Zhang,doi:10.1155/2022/3350997,10.1155/2022/3350997,Hui Zhang,2022,2023,1,Exact
A5053193460,Jie Chen,doi:10.1155/2022/9900146,10.1155/2022/9900146,Jie Chen,2022,2023,1,Exact
A5053341916,Jing Li,doi:10.1155/2022/5102100,10.1155/2022/5102100,Jing Li,2022,2023,1,Exact
A5053466582,Jing Yang,doi:10.1002/cphc.200800785,10.1002/cphc.200800785,Jing Yang,2009,2009,0,Exact
A5053600785,Tao Wang,doi:10.1111/iwj.14443,10.1111/iwj.14443,Tao Wang,2023,2025,2,Exact
A5053640625,Jun Yang,doi:10.2147/ott.s149609,10.2147/ott.s149609,Jun Yang,2017,2023,6,Exact
A5053686996,Ying Wang,doi:10.1016/j.ijnurstu.2020.103635,10.1016/j.ijnurstu.2020.103635,Ying Wang,2020,2020,0,Exact
A5053823229,Zhang Wei,doi:10.1109/qr2mse.2013.6625884,10.1109/qr2mse.2013.6625884,Wei Zhang,2013,2013,0,Exact
A5053861388,Xin Wang,doi:10.1111/j.1750-3841.2012.02959.x,10.1111/j.1750-3841.2012.02959.x,Xin Wang,2012,2014,2,Exact
A5053887305,Yang Yang‐Hartwich,doi:10.1155/2021/5920035,10.1155/2021/5920035,Yang Yang,2021,2023,2,Exact
A5053909934,Xinzhong Zhang,doi:10.1109/icbbe.2011.5781609,10.1109/icbbe.2011.5781609,Xin Zhang,2011,2011,0,Exact
A5053945516,Dimitris Liakopoulos,doi:10.1163/15718123-01905001,10.1163/15718123-01905001,Dimitris Liakopoulos,2020,2020,0,Exact
A5053945516,Dimitris Liakopoulos,doi:10.1163/23525207-12340037,10.1163/23525207-12340037,Dimitris Liakopoulos,2019,2020,1,Exact
A5053945516,Dimitris Liakopoulos,doi:10.20873/uft.2359-0106.2019.v6n1.p20-55,10.20873/uft.2359-0106.2019.v6n1.p20-55,Dimitris Liakopoulos,2019,2020,1,Exact
A5053945516,Dimitris Liakopoulos,doi:10.20873/uft.2359-0106.2019.v6n2.p97-130,10.20873/uft.2359-0106.2019.v6n2.p97-130,Dimitris Liakopoulos,2019,2020,1,Exact
A5053945516,Dimitris Liakopoulos,doi:10.20873/uft.2359-0106.2020.v7n1.p98-132,10.20873/uft.2359-0106.2020.v7n1.p98-132,Dimitris Liakopoulos,2020,2020,0,Exact
A5053945516,Dimitris Liakopoulos,doi:10.24142/raju.v15n30a7,10.24142/raju.v15n30a7,Dimitris Liakopoulos,2020,2020,0,Exact
A5053945516,Dimitris Liakopoulos,doi:10.29293/rdfg.v5i02.216,10.29293/rdfg.v5i02.216,Dimitris Liakopoulos,2019,2020,1,Exact
A5053945516,Dimitris Liakopoulos,doi:10.1163/ej.9789004177710.i-234,10.1163/ej.9789004177710.i-234,Dimitris Liakopoulos,2009,2021,12,Exact
A5053945516,Dimitris Liakopoulos,doi:10.1163/ej.9789004177710.i-234.18,10.1163/ej.9789004177710.i-234.18,Dimitris Liakopoulos,2009,2021,12,Exact
A5053945516,Dimitris Liakopoulos,doi:10.1163/ej.9789004177710.i-234.30,10.1163/ej.9789004177710.i-234.30,Dimitris Liakopoulos,2009,2021,12,Exact
A5053945516,Dimitris Liakopoulos,doi:10.1163/ej.9789004177710.i-234.42,10.1163/ej.9789004177710.i-234.42,Dimitris Liakopoulos,2009,2021,12,Exact
A5053945516,Dimitris Liakopoulos,doi:10.1163/ej.9789004177710.i-234.71,10.1163/ej.9789004177710.i-234.71,Dimitris Liakopoulos,2009,2021,12,Exact
A5053945516,Dimitris Liakopoulos,doi:10.1163/ej.9789004177710.i-234.88,10.1163/ej.9789004177710.i-234.88,Dimitris Liakopoulos,2009,2021,12,Exact
A5053945516,Dimitris Liakopoulos,doi:10.22395/ojum.v19n38a14,10.22395/ojum.v19n38a14,Dimitris Liakopoulos,2020,2022,2,Exact
A5053951462,Xin Wang,doi:10.1155/2022/8797533,10.1155/2022/8797533,Xin Wang,2022,2023,1,Exact
A5053980894,Li Li,doi:10.1155/2022/1863243,10.1155/2022/1863243,Li Li,2022,2023,1,Exact
A5053980894,Li Li,doi:10.1155/2022/7188193,10.1155/2022/7188193,Li Li,2022,2023,1,Exact
A5054030468,Yang Liu,doi:10.1155/2022/2468114,10.1155/2022/2468114,Yang Liu,2022,2023,1,Exact
A5054115043,Li Zhang,doi:10.1155/2022/1817341,10.1155/2022/1817341,Li Zhang,2022,2023,1,Exact
A5054217081,Xin Wang,doi:10.1155/2022/6766651,10.1155/2022/6766651,Xin Wang,2022,2023,1,Exact
A5054223786,Hao Zhang,doi:10.1016/j.conbuildmat.2023.134819,10.1016/j.conbuildmat.2023.134819,Hao Zhang,2024,2025,1,Exact
A5054380097,Bin Liu,doi:10.1155/2022/6361098,10.1155/2022/6361098,Bin Liu,2022,2023,1,Exact
A5054381472,Min Wang,doi:10.1155/2022/7342275,10.1155/2022/7342275,Min Wang,2022,2023,1,Exact
A5054458205,Wei Zhang,doi:10.1016/j.heliyon.2024.e32200,10.1016/j.heliyon.2024.e32200,Wei Zhang,2024,2025,1,Exact
A5054515260,Jianbo Yang,doi:10.1038/gt.2011.82,10.1038/gt.2011.82,Jing Yang,2011,2020,9,Initial
A5054593886,Yan Zhang,doi:10.1155/2022/9661506,10.1155/2022/9661506,Yan Zhang,2022,2023,1,Exact
A5054905277,Hui Wang,doi:10.1155/2023/7723164,10.1155/2023/7723164,Hui Wang,2023,2024,1,Exact
A5055025900,Ming Li,doi:10.2298/abs140917033l,10.2298/abs140917033l,Ming Li,2014,2016,2,Exact
A5055044934,Na Li,doi:10.1155/2022/8974924,10.1155/2022/8974924,Na Li,2022,2023,1,Exact
A5055136222,Bin Zhang,doi:10.1109/paccs.2011.5990353,10.1109/paccs.2011.5990353,Bin Zhang,2011,2011,0,Exact
A5055136222,Bin Zhang,doi:10.1007/s12517-021-08073-4,10.1007/s12517-021-08073-4,Bin Zhang,2021,2021,0,Exact
A5055136222,Bin Zhang,doi:10.3233/jifs-236767,10.3233/jifs-236767,Bin Zhang,2023,2025,2,Exact
A5055191826,Yi Zhang,doi:10.1111/iwj.13831,10.1111/iwj.13831,Yi Zhang,2022,2025,3,Exact
A5055304040,Wei Li,doi:10.1016/j.istruc.2024.107497,10.1016/j.istruc.2024.107497,Wei Li,2024,2026,2,Exact
A5055450841,Jing Wang,doi:10.1155/2022/6718592,10.1155/2022/6718592,Jing Wang,2022,2023,1,Exact
A5055460914,Wei Li,doi:10.1109/icacc.2010.5487135,10.1109/icacc.2010.5487135,Wei Li,2010,2010,0,Exact
A5055460914,Wei Li,doi:10.1002/ep.13045,10.1002/ep.13045,Wei Li,2019,2021,2,Exact
A5055468768,Jun Yang,doi:10.1211/jpp.60.1.0015,10.1211/jpp.60.1.0015,Jun Yang,2008,2009,1,Exact
A5055468768,Jun Yang,doi:10.1016/j.jocn.2012.02.025,10.1016/j.jocn.2012.02.025,Jun Yang,2012,2013,1,Exact
A5055538564,Lei Zhang,doi:10.1155/2022/4004965,10.1155/2022/4004965,Lei Zhang,2022,2023,1,Exact
A5055678852,Fang Wang,doi:10.1155/2022/2597173,10.1155/2022/2597173,Fang Wang,2022,2023,1,Exact
A5055708357,Jing Wang,doi:10.1155/2022/1126611,10.1155/2022/1126611,Jing Wang,2022,2023,1,Exact
A5055754474,Wei Chen,doi:10.1155/2022/9084852,10.1155/2022/9084852,Wei Chen,2022,2023,1,Exact
A5055835363,Chao Wang,doi:10.1063/1.3170140,10.1063/1.3170140,Chao Wang,2009,2009,0,Exact
A5055913816,Qian Li,doi:10.1155/2022/9337647,10.1155/2022/9337647,Qian Li,2022,2023,1,Exact
A5056008453,Jun Wang,doi:10.1109/iceceng.2011.6057923,10.1109/iceceng.2011.6057923,Jun Wang,2011,2011,0,Exact
A5056300047,Bin Liu,doi:10.1109/icebeg.2011.5882655,10.1109/icebeg.2011.5882655,Bin Liu,2011,2011,0,Exact
A5056301598,Jun Li,doi:10.1155/2022/9688098,10.1155/2022/9688098,Jun Li,2022,2023,1,Exact
A5056348144,Chandra Gopala Rao,doi:10.1016/b978-0-12-803365-4.00039-7,10.1016/b978-0-12-803365-4.00039-7,Chandra Gopala Rao,2015,2015,0,Exact
A5056348144,Chandra Gopala Rao,doi:10.1016/b978-0-12-803365-4.00044-0,10.1016/b978-0-12-803365-4.00044-0,Chandra Gopala Rao,2015,2015,0,Exact
A5056348144,Chandra Gopala Rao,doi:10.1016/b978-0-12-803365-4.00045-2,10.1016/b978-0-12-803365-4.00045-2,Chandra Gopala Rao,2015,2015,0,Exact
A5056380455,Hui Wang,doi:10.1155/2022/6447472,10.1155/2022/6447472,Hui Wang,2022,2023,1,Exact
A5056404006,Jing Zhao,doi:10.1109/ett.2009.95,10.1109/ett.2009.95,Jing Zhao,2009,2010,1,Exact
A5056404006,Jing Zhao,doi:10.1109/opee.2010.5508079,10.1109/opee.2010.5508079,Jing Zhao,2010,2010,0,Exact
A5056404006,Jing Zhao,doi:10.1007/s12517-021-06716-0,10.1007/s12517-021-06716-0,Jing Zhao,2021,2021,0,Exact
A5056432346,Yan Wang,doi:10.1109/icams.2010.5553253,10.1109/icams.2010.5553253,Yan Wang,2010,2010,0,Exact
A5056452430,Yan Liu,doi:10.1109/icbbe.2011.5781390,10.1109/icbbe.2011.5781390,Yan Liu,2011,2011,0,Exact
A5056517211,Peng Li,doi:10.1016/j.avb.2021.101701,10.1016/j.avb.2021.101701,Peng Li,2021,2023,2,Exact
A5056523506,Hong Li,doi:10.1155/2022/2262148,10.1155/2022/2262148,Hong Li,2022,2023,1,Exact
A5056629328,Bin Liu,doi:10.1155/2021/6614312,10.1155/2021/6614312,Bin Liu,2021,2023,2,Exact
A5056734939,Yi Zhang,doi:10.1155/2022/7595230,10.1155/2022/7595230,Yi Zhang,2022,2023,1,Exact
A5056764866,Yang Zhang,doi:10.1155/2022/4764720,10.1155/2022/4764720,Yang Zhang,2022,2023,1,Exact
A5056921218,Hiroyoshi Tanaka,doi:10.1001/archopht.123.1.25,10.1001/archopht.123.1.25,Hiroyoshi Tanaka,2005,2012,7,Exact
A5056921218,Hiroyoshi Tanaka,doi:10.1001/archotol.127.1.25,10.1001/archotol.127.1.25,Hiroyoshi Tanaka,2001,2012,11,Exact
A5056921218,Hiroyoshi Tanaka,doi:10.1001/archsurg.136.1.101,10.1001/archsurg.136.1.101,Hiroyoshi Tanaka,2001,2012,11,Exact
A5056921218,Hiroyoshi Tanaka,doi:10.1007/bf03010568,10.1007/bf03010568,Hiroyoshi Tanaka,1995,2012,17,Exact
A5056921218,Hiroyoshi Tanaka,doi:10.1007/bf03011030,10.1007/bf03011030,Hiroyoshi Tanaka,1995,2012,17,Exact
A5056921218,Hiroyoshi Tanaka,doi:10.1007/bf03011177,10.1007/bf03011177,Hiroyoshi Tanaka,1995,2012,17,Exact
A5056921218,Hiroyoshi Tanaka,doi:10.1007/bf03011250,10.1007/bf03011250,Hiroyoshi Tanaka,1996,2012,16,Exact
A5056921218,Hiroyoshi Tanaka,doi:10.1007/bf03011585,10.1007/bf03011585,Hiroyoshi Tanaka,1994,2012,18,Exact
A5056921218,Hiroyoshi Tanaka,doi:10.1007/bf03011834,10.1007/bf03011834,Hiroyoshi Tanaka,1996,2012,16,Exact
A5056921218,Hiroyoshi Tanaka,doi:10.1007/bf03011936,10.1007/bf03011936,Hiroyoshi Tanaka,1997,2012,15,Exact
A5056921218,Hiroyoshi Tanaka,doi:10.1007/bf03014460,10.1007/bf03014460,Hiroyoshi Tanaka,1997,2012,15,Exact
A5056921218,Hiroyoshi Tanaka,doi:10.1007/bf03015482,10.1007/bf03015482,Hiroyoshi Tanaka,1995,2012,17,Exact
A5056921218,Hiroyoshi Tanaka,doi:10.1007/bf03015955,10.1007/bf03015955,Hiroyoshi Tanaka,1996,2012,16,Exact
A5056921218,Hiroyoshi Tanaka,doi:10.1046/j.1460-9592.1998.00761.x,10.1046/j.1460-9592.1998.00761.x,Hiroyoshi Tanaka,1998,2012,14,Exact
A5056921218,Hiroyoshi Tanaka,doi:10.1177/0310057x9602400107,10.1177/0310057x9602400107,Hiroyoshi Tanaka,1996,2012,16,Exact
A5056921218,Hiroyoshi Tanaka,doi:10.1213/00000539-199401000-00014,10.1213/00000539-199401000-00014,Hiroyoshi Tanaka,1994,2012,18,Exact
A5056921218,Hiroyoshi Tanaka,doi:10.1007/bf02514644,10.1007/bf02514644,Hiroyoshi Tanaka,2006,2013,7,Exact
A5056921218,Hiroyoshi Tanaka,doi:10.1007/bf03012096,10.1007/bf03012096,Hiroyoshi Tanaka,1998,2013,15,Exact
A5056921218,Hiroyoshi Tanaka,doi:10.1007/bf03012704,10.1007/bf03012704,Hiroyoshi Tanaka,1998,2013,15,Exact
A5056921218,Hiroyoshi Tanaka,doi:10.1007/bf03013138,10.1007/bf03013138,Hiroyoshi Tanaka,1999,2013,14,Exact
A5056921218,Hiroyoshi Tanaka,doi:10.1007/bf03013255,10.1007/bf03013255,Hiroyoshi Tanaka,1998,2013,15,Exact
A5056921218,Hiroyoshi Tanaka,doi:10.1007/bf03013260,10.1007/bf03013260,Hiroyoshi Tanaka,1998,2013,15,Exact
A5056921218,Hiroyoshi Tanaka,doi:10.1007/bf03019230,10.1007/bf03019230,Hiroyoshi Tanaka,1997,2013,16,Exact
A5056921218,Hiroyoshi Tanaka,doi:10.1007/s005400050045,10.1007/s005400050045,Hiroyoshi Tanaka,1999,2013,14,Exact
A5056921218,Hiroyoshi Tanaka,doi:10.1046/j.1365-2044.1998.00633.x,10.1046/j.1365-2044.1998.00633.x,Hiroyoshi Tanaka,1998,2013,15,Exact
A5056921218,Hiroyoshi Tanaka,doi:10.1046/j.1365-2168.2000.01393.x,10.1046/j.1365-2168.2000.01393.x,Hiroyoshi Tanaka,2000,2013,13,Exact
A5056921218,Hiroyoshi Tanaka,doi:10.1046/j.1365-2346.1999.00423.x,10.1046/j.1365-2346.1999.00423.x,Hiroyoshi Tanaka,1999,2013,14,Exact
A5056921218,Hiroyoshi Tanaka,doi:10.1046/j.1365-2346.1999.00483.x,10.1046/j.1365-2346.1999.00483.x,Hiroyoshi Tanaka,1999,2013,14,Exact
A5056921218,Hiroyoshi Tanaka,doi:10.1046/j.1365-2346.2000.00617.x,10.1046/j.1365-2346.2000.00617.x,Hiroyoshi Tanaka,2000,2013,13,Exact
A5056921218,Hiroyoshi Tanaka,doi:10.1046/j.1460-9592.1999.00414.x,10.1046/j.1460-9592.1999.00414.x,Hiroyoshi Tanaka,1999,2013,14,Exact
A5056921218,Hiroyoshi Tanaka,doi:10.1080/11024150201680002,10.1080/11024150201680002,Hiroyoshi Tanaka,2002,2013,11,Exact
A5056921218,Hiroyoshi Tanaka,doi:10.1093/bja/80.6.764,10.1093/bja/80.6.764,Hiroyoshi Tanaka,1998,2013,15,Exact
A5056921218,Hiroyoshi Tanaka,doi:10.1093/bja/81.3.387,10.1093/bja/81.3.387,Hiroyoshi Tanaka,1998,2013,15,Exact
A5056921218,Hiroyoshi Tanaka,doi:10.1093/bja/81.3.390,10.1093/bja/81.3.390,Hiroyoshi Tanaka,1998,2013,15,Exact
A5056921218,Hiroyoshi Tanaka,doi:10.1093/bja/81.4.526,10.1093/bja/81.4.526,Hiroyoshi Tanaka,1998,2013,15,Exact
A5056921218,Hiroyoshi Tanaka,doi:10.1093/bja/81.5.754,10.1093/bja/81.5.754,Hiroyoshi Tanaka,1998,2013,15,Exact
A5056921218,Hiroyoshi Tanaka,doi:10.1111/j.1399-6576.1997.tb04777.x,10.1111/j.1399-6576.1997.tb04777.x,Hiroyoshi Tanaka,1997,2013,16,Exact
A5056921218,Hiroyoshi Tanaka,doi:10.1111/j.1399-6576.1997.tb04860.x,10.1111/j.1399-6576.1997.tb04860.x,Hiroyoshi Tanaka,1997,2013,16,Exact
A5056921218,Hiroyoshi Tanaka,doi:10.1111/j.1399-6576.1998.tb04922.x,10.1111/j.1399-6576.1998.tb04922.x,Hiroyoshi Tanaka,1998,2013,15,Exact
A5056921218,Hiroyoshi Tanaka,doi:10.1111/j.1399-6576.1998.tb05113.x,10.1111/j.1399-6576.1998.tb05113.x,Hiroyoshi Tanaka,1998,2013,15,Exact
A5056921218,Hiroyoshi Tanaka,doi:10.1111/j.1399-6576.1998.tb05297.x,10.1111/j.1399-6576.1998.tb05297.x,Hiroyoshi Tanaka,1998,2013,15,Exact
A5056921218,Hiroyoshi Tanaka,doi:10.1111/j.1399-6576.1998.tb05350.x,10.1111/j.1399-6576.1998.tb05350.x,Hiroyoshi Tanaka,1998,2013,15,Exact
A5056921218,Hiroyoshi Tanaka,doi:10.1111/j.1399-6576.1998.tb05373.x,10.1111/j.1399-6576.1998.tb05373.x,Hiroyoshi Tanaka,1998,2013,15,Exact
A5056921218,Hiroyoshi Tanaka,doi:10.1213/00000539-199803000-00033,10.1213/00000539-199803000-00033,Hiroyoshi Tanaka,1998,2013,15,Exact
A5056921218,Hiroyoshi Tanaka,doi:10.1213/00000539-199810000-00004,10.1213/00000539-199810000-00004,Hiroyoshi Tanaka,1998,2013,15,Exact
A5056921218,Hiroyoshi Tanaka,doi:10.1213/00000539-199812000-00037,10.1213/00000539-199812000-00037,Hiroyoshi Tanaka,1998,2013,15,Exact
A5056921218,Hiroyoshi Tanaka,doi:10.1213/00000539-199906000-00018,10.1213/00000539-199906000-00018,Hiroyoshi Tanaka,1999,2013,14,Exact
A5056921218,Hiroyoshi Tanaka,doi:10.1213/00000539-199906000-00028,10.1213/00000539-199906000-00028,Hiroyoshi Tanaka,1999,2013,14,Exact
A5056921218,Hiroyoshi Tanaka,doi:10.1213/00000539-199908000-00043,10.1213/00000539-199908000-00043,Hiroyoshi Tanaka,1999,2013,14,Exact
A5056921218,Hiroyoshi Tanaka,doi:10.1213/00000539-200002000-00043,10.1213/00000539-200002000-00043,Hiroyoshi Tanaka,2000,2013,13,Exact
A5056921218,Hiroyoshi Tanaka,doi:10.1046/j.1460-9592.2000.00441.x,10.1046/j.1460-9592.2000.00441.x,Hiroyoshi Tanaka,2000,2014,14,Exact
A5056921218,Hiroyoshi Tanaka,doi:10.2165/00044011-200323060-00004,10.2165/00044011-200323060-00004,Hiroyoshi Tanaka,2003,2014,11,Exact
A5056921218,Hiroyoshi Tanaka,doi:10.2165/00044011-200626040-00004,10.2165/00044011-200626040-00004,Hiroyoshi Tanaka,2006,2014,8,Exact
A5056921218,Hiroyoshi Tanaka,doi:10.1136/bjo.85.6.670,10.1136/bjo.85.6.670,Hiroyoshi Tanaka,2001,2016,15,Exact
A5056921218,Hiroyoshi Tanaka,doi:10.1097/00005537-199904000-00028,10.1097/00005537-199904000-00028,Hiroyoshi Tanaka,1999,2017,18,Exact
A5056921218,Hiroyoshi Tanaka,doi:10.1097/00005537-199912000-00017,10.1097/00005537-199912000-00017,Hiroyoshi Tanaka,1999,2017,18,Exact
A5056921218,Hiroyoshi Tanaka,doi:10.1016/j.curtheres.2003.08.009,10.1016/j.curtheres.2003.08.009,Hiroyoshi Tanaka,2003,2018,15,Exact
A5056921218,Hiroyoshi Tanaka,doi:10.1016/j.curtheres.2004.06.002,10.1016/j.curtheres.2004.06.002,Hiroyoshi Tanaka,2004,2018,14,Exact
A5056921218,Hiroyoshi Tanaka,doi:10.1016/s0002-9378(00)70484-4,10.1016/s0002-9378(00)70484-4,Hiroyoshi Tanaka,2000,2018,18,Exact
A5056921218,Hiroyoshi Tanaka,doi:10.1016/s0149-2918(02)80025-x,10.1016/s0149-2918(02)80025-x,Hiroyoshi Tanaka,2002,2018,16,Exact
A5056921218,Hiroyoshi Tanaka,doi:10.1016/s0149-2918(03)80072-3,10.1016/s0149-2918(03)80072-3,Hiroyoshi Tanaka,2003,2018,15,Exact
A5056921218,Hiroyoshi Tanaka,doi:10.1016/s0149-2918(03)80092-9,10.1016/s0149-2918(03)80092-9,Hiroyoshi Tanaka,2003,2018,15,Exact
A5056921218,Hiroyoshi Tanaka,doi:10.1016/s0149-2918(03)90094-4,10.1016/s0149-2918(03)90094-4,Hiroyoshi Tanaka,2003,2018,15,Exact
A5056921218,Hiroyoshi Tanaka,doi:10.1016/s0149-2918(03)90097-x,10.1016/s0149-2918(03)90097-x,Hiroyoshi Tanaka,2003,2018,15,Exact
A5056921218,Hiroyoshi Tanaka,doi:10.1016/s0149-2918(04)90177-4,10.1016/s0149-2918(04)90177-4,Hiroyoshi Tanaka,2004,2018,14,Exact
A5056921218,Hiroyoshi Tanaka,doi:10.1046/j.1365-2044.1998.00336.x,10.1046/j.1365-2044.1998.00336.x,Hiroyoshi Tanaka,1998,2018,20,Exact
A5056921218,Hiroyoshi Tanaka,doi:10.1046/j.1365-2346.1997.00119.x,10.1046/j.1365-2346.1997.00119.x,Hiroyoshi Tanaka,1997,2018,21,Exact
A5056921218,Hiroyoshi Tanaka,doi:10.1097/00000539-199706000-00033,10.1097/00000539-199706000-00033,Hiroyoshi Tanaka,1997,2018,21,Exact
A5056921218,Hiroyoshi Tanaka,doi:10.1159/000066182,10.1159/000066182,Hiroyoshi Tanaka,2002,2018,16,Exact
A5056921218,Hiroyoshi Tanaka,doi:10.1111/j.1399-6576.1997.tb04776.x,10.1111/j.1399-6576.1997.tb04776.x,Hiroyoshi Tanaka,2008,2019,11,Exact
A5056921218,Hiroyoshi Tanaka,doi:10.1111/j.1399-6576.1998.tb05333.x,10.1111/j.1399-6576.1998.tb05333.x,Hiroyoshi Tanaka,2008,2019,11,Exact
A5056921218,Hiroyoshi Tanaka,doi:10.1007/bf03011715,10.1007/bf03011715,Hiroyoshi Tanaka,1996,2022,26,Exact
A5056921218,Hiroyoshi Tanaka,doi:10.1007/bf03014459,10.1007/bf03014459,Hiroyoshi Tanaka,1997,2022,25,Exact
A5056950107,Tao Liu,doi:10.1111/exsy.13187,10.1111/exsy.13187,Tao Liu,2022,2024,2,Exact
A5056966724,Feng Wang,doi:10.1155/2022/8034930,10.1155/2022/8034930,Feng Wang,2022,2023,1,Exact
A5057161101,Hui Wang,doi:10.1080/21691401.2021.1890100,10.1080/21691401.2021.1890100,Hui Wang,2021,2022,1,Exact
A5057237309,Yang Li,doi:10.1155/2022/9265037,10.1155/2022/9265037,Yang Li,2022,2023,1,Exact
A5057356289,Ying Li,doi:10.1155/2022/9640326,10.1155/2022/9640326,Ying Li,2022,2023,1,Exact
A5057356289,Ying Li,doi:10.1155/2020/5868479,10.1155/2020/5868479,Ying Li,2020,2024,4,Exact
A5057540096,Qian Wang,doi:10.1155/2021/6612592,10.1155/2021/6612592,Qian Wang,2021,2023,2,Exact
A5057540096,Qian Wang,doi:10.1155/2021/6614762,10.1155/2021/6614762,Qian Wang,2021,2023,2,Exact
A5057540096,Qian Wang,doi:10.1155/2021/6697810,10.1155/2021/6697810,Qian Wang,2021,2023,2,Exact
A5057540096,Qian Wang,doi:10.1155/2022/5063636,10.1155/2022/5063636,Qian Wang,2022,2023,1,Exact
A5057540096,Qian Wang,doi:10.1155/2022/5367753,10.1155/2022/5367753,Qian Wang,2022,2023,1,Exact
A5057540096,Qian Wang,doi:10.1155/2022/8557936,10.1155/2022/8557936,Qian Wang,2022,2023,1,Exact
A5057583869,Wei Zhang,doi:10.3892/ijo.2018.4412,10.3892/ijo.2018.4412,Wei Zhang,2018,2022,4,Exact
A5057696832,Lin Wang,doi:10.1155/2022/1092695,10.1155/2022/1092695,Lin Wang,2022,2023,1,Exact
A5057777341,Rui Zhang,doi:10.1002/cbin.10907,10.1002/cbin.10907,Rui Zhang,2017,2019,2,Exact
A5057978187,Hong Zhang,doi:10.1155/2022/1801099,10.1155/2022/1801099,Hong Zhang,2022,2023,1,Exact
A5057983883,Jun Zhang,doi:10.1155/2022/4199044,10.1155/2022/4199044,Jun Zhang,2022,2023,1,Exact
A5058005869,Wei Zhang,doi:10.1155/2022/8716823,10.1155/2022/8716823,Wei Zhang,2022,2023,1,Exact
A5058008586,Ping Wang,doi:10.3892/etm.2017.5528,10.3892/etm.2017.5528,Ping Wang,2017,2022,5,Exact
A5058118532,Li Ping,doi:10.1145/3465631.3465986,10.1145/3465631.3465986,Ping Li,2021,2022,1,Exact
A5058155042,Bo Wang,doi:10.3233/jifs-234368,10.3233/jifs-234368,Bo Wang,2024,2024,0,Exact
A5058223712,Yong Zhang,doi:10.1155/2021/5573010,10.1155/2021/5573010,Yong Zhang,2021,2023,2,Exact
A5058247284,Fang Liu,doi:10.1007/s11277-021-08801-9,10.1007/s11277-021-08801-9,Fang Liu,2021,2022,1,Exact
A5058255460,Hui Li,doi:10.1371/journal.pone.0288072,10.1371/journal.pone.0288072,Hui Li,2023,2025,2,Exact
A5058372507,Wang Fang,doi:10.1155/2022/3420723,10.1155/2022/3420723,Fang Wang,2022,2023,1,Exact
A5058476450,Jun Liu,doi:10.1155/2022/3037205,10.1155/2022/3037205,Jun Liu,2022,2023,1,Exact
A5058485608,Bin Zhang,doi:10.1155/2022/5188703,10.1155/2022/5188703,Bin Zhang,2022,2023,1,Exact
A5058488529,Y Wang,doi:10.26355/eurrev_201805_15070,10.26355/eurrev_201805_15070,Yang Wang,2021,2021,0,Initial
A5058490086,Hui Wang,doi:10.1155/2022/9914927,10.1155/2022/9914927,Hui Wang,2022,2023,1,Exact
A5058514233,Ying Liu,doi:10.1155/2022/5635853,10.1155/2022/5635853,Ying Liu,2022,2023,1,Exact
A5058612456,Min Wang,doi:10.1109/icpim.2011.5983620,10.1109/icpim.2011.5983620,Min Wang,2011,2011,0,Exact
A5058612456,Min Wang,doi:10.1109/icpim.2011.5983771,10.1109/icpim.2011.5983771,Min Wang,2011,2011,0,Exact
A5058647077,Jie Zhang,doi:10.1155/2022/3783185,10.1155/2022/3783185,Jie Zhang,2022,2023,1,Exact
A5058672215,Tao Wang,doi:10.1021/acs.organomet.7b00556,10.1021/acs.organomet.7b00556,Tao Wang,2017,2018,1,Exact
A5058723088,Rui Wang,doi:10.1155/2022/4326551,10.1155/2022/4326551,Rui Wang,2022,2023,1,Exact
A5058789387,Yan Zhang,doi:10.1109/icebeg.2011.5887055,10.1109/icebeg.2011.5887055,Yan Zhang,2011,2011,0,Exact
A5058930191,Jin Wang,doi:10.1155/2022/6218545,10.1155/2022/6218545,Jin Wang,2022,2023,1,Exact
A5058959185,Wei Wang,doi:10.1155/2022/4353340,10.1155/2022/4353340,Wei Wang,2022,2023,1,Exact
A5059001271,Ping Zhang,doi:10.1155/2022/8557936,10.1155/2022/8557936,Ping Zhang,2022,2023,1,Exact
A5059117888,Junyang Liu,doi:10.1007/s10644-024-09610-3,10.1007/s10644-024-09610-3,Yang Liu,2024,2024,0,Exact
A5059125522,Tao Li,doi:10.3233/jifs-236184,10.3233/jifs-236184,Tao Li,2023,2025,2,Exact
A5059191882,Hui Wang,doi:10.1155/2022/6578682,10.1155/2022/6578682,Hui Wang,2022,2023,1,Exact
A5059229969,Wei Wang,doi:10.1109/qr2mse.2013.6625527,10.1109/qr2mse.2013.6625527,Wei Wang,2013,2013,0,Exact
A5059424561,Jing Zhao,doi:10.1109/icmss.2009.5303768,10.1109/icmss.2009.5303768,Jing Zhao,2009,2009,0,Exact
A5059424561,Jing Zhao,doi:10.1109/icbmei.2011.5920943,10.1109/icbmei.2011.5920943,Jing Zhao,2011,2011,0,Exact
A5059526453,Hao Chen,doi:10.1007/s11033-014-3515-9,10.1007/s11033-014-3515-9,Hao Chen,2014,2015,1,Exact
A5059526453,Hao Chen,doi:10.1155/2022/2629140,10.1155/2022/2629140,Hao Chen,2022,2023,1,Exact
A5059580100,Jing Yang,doi:10.1155/2022/6988237,10.1155/2022/6988237,Jing Yang,2022,2023,1,Exact
A5059675915,Hao Zhang,doi:10.1038/nature26142,10.1038/nature26142,Hao Zhang,2018,2021,3,Exact
A5059675915,Hao Zhang,doi:10.1038/nature23468,10.1038/nature23468,Hao Zhang,2017,2022,5,Exact
A5059920391,Li Wang,doi:10.1155/2022/3536618,10.1155/2022/3536618,Li Wang,2022,2023,1,Exact
A5059956624,Qian Wang,doi:10.1145/3465631.3465678,10.1145/3465631.3465678,Qian Wang,2021,2022,1,Exact
A5059956624,Qian Wang,doi:10.3233/jifs-231724,10.3233/jifs-231724,Qian Wang,2024,2025,1,Exact
A5060062239,Yi Zhang,doi:10.1088/1742-6596/1574/1/012130,10.1088/1742-6596/1574/1/012130,Yi Zhang,2020,2022,2,Exact
A5060169245,Lin Wang,doi:10.1155/2022/7242192,10.1155/2022/7242192,Lin Wang,2022,2023,1,Exact
A5060254907,Bin Wang,doi:10.1007/s11033-023-08246-2,10.1007/s11033-023-08246-2,Bin Wang,2023,2023,0,Exact
A5060288545,Tao Li,doi:10.1109/qr2mse.2013.6625884,10.1109/qr2mse.2013.6625884,Tao Li,2013,2013,0,Exact
A5060376360,Peng Zhang,doi:10.1109/icebeg.2011.5881371,10.1109/icebeg.2011.5881371,Peng Zhang,2011,2011,0,Exact
A5060404389,Yang Wang,doi:10.1080/21691401.2019.1591428,10.1080/21691401.2019.1591428,Yang Wang,2019,2022,3,Exact
A5060407601,Qian Zhang,doi:10.1155/2022/9715704,10.1155/2022/9715704,Qian Zhang,2022,2023,1,Exact
A5060470053,Yan Li,doi:10.1038/s41389-018-0078-y,10.1038/s41389-018-0078-y,Yan Li,2018,2024,6,Exact
A5060499485,Yan Liu,doi:10.1109/icbbe.2011.5781557,10.1109/icbbe.2011.5781557,Yan Liu,2011,2011,0,Exact
A5060499485,Yan Liu,doi:10.1109/icbbe.2011.5781615,10.1109/icbbe.2011.5781615,Yan Liu,2011,2011,0,Exact
A5060605884,Bin Zhang,doi:10.1155/2022/4004965,10.1155/2022/4004965,Bin Zhang,2022,2023,1,Exact
A5060605884,Bin Zhang,doi:10.1155/2022/5403681,10.1155/2022/5403681,Bin Zhang,2022,2023,1,Exact
A5060637854,Yu Zhang,doi:10.1155/2022/7830491,10.1155/2022/7830491,Yu Zhang,2022,2023,1,Exact
A5060655103,Hong Li,doi:10.1109/etcs.2010.603,10.1109/etcs.2010.603,Hong Li,2010,2010,0,Exact
A5060678543,Feng Wang,doi:10.1155/2022/8063874,10.1155/2022/8063874,Feng Wang,2022,2023,1,Exact
A5060745524,Yu Wang,doi:10.3233/jifs-236248,10.3233/jifs-236248,Yu Wang,2024,2025,1,Exact
A5060902131,Hui Liu,doi:10.1007/s12063-022-00280-w,10.1007/s12063-022-00280-w,Hui Liu,2022,2024,2,Exact
A5061028507,Xin Wang,doi:10.1109/iciss.2010.5655477,10.1109/iciss.2010.5655477,Xin Wang,2010,2010,0,Exact
A5061044539,Yi Zhang,doi:10.1155/2022/3895555,10.1155/2022/3895555,Yi Zhang,2022,2023,1,Exact
A5061102034,Jing Yang,doi:10.1155/2022/2088858,10.1155/2022/2088858,Jing Yang,2022,2023,1,Exact
A5061133691,Min Li,doi:10.1109/icmss.2010.5577023,10.1109/icmss.2010.5577023,Min Li,2010,2010,0,Exact
A5061235670,Dan Liu,doi:10.1016/j.biopha.2015.12.018,10.1016/j.biopha.2015.12.018,Dan Liu,2015,2023,8,Exact
A5061302107,Wang Yong,doi:10.1016/j.optlastec.2012.06.026,10.1016/j.optlastec.2012.06.026,Yong Wang,2012,2012,0,Exact
A5061352841,Fang Liu,doi:10.1155/2022/2848255,10.1155/2022/2848255,Fang Liu,2022,2023,1,Exact
A5061369541,Feng Wang,doi:10.1186/s13046-021-02081-8,10.1186/s13046-021-02081-8,Feng Wang,2021,2023,2,Exact
A5061371324,A. Salar Elahi,doi:10.1007/s10854-016-5709-5,10.1007/s10854-016-5709-5,A Salar Elahi,2016,2017,1,Exact
A5061371324,A. Salar Elahi,doi:10.1007/s10904-015-0263-9,10.1007/s10904-015-0263-9,A Salar Elahi,2015,2017,2,Exact
A5061371324,A. Salar Elahi,doi:10.1016/j.ijhydene.2016.10.154,10.1016/j.ijhydene.2016.10.154,A Salar Elahi,2016,2017,1,Exact
A5061371324,A. Salar Elahi,doi:10.1016/j.ijhydene.2016.11.017,10.1016/j.ijhydene.2016.11.017,A Salar Elahi,2016,2017,1,Exact
A5061371324,A. Salar Elahi,doi:10.1016/j.ijhydene.2016.11.087,10.1016/j.ijhydene.2016.11.087,A Salar Elahi,2016,2017,1,Exact
A5061371324,A. Salar Elahi,doi:10.1016/j.ijhydene.2016.12.040,10.1016/j.ijhydene.2016.12.040,A Salar Elahi,2017,2017,0,Exact
A5061371324,A. Salar Elahi,doi:10.1016/j.ijhydene.2016.12.053,10.1016/j.ijhydene.2016.12.053,A Salar Elahi,2017,2017,0,Exact
A5061371324,A. Salar Elahi,doi:10.1016/j.rinp.2016.12.015,10.1016/j.rinp.2016.12.015,A Salar Elahi,2016,2017,1,Exact
A5061371324,A. Salar Elahi,doi:10.1016/j.rinp.2016.12.016,10.1016/j.rinp.2016.12.016,A Salar Elahi,2016,2017,1,Exact
A5061371324,A. Salar Elahi,doi:10.1007/s10904-017-0541-9,10.1007/s10904-017-0541-9,A Salar Elahi,2017,2018,1,Exact
A5061371324,A. Salar Elahi,doi:10.1016/j.fusengdes.2015.02.059,10.1016/j.fusengdes.2015.02.059,A Salar Elahi,2015,2018,3,Exact
A5061371324,A. Salar Elahi,doi:10.1016/j.ijhydene.2016.06.178,10.1016/j.ijhydene.2016.06.178,A Salar Elahi,2016,2018,2,Exact
A5061371324,A. Salar Elahi,doi:10.1016/j.ijhydene.2016.07.026,10.1016/j.ijhydene.2016.07.026,A Salar Elahi,2016,2018,2,Exact
A5061371324,A. Salar Elahi,doi:10.1016/j.ijhydene.2016.07.273,10.1016/j.ijhydene.2016.07.273,A Salar Elahi,2016,2018,2,Exact
A5061371324,A. Salar Elahi,doi:10.1016/j.ijhydene.2016.08.073,10.1016/j.ijhydene.2016.08.073,A Salar Elahi,2016,2018,2,Exact
A5061371324,A. Salar Elahi,doi:10.1016/j.ijhydene.2016.09.189,10.1016/j.ijhydene.2016.09.189,A Salar Elahi,2016,2018,2,Exact
A5061371324,A. Salar Elahi,doi:10.1016/j.ijthermalsci.2016.07.014,10.1016/j.ijthermalsci.2016.07.014,A Salar Elahi,2016,2018,2,Exact
A5061371324,A. Salar Elahi,doi:10.1016/j.jallcom.2015.04.202,10.1016/j.jallcom.2015.04.202,A Salar Elahi,2015,2018,3,Exact
A5061371324,A. Salar Elahi,doi:10.1016/j.jallcom.2015.07.063,10.1016/j.jallcom.2015.07.063,A Salar Elahi,2015,2018,3,Exact
A5061371324,A. Salar Elahi,doi:10.1016/j.jallcom.2016.06.087,10.1016/j.jallcom.2016.06.087,A Salar Elahi,2016,2018,2,Exact
A5061371324,A. Salar Elahi,doi:10.1016/j.jcrysgro.2014.10.037,10.1016/j.jcrysgro.2014.10.037,A Salar Elahi,2014,2018,4,Exact
A5061371324,A. Salar Elahi,doi:10.1016/j.jcrysgro.2015.01.001,10.1016/j.jcrysgro.2015.01.001,A Salar Elahi,2015,2018,3,Exact
A5061371324,A. Salar Elahi,doi:10.1016/j.jcrysgro.2016.04.062,10.1016/j.jcrysgro.2016.04.062,A Salar Elahi,2016,2018,2,Exact
A5061371324,A. Salar Elahi,doi:10.1016/j.rinp.2016.11.003,10.1016/j.rinp.2016.11.003,A Salar Elahi,2016,2018,2,Exact
A5061371324,A. Salar Elahi,doi:10.1016/j.rinp.2016.11.042,10.1016/j.rinp.2016.11.042,A Salar Elahi,2016,2018,2,Exact
A5061371324,A. Salar Elahi,doi:10.1016/j.rinp.2016.11.056,10.1016/j.rinp.2016.11.056,A Salar Elahi,2016,2018,2,Exact
A5061371324,A. Salar Elahi,doi:10.1016/j.rinp.2017.02.001,10.1016/j.rinp.2017.02.001,A Salar Elahi,2017,2018,1,Exact
A5061371324,A. Salar Elahi,doi:10.1016/j.rinp.2017.01.043,10.1016/j.rinp.2017.01.043,A Salar Elahi,2017,2020,3,Exact
A5061371324,A. Salar Elahi,doi:10.1007/s10934-014-9848-x,10.1007/s10934-014-9848-x,A Salar Elahi,2014,2021,7,Exact
A5061371324,A. Salar Elahi,doi:10.1007/s12043-016-1353-0,10.1007/s12043-016-1353-0,A Salar Elahi,2017,2022,5,Exact
A5061371324,A. Salar Elahi,doi:10.1007/s10904-015-0168-7,10.1007/s10904-015-0168-7,A Salar Elahi,2015,2023,8,Exact
A5061371324,A. Salar Elahi,doi:10.1007/s10904-015-0196-3,10.1007/s10904-015-0196-3,A Salar Elahi,2015,2023,8,Exact
A5061371324,A. Salar Elahi,doi:10.1007/s10904-015-0207-4,10.1007/s10904-015-0207-4,A Salar Elahi,2015,2023,8,Exact
A5061371324,A. Salar Elahi,doi:10.1007/s10904-015-0258-6,10.1007/s10904-015-0258-6,A Salar Elahi,2015,2023,8,Exact
A5061371324,A. Salar Elahi,doi:10.1007/s10904-015-0273-7,10.1007/s10904-015-0273-7,A Salar Elahi,2015,2023,8,Exact
A5061371324,A. Salar Elahi,doi:10.1007/s10904-015-0285-3,10.1007/s10904-015-0285-3,A Salar Elahi,2015,2023,8,Exact
A5061371324,A. Salar Elahi,doi:10.1007/s10904-015-0291-5,10.1007/s10904-015-0291-5,A Salar Elahi,2015,2023,8,Exact
A5061371324,A. Salar Elahi,doi:10.1007/s10904-015-0299-x,10.1007/s10904-015-0299-x,A Salar Elahi,2015,2023,8,Exact
A5061371324,A. Salar Elahi,doi:10.1007/s10904-015-0325-z,10.1007/s10904-015-0325-z,A Salar Elahi,2016,2023,7,Exact
A5061371324,A. Salar Elahi,doi:10.1007/s10904-016-0330-x,10.1007/s10904-016-0330-x,A Salar Elahi,2016,2023,7,Exact
A5061371324,A. Salar Elahi,doi:10.1007/s10904-016-0347-1,10.1007/s10904-016-0347-1,A Salar Elahi,2016,2023,7,Exact
A5061371324,A. Salar Elahi,doi:10.1007/s10904-016-0368-9,10.1007/s10904-016-0368-9,A Salar Elahi,2016,2023,7,Exact
A5061371324,A. Salar Elahi,doi:10.1007/s10904-016-0395-6,10.1007/s10904-016-0395-6,A Salar Elahi,2016,2023,7,Exact
A5061371324,A. Salar Elahi,doi:10.1007/s10904-016-0430-7,10.1007/s10904-016-0430-7,A Salar Elahi,2016,2023,7,Exact
A5061371324,A. Salar Elahi,doi:10.1007/s10894-009-9198-x,10.1007/s10894-009-9198-x,A Salar Elahi,2009,2024,15,Exact
A5061371324,A. Salar Elahi,doi:10.1007/s10894-009-9207-0,10.1007/s10894-009-9207-0,A Salar Elahi,2009,2024,15,Exact
A5061371324,A. Salar Elahi,doi:10.1007/s10894-009-9208-z,10.1007/s10894-009-9208-z,A Salar Elahi,2009,2024,15,Exact
A5061371324,A. Salar Elahi,doi:10.1007/s10894-009-9210-5,10.1007/s10894-009-9210-5,A Salar Elahi,2009,2024,15,Exact
A5061371324,A. Salar Elahi,doi:10.1007/s10894-009-9212-3,10.1007/s10894-009-9212-3,A Salar Elahi,2009,2024,15,Exact
A5061371324,A. Salar Elahi,doi:10.1007/s10894-009-9213-2,10.1007/s10894-009-9213-2,A Salar Elahi,2009,2024,15,Exact
A5061371324,A. Salar Elahi,doi:10.1007/s10894-009-9214-1,10.1007/s10894-009-9214-1,A Salar Elahi,2009,2024,15,Exact
A5061371324,A. Salar Elahi,doi:10.1007/s10894-009-9216-z,10.1007/s10894-009-9216-z,A Salar Elahi,2009,2024,15,Exact
A5061371324,A. Salar Elahi,doi:10.1007/s10894-009-9218-x,10.1007/s10894-009-9218-x,A Salar Elahi,2009,2024,15,Exact
A5061371324,A. Salar Elahi,doi:10.1007/s10894-009-9221-2,10.1007/s10894-009-9221-2,A Salar Elahi,2009,2024,15,Exact
A5061371324,A. Salar Elahi,doi:10.1007/s10894-009-9223-0,10.1007/s10894-009-9223-0,A Salar Elahi,2009,2024,15,Exact
A5061371324,A. Salar Elahi,doi:10.1007/s10894-009-9224-z,10.1007/s10894-009-9224-z,A Salar Elahi,2009,2024,15,Exact
A5061371324,A. Salar Elahi,doi:10.1007/s10894-009-9226-x,10.1007/s10894-009-9226-x,A Salar Elahi,2009,2024,15,Exact
A5061371324,A. Salar Elahi,doi:10.1007/s10894-009-9227-9,10.1007/s10894-009-9227-9,A Salar Elahi,2009,2024,15,Exact
A5061371324,A. Salar Elahi,doi:10.1007/s10894-009-9232-z,10.1007/s10894-009-9232-z,A Salar Elahi,2009,2024,15,Exact
A5061371324,A. Salar Elahi,doi:10.1007/s10894-009-9234-x,10.1007/s10894-009-9234-x,A Salar Elahi,2009,2024,15,Exact
A5061371324,A. Salar Elahi,doi:10.1007/s10894-009-9235-9,10.1007/s10894-009-9235-9,A Salar Elahi,2009,2024,15,Exact
A5061371324,A. Salar Elahi,doi:10.1007/s10894-009-9236-8,10.1007/s10894-009-9236-8,A Salar Elahi,2009,2024,15,Exact
A5061371324,A. Salar Elahi,doi:10.1007/s10894-009-9237-7,10.1007/s10894-009-9237-7,A Salar Elahi,2009,2024,15,Exact
A5061371324,A. Salar Elahi,doi:10.1007/s10894-009-9260-8,10.1007/s10894-009-9260-8,A Salar Elahi,2009,2024,15,Exact
A5061371324,A. Salar Elahi,doi:10.1007/s10894-009-9267-1,10.1007/s10894-009-9267-1,A Salar Elahi,2009,2024,15,Exact
A5061371324,A. Salar Elahi,doi:10.1007/s10894-010-9275-1,10.1007/s10894-010-9275-1,A Salar Elahi,2010,2024,14,Exact
A5061371324,A. Salar Elahi,doi:10.1007/s10894-010-9305-z,10.1007/s10894-010-9305-z,A Salar Elahi,2010,2024,14,Exact
A5061371324,A. Salar Elahi,doi:10.1007/s10894-010-9307-x,10.1007/s10894-010-9307-x,A Salar Elahi,2010,2024,14,Exact
A5061371324,A. Salar Elahi,doi:10.1007/s10894-010-9359-y,10.1007/s10894-010-9359-y,A Salar Elahi,2010,2024,14,Exact
A5061371324,A. Salar Elahi,doi:10.1007/s10894-011-9408-1,10.1007/s10894-011-9408-1,A Salar Elahi,2011,2024,13,Exact
A5061371324,A. Salar Elahi,doi:10.1007/s10894-012-9570-0,10.1007/s10894-012-9570-0,A Salar Elahi,2012,2024,12,Exact
A5061371324,A. Salar Elahi,doi:10.1007/s10894-013-9600-6,10.1007/s10894-013-9600-6,A Salar Elahi,2013,2024,11,Exact
A5061371324,A. Salar Elahi,doi:10.1007/s10894-013-9618-9,10.1007/s10894-013-9618-9,A Salar Elahi,2013,2024,11,Exact
A5061371324,A. Salar Elahi,doi:10.1007/s10894-013-9627-8,10.1007/s10894-013-9627-8,A Salar Elahi,2013,2024,11,Exact
A5061371324,A. Salar Elahi,doi:10.1007/s10894-013-9634-9,10.1007/s10894-013-9634-9,A Salar Elahi,2013,2024,11,Exact
A5061371324,A. Salar Elahi,doi:10.1007/s10894-013-9647-4,10.1007/s10894-013-9647-4,A Salar Elahi,2013,2024,11,Exact
A5061371324,A. Salar Elahi,doi:10.1007/s10894-013-9653-6,10.1007/s10894-013-9653-6,A Salar Elahi,2013,2024,11,Exact
A5061371324,A. Salar Elahi,doi:10.1007/s10894-013-9661-6,10.1007/s10894-013-9661-6,A Salar Elahi,2014,2024,10,Exact
A5061371324,A. Salar Elahi,doi:10.1007/s10894-014-9665-x,10.1007/s10894-014-9665-x,A Salar Elahi,2014,2024,10,Exact
A5061371324,A. Salar Elahi,doi:10.1007/s10894-014-9732-3,10.1007/s10894-014-9732-3,A Salar Elahi,2014,2024,10,Exact
A5061371324,A. Salar Elahi,doi:10.1007/s10894-014-9811-5,10.1007/s10894-014-9811-5,A Salar Elahi,2014,2024,10,Exact
A5061371324,A. Salar Elahi,doi:10.1007/s10894-014-9822-2,10.1007/s10894-014-9822-2,A Salar Elahi,2014,2024,10,Exact
A5061371324,A. Salar Elahi,doi:10.1007/s10894-015-0051-0,10.1007/s10894-015-0051-0,A Salar Elahi,2015,2024,9,Exact
A5061371324,A. Salar Elahi,doi:10.1007/s10894-015-9898-3,10.1007/s10894-015-9898-3,A Salar Elahi,2015,2024,9,Exact
A5061371324,A. Salar Elahi,doi:10.1007/s10894-015-9969-5,10.1007/s10894-015-9969-5,A Salar Elahi,2015,2024,9,Exact
A5061371324,A. Salar Elahi,doi:10.1007/s10894-015-9992-6,10.1007/s10894-015-9992-6,A Salar Elahi,2015,2024,9,Exact
A5061371324,A. Salar Elahi,doi:10.1007/s10894-016-0117-7,10.1007/s10894-016-0117-7,A Salar Elahi,2016,2024,8,Exact
A5061371324,A. Salar Elahi,doi:10.1007/s10894-009-9215-0,10.1007/s10894-009-9215-0,A Salar Elahi,2009,2025,16,Exact
A5061371324,A. Salar Elahi,doi:10.1007/s10894-009-9264-4,10.1007/s10894-009-9264-4,A Salar Elahi,2009,2025,16,Exact
A5061371324,A. Salar Elahi,doi:10.1007/s10894-012-9526-4,10.1007/s10894-012-9526-4,A Salar Elahi,2012,2025,13,Exact
A5061371324,A. Salar Elahi,doi:10.1007/s10894-012-9563-z,10.1007/s10894-012-9563-z,A Salar Elahi,2012,2025,13,Exact
A5061371324,A. Salar Elahi,doi:10.1007/s10894-013-9611-3,10.1007/s10894-013-9611-3,A Salar Elahi,2013,2025,12,Exact
A5061691711,Qian Wang,doi:10.1155/2022/7163937,10.1155/2022/7163937,Qian Wang,2022,2023,1,Exact
A5061714089,Ali Nazari,doi:10.1016/j.enbuild.2010.12.006,10.1016/j.enbuild.2010.12.006,Ali Nazari,2010,2019,9,Exact
A5061714089,Ali Nazari,doi:10.1016/j.enbuild.2010.12.025,10.1016/j.enbuild.2010.12.025,Ali Nazari,2010,2019,9,Exact
A5061714089,Ali Nazari,doi:10.1016/j.enbuild.2011.02.018,10.1016/j.enbuild.2011.02.018,Ali Nazari,2011,2019,8,Exact
A5061714089,Ali Nazari,doi:10.1016/j.enbuild.2011.04.009,10.1016/j.enbuild.2011.04.009,Ali Nazari,2011,2019,8,Exact
A5061714089,Ali Nazari,doi:10.1016/j.enbuild.2011.07.022,10.1016/j.enbuild.2011.07.022,Ali Nazari,2011,2019,8,Exact
A5061714089,Ali Nazari,doi:10.1177/0021998310376118,10.1177/0021998310376118,Ali Nazari,2011,2019,8,Exact
A5061714089,Ali Nazari,doi:10.1177/0021998310377944,10.1177/0021998310377944,Ali Nazari,2011,2019,8,Exact
A5061714089,Ali Nazari,doi:10.1177/0021998310377945,10.1177/0021998310377945,Ali Nazari,2011,2019,8,Exact
A5061714089,Ali Nazari,doi:10.1177/0021998310378907,10.1177/0021998310378907,Ali Nazari,2011,2019,8,Exact
A5061714089,Ali Nazari,doi:10.1177/0021998310378909,10.1177/0021998310378909,Ali Nazari,2011,2019,8,Exact
A5061714089,Ali Nazari,doi:10.1177/0021998310378910,10.1177/0021998310378910,Ali Nazari,2011,2019,8,Exact
A5061714089,Ali Nazari,doi:10.1177/0021998311414944,10.1177/0021998311414944,Ali Nazari,2012,2019,7,Exact
A5061714089,Ali Nazari,doi:10.1177/0021998311421222,10.1177/0021998311421222,Ali Nazari,2011,2019,8,Exact
A5061714089,Ali Nazari,doi:10.1177/1056789510382851,10.1177/1056789510382851,Ali Nazari,2011,2019,8,Exact
A5061714089,Ali Nazari,doi:10.1177/1056789510385262,10.1177/1056789510385262,Ali Nazari,2011,2019,8,Exact
A5061714089,Ali Nazari,doi:10.1177/1056789510397073,10.1177/1056789510397073,Ali Nazari,2011,2019,8,Exact
A5061714089,Ali Nazari,doi:10.1177/1056789510397074,10.1177/1056789510397074,Ali Nazari,2011,2019,8,Exact
A5061714089,Ali Nazari,doi:10.1177/1056789510397075,10.1177/1056789510397075,Ali Nazari,2011,2019,8,Exact
A5061714089,Ali Nazari,doi:10.1177/1056789510397079,10.1177/1056789510397079,Ali Nazari,2011,2019,8,Exact
A5061714089,Ali Nazari,doi:10.1177/1056789511398270,10.1177/1056789511398270,Ali Nazari,2011,2019,8,Exact
A5061714089,Ali Nazari,doi:10.1177/1056789511406561,10.1177/1056789511406561,Ali Nazari,2011,2019,8,Exact
A5061714089,Ali Nazari,doi:10.1177/1056789511411739,10.1177/1056789511411739,Ali Nazari,2011,2019,8,Exact
A5061714089,Ali Nazari,doi:10.1177/1056789511419984,10.1177/1056789511419984,Ali Nazari,2011,2019,8,Exact
A5061714089,Ali Nazari,doi:10.1177/1056789511431269,10.1177/1056789511431269,Ali Nazari,2012,2019,7,Exact
A5061714089,Ali Nazari,doi:10.1177/1056789511431991,10.1177/1056789511431991,Ali Nazari,2011,2019,8,Exact
A5061714089,Ali Nazari,doi:10.1177/1056789511432653,10.1177/1056789511432653,Ali Nazari,2012,2019,7,Exact
A5061714089,Ali Nazari,doi:10.1177/1056789512442519,10.1177/1056789512442519,Ali Nazari,2012,2019,7,Exact
A5061714089,Ali Nazari,doi:10.3139/146.110497,10.3139/146.110497,Ali Nazari,2011,2019,8,Exact
A5061714089,Ali Nazari,doi:10.3139/146.110509,10.3139/146.110509,Ali Nazari,2011,2019,8,Exact
A5061714089,Ali Nazari,doi:10.3139/146.110574,10.3139/146.110574,Ali Nazari,2011,2019,8,Exact
A5061714089,Ali Nazari,doi:10.1007/s00521-011-0751-y,10.1007/s00521-011-0751-y,Ali Nazari,2011,2020,9,Exact
A5061714089,Ali Nazari,doi:10.1007/s00521-011-0760-x,10.1007/s00521-011-0760-x,Ali Nazari,2011,2020,9,Exact
A5061714089,Ali Nazari,doi:10.1007/s00521-011-0761-9,10.1007/s00521-011-0761-9,Ali Nazari,2011,2020,9,Exact
A5061714089,Ali Nazari,doi:10.1007/s00521-011-0775-3,10.1007/s00521-011-0775-3,Ali Nazari,2011,2020,9,Exact
A5061714089,Ali Nazari,doi:10.1007/s00521-012-0931-4,10.1007/s00521-012-0931-4,Ali Nazari,2012,2020,8,Exact
A5061714089,Ali Nazari,doi:10.1007/s00521-012-0934-1,10.1007/s00521-012-0934-1,Ali Nazari,2012,2020,8,Exact
A5061714089,Ali Nazari,doi:10.1007/s00521-012-0995-1,10.1007/s00521-012-0995-1,Ali Nazari,2012,2020,8,Exact
A5061714089,Ali Nazari,doi:10.1007/s00521-012-0996-0,10.1007/s00521-012-0996-0,Ali Nazari,2012,2020,8,Exact
A5061714089,Ali Nazari,doi:10.1007/s00521-012-1009-z,10.1007/s00521-012-1009-z,Ali Nazari,2012,2020,8,Exact
A5061714089,Ali Nazari,doi:10.1007/s00521-012-1010-6,10.1007/s00521-012-1010-6,Ali Nazari,2012,2020,8,Exact
A5061714089,Ali Nazari,doi:10.1007/s00521-012-1082-3,10.1007/s00521-012-1082-3,Ali Nazari,2012,2020,8,Exact
A5061714089,Ali Nazari,doi:10.1007/s00521-012-1085-0,10.1007/s00521-012-1085-0,Ali Nazari,2012,2020,8,Exact
A5061714089,Ali Nazari,doi:10.1007/s00521-012-1127-7,10.1007/s00521-012-1127-7,Ali Nazari,2012,2020,8,Exact
A5061714089,Ali Nazari,doi:10.1007/s00521-012-1135-7,10.1007/s00521-012-1135-7,Ali Nazari,2012,2020,8,Exact
A5061714089,Ali Nazari,doi:10.1007/s00521-012-1136-6,10.1007/s00521-012-1136-6,Ali Nazari,2012,2020,8,Exact
A5061714089,Ali Nazari,doi:10.1007/s00521-012-1137-5,10.1007/s00521-012-1137-5,Ali Nazari,2012,2020,8,Exact
A5061714089,Ali Nazari,doi:10.1007/s10853-011-5563-z,10.1007/s10853-011-5563-z,Ali Nazari,2011,2020,9,Exact
A5061714089,Ali Nazari,doi:10.1016/j.compositesb.2012.01.012,10.1016/j.compositesb.2012.01.012,Ali Nazari,2012,2020,8,Exact
A5061714089,Ali Nazari,doi:10.1016/j.compositesb.2012.01.068,10.1016/j.compositesb.2012.01.068,Ali Nazari,2012,2020,8,Exact
A5061714089,Ali Nazari,doi:10.1016/j.jnoncrysol.2011.08.022,10.1016/j.jnoncrysol.2011.08.022,Ali Nazari,2011,2020,9,Exact
A5061714089,Ali Nazari,doi:10.1080/17458080.2010.524669,10.1080/17458080.2010.524669,Ali Nazari,2012,2020,8,Exact
A5061714089,Ali Nazari,doi:10.1080/17458080.2010.543991,10.1080/17458080.2010.543991,Ali Nazari,2012,2020,8,Exact
A5061714089,Ali Nazari,doi:10.1080/17458080.2011.586369,10.1080/17458080.2011.586369,Ali Nazari,2012,2020,8,Exact
A5061714089,Ali Nazari,doi:10.1007/s00521-011-0700-9,10.1007/s00521-011-0700-9,Ali Nazari,2011,2021,10,Exact
A5061714089,Ali Nazari,doi:10.1007/s00521-011-0779-z,10.1007/s00521-011-0779-z,Ali Nazari,2011,2021,10,Exact
A5061714089,Ali Nazari,doi:10.1007/s00521-011-0802-4,10.1007/s00521-011-0802-4,Ali Nazari,2012,2021,9,Exact
A5061714089,Ali Nazari,doi:10.1007/s00521-012-0898-1,10.1007/s00521-012-0898-1,Ali Nazari,2012,2021,9,Exact
A5061714089,Ali Nazari,doi:10.1007/s00521-012-0945-y,10.1007/s00521-012-0945-y,Ali Nazari,2012,2021,9,Exact
A5061714089,Ali Nazari,doi:10.1007/s00521-012-1233-6,10.1007/s00521-012-1233-6,Ali Nazari,2012,2021,9,Exact
A5061714089,Ali Nazari,doi:10.1007/s11431-011-4421-1,10.1007/s11431-011-4421-1,Ali Nazari,2011,2021,10,Exact
A5061714089,Ali Nazari,doi:10.1007/s11431-011-4440-y,10.1007/s11431-011-4440-y,Ali Nazari,2011,2021,10,Exact
A5061714089,Ali Nazari,doi:10.1016/j.ceramint.2011.12.011,10.1016/j.ceramint.2011.12.011,Ali Nazari,2011,2021,10,Exact
A5061714089,Ali Nazari,doi:10.1016/j.ceramint.2012.02.021,10.1016/j.ceramint.2012.02.021,Ali Nazari,2012,2021,9,Exact
A5061714089,Ali Nazari,doi:10.1016/j.ceramint.2012.02.026,10.1016/j.ceramint.2012.02.026,Ali Nazari,2012,2021,9,Exact
A5061714089,Ali Nazari,doi:10.1016/j.ceramint.2012.02.058,10.1016/j.ceramint.2012.02.058,Ali Nazari,2012,2021,9,Exact
A5061714089,Ali Nazari,doi:10.1016/j.ceramint.2012.07.086,10.1016/j.ceramint.2012.07.086,Ali Nazari,2012,2021,9,Exact
A5061714089,Ali Nazari,doi:10.1016/j.commatsci.2010.12.019,10.1016/j.commatsci.2010.12.019,Ali Nazari,2011,2021,10,Exact
A5061714089,Ali Nazari,doi:10.1016/j.commatsci.2011.05.047,10.1016/j.commatsci.2011.05.047,Ali Nazari,2011,2021,10,Exact
A5061714089,Ali Nazari,doi:10.1016/j.commatsci.2011.06.004,10.1016/j.commatsci.2011.06.004,Ali Nazari,2011,2021,10,Exact
A5061714089,Ali Nazari,doi:10.1016/j.commatsci.2011.06.029,10.1016/j.commatsci.2011.06.029,Ali Nazari,2011,2021,10,Exact
A5061714089,Ali Nazari,doi:10.1016/j.commatsci.2011.07.027,10.1016/j.commatsci.2011.07.027,Ali Nazari,2011,2021,10,Exact
A5061714089,Ali Nazari,doi:10.1016/j.commatsci.2011.07.057,10.1016/j.commatsci.2011.07.057,Ali Nazari,2011,2021,10,Exact
A5061714089,Ali Nazari,doi:10.1016/j.compositesb.2010.09.001,10.1016/j.compositesb.2010.09.001,Ali Nazari,2010,2021,11,Exact
A5061714089,Ali Nazari,doi:10.1016/j.compositesb.2010.09.025,10.1016/j.compositesb.2010.09.025,Ali Nazari,2010,2021,11,Exact
A5061714089,Ali Nazari,doi:10.1016/j.compositesb.2010.12.004,10.1016/j.compositesb.2010.12.004,Ali Nazari,2010,2021,11,Exact
A5061714089,Ali Nazari,doi:10.1016/j.compositesb.2011.05.043,10.1016/j.compositesb.2011.05.043,Ali Nazari,2011,2021,10,Exact
A5061714089,Ali Nazari,doi:10.1108/15736101011080114,10.1108/15736101011080114,Ali Nazari,2010,2021,11,Exact
A5061714089,Ali Nazari,doi:10.1617/s11527-010-9664-y,10.1617/s11527-010-9664-y,Ali Nazari,2010,2021,11,Exact
A5061714089,Ali Nazari,doi:10.1680/macr.10.00106,10.1680/macr.10.00106,Ali Nazari,2015,2021,6,Exact
A5061714089,Ali Nazari,doi:10.1680/macr.10.00173,10.1680/macr.10.00173,Ali Nazari,2012,2021,9,Exact
A5061714089,Ali Nazari,doi:10.1680/macr.11.00005,10.1680/macr.11.00005,Ali Nazari,2012,2021,9,Exact
A5061714089,Ali Nazari,doi:10.1680/macr.11.00039,10.1680/macr.11.00039,Ali Nazari,2012,2021,9,Exact
A5061714089,Ali Nazari,doi:10.1007/s11431-010-4266-z,10.1007/s11431-010-4266-z,Ali Nazari,2011,2022,11,Exact
A5061714089,Ali Nazari,doi:10.1007/s11431-011-4463-4,10.1007/s11431-011-4463-4,Ali Nazari,2011,2022,11,Exact
A5061714089,Ali Nazari,doi:10.1007/s12034-012-0380-9,10.1007/s12034-012-0380-9,Ali Nazari,2012,2022,10,Exact
A5061714089,Ali Nazari,doi:10.1007/s12046-011-0023-7,10.1007/s12046-011-0023-7,Ali Nazari,2011,2022,11,Exact
A5061714089,Ali Nazari,doi:10.1016/j.commatsci.2010.11.019,10.1016/j.commatsci.2010.11.019,Ali Nazari,2010,2022,12,Exact
A5061714089,Ali Nazari,doi:10.1016/j.commatsci.2010.11.029,10.1016/j.commatsci.2010.11.029,Ali Nazari,2010,2022,12,Exact
A5061714089,Ali Nazari,doi:10.1016/j.commatsci.2011.01.016,10.1016/j.commatsci.2011.01.016,Ali Nazari,2011,2022,11,Exact
A5061714089,Ali Nazari,doi:10.1016/j.commatsci.2011.02.003,10.1016/j.commatsci.2011.02.003,Ali Nazari,2011,2022,11,Exact
A5061714089,Ali Nazari,doi:10.1016/j.commatsci.2011.06.038,10.1016/j.commatsci.2011.06.038,Ali Nazari,2011,2022,11,Exact
A5061714089,Ali Nazari,doi:10.1016/j.commatsci.2011.07.007,10.1016/j.commatsci.2011.07.007,Ali Nazari,2011,2022,11,Exact
A5061714089,Ali Nazari,doi:10.1016/j.commatsci.2011.07.010,10.1016/j.commatsci.2011.07.010,Ali Nazari,2011,2022,11,Exact
A5061714089,Ali Nazari,doi:10.1016/j.minpro.2012.04.007,10.1016/j.minpro.2012.04.007,Ali Nazari,2012,2022,10,Exact
A5061714089,Ali Nazari,doi:10.1088/0965-0393/18/7/075007,10.1088/0965-0393/18/7/075007,Ali Nazari,2010,2022,12,Exact
A5061714089,Ali Nazari,doi:10.1016/j.commatsci.2011.01.014,10.1016/j.commatsci.2011.01.014,Ali Nazari,2011,2023,12,Exact
A5061714089,Ali Nazari,doi:10.1016/j.commatsci.2011.06.008,10.1016/j.commatsci.2011.06.008,Ali Nazari,2011,2023,12,Exact
A5061714089,Ali Nazari,doi:10.1016/j.commatsci.2011.06.039,10.1016/j.commatsci.2011.06.039,Ali Nazari,2011,2023,12,Exact
A5061714089,Ali Nazari,doi:10.1016/j.apm.2011.11.032,10.1016/j.apm.2011.11.032,Ali Nazari,2011,2024,13,Exact
A5061786493,L. Zhang,doi:10.26355/eurrev_201910_19148,10.26355/eurrev_201910_19148,Lin Zhang,2019,2022,3,Initial
A5061841494,Jing Zhang,doi:10.1007/s00500-019-04032-0,10.1007/s00500-019-04032-0,Jing Zhang,2019,2022,3,Exact
A5061943982,Hao Wang,doi:10.1155/2022/3436631,10.1155/2022/3436631,Hao Wang,2022,2023,1,Exact
A5061963201,Lin Wang,doi:10.1155/2022/4491961,10.1155/2022/4491961,Lin Wang,2022,2023,1,Exact
A5061981640,Peng Li,doi:10.1155/2021/9365953,10.1155/2021/9365953,Peng Li,2021,2022,1,Exact
A5061989929,Jie Li,doi:10.1097/md.0000000000003621,10.1097/md.0000000000003621,Jie Li,2016,2019,3,Exact
A5062035739,Yang Wang,doi:10.1520/jte20220070,10.1520/jte20220070,Yang Wang,2023,2026,3,Exact
A5062089486,Jun Lü,doi:10.1109/edt.2010.5496346,10.1109/edt.2010.5496346,Jun Lu,2010,2010,0,Exact
A5062089486,Jun Lü,doi:10.1155/2022/5741114,10.1155/2022/5741114,Jun Lu,2022,2023,1,Exact
A5062272082,Jing Zhao,doi:10.1016/j.rbmo.2015.03.008,10.1016/j.rbmo.2015.03.008,Jing Zhao,2015,2016,1,Exact
A5062286889,Xin Li,doi:10.1155/2022/1293821,10.1155/2022/1293821,Xin Li,2022,2023,1,Exact
A5062453279,Juan Li,doi:10.1155/2022/2635144,10.1155/2022/2635144,Juan Li,2022,2023,1,Exact
A5062527056,Yu Wang,doi:10.1109/icbbe.2011.5781299,10.1109/icbbe.2011.5781299,Yu Wang,2011,2011,0,Exact
A5062527056,Yu Wang,doi:10.1155/2022/8131531,10.1155/2022/8131531,Yu Wang,2022,2024,2,Exact
A5062541650,Hao Zhang,doi:10.1155/2022/3271860,10.1155/2022/3271860,Hao Zhang,2022,2023,1,Exact
A5062599194,Tao Li,doi:10.1155/2022/8773395,10.1155/2022/8773395,Tao Li,2022,2023,1,Exact
A5062617254,Jing Zhang,doi:10.1109/icams.2010.5553040,10.1109/icams.2010.5553040,Jing Zhang,2010,2010,0,Exact
A5062617254,Jing Zhang,doi:10.1109/icemms.2011.6015823,10.1109/icemms.2011.6015823,Jing Zhang,2011,2011,0,Exact
A5062617254,Jing Zhang,doi:10.1097/tp.0000000000000163,10.1097/tp.0000000000000163,Jing Zhang,2014,2014,0,Exact
A5062617254,Jing Zhang,doi:10.1186/s40246-019-0237-z,10.1186/s40246-019-0237-z,Jing Zhang,2019,2022,3,Exact
A5062617254,Jing Zhang,doi:10.1155/2022/8302701,10.1155/2022/8302701,Jing Zhang,2022,2023,1,Exact
A5062728667,Rui Zhang,doi:10.1155/2022/4886188,10.1155/2022/4886188,Rui Zhang,2022,2023,1,Exact
A5062908102,Wei Liu,doi:10.1520/jte20210455,10.1520/jte20210455,Wei Liu,2023,2026,3,Exact
A5063163653,Wei Wang,doi:10.1186/s13638-023-02292-x,10.1186/s13638-023-02292-x,Wei Wang,2023,2024,1,Exact
A5063326830,Li Jing,doi:10.1155/2022/7343000,10.1155/2022/7343000,Jing Li,2022,2023,1,Exact
A5063354846,Yu Zhang,doi:10.1371/journal.pone.0192790,10.1371/journal.pone.0192790,Yu Zhang,2018,2026,8,Exact
A5063418334,Wei Wang,doi:10.1155/2022/1101282,10.1155/2022/1101282,Wei Wang,2022,2023,1,Exact
A5063428342,Yi Wang,doi:10.1155/2022/2155132,10.1155/2022/2155132,Yi Wang,2022,2023,1,Exact
A5063443449,Lei Liu,doi:10.1155/2022/7922906,10.1155/2022/7922906,Lei Liu,2022,2023,1,Exact
A5063446205,Bo Wang,doi:10.1186/s13287-016-0438-5,10.1186/s13287-016-0438-5,Bo Wang,2016,2021,5,Exact
A5063446205,Bo Wang,doi:10.1158/0008-5472.can-07-6655,10.1158/0008-5472.can-07-6655,Bo Wang,2008,2023,15,Exact
A5063446205,Bo Wang,doi:10.1158/0008-5472.can-10-2839,10.1158/0008-5472.can-10-2839,Bo Wang,2010,2023,13,Exact
A5063465820,Hong Zhang,doi:10.1155/2022/1768208,10.1155/2022/1768208,Hong Zhang,2022,2023,1,Exact
A5063473493,Jian Li,doi:10.4028/www.scientific.net/amm.380-384.3517,10.4028/www.scientific.net/amm.380-384.3517,Jian Li,2013,2013,0,Exact
A5063604106,Jun Chen,doi:10.3233/jifs-189044,10.3233/jifs-189044,Jun Chen,2020,2021,1,Exact
A5063749738,Jun Lü,doi:10.1002/jcb.26344,10.1002/jcb.26344,Jun Lu,2017,2021,4,Exact
A5063749738,Jun Lü,doi:10.1002/jcb.26354,10.1002/jcb.26354,Jun Lu,2017,2021,4,Exact
A5063749738,Jun Lü,doi:10.1002/jcb.26466,10.1002/jcb.26466,Jun Lu,2018,2021,3,Exact
A5063749738,Jun Lü,doi:10.1002/jcb.26568,10.1002/jcb.26568,Jun Lu,2018,2021,3,Exact
A5063749738,Jun Lü,doi:10.1002/jcb.26769,10.1002/jcb.26769,Jun Lu,2018,2021,3,Exact
A5063749738,Jun Lü,doi:10.1002/jcp.26297,10.1002/jcp.26297,Jun Lu,2017,2021,4,Exact
A5063749738,Jun Lü,doi:10.1002/jcp.26394,10.1002/jcp.26394,Jun Lu,2017,2021,4,Exact
A5063749738,Jun Lü,doi:10.1002/jcp.26498,10.1002/jcp.26498,Jun Lu,2018,2021,3,Exact
A5063749738,Jun Lü,doi:10.1002/jcp.27577,10.1002/jcp.27577,Jun Lu,2018,2021,3,Exact
A5063749738,Jun Lü,doi:10.1042/bsr20170711,10.1042/bsr20170711,Jun Lu,2017,2021,4,Exact
A5063749738,Jun Lü,doi:10.1042/bsr20170803,10.1042/bsr20170803,Jun Lu,2017,2021,4,Exact
A5063749738,Jun Lü,doi:10.1111/jcmm.13597,10.1111/jcmm.13597,Jun Lu,2018,2021,3,Exact
A5063749738,Jun Lü,doi:10.1111/jcmm.13760,10.1111/jcmm.13760,Jun Lu,2018,2021,3,Exact
A5063749738,Jun Lü,doi:10.1159/000489365,10.1159/000489365,Jun Lu,2018,2021,3,Exact
A5063749738,Jun Lü,doi:10.1159/000492279,10.1159/000492279,Jun Lu,2018,2021,3,Exact
A5063749738,Jun Lü,doi:10.1159/000495649,10.1159/000495649,Jun Lu,2018,2021,3,Exact
A5063749738,Jun Lü,doi:10.1002/iub.1944,10.1002/iub.1944,Jun Lu,2018,2022,4,Exact
A5063749738,Jun Lü,doi:10.1016/j.lfs.2017.09.022,10.1016/j.lfs.2017.09.022,Jun Lu,2017,2022,5,Exact
A5063749738,Jun Lü,doi:10.1016/j.lfs.2018.02.016,10.1016/j.lfs.2018.02.016,Jun Lu,2018,2022,4,Exact
A5063749738,Jun Lü,doi:10.1016/j.omtn.2019.02.022,10.1016/j.omtn.2019.02.022,Jun Lu,2019,2022,3,Exact
A5063749738,Jun Lü,doi:10.1042/bsr20170915,10.1042/bsr20170915,Jun Lu,2017,2022,5,Exact
A5063749738,Jun Lü,doi:10.1111/cpr.12462,10.1111/cpr.12462,Jun Lu,2018,2022,4,Exact
A5063749738,Jun Lü,doi:10.1177/1533034618756784,10.1177/1533034618756784,Jun Lu,2018,2022,4,Exact
A5063749738,Jun Lü,doi:10.1186/s13046-019-1239-3,10.1186/s13046-019-1239-3,Jun Lu,2019,2022,3,Exact
A5063749738,Jun Lü,doi:10.18632/oncotarget.21167,10.18632/oncotarget.21167,Jun Lu,2017,2022,5,Exact
A5063749738,Jun Lü,doi:10.18632/oncotarget.22151,10.18632/oncotarget.22151,Jun Lu,2017,2022,5,Exact
A5063749738,Jun Lü,doi:10.21037/jtd.2017.12.104,10.21037/jtd.2017.12.104,Jun Lu,2018,2022,4,Exact
A5063749738,Jun Lü,doi:10.3233/cbm-170809,10.3233/cbm-170809,Jun Lu,2018,2022,4,Exact
A5063749738,Jun Lü,doi:10.1002/jcp.27093,10.1002/jcp.27093,Jun Lu,2018,2023,5,Exact
A5063749738,Jun Lü,doi:10.1016/j.biopha.2017.08.125,10.1016/j.biopha.2017.08.125,Jun Lu,2017,2023,6,Exact
A5063749738,Jun Lü,doi:10.1016/j.biopha.2017.09.086,10.1016/j.biopha.2017.09.086,Jun Lu,2017,2023,6,Exact
A5063749738,Jun Lü,doi:10.1016/j.biopha.2017.11.079,10.1016/j.biopha.2017.11.079,Jun Lu,2017,2023,6,Exact
A5063749738,Jun Lü,doi:10.1155/2019/5189819,10.1155/2019/5189819,Jun Lu,2019,2023,4,Exact
A5063749738,Jun Lü,doi:10.1186/s10020-018-0020-y,10.1186/s10020-018-0020-y,Jun Lu,2018,2023,5,Exact
A5063753661,Jing Wang,doi:10.1155/2022/4893859,10.1155/2022/4893859,Jing Wang,2022,2024,2,Exact
A5063798425,Jun Li,doi:10.1155/2022/7703835,10.1155/2022/7703835,Jun Li,2022,2023,1,Exact
A5063851669,Liu Yang,doi:10.1080/1331677x.2020.1798265,10.1080/1331677x.2020.1798265,Yang Liu,2020,2021,1,Exact
A5063902875,Jun Chen,doi:10.1159/000499336,10.1159/000499336,Jun Chen,2019,2021,2,Exact
A5063948997,Wei Zhang,doi:10.1155/2022/7403627,10.1155/2022/7403627,Wei Zhang,2022,2023,1,Exact
A5063949532,Yi Wang,doi:10.1155/2022/7962722,10.1155/2022/7962722,Yi Wang,2022,2023,1,Exact
A5064106602,Tao Zhang,doi:10.1142/s0219519422500579,10.1142/s0219519422500579,Tao Zhang,2022,2023,1,Exact
A5064155902,Feng Wang,doi:10.1155/2022/5061627,10.1155/2022/5061627,Feng Wang,2022,2023,1,Exact
A5064220200,Tao Liu,doi:10.1371/journal.pone.0090660,10.1371/journal.pone.0090660,Tao Liu,2014,2020,6,Exact
A5064325314,G. Hempelmann,doi:10.1097/00003246-199407000-00018,10.1097/00003246-199407000-00018,Gunter G Hempelmann,1994,2023,29,Initial
A5064348871,Yan Li,doi:10.3892/or.2017.5781,10.3892/or.2017.5781,Yan Li,2017,2022,5,Exact
A5064352195,Yu Wang,doi:10.1155/2022/6040575,10.1155/2022/6040575,Yu Wang,2022,2023,1,Exact
A5064436911,Yan Li,doi:10.1016/j.jssc.2021.122405,10.1016/j.jssc.2021.122405,Yan Li,2021,2021,0,Exact
A5064489538,Jing Zhao,doi:10.1002/adma.201702076,10.1002/adma.201702076,Jing Zhao,2017,2023,6,Exact
A5064501346,Xin Wang,doi:10.1007/s10586-018-2219-7,10.1007/s10586-018-2219-7,Xin Wang,2018,2022,4,Exact
A5064563504,Hong Wang,doi:10.1109/iciecs.2009.5364644,10.1109/iciecs.2009.5364644,Hong Wang,2009,2009,0,Exact
A5064733360,Jin Zhang,doi:10.1089/ten.tea.2013.0331,10.1089/ten.tea.2013.0331,Jin Zhang,2014,2020,6,Exact
A5064765235,Tao Wang,doi:10.1155/2022/9227790,10.1155/2022/9227790,Tao Wang,2022,2023,1,Exact
A5064765788,Jiandong Li,doi:10.1016/j.ijbiomac.2025.139959,10.1016/j.ijbiomac.2025.139959,Jian Li,2025,2025,0,Exact
A5064781396,Xin Wang,doi:10.1155/2022/1346543,10.1155/2022/1346543,Xin Wang,2022,2023,1,Exact
A5064797131,Wei Zhao,doi:10.1155/2021/5544375,10.1155/2021/5544375,Wei Zhao,2021,2023,2,Exact
A5064801292,Wang Hong,doi:10.1155/2022/1102760,10.1155/2022/1102760,Hong Wang,2022,2023,1,Exact
A5064809639,Dan Liu,doi:10.1109/icmss.2009.5301472,10.1109/icmss.2009.5301472,Dan Liu,2009,2009,0,Exact
A5065009375,Lei Wang,doi:10.1128/aem.01321-18,10.1128/aem.01321-18,Lei Wang,2018,2018,0,Exact
A5065083910,Jian Wang,doi:10.1155/2022/2538769,10.1155/2022/2538769,Jian Wang,2022,2022,0,Exact
A5065252293,Ling Wang,doi:10.1155/2022/3835649,10.1155/2022/3835649,Ling Wang,2022,2023,1,Exact
A5065268901,Yi Zhang,doi:10.1007/s12517-021-08035-w,10.1007/s12517-021-08035-w,Yi Zhang,2021,2021,0,Exact
A5065338890,Tao Liu,doi:10.1111/iwj.14527,10.1111/iwj.14527,Tao Liu,2023,2025,2,Exact
A5065345837,Xin Li,doi:10.1155/2023/7277369,10.1155/2023/7277369,Xin Li,2023,2023,0,Exact
A5065351471,Hui Wang,doi:10.1145/3465631.3465679,10.1145/3465631.3465679,Hui Wang,2021,2022,1,Exact
A5065351471,Hui Wang,doi:10.1371/journal.pone.0285695,10.1371/journal.pone.0285695,Hui Wang,2023,2025,2,Exact
A5065443225,Wei Li,doi:10.1111/iwj.14675,10.1111/iwj.14675,Wei Li,2024,2025,1,Exact
A5065538787,Ying Wang,doi:10.1155/2022/1926661,10.1155/2022/1926661,Ying Wang,2022,2024,2,Exact
A5065538787,Ying Wang,doi:10.1155/2022/5217885,10.1155/2022/5217885,Ying Wang,2022,2024,2,Exact
A5065635453,Min Zhang,doi:10.1155/2021/5790416,10.1155/2021/5790416,Min Zhang,2021,2022,1,Exact
A5065788628,Ying Liu,doi:10.1007/s13277-016-4954-9,10.1007/s13277-016-4954-9,Ying Liu,2016,2017,1,Exact
A5065788628,Ying Liu,doi:10.3892/mmr.2015.3826,10.3892/mmr.2015.3826,Ying Liu,2015,2021,6,Exact
A5065788628,Ying Liu,doi:10.3892/mmr.2015.3827,10.3892/mmr.2015.3827,Ying Liu,2015,2021,6,Exact
A5065788628,Ying Liu,doi:10.3892/mmr.2017.6257,10.3892/mmr.2017.6257,Ying Liu,2017,2023,6,Exact
A5065929099,Yan Zhang,doi:10.1155/2022/8164934,10.1155/2022/8164934,Yan Zhang,2022,2023,1,Exact
A5065973798,Hui Wang,doi:10.1155/2022/4458478,10.1155/2022/4458478,Hui Wang,2022,2023,1,Exact
A5066024561,Yi Wang,doi:10.1155/2022/6748465,10.1155/2022/6748465,Yi Wang,2022,2023,1,Exact
A5066040834,J. Li,doi:10.1177/0731684408100695,10.1177/0731684408100695,Jian Li,2009,2010,1,Initial
A5066040834,J. Li,doi:10.1177/0731684409344900,10.1177/0731684409344900,Jian Li,2009,2016,7,Initial
A5066040834,J. Li,doi:10.1177/0731684409352257,10.1177/0731684409352257,Jian Li,2010,2016,6,Initial
A5066085701,Lin Zhang,doi:10.1109/icmss.2009.5304180,10.1109/icmss.2009.5304180,Lin Zhang,2009,2009,0,Exact
A5066085701,Lin Zhang,doi:10.1109/iccsit.2010.5564926,10.1109/iccsit.2010.5564926,Lin Zhang,2010,2010,0,Exact
A5066091697,Jie Liu,doi:10.1155/2022/8188936,10.1155/2022/8188936,Jie Liu,2022,2023,1,Exact
A5066194861,Jing Zhao,doi:10.1080/15384101.2021.1983280,10.1080/15384101.2021.1983280,Jing Zhao,2021,2024,3,Exact
A5066215279,Hong Li,doi:10.1016/j.biopha.2018.05.042,10.1016/j.biopha.2018.05.042,Hong Li,2018,2023,5,Exact
A5066215279,Hong Li,doi:10.1159/000490473,10.1159/000490473,Hong Li,2018,2023,5,Exact
A5066397824,Jie Wang,doi:10.1109/icmss.2009.5302991,10.1109/icmss.2009.5302991,Jie Wang,2009,2009,0,Exact
A5066418610,Bo Zhang,doi:10.1109/icbbe.2011.5781529,10.1109/icbbe.2011.5781529,Bo Zhang,2011,2011,0,Exact
A5066418610,Bo Zhang,doi:10.1109/icbbe.2011.5781647,10.1109/icbbe.2011.5781647,Bo Zhang,2011,2011,0,Exact
A5066418610,Bo Zhang,doi:10.1109/icbbe.2011.5781648,10.1109/icbbe.2011.5781648,Bo Zhang,2011,2011,0,Exact
A5066418610,Bo Zhang,doi:10.1109/icbbe.2011.5781649,10.1109/icbbe.2011.5781649,Bo Zhang,2011,2011,0,Exact
A5066486652,Rui Wang,doi:10.3233/jifs-179237,10.3233/jifs-179237,Rui Wang,2019,2025,6,Exact
A5066486652,Rui Wang,doi:10.3233/jifs-202143,10.3233/jifs-202143,Rui Wang,2020,2025,5,Exact
A5066515215,Wei Zhao,doi:10.1096/fj.201800408r,10.1096/fj.201800408r,Wei Zhao,2018,2024,6,Exact
A5066560263,Jie liu,doi:10.1039/c9ra01609k,10.1039/c9ra01609k,Jie Liu,2019,2022,3,Exact
A5066757374,Yang Liu,doi:10.1039/c8ra05855e,10.1039/c8ra05855e,Yang Liu,2018,2021,3,Exact
A5066905801,Jing Zhang,doi:10.1155/2022/8735363,10.1155/2022/8735363,Jing Zhang,2022,2023,1,Exact
A5067000217,Gang Li,doi:10.1155/2022/4846279,10.1155/2022/4846279,Gang Li,2022,2023,1,Exact
A5067124076,Yuqiao Wang,doi:10.1111/jcpt.12653,10.1111/jcpt.12653,Yan Wang,2017,2018,1,Initial
A5067189594,Xin Wang,doi:10.1155/2022/2848220,10.1155/2022/2848220,Xin Wang,2022,2023,1,Exact
A5067199276,Hui Zhang,doi:10.1155/2022/7799111,10.1155/2022/7799111,Hui Zhang,2022,2023,1,Exact
A5067236127,T. Zhang,doi:10.1557/jmr.2000.0316,10.1557/jmr.2000.0316,Tao Zhang,2011,2018,7,Initial
A5067403267,Gang Li,doi:10.1155/2022/5422210,10.1155/2022/5422210,Gang Li,2022,2023,1,Exact
A5067420396,Yan Li,doi:10.1109/ifita.2009.142,10.1109/ifita.2009.142,Yan Li,2009,2009,0,Exact
A5067720117,Fang Wang,doi:10.1155/2022/9689769,10.1155/2022/9689769,Fang Wang,2022,2023,1,Exact
A5067729988,Jie Li,doi:10.1155/2022/2848065,10.1155/2022/2848065,Jie Li,2022,2023,1,Exact
A5067798693,Yi Wang,doi:10.1155/2022/2223149,10.1155/2022/2223149,Yi Wang,2022,2023,1,Exact
A5067873822,T. Liu,doi:10.1107/s1600536807059077,10.1107/s1600536807059077,Tao Liu,2007,2009,2,Initial
A5067901140,Juan Li,doi:10.1186/s40104-020-0426-6,10.1186/s40104-020-0426-6,Juan Li,2020,2024,4,Exact
A5067915318,Jing Yang,doi:10.1109/icacc.2010.5487166,10.1109/icacc.2010.5487166,Jing Yang,2010,2010,0,Exact
A5067952025,Zhang Jin,doi:10.1145/3465631.3465830,10.1145/3465631.3465830,Jin Zhang,2021,2022,1,Exact
A5068115635,Lei Zhang,doi:10.1109/icbmei.2011.5921088,10.1109/icbmei.2011.5921088,Lei Zhang,2011,2011,0,Exact
A5068132266,Jing Wang,doi:10.1111/j.1447-0756.2010.01228.x,10.1111/j.1447-0756.2010.01228.x,Jing Wang,2010,2011,1,Exact
A5068132266,Jing Wang,doi:10.1155/2022/3021320,10.1155/2022/3021320,Jing Wang,2022,2023,1,Exact
A5068132340,Hui Liu,doi:10.1155/2021/7545091,10.1155/2021/7545091,Hui Liu,2021,2023,2,Exact
A5068184979,Jian Xu,doi:10.1371/journal.pone.0036717,10.1371/journal.pone.0036717,Jian Xu,2012,2023,11,Exact
A5068236583,Yan Zhang,doi:10.1007/s12517-021-07807-8,10.1007/s12517-021-07807-8,Yan Zhang,2021,2021,0,Exact
A5068236583,Yan Zhang,doi:10.1007/s00500-023-08241-6,10.1007/s00500-023-08241-6,Yan Zhang,2023,2026,3,Exact
A5068440816,Xi Chen,doi:10.1155/2022/6056502,10.1155/2022/6056502,Xi Chen,2022,2023,1,Exact
A5068564208,Bin Zhang,doi:10.1155/2022/4996265,10.1155/2022/4996265,Bin Zhang,2022,2023,1,Exact
A5068567113,Bin Liu,doi:10.1155/2022/3193193,10.1155/2022/3193193,Bin Liu,2022,2023,1,Exact
A5068567113,Bin Liu,doi:10.1155/2022/3883459,10.1155/2022/3883459,Bin Liu,2022,2023,1,Exact
A5068567113,Bin Liu,doi:10.1155/2022/8294254,10.1155/2022/8294254,Bin Liu,2022,2023,1,Exact
A5068604256,Jian Wang,doi:10.1155/2022/9297205,10.1155/2022/9297205,Jian Wang,2022,2024,2,Exact
A5068655276,Tao Liu,doi:10.1155/2022/3421999,10.1155/2022/3421999,Tao Liu,2022,2023,1,Exact
A5068679305,Yu Liu,doi:10.1155/2022/7257688,10.1155/2022/7257688,Yu Liu,2022,2023,1,Exact
A5068734877,Xin Zhang,doi:10.1155/2022/2605934,10.1155/2022/2605934,Xin Zhang,2022,2023,1,Exact
A5068734877,Xin Zhang,doi:10.1155/2022/2949216,10.1155/2022/2949216,Xin Zhang,2022,2024,2,Exact
A5068808993,Yang Yang,doi:10.1155/2022/5470669,10.1155/2022/5470669,Yang Yang,2022,2022,0,Exact
A5068826352,Lin Zhang,doi:10.1109/icbbe.2011.5780967,10.1109/icbbe.2011.5780967,Lin Zhang,2011,2011,0,Exact
A5068826352,Lin Zhang,doi:10.1109/qr2mse.2013.6626000,10.1109/qr2mse.2013.6626000,Lin Zhang,2013,2013,0,Exact
A5068878883,Wei Wang,doi:10.1155/2022/7762078,10.1155/2022/7762078,Wei Wang,2022,2024,2,Exact
A5068956733,Zhang Hong,doi:10.1007/s11105-012-0415-9,10.1007/s11105-012-0415-9,Hong Zhang,2012,2012,0,Exact
A5068959898,Jing Zhang,doi:10.3233/jifs-234800,10.3233/jifs-234800,Jing Zhang,2024,2024,0,Exact
A5069012689,Bo Zhang,doi:10.1155/2023/9997676,10.1155/2023/9997676,Bo Zhang,2023,2024,1,Exact
A5069097747,Hui Li,doi:10.1007/s13277-015-3684-8,10.1007/s13277-015-3684-8,Hui Li,2015,2017,2,Exact
A5069097747,Hui Li,doi:10.1002/jcb.27307,10.1002/jcb.27307,Hui Li,2018,2021,3,Exact
A5069097747,Hui Li,doi:10.1177/2058738419857537,10.1177/2058738419857537,Hui Li,2019,2021,2,Exact
A5069097747,Hui Li,doi:10.2147/cmar.s194073,10.2147/cmar.s194073,Hui Li,2019,2021,2,Exact
A5069097747,Hui Li,doi:10.3892/etm.2016.3938,10.3892/etm.2016.3938,Hui Li,2016,2024,8,Exact
A5069105716,Jie Wang,doi:10.1155/2022/2786147,10.1155/2022/2786147,Jie Wang,2022,2024,2,Exact
A5069111510,Yan Wang,doi:10.1155/2022/2566615,10.1155/2022/2566615,Yan Wang,2022,2022,0,Exact
A5069111510,Yan Wang,doi:10.1155/2022/3582004,10.1155/2022/3582004,Yan Wang,2022,2023,1,Exact
A5069165504,Jie Chen,doi:10.1155/2022/9160145,10.1155/2022/9160145,Jie Chen,2022,2024,2,Exact
A5069240020,Yong Wang,doi:10.1155/2022/9486697,10.1155/2022/9486697,Yong Wang,2022,2024,2,Exact
A5069267574,Xin Wang,doi:10.1155/2022/2310014,10.1155/2022/2310014,Xin Wang,2022,2023,1,Exact
A5069344865,Juan Li,doi:10.1155/2022/4747337,10.1155/2022/4747337,Juan Li,2022,2023,1,Exact
A5069408454,Lin Zhang,doi:10.1016/j.apjtm.2015.11.006,10.1016/j.apjtm.2015.11.006,Lin Zhang,2015,2017,2,Exact
A5069641970,Jing Wang,doi:10.1021/acs.nanolett.0c02576,10.1021/acs.nanolett.0c02576,Jing Wang,2020,2022,2,Exact
A5069706166,T Liu,doi:10.26355/eurrev_201808_15719,10.26355/eurrev_201808_15719,Tao Liu,2018,2024,6,Initial
A5069731722,Jun Wang,doi:10.1155/2022/9147416,10.1155/2022/9147416,Jun Wang,2022,2023,1,Exact
A5069765852,Wei Liu,doi:10.1155/2022/3268773,10.1155/2022/3268773,Wei Liu,2022,2024,2,Exact
A5069799374,Jun Yang,doi:10.1016/j.engfracmech.2025.111408,10.1016/j.engfracmech.2025.111408,Jun Yang,2025,2025,0,Exact
A5070051995,Wei Zhang,doi:10.1371/journal.pone.0327255,10.1371/journal.pone.0327255,Wei Zhang,2025,2025,0,Exact
A5070117147,Lei Zhang,doi:10.1155/2013/747898,10.1155/2013/747898,Lei Zhang,2013,2022,9,Exact
A5070223676,Jun Chen,doi:10.1155/2022/8441676,10.1155/2022/8441676,Jun Chen,2022,2023,1,Exact
A5070225981,Wei Li,doi:10.1155/2022/3366343,10.1155/2022/3366343,Wei Li,2022,2023,1,Exact
A5070225981,Wei Li,doi:10.1155/2022/7103268,10.1155/2022/7103268,Wei Li,2022,2023,1,Exact
A5070341270,Jie Zhang,doi:10.1371/journal.pgen.1009415,10.1371/journal.pgen.1009415,Jie Zhang,2021,2021,0,Exact
A5070344216,Qi Wang,doi:10.3892/or.2015.3734,10.3892/or.2015.3734,Qi Wang,2015,2021,6,Exact
A5070344216,Qi Wang,doi:10.2147/ott.s266067,10.2147/ott.s266067,Qi Wang,2020,2022,2,Exact
A5070344216,Qi Wang,doi:10.3892/or.2018.6624,10.3892/or.2018.6624,Qi Wang,2018,2022,4,Exact
A5070405930,Ying Zhang,doi:10.1155/2022/6193110,10.1155/2022/6193110,Ying Zhang,2022,2023,1,Exact
A5070405949,Gang Li,doi:10.1007/s10644-024-09639-4,10.1007/s10644-024-09639-4,Gang Li,2024,2024,0,Exact
A5070567363,Jian Xu,doi:10.1109/icbbe.2011.5781094,10.1109/icbbe.2011.5781094,Jian Xu,2011,2011,0,Exact
A5070620598,Tsuyoshi Takeda,doi:10.1185/030079908x297321,10.1185/030079908x297321,Tsuyoshi Takeda,2008,2017,9,Exact
A5070620598,Tsuyoshi Takeda,doi:10.1185/03007995.2011.570747,10.1185/03007995.2011.570747,Tsuyoshi Takeda,2011,2017,6,Exact
A5070620598,Tsuyoshi Takeda,doi:10.2165/11597480-000000000-00000,10.2165/11597480-000000000-00000,Tsuyoshi Takeda,2012,2017,5,Exact
A5070620598,Tsuyoshi Takeda,doi:10.2739/kurumemedj.57.117,10.2739/kurumemedj.57.117,Tsuyoshi Takeda,2011,2017,6,Exact
A5070620598,Tsuyoshi Takeda,doi:10.3349/ymj.2008.49.1.119,10.3349/ymj.2008.49.1.119,Tsuyoshi Takeda,2008,2017,9,Exact
A5070620598,Tsuyoshi Takeda,doi:10.1111/j.1600-0404.2011.01555.x,10.1111/j.1600-0404.2011.01555.x,Tsuyoshi Takeda,2011,2018,7,Exact
A5070620598,Tsuyoshi Takeda,doi:10.1538/expanim.55.333,10.1538/expanim.55.333,Tsuyoshi Takeda,2006,2018,12,Exact
A5070620598,Tsuyoshi Takeda,doi:10.1538/expanim.55.357,10.1538/expanim.55.357,Tsuyoshi Takeda,2006,2018,12,Exact
A5070620598,Tsuyoshi Takeda,doi:10.1538/expanim.55.457,10.1538/expanim.55.457,Tsuyoshi Takeda,2006,2018,12,Exact
A5070620598,Tsuyoshi Takeda,doi:10.2165/00044011-200929070-00005,10.2165/00044011-200929070-00005,Tsuyoshi Takeda,2002,2018,16,Exact
A5070620598,Tsuyoshi Takeda,doi:10.3349/ymj.2003.44.5.751,10.3349/ymj.2003.44.5.751,Tsuyoshi Takeda,2009,2018,9,Exact
A5070620598,Tsuyoshi Takeda,doi:10.3349/ymj.2004.45.2.314,10.3349/ymj.2004.45.2.314,Tsuyoshi Takeda,2009,2018,9,Exact
A5070620598,Tsuyoshi Takeda,doi:10.3349/ymj.2005.46.6.750,10.3349/ymj.2005.46.6.750,Tsuyoshi Takeda,2005,2018,13,Exact
A5070620598,Tsuyoshi Takeda,doi:10.1007/bf03324589,10.1007/bf03324589,Tsuyoshi Takeda,2005,2019,14,Exact
A5070620598,Tsuyoshi Takeda,doi:10.1007/s00223-001-1054-6,10.1007/s00223-001-1054-6,Tsuyoshi Takeda,2001,2019,18,Exact
A5070620598,Tsuyoshi Takeda,doi:10.1007/s00223-002-1024-7,10.1007/s00223-002-1024-7,Tsuyoshi Takeda,2003,2019,16,Exact
A5070620598,Tsuyoshi Takeda,doi:10.1016/j.diabres.2011.03.033,10.1016/j.diabres.2011.03.033,Tsuyoshi Takeda,2011,2019,8,Exact
A5070620598,Tsuyoshi Takeda,doi:10.1159/000077346,10.1159/000077346,Tsuyoshi Takeda,2004,2019,15,Exact
A5070620598,Tsuyoshi Takeda,doi:10.1159/000085681,10.1159/000085681,Tsuyoshi Takeda,2005,2019,14,Exact
A5070620598,Tsuyoshi Takeda,doi:10.1517/14656566.8.16.2743,10.1517/14656566.8.16.2743,Tsuyoshi Takeda,2007,2019,12,Exact
A5070620598,Tsuyoshi Takeda,doi:10.1538/expanim.53.347,10.1538/expanim.53.347,Tsuyoshi Takeda,2004,2019,15,Exact
A5070620598,Tsuyoshi Takeda,doi:10.1538/expanim.55.349,10.1538/expanim.55.349,Tsuyoshi Takeda,2006,2019,13,Exact
A5070620598,Tsuyoshi Takeda,doi:10.1538/expanim.56.103,10.1538/expanim.56.103,Tsuyoshi Takeda,2007,2019,12,Exact
A5070620598,Tsuyoshi Takeda,doi:10.2165/11598440-000000000-00000,10.2165/11598440-000000000-00000,Tsuyoshi Takeda,2012,2019,7,Exact
A5070620598,Tsuyoshi Takeda,doi:10.3177/jnsv.51.211,10.3177/jnsv.51.211,Tsuyoshi Takeda,2005,2019,14,Exact
A5070620598,Tsuyoshi Takeda,doi:10.3177/jnsv.52.1,10.3177/jnsv.52.1,Tsuyoshi Takeda,2006,2019,13,Exact
A5070620598,Tsuyoshi Takeda,doi:10.3177/jnsv.52.307,10.3177/jnsv.52.307,Tsuyoshi Takeda,2006,2019,13,Exact
A5070620598,Tsuyoshi Takeda,doi:10.3177/jnsv.52.393,10.3177/jnsv.52.393,Tsuyoshi Takeda,2006,2019,13,Exact
A5070620598,Tsuyoshi Takeda,doi:10.3177/jnsv.53.191,10.3177/jnsv.53.191,Tsuyoshi Takeda,2007,2019,12,Exact
A5070620598,Tsuyoshi Takeda,doi:10.3177/jnsv.52.21,10.3177/jnsv.52.21,Tsuyoshi Takeda,2006,2020,14,Exact
A5070620598,Tsuyoshi Takeda,doi:10.3177/jnsv.54.11,10.3177/jnsv.54.11,Tsuyoshi Takeda,2008,2020,12,Exact
A5070620598,Tsuyoshi Takeda,doi:10.1007/s00774-009-0116-0,10.1007/s00774-009-0116-0,Tsuyoshi Takeda,2009,2021,12,Exact
A5070620598,Tsuyoshi Takeda,doi:10.1007/s10067-004-0881-z,10.1007/s10067-004-0881-z,Tsuyoshi Takeda,2004,2021,17,Exact
A5070620598,Tsuyoshi Takeda,doi:10.1007/s10067-006-0252-z,10.1007/s10067-006-0252-z,Tsuyoshi Takeda,2006,2021,15,Exact
A5070620598,Tsuyoshi Takeda,doi:10.1097/00002060-200206000-00010,10.1097/00002060-200206000-00010,Tsuyoshi Takeda,2002,2021,19,Exact
A5070620598,Tsuyoshi Takeda,doi:10.2174/1381612043383782,10.2174/1381612043383782,Tsuyoshi Takeda,2004,2021,17,Exact
A5070620598,Tsuyoshi Takeda,doi:10.1538/expanim.54.1,10.1538/expanim.54.1,Tsuyoshi Takeda,2005,2022,17,Exact
A5070620598,Tsuyoshi Takeda,doi:10.2147/tcrm.s15812,10.2147/tcrm.s15812,Tsuyoshi Takeda,2010,2022,12,Exact
A5070620598,Tsuyoshi Takeda,doi:10.1016/s8756-3282(03)00249-7,10.1016/s8756-3282(03)00249-7,Tsuyoshi Takeda,2003,2023,20,Exact
A5070620598,Tsuyoshi Takeda,doi:10.3349/ymj.2005.46.3.313,10.3349/ymj.2005.46.3.313,Tsuyoshi Takeda,2005,2023,18,Exact
A5070620598,Tsuyoshi Takeda,doi:10.3349/ymj.2009.50.4.474,10.3349/ymj.2009.50.4.474,Tsuyoshi Takeda,2009,2023,14,Exact
A5070620598,Tsuyoshi Takeda,doi:10.2174/157488606775252629,10.2174/157488606775252629,Tsuyoshi Takeda,2006,2024,18,Exact
A5070637061,Hui Li,doi:10.1051/matecconf/202030902016,10.1051/matecconf/202030902016,Hui Li,2020,2021,1,Exact
A5070720939,Jing Liu,doi:10.1155/2021/9994136,10.1155/2021/9994136,Jing Liu,2021,2023,2,Exact
A5070746948,Peng Li,doi:10.3389/fnut.2022.897846,10.3389/fnut.2022.897846,Peng Li,2022,2023,1,Exact
A5070933855,Yang Wang,doi:10.1155/2022/8402732,10.1155/2022/8402732,Yang Wang,2022,2023,1,Exact
A5071018015,Jing Wang,doi:10.1042/bsr20191271,10.1042/bsr20191271,Jing Wang,2019,2020,1,Exact
A5071018015,Jing Wang,doi:10.1016/j.intimp.2020.106635,10.1016/j.intimp.2020.106635,Jing Wang,2020,2021,1,Exact
A5071059599,Jing Li,doi:10.3389/fnins.2020.589650,10.3389/fnins.2020.589650,Jing Li,2021,2025,4,Exact
A5071143454,Dan Li,doi:10.1155/2021/1736429,10.1155/2021/1736429,Dan Li,2021,2022,1,Exact
A5071148881,Tao Zhang,doi:10.1109/icebeg.2011.5882204,10.1109/icebeg.2011.5882204,Tao Zhang,2011,2011,0,Exact
A5071184650,Wang Ying,doi:10.1109/icbbe.2011.5781530,10.1109/icbbe.2011.5781530,Ying Wang,2011,2011,0,Exact
A5071184650,Wang Ying,doi:10.1109/icbbe.2011.5781650,10.1109/icbbe.2011.5781650,Ying Wang,2011,2011,0,Exact
A5071206989,Jun Liu,doi:10.1042/bsr20191330,10.1042/bsr20191330,Jun Liu,2020,2022,2,Exact
A5071410707,Juan Li,doi:10.1007/s00432-019-03003-0,10.1007/s00432-019-03003-0,Juan Li,2019,2024,5,Exact
A5071522872,Lei Wang,doi:10.1155/2022/4744099,10.1155/2022/4744099,Lei Wang,2022,2023,1,Exact
A5071538937,Lei Li,doi:10.1155/2021/2073881,10.1155/2021/2073881,Lei Li,2021,2023,2,Exact
A5071570091,Ying Liu,doi:10.1155/2022/8937406,10.1155/2022/8937406,Ying Liu,2022,2023,1,Exact
A5071656541,B Li,doi:10.1177/0954405411412866,10.1177/0954405411412866,Bo Li,2011,2017,6,Initial
A5071759959,Yan Liu,doi:10.1155/2022/1172186,10.1155/2022/1172186,Yan Liu,2022,2023,1,Exact
A5071903015,Qiang Li,doi:10.1155/2022/9822371,10.1155/2022/9822371,Qiang Li,2022,2023,1,Exact
A5072012974,Ying Wang,doi:10.1155/2022/7973504,10.1155/2022/7973504,Ying Wang,2022,2023,1,Exact
A5072013177,Jing Li,doi:10.1155/2022/9884273,10.1155/2022/9884273,Jing Li,2022,2023,1,Exact
A5072055673,Yu Liu,doi:10.3390/coatings14050639,10.3390/coatings14050639,Yu Liu,2024,2025,1,Exact
A5072146906,Yong Zhang,doi:10.1155/2022/4446342,10.1155/2022/4446342,Yong Zhang,2022,2024,2,Exact
A5072167397,Rui Wang,doi:10.1155/2022/9944847,10.1155/2022/9944847,Rui Wang,2022,2023,1,Exact
A5072183477,Feng Li,doi:10.1109/cso.2009.444,10.1109/cso.2009.444,Feng Li,2009,2009,0,Exact
A5072215133,Yang Jing,doi:10.1155/2022/4436016,10.1155/2022/4436016,Jing Yang,2022,2024,2,Exact
A5072267836,Hui Wang,doi:10.1155/2022/6433852,10.1155/2022/6433852,Hui Wang,2022,2023,1,Exact
A5072296344,Feng Wang,doi:10.1038/s41419-019-1652-8,10.1038/s41419-019-1652-8,Feng Wang,2019,2023,4,Exact
A5072374470,Bin Liu,doi:10.1155/2022/7439903,10.1155/2022/7439903,Bin Liu,2022,2023,1,Exact
A5072431708,Fang Wang,doi:10.1371/journal.pone.0277539,10.1371/journal.pone.0277539,Fang Wang,2022,2023,1,Exact
A5072478532,Yan Chen,doi:10.1155/2022/2988756,10.1155/2022/2988756,Yan Chen,2022,2023,1,Exact
A5072494269,Jie Li,doi:10.1109/icbbe.2011.5780944,10.1109/icbbe.2011.5780944,Jie Li,2011,2011,0,Exact
A5072583887,Rui Wang,doi:10.1155/2022/1540774,10.1155/2022/1540774,Rui Wang,2022,2023,1,Exact
A5072652476,Jing Wang,doi:10.1155/2022/1626448,10.1155/2022/1626448,Jing Wang,2022,2023,1,Exact
A5072657419,Hao Wang,doi:10.1177/1753944715589717,10.1177/1753944715589717,Hao Wang,2015,2018,3,Exact
A5072657419,Hao Wang,doi:10.1155/2022/4522873,10.1155/2022/4522873,Hao Wang,2022,2024,2,Exact
A5072700513,Jian Li,doi:10.1155/2022/3639157,10.1155/2022/3639157,Jian Li,2022,2023,1,Exact
A5072787401,Hao Chen,doi:10.1109/icebeg.2011.5886985,10.1109/icebeg.2011.5886985,Hao Chen,2011,2011,0,Exact
A5072793251,Hong Zhang,doi:10.1155/2022/7888791,10.1155/2022/7888791,Hong Zhang,2022,2023,1,Exact
A5072916832,Yu Liu,doi:10.1177/0020720920940578,10.1177/0020720920940578,Yu Liu,2020,2021,1,Exact
A5073066337,Yang Wang,doi:10.1155/2022/2931686,10.1155/2022/2931686,Yang Wang,2022,2023,1,Exact
A5073080405,Xin Wang,doi:10.1155/2023/8143828,10.1155/2023/8143828,Xin Wang,2023,2024,1,Exact
A5073138409,Liang Wang,doi:10.1007/s10479-021-04291-x,10.1007/s10479-021-04291-x,Liang Wang,2021,2023,2,Exact
A5073241484,Jun Wang,doi:10.1155/2022/2401475,10.1155/2022/2401475,Jun Wang,2022,2023,1,Exact
A5073332843,Bo Zhang,doi:10.1155/2022/6946051,10.1155/2022/6946051,Bo Zhang,2022,2023,1,Exact
A5073484896,Lin Wang,doi:10.1109/qr2mse.2013.6626006,10.1109/qr2mse.2013.6626006,Lin Wang,2013,2013,0,Exact
A5073501875,Lei Li,doi:10.1155/2022/7610380,10.1155/2022/7610380,Lei Li,2022,2023,1,Exact
A5073535831,Li Gang,doi:10.1155/2022/9999905,10.1155/2022/9999905,Gang Li,2022,2023,1,Exact
A5073601624,Na Li,doi:10.1155/2022/6540710,10.1155/2022/6540710,Na Li,2022,2023,1,Exact
A5073606770,Yang Yang,doi:10.1155/2022/8008461,10.1155/2022/8008461,Yang Yang,2022,2023,1,Exact
A5073797093,Tao Zhang,doi:10.1155/2022/9156831,10.1155/2022/9156831,Tao Zhang,2022,2023,1,Exact
A5073959775,Fang Liu,doi:10.1155/2022/4247782,10.1155/2022/4247782,Fang Liu,2022,2023,1,Exact
A5074115837,Jian Zhang,doi:10.12973/ejmste/80302,10.12973/ejmste/80302,Jian Zhang,2017,2018,1,Exact
A5074180770,Jian Zhang,doi:10.1371/journal.pone.0025295,10.1371/journal.pone.0025295,Jian Zhang,2011,2019,8,Exact
A5074256336,Jin Wang,doi:10.1186/s12893-023-02125-0,10.1186/s12893-023-02125-0,Jin Wang,2023,2024,1,Exact
A5074285609,Jian Wang,doi:10.1007/s00500-023-09528-4,10.1007/s00500-023-09528-4,Jian Wang,2023,2025,2,Exact
A5074295469,Wei Liu,doi:10.1155/2022/6153459,10.1155/2022/6153459,Wei Liu,2022,2023,1,Exact
A5074297911,Qian Li,doi:10.1139/tcsme-2017-519,10.1139/tcsme-2017-519,Qian Li,2017,2019,2,Exact
A5074301402,Jie Li,doi:10.1155/2022/1035971,10.1155/2022/1035971,Jie Li,2022,2023,1,Exact
A5074419878,Jun Iwamoto,doi:10.1359/jbmr.050402,10.1359/jbmr.050402,Jun Iwamoto,2005,2015,10,Exact
A5074419878,Jun Iwamoto,doi:10.1001/archinte.165.15.1737,10.1001/archinte.165.15.1737,Jun Iwamoto,2005,2016,11,Exact
A5074419878,Jun Iwamoto,doi:10.1001/archinte.165.15.1743,10.1001/archinte.165.15.1743,Jun Iwamoto,2005,2016,11,Exact
A5074419878,Jun Iwamoto,doi:10.1001/jama.293.9.1082,10.1001/jama.293.9.1082,Jun Iwamoto,2005,2016,11,Exact
A5074419878,Jun Iwamoto,doi:10.1002/mds.20825,10.1002/mds.20825,Jun Iwamoto,2006,2016,10,Exact
A5074419878,Jun Iwamoto,doi:10.1016/j.parkreldis.2010.10.008,10.1016/j.parkreldis.2010.10.008,Jun Iwamoto,2011,2016,5,Exact
A5074419878,Jun Iwamoto,doi:10.1212/01.wnl.0000078892.24356.90,10.1212/01.wnl.0000078892.24356.90,Jun Iwamoto,2003,2016,13,Exact
A5074419878,Jun Iwamoto,doi:10.1212/01.wnl.0000152871.65027.76,10.1212/01.wnl.0000152871.65027.76,Jun Iwamoto,2005,2016,11,Exact
A5074419878,Jun Iwamoto,doi:10.1212/01.wnl.0000257089.50476.92,10.1212/01.wnl.0000257089.50476.92,Jun Iwamoto,2007,2016,9,Exact
A5074419878,Jun Iwamoto,doi:10.1016/j.bone.2004.09.018,10.1016/j.bone.2004.09.018,Jun Iwamoto,2004,2017,13,Exact
A5074419878,Jun Iwamoto,doi:10.1016/j.bone.2006.04.025,10.1016/j.bone.2006.04.025,Jun Iwamoto,2006,2017,11,Exact
A5074419878,Jun Iwamoto,doi:10.1136/jnnp.2011.244574,10.1136/jnnp.2011.244574,Jun Iwamoto,2011,2017,6,Exact
A5074419878,Jun Iwamoto,doi:10.1159/000087203,10.1159/000087203,Jun Iwamoto,2005,2017,12,Exact
A5074419878,Jun Iwamoto,doi:10.1185/030079908x297321,10.1185/030079908x297321,Jun Iwamoto,2008,2017,9,Exact
A5074419878,Jun Iwamoto,doi:10.1185/03007995.2011.570747,10.1185/03007995.2011.570747,Jun Iwamoto,2011,2017,6,Exact
A5074419878,Jun Iwamoto,doi:10.2165/11597480-000000000-00000,10.2165/11597480-000000000-00000,Jun Iwamoto,2012,2017,5,Exact
A5074419878,Jun Iwamoto,doi:10.2739/kurumemedj.57.117,10.2739/kurumemedj.57.117,Jun Iwamoto,2011,2017,6,Exact
A5074419878,Jun Iwamoto,doi:10.3349/ymj.2008.49.1.119,10.3349/ymj.2008.49.1.119,Jun Iwamoto,2008,2017,9,Exact
A5074419878,Jun Iwamoto,doi:10.3349/ymj.2009.50.2.189,10.3349/ymj.2009.50.2.189,Jun Iwamoto,2009,2017,8,Exact
A5074419878,Jun Iwamoto,doi:10.5312/wjo.v3.i9.137,10.5312/wjo.v3.i9.137,Jun Iwamoto,2012,2017,5,Exact
A5074419878,Jun Iwamoto,doi:10.1002/mds.20658,10.1002/mds.20658,Jun Iwamoto,2005,2018,13,Exact
A5074419878,Jun Iwamoto,doi:10.1007/bf03324916,10.1007/bf03324916,Jun Iwamoto,2013,2018,5,Exact
A5074419878,Jun Iwamoto,doi:10.1016/j.bone.2003.12.020,10.1016/j.bone.2003.12.020,Jun Iwamoto,2004,2018,14,Exact
A5074419878,Jun Iwamoto,doi:10.1016/j.bone.2005.01.011,10.1016/j.bone.2005.01.011,Jun Iwamoto,2005,2018,13,Exact
A5074419878,Jun Iwamoto,doi:10.1097/01.phm.0000122877.28631.23,10.1097/01.phm.0000122877.28631.23,Jun Iwamoto,2004,2018,14,Exact
A5074419878,Jun Iwamoto,doi:10.1111/j.1600-0404.2011.01555.x,10.1111/j.1600-0404.2011.01555.x,Jun Iwamoto,2011,2018,7,Exact
A5074419878,Jun Iwamoto,doi:10.1159/000088098,10.1159/000088098,Jun Iwamoto,2005,2018,13,Exact
A5074419878,Jun Iwamoto,doi:10.1159/000096179,10.1159/000096179,Jun Iwamoto,2006,2018,12,Exact
A5074419878,Jun Iwamoto,doi:10.1538/expanim.55.333,10.1538/expanim.55.333,Jun Iwamoto,2006,2018,12,Exact
A5074419878,Jun Iwamoto,doi:10.1538/expanim.55.357,10.1538/expanim.55.357,Jun Iwamoto,2006,2018,12,Exact
A5074419878,Jun Iwamoto,doi:10.1538/expanim.55.457,10.1538/expanim.55.457,Jun Iwamoto,2006,2018,12,Exact
A5074419878,Jun Iwamoto,doi:10.2165/00044011-200929070-00005,10.2165/00044011-200929070-00005,Jun Iwamoto,2002,2018,16,Exact
A5074419878,Jun Iwamoto,doi:10.3349/ymj.2003.44.5.751,10.3349/ymj.2003.44.5.751,Jun Iwamoto,2009,2018,9,Exact
A5074419878,Jun Iwamoto,doi:10.3349/ymj.2004.45.2.314,10.3349/ymj.2004.45.2.314,Jun Iwamoto,2009,2018,9,Exact
A5074419878,Jun Iwamoto,doi:10.3349/ymj.2005.46.6.750,10.3349/ymj.2005.46.6.750,Jun Iwamoto,2005,2018,13,Exact
A5074419878,Jun Iwamoto,doi:10.5312/wjo.v1.i1.26,10.5312/wjo.v1.i1.26,Jun Iwamoto,2010,2018,8,Exact
A5074419878,Jun Iwamoto,doi:10.5312/wjo.v2.i1.7,10.5312/wjo.v2.i1.7,Jun Iwamoto,2010,2018,8,Exact
A5074419878,Jun Iwamoto,doi:10.5312/wjo.v2.i5.37,10.5312/wjo.v2.i5.37,Jun Iwamoto,2010,2018,8,Exact
A5074419878,Jun Iwamoto,doi:10.5312/wjo.v4.i4.316,10.5312/wjo.v4.i4.316,Jun Iwamoto,2010,2018,8,Exact
A5074419878,Jun Iwamoto,doi:10.1007/bf03324589,10.1007/bf03324589,Jun Iwamoto,2005,2019,14,Exact
A5074419878,Jun Iwamoto,doi:10.1007/s00223-001-1054-6,10.1007/s00223-001-1054-6,Jun Iwamoto,2001,2019,18,Exact
A5074419878,Jun Iwamoto,doi:10.1007/s00223-002-1024-7,10.1007/s00223-002-1024-7,Jun Iwamoto,2003,2019,16,Exact
A5074419878,Jun Iwamoto,doi:10.1016/j.apmr.2004.10.005,10.1016/j.apmr.2004.10.005,Jun Iwamoto,2005,2019,14,Exact
A5074419878,Jun Iwamoto,doi:10.1016/j.diabres.2011.03.033,10.1016/j.diabres.2011.03.033,Jun Iwamoto,2011,2019,8,Exact
A5074419878,Jun Iwamoto,doi:10.1016/j.jstrokecerebrovasdis.2009.04.006,10.1016/j.jstrokecerebrovasdis.2009.04.006,Jun Iwamoto,2010,2019,9,Exact
A5074419878,Jun Iwamoto,doi:10.1016/j.jstrokecerebrovasdis.2009.10.007,10.1016/j.jstrokecerebrovasdis.2009.10.007,Jun Iwamoto,2010,2019,9,Exact
A5074419878,Jun Iwamoto,doi:10.1159/000077346,10.1159/000077346,Jun Iwamoto,2004,2019,15,Exact
A5074419878,Jun Iwamoto,doi:10.1159/000085681,10.1159/000085681,Jun Iwamoto,2005,2019,14,Exact
A5074419878,Jun Iwamoto,doi:10.1517/14656566.2013.763796,10.1517/14656566.2013.763796,Jun Iwamoto,2013,2019,6,Exact
A5074419878,Jun Iwamoto,doi:10.1517/14656566.8.16.2743,10.1517/14656566.8.16.2743,Jun Iwamoto,2007,2019,12,Exact
A5074419878,Jun Iwamoto,doi:10.1538/expanim.53.347,10.1538/expanim.53.347,Jun Iwamoto,2004,2019,15,Exact
A5074419878,Jun Iwamoto,doi:10.1538/expanim.55.349,10.1538/expanim.55.349,Jun Iwamoto,2006,2019,13,Exact
A5074419878,Jun Iwamoto,doi:10.1538/expanim.56.103,10.1538/expanim.56.103,Jun Iwamoto,2007,2019,12,Exact
A5074419878,Jun Iwamoto,doi:10.2165/11598440-000000000-00000,10.2165/11598440-000000000-00000,Jun Iwamoto,2012,2019,7,Exact
A5074419878,Jun Iwamoto,doi:10.3177/jnsv.52.1,10.3177/jnsv.52.1,Jun Iwamoto,2006,2019,13,Exact
A5074419878,Jun Iwamoto,doi:10.3177/jnsv.52.307,10.3177/jnsv.52.307,Jun Iwamoto,2006,2019,13,Exact
A5074419878,Jun Iwamoto,doi:10.3177/jnsv.52.393,10.3177/jnsv.52.393,Jun Iwamoto,2006,2019,13,Exact
A5074419878,Jun Iwamoto,doi:10.3177/jnsv.53.191,10.3177/jnsv.53.191,Jun Iwamoto,2007,2019,12,Exact
A5074419878,Jun Iwamoto,doi:10.3177/jnsv.60.71,10.3177/jnsv.60.71,Jun Iwamoto,2014,2019,5,Exact
A5074419878,Jun Iwamoto,doi:10.1016/j.amjmed.2005.01.052,10.1016/j.amjmed.2005.01.052,Jun Iwamoto,2005,2020,15,Exact
A5074419878,Jun Iwamoto,doi:10.1155/2013/381616,10.1155/2013/381616,Jun Iwamoto,2013,2020,7,Exact
A5074419878,Jun Iwamoto,doi:10.1212/01.wnl.0000047345.05818.8b,10.1212/01.wnl.0000047345.05818.8b,Jun Iwamoto,2003,2020,17,Exact
A5074419878,Jun Iwamoto,doi:10.1359/jbmr.2000.15.9.1842,10.1359/jbmr.2000.15.9.1842,Jun Iwamoto,2009,2020,11,Exact
A5074419878,Jun Iwamoto,doi:10.3177/jnsv.52.21,10.3177/jnsv.52.21,Jun Iwamoto,2006,2020,14,Exact
A5074419878,Jun Iwamoto,doi:10.3177/jnsv.54.11,10.3177/jnsv.54.11,Jun Iwamoto,2008,2020,12,Exact
A5074419878,Jun Iwamoto,doi:10.4081/rr.2012.e11,10.4081/rr.2012.e11,Jun Iwamoto,2012,2020,8,Exact
A5074419878,Jun Iwamoto,doi:10.1007/s00774-009-0116-0,10.1007/s00774-009-0116-0,Jun Iwamoto,2009,2021,12,Exact
A5074419878,Jun Iwamoto,doi:10.1007/s10067-004-0881-z,10.1007/s10067-004-0881-z,Jun Iwamoto,2004,2021,17,Exact
A5074419878,Jun Iwamoto,doi:10.1007/s10067-006-0252-z,10.1007/s10067-006-0252-z,Jun Iwamoto,2006,2021,15,Exact
A5074419878,Jun Iwamoto,doi:10.1097/00002060-200206000-00010,10.1097/00002060-200206000-00010,Jun Iwamoto,2002,2021,19,Exact
A5074419878,Jun Iwamoto,doi:10.2174/1381612043383782,10.2174/1381612043383782,Jun Iwamoto,2004,2021,17,Exact
A5074419878,Jun Iwamoto,doi:10.4077/cjp.2014.bac242,10.4077/cjp.2014.bac242,Jun Iwamoto,2014,2021,7,Exact
A5074419878,Jun Iwamoto,doi:10.1538/expanim.54.1,10.1538/expanim.54.1,Jun Iwamoto,2005,2022,17,Exact
A5074419878,Jun Iwamoto,doi:10.1016/j.jns.2004.03.033,10.1016/j.jns.2004.03.033,Jun Iwamoto,2004,2023,19,Exact
A5074419878,Jun Iwamoto,doi:10.1016/s8756-3282(03)00249-7,10.1016/s8756-3282(03)00249-7,Jun Iwamoto,2003,2023,20,Exact
A5074419878,Jun Iwamoto,doi:10.3349/ymj.2005.46.3.313,10.3349/ymj.2005.46.3.313,Jun Iwamoto,2005,2023,18,Exact
A5074419878,Jun Iwamoto,doi:10.3349/ymj.2009.50.4.474,10.3349/ymj.2009.50.4.474,Jun Iwamoto,2009,2023,14,Exact
A5074419878,Jun Iwamoto,doi:10.1016/j.jns.2004.12.005,10.1016/j.jns.2004.12.005,Jun Iwamoto,2005,2024,19,Exact
A5074419878,Jun Iwamoto,doi:10.2174/157488606775252629,10.2174/157488606775252629,Jun Iwamoto,2006,2024,18,Exact
A5074460611,Li Li,doi:10.1155/2022/3366343,10.1155/2022/3366343,Li Li,2022,2023,1,Exact
A5074460611,Li Li,doi:10.1155/2022/7103268,10.1155/2022/7103268,Li Li,2022,2023,1,Exact
A5074624353,Wei Li,doi:10.1155/2022/3523172,10.1155/2022/3523172,Wei Li,2022,2023,1,Exact
A5074719379,Feng Wang,doi:10.1080/00207540902865746,10.1080/00207540902865746,Feng Wang,2010,2011,1,Exact
A5074719379,Feng Wang,doi:10.1016/j.bbrc.2014.09.039,10.1016/j.bbrc.2014.09.039,Feng Wang,2014,2014,0,Exact
A5074730004,Didier Raoult,doi:10.1371/journal.ppat.1003827,10.1371/journal.ppat.1003827,Didier Raoult,2013,2020,7,Exact
A5074730004,Didier Raoult,doi:10.1038/s41598-019-45611-3,10.1038/s41598-019-45611-3,Didier Raoult,2019,2023,4,Exact
A5074730004,Didier Raoult,doi:10.1007/s00203-020-01834-x,10.1007/s00203-020-01834-x,Didier Raoult,2020,2024,4,Exact
A5074730004,Didier Raoult,doi:10.1007/s00203-021-02493-2,10.1007/s00203-021-02493-2,Didier Raoult,2021,2024,3,Exact
A5074730004,Didier Raoult,doi:10.1007/s00246-017-1723-5,10.1007/s00246-017-1723-5,Didier Raoult,2017,2024,7,Exact
A5074730004,Didier Raoult,doi:10.1007/s10096-020-03889-6,10.1007/s10096-020-03889-6,Didier Raoult,2020,2024,4,Exact
A5074730004,Didier Raoult,doi:10.1007/s10096-020-04122-0,10.1007/s10096-020-04122-0,Didier Raoult,2021,2024,3,Exact
A5074730004,Didier Raoult,doi:10.1016/j.cmi.2016.07.005,10.1016/j.cmi.2016.07.005,Didier Raoult,2016,2024,8,Exact
A5074730004,Didier Raoult,doi:10.1016/j.ijantimicag.2020.105949,10.1016/j.ijantimicag.2020.105949,Didier Raoult,2020,2024,4,Exact
A5074730004,Didier Raoult,doi:10.1038/ijo.2011.153,10.1038/ijo.2011.153,Didier Raoult,2011,2024,13,Exact
A5074730004,Didier Raoult,doi:10.1038/ijo.2013.20,10.1038/ijo.2013.20,Didier Raoult,2013,2024,11,Exact
A5074730004,Didier Raoult,doi:10.1038/nmicrobiol.2016.203,10.1038/nmicrobiol.2016.203,Didier Raoult,2016,2024,8,Exact
A5074730004,Didier Raoult,doi:10.1038/s41366-018-0201-3,10.1038/s41366-018-0201-3,Didier Raoult,2018,2024,6,Exact
A5074730004,Didier Raoult,doi:10.1038/s41598-017-17132-4,10.1038/s41598-017-17132-4,Didier Raoult,2017,2024,7,Exact
A5074730004,Didier Raoult,doi:10.1038/s41598-020-58969-6,10.1038/s41598-020-58969-6,Didier Raoult,2020,2024,4,Exact
A5074730004,Didier Raoult,doi:10.1128/aac.01969-13,10.1128/aac.01969-13,Didier Raoult,2013,2024,11,Exact
A5074730004,Didier Raoult,doi:10.1128/aac.02437-14,10.1128/aac.02437-14,Didier Raoult,2014,2024,10,Exact
A5074730004,Didier Raoult,doi:10.1128/jcm.00517-19,10.1128/jcm.00517-19,Didier Raoult,2019,2024,5,Exact
A5074730004,Didier Raoult,doi:10.1128/jcm.00542-18,10.1128/jcm.00542-18,Didier Raoult,2018,2024,6,Exact
A5074730004,Didier Raoult,doi:10.1128/jcm.01663-17,10.1128/jcm.01663-17,Didier Raoult,2018,2024,6,Exact
A5074730004,Didier Raoult,doi:10.1128/jcm.02068-15,10.1128/jcm.02068-15,Didier Raoult,2015,2024,9,Exact
A5074730004,Didier Raoult,doi:10.1186/s12866-017-1104-5,10.1186/s12866-017-1104-5,Didier Raoult,2017,2024,7,Exact
A5074730004,Didier Raoult,doi:10.1186/s12866-018-1304-7,10.1186/s12866-018-1304-7,Didier Raoult,2018,2024,6,Exact
A5074730004,Didier Raoult,doi:10.1186/s13062-015-0041-1,10.1186/s13062-015-0041-1,Didier Raoult,2015,2024,9,Exact
A5074730004,Didier Raoult,doi:10.1371/journal.pone.0037804,10.1371/journal.pone.0037804,Didier Raoult,2012,2024,12,Exact
A5074730004,Didier Raoult,doi:10.1371/journal.pone.0045903,10.1371/journal.pone.0045903,Didier Raoult,2012,2024,12,Exact
A5074730004,Didier Raoult,doi:10.1371/journal.pone.0051340,10.1371/journal.pone.0051340,Didier Raoult,2012,2024,12,Exact
A5074730004,Didier Raoult,doi:10.1371/journal.pone.0054679,10.1371/journal.pone.0054679,Didier Raoult,2013,2024,11,Exact
A5074730004,Didier Raoult,doi:10.1371/journal.pone.0084033,10.1371/journal.pone.0084033,Didier Raoult,2013,2024,11,Exact
A5074730004,Didier Raoult,doi:10.1007/s10096-013-1900-2,10.1007/s10096-013-1900-2,Didier Raoult,2013,2025,12,Exact
A5074730004,Didier Raoult,doi:10.1007/s10096-017-3047-z,10.1007/s10096-017-3047-z,Didier Raoult,2017,2025,8,Exact
A5074730004,Didier Raoult,doi:10.1007/s10096-018-3238-2,10.1007/s10096-018-3238-2,Didier Raoult,2018,2025,7,Exact
A5074730004,Didier Raoult,doi:10.1007/s10096-020-04018-z,10.1007/s10096-020-04018-z,Didier Raoult,2020,2025,5,Exact
A5074730004,Didier Raoult,doi:10.1007/s10096-020-04127-9,10.1007/s10096-020-04127-9,Didier Raoult,2021,2025,4,Exact
A5074730004,Didier Raoult,doi:10.1007/s15010-017-0985-4,10.1007/s15010-017-0985-4,Didier Raoult,2017,2025,8,Exact
A5074730004,Didier Raoult,doi:10.1007/s15010-017-1076-2,10.1007/s15010-017-1076-2,Didier Raoult,2017,2025,8,Exact
A5074730004,Didier Raoult,doi:10.1016/j.ijid.2020.08.075,10.1016/j.ijid.2020.08.075,Didier Raoult,2020,2025,5,Exact
A5074730004,Didier Raoult,doi:10.1111/apm.12087,10.1111/apm.12087,Didier Raoult,2013,2025,12,Exact
A5074730004,Didier Raoult,doi:10.1186/s12936-016-1469-1,10.1186/s12936-016-1469-1,Didier Raoult,2016,2025,9,Exact
A5074730004,Didier Raoult,doi:10.1186/s40793-016-0150-1,10.1186/s40793-016-0150-1,Didier Raoult,2016,2025,9,Exact
A5074730004,Didier Raoult,doi:10.1371/journal.pntd.0001403,10.1371/journal.pntd.0001403,Didier Raoult,2011,2025,14,Exact
A5074730004,Didier Raoult,doi:10.1371/journal.pone.0039495,10.1371/journal.pone.0039495,Didier Raoult,2012,2025,13,Exact
A5074730004,Didier Raoult,doi:10.3389/fcimb.2019.00086,10.3389/fcimb.2019.00086,Didier Raoult,2019,2025,6,Exact
A5074730004,Didier Raoult,doi:10.3389/fmicb.2019.01606,10.3389/fmicb.2019.01606,Didier Raoult,2019,2025,6,Exact
A5074730004,Didier Raoult,doi:10.3389/fmicb.2020.513305,10.3389/fmicb.2020.513305,Didier Raoult,2020,2025,5,Exact
A5074730004,Didier Raoult,doi:10.3390/jcm10122643,10.3390/jcm10122643,Didier Raoult,2021,2025,4,Exact
A5074730004,Didier Raoult,doi:10.1371/journal.pntd.0000654,10.1371/journal.pntd.0000654,Didier Raoult,2010,2026,16,Exact
A5074730004,Didier Raoult,doi:10.1371/journal.pntd.0000821,10.1371/journal.pntd.0000821,Didier Raoult,2010,2026,16,Exact
A5074730004,Didier Raoult,doi:10.1371/journal.pntd.0004155,10.1371/journal.pntd.0004155,Didier Raoult,2015,2026,11,Exact
A5074730004,Didier Raoult,doi:10.1371/journal.pntd.0006397,10.1371/journal.pntd.0006397,Didier Raoult,2018,2026,8,Exact
A5074730004,Didier Raoult,doi:10.1371/journal.pone.0031490,10.1371/journal.pone.0031490,Didier Raoult,2012,2026,14,Exact
A5074730004,Didier Raoult,doi:10.1371/journal.pone.0040888,10.1371/journal.pone.0040888,Didier Raoult,2012,2026,14,Exact
A5074730004,Didier Raoult,doi:10.1371/journal.pone.0048254,10.1371/journal.pone.0048254,Didier Raoult,2012,2026,14,Exact
A5074730004,Didier Raoult,doi:10.1371/journal.pone.0059474,10.1371/journal.pone.0059474,Didier Raoult,2013,2026,13,Exact
A5074730004,Didier Raoult,doi:10.1371/journal.pone.0106994,10.1371/journal.pone.0106994,Didier Raoult,2014,2026,12,Exact
A5074730004,Didier Raoult,doi:10.1371/journal.pone.0107533,10.1371/journal.pone.0107533,Didier Raoult,2014,2026,12,Exact
A5074730004,Didier Raoult,doi:10.1371/journal.pone.0217542,10.1371/journal.pone.0217542,Didier Raoult,2019,2026,7,Exact
A5074730004,Didier Raoult,doi:10.1371/journal.pone.0241407,10.1371/journal.pone.0241407,Didier Raoult,2020,2026,6,Exact
A5074730004,Didier Raoult,doi:10.1371/journal.ppat.1000066,10.1371/journal.ppat.1000066,Didier Raoult,2008,2026,18,Exact
A5074737950,Lei Wang,doi:10.1155/2022/8412750,10.1155/2022/8412750,Lei Wang,2022,2023,1,Exact
A5074749301,Li liu,doi:10.1155/2022/7702432,10.1155/2022/7702432,Li Liu,2022,2023,1,Exact
A5074804419,Guilherme Malafaia,doi:10.1016/j.scitotenv.2019.05.046,10.1016/j.scitotenv.2019.05.046,Guilherme Malafaia,2019,2024,5,Exact
A5074804419,Guilherme Malafaia,doi:10.1016/j.scitotenv.2019.05.183,10.1016/j.scitotenv.2019.05.183,Guilherme Malafaia,2019,2024,5,Exact
A5074804419,Guilherme Malafaia,doi:10.1016/j.scitotenv.2019.06.253,10.1016/j.scitotenv.2019.06.253,Guilherme Malafaia,2019,2024,5,Exact
A5074804419,Guilherme Malafaia,doi:10.1016/j.scitotenv.2019.06.385,10.1016/j.scitotenv.2019.06.385,Guilherme Malafaia,2019,2024,5,Exact
A5074804419,Guilherme Malafaia,doi:10.1016/j.scitotenv.2020.141936,10.1016/j.scitotenv.2020.141936,Guilherme Malafaia,2020,2024,4,Exact
A5074804419,Guilherme Malafaia,doi:10.1016/j.scitotenv.2020.141937,10.1016/j.scitotenv.2020.141937,Guilherme Malafaia,2020,2024,4,Exact
A5074804419,Guilherme Malafaia,doi:10.1016/j.scitotenv.2020.143231,10.1016/j.scitotenv.2020.143231,Guilherme Malafaia,2021,2024,3,Exact
A5074804419,Guilherme Malafaia,doi:10.1016/j.scitotenv.2020.143851,10.1016/j.scitotenv.2020.143851,Guilherme Malafaia,2020,2024,4,Exact
A5074804419,Guilherme Malafaia,doi:10.1016/j.scitotenv.2020.143991,10.1016/j.scitotenv.2020.143991,Guilherme Malafaia,2020,2024,4,Exact
A5074804419,Guilherme Malafaia,doi:10.1016/j.scitotenv.2021.146514,10.1016/j.scitotenv.2021.146514,Guilherme Malafaia,2021,2024,3,Exact
A5074804419,Guilherme Malafaia,doi:10.1016/j.scitotenv.2021.146553,10.1016/j.scitotenv.2021.146553,Guilherme Malafaia,2021,2024,3,Exact
A5074804419,Guilherme Malafaia,doi:10.1016/j.scitotenv.2021.146994,10.1016/j.scitotenv.2021.146994,Guilherme Malafaia,2021,2024,3,Exact
A5074804419,Guilherme Malafaia,doi:10.1016/j.scitotenv.2021.148129,10.1016/j.scitotenv.2021.148129,Guilherme Malafaia,2021,2024,3,Exact
A5074804419,Guilherme Malafaia,doi:10.1016/j.scitotenv.2021.150254,10.1016/j.scitotenv.2021.150254,Guilherme Malafaia,2021,2024,3,Exact
A5074804419,Guilherme Malafaia,doi:10.1016/j.scitotenv.2021.152345,10.1016/j.scitotenv.2021.152345,Guilherme Malafaia,2021,2024,3,Exact
A5074804419,Guilherme Malafaia,doi:10.1016/j.scitotenv.2021.152841,10.1016/j.scitotenv.2021.152841,Guilherme Malafaia,2022,2024,2,Exact
A5074804419,Guilherme Malafaia,doi:10.1016/j.scitotenv.2022.153988,10.1016/j.scitotenv.2022.153988,Guilherme Malafaia,2022,2024,2,Exact
A5074804419,Guilherme Malafaia,doi:10.1016/j.scitotenv.2022.154046,10.1016/j.scitotenv.2022.154046,Guilherme Malafaia,2022,2024,2,Exact
A5074804419,Guilherme Malafaia,doi:10.1016/j.scitotenv.2022.155833,10.1016/j.scitotenv.2022.155833,Guilherme Malafaia,2022,2024,2,Exact
A5074804419,Guilherme Malafaia,doi:10.1016/j.scitotenv.2022.155849,10.1016/j.scitotenv.2022.155849,Guilherme Malafaia,2022,2024,2,Exact
A5074804419,Guilherme Malafaia,doi:10.1016/j.scitotenv.2022.157813,10.1016/j.scitotenv.2022.157813,Guilherme Malafaia,2022,2024,2,Exact
A5074804419,Guilherme Malafaia,doi:10.1016/j.scitotenv.2022.158502,10.1016/j.scitotenv.2022.158502,Guilherme Malafaia,2022,2024,2,Exact
A5074804419,Guilherme Malafaia,doi:10.1016/j.scitotenv.2022.159517,10.1016/j.scitotenv.2022.159517,Guilherme Malafaia,2022,2024,2,Exact
A5074804419,Guilherme Malafaia,doi:10.1016/j.scitotenv.2022.159754,10.1016/j.scitotenv.2022.159754,Guilherme Malafaia,2022,2024,2,Exact
A5074804419,Guilherme Malafaia,doi:10.1016/j.scitotenv.2022.159838,10.1016/j.scitotenv.2022.159838,Guilherme Malafaia,2022,2024,2,Exact
A5074804419,Guilherme Malafaia,doi:10.1016/j.scitotenv.2022.160118,10.1016/j.scitotenv.2022.160118,Guilherme Malafaia,2022,2024,2,Exact
A5074804419,Guilherme Malafaia,doi:10.1016/j.scitotenv.2022.160575,10.1016/j.scitotenv.2022.160575,Guilherme Malafaia,2023,2024,1,Exact
A5074804419,Guilherme Malafaia,doi:10.1016/j.scitotenv.2022.160935,10.1016/j.scitotenv.2022.160935,Guilherme Malafaia,2022,2024,2,Exact
A5074804419,Guilherme Malafaia,doi:10.1016/j.scitotenv.2023.162402,10.1016/j.scitotenv.2023.162402,Guilherme Malafaia,2023,2024,1,Exact
A5074804419,Guilherme Malafaia,doi:10.1016/j.scitotenv.2023.162650,10.1016/j.scitotenv.2023.162650,Guilherme Malafaia,2023,2024,1,Exact
A5074804419,Guilherme Malafaia,doi:10.1016/j.scitotenv.2023.164224,10.1016/j.scitotenv.2023.164224,Guilherme Malafaia,2023,2024,1,Exact
A5074804419,Guilherme Malafaia,doi:10.1016/j.scitotenv.2023.164758,10.1016/j.scitotenv.2023.164758,Guilherme Malafaia,2023,2024,1,Exact
A5074804419,Guilherme Malafaia,doi:10.1016/j.scitotenv.2023.165529,10.1016/j.scitotenv.2023.165529,Guilherme Malafaia,2023,2024,1,Exact
A5074804419,Guilherme Malafaia,doi:10.1016/j.scitotenv.2023.165952,10.1016/j.scitotenv.2023.165952,Guilherme Malafaia,2023,2024,1,Exact
A5074804419,Guilherme Malafaia,doi:10.1016/j.scitotenv.2023.165988,10.1016/j.scitotenv.2023.165988,Guilherme Malafaia,2023,2024,1,Exact
A5074804419,Guilherme Malafaia,doi:10.1016/j.scitotenv.2023.167500,10.1016/j.scitotenv.2023.167500,Guilherme Malafaia,2023,2024,1,Exact
A5074804419,Guilherme Malafaia,doi:10.1016/j.scitotenv.2023.169529,10.1016/j.scitotenv.2023.169529,Guilherme Malafaia,2024,2024,0,Exact
A5074804419,Guilherme Malafaia,doi:10.1016/j.scitotenv.2022.153064,10.1016/j.scitotenv.2022.153064,Guilherme Malafaia,2022,2025,3,Exact
A5074804419,Guilherme Malafaia,doi:10.1016/j.scitotenv.2022.156709,10.1016/j.scitotenv.2022.156709,Guilherme Malafaia,2022,2025,3,Exact
A5074804419,Guilherme Malafaia,doi:10.1016/j.scitotenv.2022.159512,10.1016/j.scitotenv.2022.159512,Guilherme Malafaia,2022,2025,3,Exact
A5074804419,Guilherme Malafaia,doi:10.1016/j.scitotenv.2022.159844,10.1016/j.scitotenv.2022.159844,Guilherme Malafaia,2022,2025,3,Exact
A5074804419,Guilherme Malafaia,doi:10.1016/j.scitotenv.2023.161704,10.1016/j.scitotenv.2023.161704,Guilherme Malafaia,2023,2025,2,Exact
A5074804419,Guilherme Malafaia,doi:10.1016/j.scitotenv.2023.162382,10.1016/j.scitotenv.2023.162382,Guilherme Malafaia,2023,2025,2,Exact
A5074804419,Guilherme Malafaia,doi:10.1016/j.scitotenv.2023.163269,10.1016/j.scitotenv.2023.163269,Guilherme Malafaia,2023,2025,2,Exact
A5074804419,Guilherme Malafaia,doi:10.1016/j.scitotenv.2023.164164,10.1016/j.scitotenv.2023.164164,Guilherme Malafaia,2023,2025,2,Exact
A5074804419,Guilherme Malafaia,doi:10.1016/j.envres.2023.115569,10.1016/j.envres.2023.115569,Guilherme Malafaia,2023,2026,3,Exact
A5074921115,Bin Zhang,doi:10.1155/2022/3055465,10.1155/2022/3055465,Bin Zhang,2022,2023,1,Exact
A5075131520,Yu Zhang,doi:10.1016/j.lfs.2020.117425,10.1016/j.lfs.2020.117425,Yu Zhang,2020,2024,4,Exact
A5075133693,Tao Wang,doi:10.1039/c5nr09227b,10.1039/c5nr09227b,Tao Wang,2016,2019,3,Exact
A5075145729,Liu Hui,doi:10.1177/0020720920983527,10.1177/0020720920983527,Hui Liu,2021,2023,2,Exact
A5075176228,Jing Wang,doi:10.1109/icbbe.2011.5780824,10.1109/icbbe.2011.5780824,Jing Wang,2011,2011,0,Exact
A5075203798,Jing Chen,doi:10.1155/2022/6118196,10.1155/2022/6118196,Jing Chen,2022,2024,2,Exact
A5075209901,Bo Wang,doi:10.1155/2022/4824247,10.1155/2022/4824247,Bo Wang,2022,2023,1,Exact
A5075408879,Ming Li,doi:10.1155/2022/2743679,10.1155/2022/2743679,Ming Li,2022,2023,1,Exact
A5075429693,Min Zhang,doi:10.1155/2022/7653766,10.1155/2022/7653766,Min Zhang,2022,2023,1,Exact
A5075631027,Yang Liu,doi:10.1155/2021/3698845,10.1155/2021/3698845,Yang Liu,2021,2023,2,Exact
A5075653084,Bin Liu,doi:10.1109/iciecs.2010.5677760,10.1109/iciecs.2010.5677760,Bin Liu,2010,2010,0,Exact
A5075766567,Tao Zhang,doi:10.1109/etcs.2010.459,10.1109/etcs.2010.459,Tao Zhang,2010,2010,0,Exact
A5075868044,A. Maxim,doi:10.1109/cicc.2004.1358760,10.1109/cicc.2004.1358760,Adrian Maxim,2004,2004,0,Initial
A5075868044,A. Maxim,doi:10.1109/esscir.2004.1356693,10.1109/esscir.2004.1356693,Adrian Maxim,2004,2004,0,Initial
A5075868044,A. Maxim,doi:10.1109/isscc.2004.1332736,10.1109/isscc.2004.1332736,Adrian Maxim,2004,2004,0,Initial
A5075868044,A. Maxim,doi:10.1109/vlsic.2004.1346630,10.1109/vlsic.2004.1346630,Adrian Maxim,2004,2004,0,Initial
A5075868044,A. Maxim,doi:10.1109/vlsic.2004.1346631,10.1109/vlsic.2004.1346631,Adrian Maxim,2004,2004,0,Initial
A5075868044,A. Maxim,doi:10.1109/bipol.2005.1555209,10.1109/bipol.2005.1555209,Adrian Maxim,2005,2005,0,Initial
A5075868044,A. Maxim,doi:10.1109/cicc.2006.321011,10.1109/cicc.2006.321011,Adrian Maxim,2004,2005,1,Initial
A5075868044,A. Maxim,doi:10.1109/esscir.2005.1541567,10.1109/esscir.2005.1541567,Adrian Maxim,2005,2005,0,Initial
A5075868044,A. Maxim,doi:10.1109/jssc.2004.838004,10.1109/jssc.2004.838004,Adrian Maxim,2005,2005,0,Initial
A5075868044,A. Maxim,doi:10.1109/rfic.2005.1489633,10.1109/rfic.2005.1489633,Adrian Maxim,2005,2005,0,Initial
A5075868044,A. Maxim,doi:10.1109/rfic.2005.1489795,10.1109/rfic.2005.1489795,Adrian Maxim,2005,2005,0,Initial
A5075868044,A. Maxim,doi:10.1109/rfic.2005.1489827,10.1109/rfic.2005.1489827,Adrian Maxim,2005,2005,0,Initial
A5075868044,A. Maxim,doi:10.1109/vlsic.2005.1469367,10.1109/vlsic.2005.1469367,Adrian Maxim,2005,2005,0,Initial
A5075868044,A. Maxim,doi:10.1109/vlsic.2005.1469378,10.1109/vlsic.2005.1469378,Adrian Maxim,2005,2005,0,Initial
A5075868044,A. Maxim,doi:10.1109/cicc.2005.1568624,10.1109/cicc.2005.1568624,Adrian Maxim,2005,2006,1,Initial
A5075868044,A. Maxim,doi:10.1109/cicc.2005.1568726,10.1109/cicc.2005.1568726,Adrian Maxim,2005,2006,1,Initial
A5075868044,A. Maxim,doi:10.1109/jssc.2006.870914,10.1109/jssc.2006.870914,Adrian Maxim,2006,2006,0,Initial
A5075868044,A. Maxim,doi:10.1109/jssc.2006.880589,10.1109/jssc.2006.880589,Adrian Maxim,2006,2006,0,Initial
A5075868044,A. Maxim,doi:10.1109/rfic.2006.1651122,10.1109/rfic.2006.1651122,Adrian Maxim,2006,2006,0,Initial
A5075868044,A. Maxim,doi:10.1109/rfic.2006.1651161,10.1109/rfic.2006.1651161,Adrian Maxim,2006,2006,0,Initial
A5075868044,A. Maxim,doi:10.1109/bipol.2006.311164,10.1109/bipol.2006.311164,Adrian Maxim,2006,2007,1,Initial
A5075868044,A. Maxim,doi:10.1109/bipol.2006.311171,10.1109/bipol.2006.311171,Adrian Maxim,2006,2007,1,Exact
A5075868044,A. Maxim,doi:10.1109/bipol.2006.311173,10.1109/bipol.2006.311173,Adrian Maxim,2006,2007,1,Initial
A5075868044,A. Maxim,doi:10.1109/bipol.2007.4351825,10.1109/bipol.2007.4351825,Adrian Maxim,2007,2007,0,Initial
A5075868044,A. Maxim,doi:10.1109/bipol.2007.4351845,10.1109/bipol.2007.4351845,Adrian Maxim,2007,2007,0,Initial
A5075868044,A. Maxim,doi:10.1109/bipol.2007.4351850,10.1109/bipol.2007.4351850,Adrian Maxim,2007,2007,0,Initial
A5075868044,A. Maxim,doi:10.1109/cicc.2006.320876,10.1109/cicc.2006.320876,Adrian Maxim,2006,2007,1,Exact
A5075868044,A. Maxim,doi:10.1109/csics.2006.319930,10.1109/csics.2006.319930,Adrian Maxim,2006,2007,1,Initial
A5075868044,A. Maxim,doi:10.1109/jssc.2007.900764,10.1109/jssc.2007.900764,Adrian Maxim,2007,2007,0,Exact
A5075868044,A. Maxim,doi:10.1109/jssc.2007.905228,10.1109/jssc.2007.905228,Adrian Maxim,2007,2007,0,Initial
A5075868044,A. Maxim,doi:10.1109/jssc.2007.907171,10.1109/jssc.2007.907171,Adrian Maxim,2007,2007,0,Exact
A5075868044,A. Maxim,doi:10.1109/rfic.2007.380977,10.1109/rfic.2007.380977,Adrian Maxim,2007,2007,0,Initial
A5075868044,A. Maxim,doi:10.1109/rws.2007.351736,10.1109/rws.2007.351736,Adrian Maxim,2007,2007,0,Initial
A5075868044,A. Maxim,doi:10.1109/rws.2007.351759,10.1109/rws.2007.351759,Adrian Maxim,2007,2007,0,Initial
A5075868044,A. Maxim,doi:10.1109/rws.2007.351799,10.1109/rws.2007.351799,Adrian Maxim,2007,2007,0,Exact
A5075868044,A. Maxim,doi:10.1109/rws.2007.351859,10.1109/rws.2007.351859,Adrian Maxim,2007,2007,0,Initial
A5075868044,A. Maxim,doi:10.1109/vlsic.2006.1705302,10.1109/vlsic.2006.1705302,Adrian Maxim,2006,2007,1,Initial
A5075868044,A. Maxim,doi:10.1109/vlsic.2007.4342720,10.1109/vlsic.2007.4342720,Adrian Maxim,2007,2007,0,Initial
A5075868044,A. Maxim,doi:10.1109/vlsic.2007.4342722,10.1109/vlsic.2007.4342722,Adrian Maxim,2007,2007,0,Initial
A5075868044,A. Maxim,doi:10.1109/cicc.2007.4405690,10.1109/cicc.2007.4405690,Adrian Maxim,2007,2008,1,Initial
A5075868044,A. Maxim,doi:10.1109/rws.2008.4463426,10.1109/rws.2008.4463426,Adrian Maxim,2008,2008,0,Initial
A5075868044,A. Maxim,doi:10.1109/rws.2008.4463509,10.1109/rws.2008.4463509,Adrian Maxim,2008,2008,0,Initial
A5075868044,A. Maxim,doi:10.1109/rws.2008.4463610,10.1109/rws.2008.4463610,Adrian Maxim,2008,2008,0,Initial
A5075868044,A. Maxim,doi:10.1109/smic.2008.7,10.1109/smic.2008.7,Adrian Maxim,2008,2008,0,Initial
A5075868044,A. Maxim,doi:10.1109/smic.2008.8,10.1109/smic.2008.8,Adrian Maxim,2008,2008,0,Initial
A5075868044,A. Maxim,doi:10.1109/isscc.2008.4523195,10.1109/isscc.2008.4523195,Adrian Maxim,2008,2009,1,Exact
A5075868044,A. Maxim,doi:10.1109/rws.2008.4463459,10.1109/rws.2008.4463459,Adrian Maxim,2008,2009,1,Initial
A5075868044,A. Maxim,doi:10.1109/rfic.2007.380870,10.1109/rfic.2007.380870,Adrian Maxim,2007,2017,10,Initial
A5075934484,Nan Li,doi:10.1155/2022/3737527,10.1155/2022/3737527,Nan Li,2022,2023,1,Exact
A5075982894,Jing Zhang,doi:10.1109/iccsit.2010.5565184,10.1109/iccsit.2010.5565184,Jing Zhang,2010,2010,0,Exact
A5076006482,Jun Chen,doi:10.1109/etcs.2010.260,10.1109/etcs.2010.260,Jun Chen,2010,2010,0,Exact
A5076006482,Jun Chen,doi:10.1155/2022/1615923,10.1155/2022/1615923,Jun Chen,2022,2023,1,Exact
A5076180869,Chao Wang,doi:10.1107/s2059798317015303,10.1107/s2059798317015303,Chao Wang,2017,2018,1,Exact
A5076239257,Bo Wang,doi:10.1109/icnc.2010.5582411,10.1109/icnc.2010.5582411,Bo Wang,2010,2010,0,Exact
A5076310461,Tao Zhang,doi:10.3233/jifs-237479,10.3233/jifs-237479,Tao Zhang,2024,2025,1,Exact
A5076390617,Li Zhang,doi:10.1155/2022/8428963,10.1155/2022/8428963,Li Zhang,2022,2023,1,Exact
A5076514018,Jing Wang,doi:10.1155/2022/2968122,10.1155/2022/2968122,Jing Wang,2022,2023,1,Exact
A5076573459,Jing Zhang,doi:10.1371/journal.pone.0061079,10.1371/journal.pone.0061079,Jing Zhang,2013,2020,7,Exact
A5076576939,Wei Wang,doi:10.1155/2022/5653694,10.1155/2022/5653694,Wei Wang,2022,2023,1,Exact
A5076637678,Yu Liu,doi:10.1155/2022/2483306,10.1155/2022/2483306,Yu Liu,2022,2023,1,Exact
A5076874458,Feng Li,doi:10.1155/2022/4355184,10.1155/2022/4355184,Feng Li,2022,2023,1,Exact
A5077065515,Hui Zhang,doi:10.1093/jxb/eraa352,10.1093/jxb/eraa352,Hui Zhang,2020,2022,2,Exact
A5077083938,Jing Liu,doi:10.1007/s00500-023-09436-7,10.1007/s00500-023-09436-7,Jing Liu,2023,2026,3,Exact
A5077121399,Jing Zhang,doi:10.1109/iccet.2010.5485726,10.1109/iccet.2010.5485726,Jing Zhang,2010,2010,0,Exact
A5077239749,Li Zhang,doi:10.1111/iwj.13867,10.1111/iwj.13867,Li Zhang,2022,2025,3,Exact
A5077345820,Yu Wang,doi:10.1155/2022/3606469,10.1155/2022/3606469,Yu Wang,2022,2023,1,Exact
A5077478614,Jie Zhang,doi:10.1016/j.nefro.2021.09.007,10.1016/j.nefro.2021.09.007,Jie Zhang,2021,2021,0,Exact
A5077501110,Nan Li,doi:10.1109/icbbe.2011.5781015,10.1109/icbbe.2011.5781015,Nan Li,2011,2011,0,Exact
A5077556327,Feng Li,doi:10.1155/2022/4277254,10.1155/2022/4277254,Feng Li,2022,2023,1,Exact
A5077615813,Wei Wang,doi:10.1155/2022/4259499,10.1155/2022/4259499,Wei Wang,2022,2023,1,Exact
A5077661122,Wei Zhang,doi:10.1155/2022/7667770,10.1155/2022/7667770,Wei Zhang,2022,2023,1,Exact
A5077744630,Yang Zhang,doi:10.1155/2022/9339824,10.1155/2022/9339824,Yang Zhang,2022,2023,1,Exact
A5077744630,Yang Zhang,doi:10.1186/s12871-021-01391-w,10.1186/s12871-021-01391-w,Yang Zhang,2021,2024,3,Exact
A5077797526,Zhang Yong,doi:10.1155/2022/9918171,10.1155/2022/9918171,Yong Zhang,2022,2023,1,Exact
A5077876044,Jing Wang,doi:10.1155/2022/5925433,10.1155/2022/5925433,Jing Wang,2022,2023,1,Exact
A5077952151,Bin Wang,doi:10.1007/s13402-019-00461-z,10.1007/s13402-019-00461-z,Bin Wang,2019,2021,2,Exact
A5077967270,Wei Wang,doi:10.1155/2022/8691835,10.1155/2022/8691835,Wei Wang,2022,2023,1,Exact
A5078027241,Feng Wang,doi:10.1155/2022/3924013,10.1155/2022/3924013,Feng Wang,2022,2023,1,Exact
A5078227951,Zhao Wei,doi:10.1155/2021/4171019,10.1155/2021/4171019,Wei Zhao,2021,2024,3,Exact
A5078352370,Yang Yang,doi:10.1155/2022/8443448,10.1155/2022/8443448,Yang Yang,2022,2023,1,Exact
A5078355847,Rui Wang,doi:10.1155/2022/2773868,10.1155/2022/2773868,Rui Wang,2022,2023,1,Exact
A5078437006,Tao Liu,doi:10.1177/14727978251361868,10.1177/14727978251361868,Tao Liu,2025,2025,0,Exact
A5078459918,Hiroshi Otake,doi:10.1097/aap.0000000000000375,10.1097/aap.0000000000000375,Hiroshi Otake,2016,2020,4,Exact
A5078459918,Hiroshi Otake,doi:10.1097/aap.0000000000000463,10.1097/aap.0000000000000463,Hiroshi Otake,2019,2020,1,Exact
A5078459918,Hiroshi Otake,doi:10.1097/md.0000000000012746,10.1097/md.0000000000012746,Hiroshi Otake,2018,2020,2,Exact
A5078459918,Hiroshi Otake,doi:10.1136/rapm-2018-100091,10.1136/rapm-2018-100091,Hiroshi Otake,2019,2020,1,Exact
A5078459918,Hiroshi Otake,doi:10.1186/s40981-016-0061-6,10.1186/s40981-016-0061-6,Hiroshi Otake,2016,2020,4,Exact
A5078459918,Hiroshi Otake,doi:10.1186/s40981-018-0161-6,10.1186/s40981-018-0161-6,Hiroshi Otake,2018,2020,2,Exact
A5078459918,Hiroshi Otake,doi:10.4236/ojanes.2017.710035,10.4236/ojanes.2017.710035,Hiroshi Otake,2017,2021,4,Exact
A5078459918,Hiroshi Otake,doi:10.4236/ojanes.2019.93004,10.4236/ojanes.2019.93004,Hiroshi Otake,2019,2021,2,Exact
A5078459918,Hiroshi Otake,doi:10.4236/ojanes.2019.94006,10.4236/ojanes.2019.94006,Hiroshi Otake,2019,2021,2,Exact
A5078459918,Hiroshi Otake,doi:10.1016/j.jclinane.2015.05.013,10.1016/j.jclinane.2015.05.013,Hiroshi Otake,2015,2022,7,Exact
A5078459918,Hiroshi Otake,doi:10.1016/j.jclinane.2015.10.007,10.1016/j.jclinane.2015.10.007,Hiroshi Otake,2016,2022,6,Exact
A5078459918,Hiroshi Otake,doi:10.1016/j.jclinane.2015.10.014,10.1016/j.jclinane.2015.10.014,Hiroshi Otake,2016,2022,6,Exact
A5078459918,Hiroshi Otake,doi:10.1016/j.jclinane.2015.11.012,10.1016/j.jclinane.2015.11.012,Hiroshi Otake,2016,2022,6,Exact
A5078459918,Hiroshi Otake,doi:10.1016/j.jclinane.2015.11.019,10.1016/j.jclinane.2015.11.019,Hiroshi Otake,2016,2022,6,Exact
A5078459918,Hiroshi Otake,doi:10.1016/j.jclinane.2015.12.033,10.1016/j.jclinane.2015.12.033,Hiroshi Otake,2016,2022,6,Exact
A5078459918,Hiroshi Otake,doi:10.1016/j.jclinane.2016.01.046,10.1016/j.jclinane.2016.01.046,Hiroshi Otake,2016,2022,6,Exact
A5078459918,Hiroshi Otake,doi:10.1016/j.jclinane.2016.02.005,10.1016/j.jclinane.2016.02.005,Hiroshi Otake,2016,2022,6,Exact
A5078459918,Hiroshi Otake,doi:10.1016/j.jclinane.2016.02.031,10.1016/j.jclinane.2016.02.031,Hiroshi Otake,2016,2022,6,Exact
A5078459918,Hiroshi Otake,doi:10.1016/j.jclinane.2016.03.027,10.1016/j.jclinane.2016.03.027,Hiroshi Otake,2016,2022,6,Exact
A5078459918,Hiroshi Otake,doi:10.1016/j.jclinane.2016.03.030,10.1016/j.jclinane.2016.03.030,Hiroshi Otake,2016,2022,6,Exact
A5078459918,Hiroshi Otake,doi:10.1016/j.jclinane.2016.03.032,10.1016/j.jclinane.2016.03.032,Hiroshi Otake,2016,2022,6,Exact
A5078459918,Hiroshi Otake,doi:10.1016/j.jclinane.2016.03.040,10.1016/j.jclinane.2016.03.040,Hiroshi Otake,2016,2022,6,Exact
A5078459918,Hiroshi Otake,doi:10.1016/j.jclinane.2016.03.057,10.1016/j.jclinane.2016.03.057,Hiroshi Otake,2016,2022,6,Exact
A5078459918,Hiroshi Otake,doi:10.1016/j.jclinane.2016.04.006,10.1016/j.jclinane.2016.04.006,Hiroshi Otake,2016,2022,6,Exact
A5078459918,Hiroshi Otake,doi:10.1016/j.jclinane.2016.04.008,10.1016/j.jclinane.2016.04.008,Hiroshi Otake,2016,2022,6,Exact
A5078459918,Hiroshi Otake,doi:10.1016/j.jclinane.2016.04.014,10.1016/j.jclinane.2016.04.014,Hiroshi Otake,2016,2022,6,Exact
A5078459918,Hiroshi Otake,doi:10.1016/j.jclinane.2016.04.060,10.1016/j.jclinane.2016.04.060,Hiroshi Otake,2016,2022,6,Exact
A5078459918,Hiroshi Otake,doi:10.1016/j.jclinane.2016.05.001,10.1016/j.jclinane.2016.05.001,Hiroshi Otake,2016,2022,6,Exact
A5078459918,Hiroshi Otake,doi:10.1016/j.jclinane.2016.05.031,10.1016/j.jclinane.2016.05.031,Hiroshi Otake,2018,2022,4,Exact
A5078459918,Hiroshi Otake,doi:10.1016/j.jclinane.2016.06.001,10.1016/j.jclinane.2016.06.001,Hiroshi Otake,2018,2022,4,Exact
A5078459918,Hiroshi Otake,doi:10.1016/j.jclinane.2016.06.004,10.1016/j.jclinane.2016.06.004,Hiroshi Otake,2016,2022,6,Exact
A5078459918,Hiroshi Otake,doi:10.1016/j.jclinane.2016.09.001,10.1016/j.jclinane.2016.09.001,Hiroshi Otake,2016,2022,6,Exact
A5078459918,Hiroshi Otake,doi:10.1016/j.jclinane.2016.09.009,10.1016/j.jclinane.2016.09.009,Hiroshi Otake,2016,2022,6,Exact
A5078459918,Hiroshi Otake,doi:10.1016/j.jclinane.2016.12.013,10.1016/j.jclinane.2016.12.013,Hiroshi Otake,2017,2022,5,Exact
A5078459918,Hiroshi Otake,doi:10.1016/j.jclinane.2016.12.014,10.1016/j.jclinane.2016.12.014,Hiroshi Otake,2017,2022,5,Exact
A5078459918,Hiroshi Otake,doi:10.1016/j.jclinane.2016.12.020,10.1016/j.jclinane.2016.12.020,Hiroshi Otake,2017,2022,5,Exact
A5078459918,Hiroshi Otake,doi:10.1016/j.jclinane.2016.12.021,10.1016/j.jclinane.2016.12.021,Hiroshi Otake,2017,2022,5,Exact
A5078459918,Hiroshi Otake,doi:10.1016/j.jclinane.2016.12.022,10.1016/j.jclinane.2016.12.022,Hiroshi Otake,2017,2022,5,Exact
A5078459918,Hiroshi Otake,doi:10.1016/j.jclinane.2016.12.026,10.1016/j.jclinane.2016.12.026,Hiroshi Otake,2017,2022,5,Exact
A5078459918,Hiroshi Otake,doi:10.1016/j.jclinane.2016.12.028,10.1016/j.jclinane.2016.12.028,Hiroshi Otake,2017,2022,5,Exact
A5078459918,Hiroshi Otake,doi:10.1016/j.jclinane.2017.01.009,10.1016/j.jclinane.2017.01.009,Hiroshi Otake,2017,2022,5,Exact
A5078459918,Hiroshi Otake,doi:10.1016/j.jclinane.2017.01.010,10.1016/j.jclinane.2017.01.010,Hiroshi Otake,2017,2022,5,Exact
A5078459918,Hiroshi Otake,doi:10.1016/j.jclinane.2017.01.027,10.1016/j.jclinane.2017.01.027,Hiroshi Otake,2017,2022,5,Exact
A5078459918,Hiroshi Otake,doi:10.1016/j.jclinane.2017.01.038,10.1016/j.jclinane.2017.01.038,Hiroshi Otake,2017,2022,5,Exact
A5078459918,Hiroshi Otake,doi:10.1016/j.jclinane.2017.03.042,10.1016/j.jclinane.2017.03.042,Hiroshi Otake,2017,2022,5,Exact
A5078459918,Hiroshi Otake,doi:10.1016/j.jclinane.2017.03.056,10.1016/j.jclinane.2017.03.056,Hiroshi Otake,2017,2022,5,Exact
A5078459918,Hiroshi Otake,doi:10.1016/j.jclinane.2017.04.012,10.1016/j.jclinane.2017.04.012,Hiroshi Otake,2017,2022,5,Exact
A5078459918,Hiroshi Otake,doi:10.1016/j.jclinane.2017.04.013,10.1016/j.jclinane.2017.04.013,Hiroshi Otake,2017,2022,5,Exact
A5078459918,Hiroshi Otake,doi:10.1016/j.jclinane.2017.04.016,10.1016/j.jclinane.2017.04.016,Hiroshi Otake,2017,2022,5,Exact
A5078459918,Hiroshi Otake,doi:10.1016/j.jclinane.2017.05.012,10.1016/j.jclinane.2017.05.012,Hiroshi Otake,2017,2022,5,Exact
A5078459918,Hiroshi Otake,doi:10.1016/j.jclinane.2017.06.012,10.1016/j.jclinane.2017.06.012,Hiroshi Otake,2017,2022,5,Exact
A5078459918,Hiroshi Otake,doi:10.1016/j.jclinane.2017.06.018,10.1016/j.jclinane.2017.06.018,Hiroshi Otake,2017,2022,5,Exact
A5078459918,Hiroshi Otake,doi:10.1016/j.jclinane.2017.07.011,10.1016/j.jclinane.2017.07.011,Hiroshi Otake,2017,2022,5,Exact
A5078459918,Hiroshi Otake,doi:10.1016/j.jclinane.2017.08.006,10.1016/j.jclinane.2017.08.006,Hiroshi Otake,2017,2022,5,Exact
A5078459918,Hiroshi Otake,doi:10.1016/j.jclinane.2017.08.012,10.1016/j.jclinane.2017.08.012,Hiroshi Otake,2017,2022,5,Exact
A5078459918,Hiroshi Otake,doi:10.1016/j.jclinane.2017.08.032,10.1016/j.jclinane.2017.08.032,Hiroshi Otake,2017,2022,5,Exact
A5078459918,Hiroshi Otake,doi:10.1016/j.jclinane.2017.09.018,10.1016/j.jclinane.2017.09.018,Hiroshi Otake,2017,2022,5,Exact
A5078459918,Hiroshi Otake,doi:10.1016/j.jclinane.2017.10.015,10.1016/j.jclinane.2017.10.015,Hiroshi Otake,2018,2022,4,Exact
A5078459918,Hiroshi Otake,doi:10.1016/j.jclinane.2017.10.021,10.1016/j.jclinane.2017.10.021,Hiroshi Otake,2017,2022,5,Exact
A5078459918,Hiroshi Otake,doi:10.1016/j.jclinane.2017.10.027,10.1016/j.jclinane.2017.10.027,Hiroshi Otake,2017,2022,5,Exact
A5078459918,Hiroshi Otake,doi:10.1016/j.jclinane.2017.11.009,10.1016/j.jclinane.2017.11.009,Hiroshi Otake,2017,2022,5,Exact
A5078459918,Hiroshi Otake,doi:10.1016/j.jclinane.2017.11.020,10.1016/j.jclinane.2017.11.020,Hiroshi Otake,2017,2022,5,Exact
A5078459918,Hiroshi Otake,doi:10.1016/j.jclinane.2017.11.028,10.1016/j.jclinane.2017.11.028,Hiroshi Otake,2017,2022,5,Exact
A5078459918,Hiroshi Otake,doi:10.1016/j.jclinane.2017.11.031,10.1016/j.jclinane.2017.11.031,Hiroshi Otake,2017,2022,5,Exact
A5078459918,Hiroshi Otake,doi:10.1016/j.jclinane.2017.12.007,10.1016/j.jclinane.2017.12.007,Hiroshi Otake,2017,2022,5,Exact
A5078459918,Hiroshi Otake,doi:10.1016/j.jclinane.2017.12.012,10.1016/j.jclinane.2017.12.012,Hiroshi Otake,2017,2022,5,Exact
A5078459918,Hiroshi Otake,doi:10.1016/j.jclinane.2018.01.021,10.1016/j.jclinane.2018.01.021,Hiroshi Otake,2018,2022,4,Exact
A5078459918,Hiroshi Otake,doi:10.1016/j.jclinane.2018.02.001,10.1016/j.jclinane.2018.02.001,Hiroshi Otake,2018,2022,4,Exact
A5078459918,Hiroshi Otake,doi:10.1016/j.jclinane.2018.03.013,10.1016/j.jclinane.2018.03.013,Hiroshi Otake,2018,2022,4,Exact
A5078459918,Hiroshi Otake,doi:10.1016/j.jclinane.2018.04.004,10.1016/j.jclinane.2018.04.004,Hiroshi Otake,2018,2022,4,Exact
A5078459918,Hiroshi Otake,doi:10.1016/j.jclinane.2018.04.018,10.1016/j.jclinane.2018.04.018,Hiroshi Otake,2018,2022,4,Exact
A5078459918,Hiroshi Otake,doi:10.1016/j.jclinane.2018.06.014,10.1016/j.jclinane.2018.06.014,Hiroshi Otake,2018,2022,4,Exact
A5078459918,Hiroshi Otake,doi:10.1016/j.jclinane.2018.06.015,10.1016/j.jclinane.2018.06.015,Hiroshi Otake,2018,2022,4,Exact
A5078459918,Hiroshi Otake,doi:10.1016/j.jclinane.2018.06.043,10.1016/j.jclinane.2018.06.043,Hiroshi Otake,2018,2022,4,Exact
A5078459918,Hiroshi Otake,doi:10.1016/j.jclinane.2018.06.049,10.1016/j.jclinane.2018.06.049,Hiroshi Otake,2018,2022,4,Exact
A5078459918,Hiroshi Otake,doi:10.1016/j.jclinane.2018.07.010,10.1016/j.jclinane.2018.07.010,Hiroshi Otake,2018,2022,4,Exact
A5078459918,Hiroshi Otake,doi:10.1016/j.jclinane.2018.08.003,10.1016/j.jclinane.2018.08.003,Hiroshi Otake,2018,2022,4,Exact
A5078459918,Hiroshi Otake,doi:10.1016/j.jclinane.2018.08.013,10.1016/j.jclinane.2018.08.013,Hiroshi Otake,2018,2022,4,Exact
A5078459918,Hiroshi Otake,doi:10.1016/j.jclinane.2018.09.022,10.1016/j.jclinane.2018.09.022,Hiroshi Otake,2018,2022,4,Exact
A5078459918,Hiroshi Otake,doi:10.1016/j.jclinane.2018.09.025,10.1016/j.jclinane.2018.09.025,Hiroshi Otake,2018,2022,4,Exact
A5078459918,Hiroshi Otake,doi:10.1016/j.jclinane.2018.09.026,10.1016/j.jclinane.2018.09.026,Hiroshi Otake,2018,2022,4,Exact
A5078459918,Hiroshi Otake,doi:10.1016/j.jclinane.2018.10.013,10.1016/j.jclinane.2018.10.013,Hiroshi Otake,2018,2022,4,Exact
A5078459918,Hiroshi Otake,doi:10.1016/j.jclinane.2018.10.014,10.1016/j.jclinane.2018.10.014,Hiroshi Otake,2018,2022,4,Exact
A5078459918,Hiroshi Otake,doi:10.1016/j.jclinane.2018.10.053,10.1016/j.jclinane.2018.10.053,Hiroshi Otake,2018,2022,4,Exact
A5078459918,Hiroshi Otake,doi:10.1016/j.jclinane.2018.12.009,10.1016/j.jclinane.2018.12.009,Hiroshi Otake,2018,2022,4,Exact
A5078459918,Hiroshi Otake,doi:10.1016/j.jclinane.2018.12.021,10.1016/j.jclinane.2018.12.021,Hiroshi Otake,2019,2022,3,Exact
A5078459918,Hiroshi Otake,doi:10.1016/j.jclinane.2018.12.025,10.1016/j.jclinane.2018.12.025,Hiroshi Otake,2018,2022,4,Exact
A5078459918,Hiroshi Otake,doi:10.1016/j.jclinane.2018.12.058,10.1016/j.jclinane.2018.12.058,Hiroshi Otake,2018,2022,4,Exact
A5078459918,Hiroshi Otake,doi:10.1016/j.jclinane.2019.01.030,10.1016/j.jclinane.2019.01.030,Hiroshi Otake,2019,2022,3,Exact
A5078459918,Hiroshi Otake,doi:10.1016/j.jclinane.2019.01.034,10.1016/j.jclinane.2019.01.034,Hiroshi Otake,2019,2022,3,Exact
A5078459918,Hiroshi Otake,doi:10.1016/j.jclinane.2019.04.008,10.1016/j.jclinane.2019.04.008,Hiroshi Otake,2019,2022,3,Exact
A5078459918,Hiroshi Otake,doi:10.1016/j.jclinane.2019.04.030,10.1016/j.jclinane.2019.04.030,Hiroshi Otake,2019,2022,3,Exact
A5078459918,Hiroshi Otake,doi:10.1016/j.jclinane.2019.05.019,10.1016/j.jclinane.2019.05.019,Hiroshi Otake,2019,2022,3,Exact
A5078459918,Hiroshi Otake,doi:10.1016/j.jclinane.2019.06.008,10.1016/j.jclinane.2019.06.008,Hiroshi Otake,2019,2022,3,Exact
A5078459918,Hiroshi Otake,doi:10.1016/j.jclinane.2019.06.010,10.1016/j.jclinane.2019.06.010,Hiroshi Otake,2019,2022,3,Exact
A5078459918,Hiroshi Otake,doi:10.1016/j.jclinane.2019.109648,10.1016/j.jclinane.2019.109648,Hiroshi Otake,2019,2022,3,Exact
A5078459918,Hiroshi Otake,doi:10.1016/j.jclinane.2019.109684,10.1016/j.jclinane.2019.109684,Hiroshi Otake,2019,2022,3,Exact
A5078459918,Hiroshi Otake,doi:10.1016/j.jclinane.2020.109727,10.1016/j.jclinane.2020.109727,Hiroshi Otake,2020,2022,2,Exact
A5078459918,Hiroshi Otake,doi:10.1093/bja/aew449,10.1093/bja/aew449,Hiroshi Otake,2017,2022,5,Exact
A5078459918,Hiroshi Otake,doi:10.1155/2016/4598583,10.1155/2016/4598583,Hiroshi Otake,2016,2022,6,Exact
A5078459918,Hiroshi Otake,doi:10.4103/sja.sja_301_17,10.4103/sja.sja_301_17,Hiroshi Otake,2014,2022,8,Exact
A5078459918,Hiroshi Otake,doi:10.1016/j.jclinane.2016.01.047,10.1016/j.jclinane.2016.01.047,Hiroshi Otake,2016,2023,7,Exact
A5078575247,Xi Chen,doi:10.1007/s13132-023-01598-x,10.1007/s13132-023-01598-x,Xi Chen,2023,2025,2,Exact
A5078667415,Ping Zhang,doi:10.1155/2022/4658192,10.1155/2022/4658192,Ping Zhang,2022,2023,1,Exact
A5078667415,Ping Zhang,doi:10.1155/2022/5764574,10.1155/2022/5764574,Ping Zhang,2022,2023,1,Exact
A5078667415,Ping Zhang,doi:10.1155/2023/3158486,10.1155/2023/3158486,Ping Zhang,2023,2023,0,Exact
A5078694845,Feng Wang,doi:10.2147/ndt.s260748,10.2147/ndt.s260748,Feng Wang,2020,2022,2,Exact
A5078723687,Li Wang,doi:10.1155/2022/1771162,10.1155/2022/1771162,Li Wang,2022,2023,1,Exact
A5078761832,Yang Yang,doi:10.1155/2022/5282344,10.1155/2022/5282344,Yang Yang,2022,2023,1,Exact
A5078785070,Xin Li,doi:10.1155/2022/5466173,10.1155/2022/5466173,Xin Li,2022,2023,1,Exact
A5078793951,Xi Chen,doi:10.1155/2022/9448349,10.1155/2022/9448349,Xi Chen,2022,2025,3,Exact
A5078964173,Wei Zhao,doi:10.1099/jgv.0.001231,10.1099/jgv.0.001231,Wei Zhao,2019,2020,1,Exact
A5079000764,Lei Wang,doi:10.1155/2022/8753473,10.1155/2022/8753473,Lei Wang,2022,2023,1,Exact
A5079080607,HIDENORI TOYOOKA,doi:10.1046/j.1460-9592.1998.00206.x,10.1046/j.1460-9592.1998.00206.x,Hidenori Toyooka,1998,2013,15,Exact
A5079097812,Fei Wang,doi:10.1155/2022/3363735,10.1155/2022/3363735,Fei Wang,2022,2024,2,Exact
A5079255534,Yang Yang,doi:10.1177/00369330221078993,10.1177/00369330221078993,Yang Yang,2022,2024,2,Exact
A5079306986,Yan Liu,doi:10.1155/2022/4205015,10.1155/2022/4205015,Yan Liu,2022,2023,1,Exact
A5079369822,Jing Li,doi:10.1155/2022/6990393,10.1155/2022/6990393,Jing Li,2022,2023,1,Exact
A5079410269,Ming Li,doi:10.1145/3465631.3465859,10.1145/3465631.3465859,Ming Li,2021,2022,1,Exact
A5079456875,Ling Wang,doi:10.1155/2022/2970257,10.1155/2022/2970257,Ling Wang,2022,2023,1,Exact
A5079524660,Yang Li,doi:10.1155/2021/2283018,10.1155/2021/2283018,Yang Li,2021,2023,2,Exact
A5079524660,Yang Li,doi:10.1155/2021/6663948,10.1155/2021/6663948,Yang Li,2021,2023,2,Exact
A5079564498,Gang Li,doi:10.1155/2022/2455102,10.1155/2022/2455102,Gang Li,2022,2023,1,Exact
A5079628703,Peng Zhang,doi:10.1111/exsy.13212,10.1111/exsy.13212,Peng Zhang,2022,2024,2,Exact
A5079659417,Hui Zhang,doi:10.1631/jzus.b1800530,10.1631/jzus.b1800530,Hui Zhang,2019,2019,0,Exact
A5079659944,Zhang Lin,doi:10.1002/ece3.1786,10.1002/ece3.1786,Lin Zhang,2015,2015,0,Exact
A5079667699,Yan Wang,doi:10.1016/j.chemphys.2010.01.005,10.1016/j.chemphys.2010.01.005,Yan Wang,2010,2010,0,Exact
A5079684072,Hong Wang,doi:10.1109/icmss.2009.5301661,10.1109/icmss.2009.5301661,Hong Wang,2009,2009,0,Exact
A5079856514,Jun Li,doi:10.1007/s11042-017-4821-8,10.1007/s11042-017-4821-8,Jun Li,2017,2020,3,Exact
A5080030367,Jing Wang,doi:10.1155/2022/3440586,10.1155/2022/3440586,Jing Wang,2022,2023,1,Exact
A5080102032,Hao Wang,doi:10.1109/icmss.2009.5304106,10.1109/icmss.2009.5304106,Hao Wang,2009,2009,0,Exact
A5080102032,Hao Wang,doi:10.1109/icbbe.2011.5780145,10.1109/icbbe.2011.5780145,Hao Wang,2011,2011,0,Exact
A5080102032,Hao Wang,doi:10.1109/icbbe.2011.5780916,10.1109/icbbe.2011.5780916,Hao Wang,2011,2011,0,Exact
A5080102032,Hao Wang,doi:10.1038/s41598-018-21997-4,10.1038/s41598-018-21997-4,Hao Wang,2018,2019,1,Exact
A5080102032,Hao Wang,doi:10.1007/s00521-020-05022-2,10.1007/s00521-020-05022-2,Hao Wang,2020,2022,2,Exact
A5080107160,Li Wang,doi:10.1155/2022/4775264,10.1155/2022/4775264,Li Wang,2022,2023,1,Exact
A5080152723,Qi Wang,doi:10.1155/2021/8670474,10.1155/2021/8670474,Qi Wang,2021,2023,2,Exact
A5080152723,Qi Wang,doi:10.1016/j.cstres.2024.03.003,10.1016/j.cstres.2024.03.003,Qi Wang,2024,2024,0,Exact
A5080165722,Feng Wang,doi:10.1007/s00335-021-09896-y,10.1007/s00335-021-09896-y,Feng Wang,2021,2023,2,Exact
A5080214623,Jing Chen,doi:10.1155/2022/7419736,10.1155/2022/7419736,Jing Chen,2022,2023,1,Exact
A5080292153,Fang Wang,doi:10.1021/jacs.9b11357,10.1021/jacs.9b11357,Fang Wang,2020,2021,1,Exact
A5080314329,Xin Zhang,doi:10.1016/j.patcog.2017.05.006,10.1016/j.patcog.2017.05.006,Xin Zhang,2017,2018,1,Exact
A5080515342,Bo Wang,doi:10.1109/icebeg.2011.5882618,10.1109/icebeg.2011.5882618,Bo Wang,2011,2011,0,Exact
A5080573629,Yu Wang,doi:10.1155/2022/3832935,10.1155/2022/3832935,Yu Wang,2022,2023,1,Exact
A5080586741,Wei Zhao,doi:10.1186/s11671-021-03640-w,10.1186/s11671-021-03640-w,Wei Zhao,2022,2023,1,Exact
A5080722372,Hong Zhang,doi:10.1155/2022/1893351,10.1155/2022/1893351,Hong Zhang,2022,2024,2,Exact
A5080841606,Min Li,doi:10.3390/s20123406,10.3390/s20123406,Min Li,2020,2021,1,Exact
A5080888456,Wei Wang,doi:10.1155/2022/8099876,10.1155/2022/8099876,Wei Wang,2022,2023,1,Exact
A5080918574,Yi Wang,doi:10.1155/2022/2088217,10.1155/2022/2088217,Yi Wang,2022,2023,1,Exact
A5080963601,Yan Wang,doi:10.1155/2022/3098726,10.1155/2022/3098726,Yan Wang,2022,2023,1,Exact
A5081105455,R Wang,doi:10.26355/eurrev_201908_18548,10.26355/eurrev_201908_18548,Rui Wang,2019,2022,3,Initial
A5081128160,Feng Wang,doi:10.1098/rsob.180132,10.1098/rsob.180132,Feng Wang,2018,2020,2,Exact
A5081145818,Yang Wang,doi:10.1155/2022/9212561,10.1155/2022/9212561,Yang Wang,2022,2023,1,Exact
A5081215680,Jian Zhang,doi:10.1155/2022/3628335,10.1155/2022/3628335,Jian Zhang,2022,2023,1,Exact
A5081222629,Zhang Yan,doi:10.1155/2022/8941922,10.1155/2022/8941922,Yan Zhang,2022,2023,1,Exact
A5081361669,Jun Chen,doi:10.1155/2022/4861043,10.1155/2022/4861043,Jun Chen,2022,2023,1,Exact
A5081389569,Jian Wang,doi:10.1155/2022/2914571,10.1155/2022/2914571,Jian Wang,2022,2023,1,Exact
A5081416836,Yan Chen,doi:10.1007/s11356-023-27947-6,10.1007/s11356-023-27947-6,Yan Chen,2023,2024,1,Exact
A5081442362,Ying Liu,doi:10.1155/2022/3703132,10.1155/2022/3703132,Ying Liu,2022,2023,1,Exact
A5081578647,Wei Zhang,doi:10.1155/2022/5733358,10.1155/2022/5733358,Wei Zhang,2022,2023,1,Exact
A5081583686,Bin Liu,doi:10.1155/2022/7155525,10.1155/2022/7155525,Bin Liu,2022,2023,1,Exact
A5081732023,Yan Wang,doi:10.1155/2022/9701630,10.1155/2022/9701630,Yan Wang,2022,2023,1,Exact
A5081740800,Xi Chen,doi:10.1155/2022/5300840,10.1155/2022/5300840,Xi Chen,2022,2023,1,Exact
A5081787039,Yang Liu,doi:10.1109/etcs.2010.451,10.1109/etcs.2010.451,Yang Liu,2010,2010,0,Exact
A5081878490,Wei Liu,doi:10.1155/2022/6965880,10.1155/2022/6965880,Wei Liu,2022,2023,1,Exact
A5081883041,Bin Liu,doi:10.1109/icebeg.2011.5882640,10.1109/icebeg.2011.5882640,Bin Liu,2011,2011,0,Exact
A5081914206,Bo Zhang,doi:10.1371/journal.pone.0287820,10.1371/journal.pone.0287820,Bo Zhang,2023,2025,2,Exact
A5081943916,Qian Wang,doi:10.1109/icetce.2011.5774477,10.1109/icetce.2011.5774477,Qian Wang,2011,2011,0,Exact
A5081959698,Nan Li,doi:10.1155/2022/2003618,10.1155/2022/2003618,Nan Li,2022,2023,1,Exact
A5082176657,Xi Chen,doi:10.1155/2022/1892877,10.1155/2022/1892877,Xi Chen,2022,2023,1,Exact
A5082218269,Ying Zhang,doi:10.1016/j.gene.2014.01.081,10.1016/j.gene.2014.01.081,Ying Zhang,2014,2016,2,Exact
A5082308509,Wei Wang,doi:10.1155/2021/3718255,10.1155/2021/3718255,Wei Wang,2021,2023,2,Exact
A5082431907,Jin Wang,doi:10.1371/journal.pone.0043383,10.1371/journal.pone.0043383,Jin Wang,2012,2018,6,Exact
A5082431907,Jin Wang,doi:10.1186/s12944-019-0971-1,10.1186/s12944-019-0971-1,Jin Wang,2019,2025,6,Exact
A5082473674,Lei Li,doi:10.1155/2022/9917832,10.1155/2022/9917832,Lei Li,2022,2023,1,Exact
A5082484382,Jun Lu,doi:10.1155/2022/8460574,10.1155/2022/8460574,Jun Lu,2022,2023,1,Exact
A5082520075,Jun Zhang,doi:10.1155/2022/9274060,10.1155/2022/9274060,Jun Zhang,2022,2023,1,Exact
A5082659189,Min Wang,doi:10.1007/s13277-013-0677-3,10.1007/s13277-013-0677-3,Min Wang,2013,2015,2,Exact
A5082687712,Jing Liu,doi:10.1089/ten.tea.2013.0331,10.1089/ten.tea.2013.0331,Jing Liu,2014,2020,6,Exact
A5082831505,Fang Liu,doi:10.3892/ol.2018.8645,10.3892/ol.2018.8645,Fang Liu,2018,2024,6,Exact
A5082831505,Fang Liu,doi:10.3389/fnins.2024.1491343,10.3389/fnins.2024.1491343,Fang Liu,2024,2025,1,Exact
A5083001885,Peng Zhang,doi:10.1155/2021/6628682,10.1155/2021/6628682,Peng Zhang,2021,2024,3,Exact
A5083085819,Yang Liu,doi:10.1155/2021/6676610,10.1155/2021/6676610,Yang Liu,2021,2023,2,Exact
A5083174655,Jing Yang,doi:10.1155/2022/3700720,10.1155/2022/3700720,Jing Yang,2022,2023,1,Exact
A5083177876,Jie Zhang,doi:10.1016/j.apenergy.2011.02.033,10.1016/j.apenergy.2011.02.033,Jie Zhang,2011,2015,4,Exact
A5083211635,Jian Li,doi:10.1109/icebeg.2011.5886881,10.1109/icebeg.2011.5886881,Jian Li,2011,2011,0,Exact
A5083309031,Yan Chen,doi:10.1155/2022/6956406,10.1155/2022/6956406,Yan Chen,2022,2023,1,Exact
A5083368496,Li Wang,doi:10.1155/2022/2156424,10.1155/2022/2156424,Li Wang,2022,2023,1,Exact
A5083549881,Yang Wang,doi:10.1155/2022/4848447,10.1155/2022/4848447,Yang Wang,2022,2023,1,Exact
A5083612965,Qian Zhang,doi:10.1155/2022/6794657,10.1155/2022/6794657,Qian Zhang,2022,2023,1,Exact
A5083639800,Tao Zhang,doi:10.1109/wicom.2008.1976,10.1109/wicom.2008.1976,Tao Zhang,2008,2008,0,Exact
A5083718325,Yang Liu,doi:10.1155/2022/6788668,10.1155/2022/6788668,Yang Liu,2022,2023,1,Exact
A5083760509,Hui Zhang,doi:10.1155/2022/9514361,10.1155/2022/9514361,Hui Zhang,2022,2024,2,Exact
A5083836939,Yan Zhang,doi:10.1155/2022/4308618,10.1155/2022/4308618,Yan Zhang,2022,2023,1,Exact
A5083878190,Li Jian,doi:10.1155/2022/6180113,10.1155/2022/6180113,Jian Li,2022,2023,1,Exact
A5083910412,Li Zhang,doi:10.1155/2022/5498514,10.1155/2022/5498514,Li Zhang,2022,2024,2,Exact
A5083938464,Gang Wang,doi:10.1371/journal.pgen.1006270,10.1371/journal.pgen.1006270,Gang Wang,2016,2022,6,Exact
A5084017154,Jie Chen,doi:10.1155/2022/5039644,10.1155/2022/5039644,Jie Chen,2022,2023,1,Exact
A5084094930,Yu Zhang,doi:10.1109/icbbe.2011.5780269,10.1109/icbbe.2011.5780269,Yu Zhang,2011,2011,0,Exact
A5084142912,Feng Wang,doi:10.4143/crt.2017.537,10.4143/crt.2017.537,Feng Wang,2018,2024,6,Exact
A5084178417,Na Li,doi:10.1109/icbbe.2011.5780074,10.1109/icbbe.2011.5780074,Na Li,2011,2011,0,Exact
A5084332474,Min Li,doi:10.1109/icebeg.2011.5881355,10.1109/icebeg.2011.5881355,Min Li,2011,2011,0,Exact
A5084384992,Nan Li,doi:10.3892/mmr.2019.9946,10.3892/mmr.2019.9946,Nan Li,2019,2024,5,Exact
A5084420442,Chao Wang,doi:10.1109/icbbe.2011.5781438,10.1109/icbbe.2011.5781438,Chao Wang,2011,2011,0,Exact
A5084520508,Jie Chen,doi:10.1155/2022/1054299,10.1155/2022/1054299,Jie Chen,2022,2022,0,Exact
A5084537113,Lei Wang,doi:10.1155/2022/1427231,10.1155/2022/1427231,Lei Wang,2022,2023,1,Exact
A5084591027,Wei Zhang,doi:10.3892/or.2015.4030,10.3892/or.2015.4030,Wei Zhang,2015,2021,6,Exact
A5084614462,Bo Wang,doi:10.1109/icnc.2011.6022290,10.1109/icnc.2011.6022290,Bo Wang,2011,2011,0,Exact
A5084707917,T. Liu,doi:10.1107/s1600536807060631,10.1107/s1600536807060631,Tao Liu,2007,2009,2,Initial
A5084722772,Fei Wang,doi:10.1155/2022/7376588,10.1155/2022/7376588,Fei Wang,2022,2023,1,Exact
A5084783928,Jun Zhang,doi:10.1016/j.jclepro.2022.132415,10.1016/j.jclepro.2022.132415,Jun Zhang,2022,2022,0,Exact
A5084822670,Yan Liu,doi:10.1155/2022/4487023,10.1155/2022/4487023,Yan Liu,2022,2023,1,Exact
A5084898086,Jing Li,doi:10.1155/2022/9543459,10.1155/2022/9543459,Jing Li,2022,2023,1,Exact
A5085060421,Li Zhang,doi:10.1155/2023/1508675,10.1155/2023/1508675,Li Zhang,2023,2024,1,Exact
A5085189560,Jing Wang,doi:10.1155/2022/6155704,10.1155/2022/6155704,Jing Wang,2022,2023,1,Exact
A5085254243,Yi Zhang,doi:10.1155/2022/7653765,10.1155/2022/7653765,Yi Zhang,2022,2023,1,Exact
A5085254243,Yi Zhang,doi:10.1155/2022/9449427,10.1155/2022/9449427,Yi Zhang,2022,2023,1,Exact
A5085288510,Xin Zhang,doi:10.1155/2022/7237777,10.1155/2022/7237777,Xin Zhang,2022,2023,1,Exact
A5085322722,Dan Wang,doi:10.1155/2022/5660961,10.1155/2022/5660961,Dan Wang,2022,2023,1,Exact
A5085381341,Feng Li,doi:10.1155/2022/1733367,10.1155/2022/1733367,Feng Li,2022,2023,1,Exact
A5085383621,Bin Liu,doi:10.1038/s41598-017-07882-6,10.1038/s41598-017-07882-6,Bin Liu,2017,2019,2,Exact
A5085389749,Jin Zhang,doi:10.1155/2022/7238344,10.1155/2022/7238344,Jin Zhang,2022,2023,1,Exact
A5085409183,Yang Li,doi:10.1155/2022/8164034,10.1155/2022/8164034,Yang Li,2022,2023,1,Exact
A5085490668,Qian Wang,doi:10.1109/icbbe.2011.5781609,10.1109/icbbe.2011.5781609,Qian Wang,2011,2011,0,Exact
A5085490668,Qian Wang,doi:10.1371/journal.pone.0071453,10.1371/journal.pone.0071453,Qian Wang,2013,2025,12,Exact
A5085545717,Qi Wang,doi:10.1109/icbbe.2011.5781210,10.1109/icbbe.2011.5781210,Qi Wang,2011,2011,0,Exact
A5085728168,Jian Xu,doi:10.1007/s10644-024-09674-1,10.1007/s10644-024-09674-1,Jian Xu,2024,2024,0,Exact
A5085791361,Bin Zhang,doi:10.1155/2022/1788153,10.1155/2022/1788153,Bin Zhang,2022,2023,1,Exact
A5085805297,Yong Zhang,doi:10.2174/1874444301507010580,10.2174/1874444301507010580,Yong Zhang,2015,2016,1,Exact
A5085824540,Ying Wang,doi:10.1371/journal.pone.0167857,10.1371/journal.pone.0167857,Ying Wang,2016,2026,10,Exact
A5085908047,Wei Zhang,doi:10.1155/2022/6006601,10.1155/2022/6006601,Wei Zhang,2022,2023,1,Exact
A5086048534,M. Ghoranneviss,doi:10.1016/j.ijhydene.2016.09.189,10.1016/j.ijhydene.2016.09.189,M Ghoranneviss,2016,2018,2,Exact
A5086048534,M. Ghoranneviss,doi:10.1016/j.jcrysgro.2015.01.001,10.1016/j.jcrysgro.2015.01.001,M Ghoranneviss,2015,2018,3,Exact
A5086048534,M. Ghoranneviss,doi:10.1007/s10934-014-9848-x,10.1007/s10934-014-9848-x,M Ghoranneviss,2014,2021,7,Exact
A5086048534,M. Ghoranneviss,doi:10.1007/s10904-015-0258-6,10.1007/s10904-015-0258-6,M Ghoranneviss,2015,2023,8,Exact
A5086048534,M. Ghoranneviss,doi:10.1007/s10904-015-0273-7,10.1007/s10904-015-0273-7,M Ghoranneviss,2015,2023,8,Exact
A5086048534,M. Ghoranneviss,doi:10.1007/s10904-015-0285-3,10.1007/s10904-015-0285-3,M Ghoranneviss,2015,2023,8,Exact
A5086048534,M. Ghoranneviss,doi:10.1007/s10904-016-0347-1,10.1007/s10904-016-0347-1,M Ghoranneviss,2016,2023,7,Exact
A5086048534,M. Ghoranneviss,doi:10.1007/s10894-009-9232-z,10.1007/s10894-009-9232-z,M Ghoranneviss,2009,2024,15,Exact
A5086148808,Бо Ли,doi:10.1155/2021/2676485,10.1155/2021/2676485,Bo Li,2021,2023,2,Exact
A5086281055,Xi Chen,doi:10.1155/2022/5871669,10.1155/2022/5871669,Xi Chen,2022,2023,1,Exact
A5086482529,Jing Yang,doi:10.1080/21691401.2019.1637884,10.1080/21691401.2019.1637884,Jing Yang,2019,2022,3,Exact
A5086482529,Jing Yang,doi:10.2147/ott.s239258,10.2147/ott.s239258,Jing Yang,2020,2024,4,Exact
A5086482529,Jing Yang,doi:10.3892/mmr.2015.3786,10.3892/mmr.2015.3786,Jing Yang,2015,2025,10,Exact
A5086496427,J. Zhang,doi:10.26355/eurrev_202003_20509,10.26355/eurrev_202003_20509,Jie Zhang,2020,2020,0,Initial
A5086548040,Jing Zhang,doi:10.1109/icams.2010.5553009,10.1109/icams.2010.5553009,Jing Zhang,2010,2010,0,Exact
A5086548040,Jing Zhang,doi:10.1007/s10878-022-00936-0,10.1007/s10878-022-00936-0,Jing Zhang,2022,2024,2,Exact
A5086649060,Qiang Li,doi:10.1155/2022/2446947,10.1155/2022/2446947,Qiang Li,2022,2023,1,Exact
A5086680292,Jing Wang,doi:10.1007/s11082-023-06076-x,10.1007/s11082-023-06076-x,Jing Wang,2024,2024,0,Exact
A5086722841,Feng Wang,doi:10.1155/2022/6008603,10.1155/2022/6008603,Feng Wang,2022,2023,1,Exact
A5086969294,Wei Wang,doi:10.1155/2022/6516577,10.1155/2022/6516577,Wei Wang,2022,2023,1,Exact
A5086979542,Jian Xu,doi:10.1155/2022/3760149,10.1155/2022/3760149,Jian Xu,2022,2023,1,Exact
A5086979542,Jian Xu,doi:10.1155/2022/8094732,10.1155/2022/8094732,Jian Xu,2022,2023,1,Exact
A5087020908,QIAN ZHANG,doi:10.1177/1559325820913786,10.1177/1559325820913786,Qian Zhang,2020,2024,4,Exact
A5087037668,Ying Liu,doi:10.1155/2022/6774075,10.1155/2022/6774075,Ying Liu,2022,2023,1,Exact
A5087046173,Hui Zhang,doi:10.1155/2022/2694377,10.1155/2022/2694377,Hui Zhang,2022,2023,1,Exact
A5087078912,Fang Wang,doi:10.1155/2022/9374774,10.1155/2022/9374774,Fang Wang,2022,2023,1,Exact
A5087130734,Yang Wang,doi:10.1002/2211-5463.12142,10.1002/2211-5463.12142,Yang Wang,2016,2022,6,Exact
A5087293551,Yang Yang,doi:10.1155/2022/4393154,10.1155/2022/4393154,Yang Yang,2022,2023,1,Exact
A5087551327,Lei Zhang,doi:10.1074/jbc.m110.110312,10.1074/jbc.m110.110312,Lei Zhang,2010,2015,5,Exact
A5087652433,Jun Liu,doi:10.1530/eje-20-0857,10.1530/eje-20-0857,Jun Liu,2021,2021,0,Exact
A5087827780,Li Liu,doi:10.1109/icbbe.2011.5781058,10.1109/icbbe.2011.5781058,Li Liu,2011,2011,0,Exact
A5087884119,Lin Wang,doi:10.1155/2022/1283588,10.1155/2022/1283588,Lin Wang,2022,2023,1,Exact
A5087957404,Rui Wang,doi:10.1155/2022/4183072,10.1155/2022/4183072,Rui Wang,2022,2023,1,Exact
A5088175638,Wei Chen,doi:10.1109/icbbe.2011.5780747,10.1109/icbbe.2011.5780747,Wei Chen,2011,2011,0,Exact
A5088306081,Na Li,doi:10.1155/2022/4853481,10.1155/2022/4853481,Na Li,2022,2023,1,Exact
A5088314544,Wei Chen,doi:10.1155/2022/2353835,10.1155/2022/2353835,Wei Chen,2022,2023,1,Exact
A5088351037,Hao Wang,doi:10.1155/2022/6835371,10.1155/2022/6835371,Hao Wang,2022,2024,2,Exact
A5088392375,Tao Wang,doi:10.1155/2022/4986792,10.1155/2022/4986792,Tao Wang,2022,2023,1,Exact
A5088440625,Bo Wang,doi:10.1109/icams.2010.5553145,10.1109/icams.2010.5553145,Bo Wang,2010,2010,0,Exact
A5088584400,Nan Li,doi:10.1155/2022/3689344,10.1155/2022/3689344,Nan Li,2022,2023,1,Exact
A5088649703,Jing Zhao,doi:10.1155/2022/6713140,10.1155/2022/6713140,Jing Zhao,2022,2023,1,Exact
A5088664461,Yang Li,doi:10.1520/jte20230027,10.1520/jte20230027,Yang Li,2024,2026,2,Exact
A5088710227,Jun Liu,doi:10.1155/2022/5775696,10.1155/2022/5775696,Jun Liu,2022,2024,2,Exact
A5088917060,Yu Zhang,doi:10.1155/2022/5143396,10.1155/2022/5143396,Yu Zhang,2022,2023,1,Exact
A5088946682,Li Zhang,doi:10.1155/2022/7491565,10.1155/2022/7491565,Li Zhang,2022,2023,1,Exact
A5089104834,Xin Wang,doi:10.1155/2022/5207857,10.1155/2022/5207857,Xin Wang,2022,2023,1,Exact
A5089191258,Yan Wang,doi:10.1007/s11356-023-27947-6,10.1007/s11356-023-27947-6,Yan Wang,2023,2024,1,Exact
A5089272863,Lei Liu,doi:10.18632/oncotarget.21069,10.18632/oncotarget.21069,Lei Liu,2017,2022,5,Exact
A5089272863,Lei Liu,doi:10.1111/cas.14744,10.1111/cas.14744,Lei Liu,2020,2023,3,Exact
A5089272863,Lei Liu,doi:10.1371/journal.pone.0138515,10.1371/journal.pone.0138515,Lei Liu,2015,2024,9,Exact
A5089278084,Lei Liu,doi:10.1155/2022/8496766,10.1155/2022/8496766,Lei Liu,2022,2022,0,Exact
A5089278084,Lei Liu,doi:10.1155/2022/7618340,10.1155/2022/7618340,Lei Liu,2022,2023,1,Exact
A5089328680,Na Li,doi:10.1155/2022/9971966,10.1155/2022/9971966,Na Li,2022,2023,1,Exact
A5089349240,Jun Zhang,doi:10.1155/2022/6831771,10.1155/2022/6831771,Jun Zhang,2022,2024,2,Exact
A5089399346,Yu Zhang,doi:10.1038/s41586-022-05033-0,10.1038/s41586-022-05033-0,Yu Zhang,2022,2023,1,Exact
A5089549247,Jing Li,doi:10.1155/2022/8348272,10.1155/2022/8348272,Jing Li,2022,2023,1,Exact
A5089693614,Xin Wang,doi:10.2147/ijn.s287875,10.2147/ijn.s287875,Xin Wang,2021,2024,3,Exact
A5089710739,Fang Liu,doi:10.1088/1742-6596/1648/2/022049,10.1088/1742-6596/1648/2/022049,Fang Liu,2020,2022,2,Exact
A5089710739,Fang Liu,doi:10.1371/journal.pone.0296632,10.1371/journal.pone.0296632,Fang Liu,2024,2024,0,Exact
A5089770704,Jie Li,doi:10.1109/iis.2009.25,10.1109/iis.2009.25,Jie Li,2009,2009,0,Exact
A5089831302,Lei Liu,doi:10.1109/qr2mse.2013.6625645,10.1109/qr2mse.2013.6625645,Lei Liu,2013,2013,0,Exact
A5089934202,Wei Chen,doi:10.1109/icebeg.2011.5881652,10.1109/icebeg.2011.5881652,Wei Chen,2011,2011,0,Exact
A5089966233,Jian Li,doi:10.1109/qr2mse.2013.6625616,10.1109/qr2mse.2013.6625616,Jian Li,2013,2013,0,Exact
A5090046373,Peng Zhang,doi:10.1155/2022/8554184,10.1155/2022/8554184,Peng Zhang,2022,2023,1,Exact
A5090142205,Yu Zhang,doi:10.1109/icebeg.2011.5882585,10.1109/icebeg.2011.5882585,Yu Zhang,2011,2011,0,Exact
A5090162145,Yan Zhang,doi:10.1155/2022/2513263,10.1155/2022/2513263,Yan Zhang,2022,2023,1,Exact
A5090318045,Bin Wang,doi:10.1177/0394632017751547,10.1177/0394632017751547,Bin Wang,2018,2021,3,Exact
A5090652983,Yan Li,doi:10.1155/2022/9899135,10.1155/2022/9899135,Yan Li,2022,2023,1,Exact
A5090667107,Bo Li,doi:10.1155/2022/4244425,10.1155/2022/4244425,Bo Li,2022,2023,1,Exact
A5090702152,Ying Liu,doi:10.3233/jifs-189034,10.3233/jifs-189034,Ying Liu,2020,2021,1,Exact
A5090894779,Feng Wang,doi:10.1155/2022/2916223,10.1155/2022/2916223,Feng Wang,2022,2023,1,Exact
A5090926374,Hao Zhang,doi:10.1155/2022/2691997,10.1155/2022/2691997,Hao Zhang,2022,2022,0,Exact
A5090934439,Yan Wang,doi:10.1186/s13287-019-1149-5,10.1186/s13287-019-1149-5,Yan Wang,2019,2021,2,Exact
A5090967419,Jian Wang,doi:10.1155/2022/1415659,10.1155/2022/1415659,Jian Wang,2022,2023,1,Exact
A5091020799,Tao Li,doi:10.1002/jcb.26729,10.1002/jcb.26729,Tao Li,2018,2021,3,Exact
A5091020799,Tao Li,doi:10.1155/2022/7958542,10.1155/2022/7958542,Tao Li,2022,2023,1,Exact
A5091089625,Lei Wang,doi:10.1109/ieec.2009.169,10.1109/ieec.2009.169,Lei Wang,2009,2009,0,Exact
A5091188832,Lei Liu,doi:10.1186/s12906-017-1642-2,10.1186/s12906-017-1642-2,Lei Liu,2017,2023,6,Exact
A5091402216,Jie Zhang,doi:10.1155/2022/5215748,10.1155/2022/5215748,Jie Zhang,2022,2023,1,Exact
A5091432366,Lei Wang,doi:10.1002/jcb.28289,10.1002/jcb.28289,Lei Wang,2018,2021,3,Exact
A5091432366,Lei Wang,doi:10.3892/or.2017.6157,10.3892/or.2017.6157,Lei Wang,2017,2022,5,Exact
A5091446477,Jie Li,doi:10.1155/2022/8978878,10.1155/2022/8978878,Jie Li,2022,2023,1,Exact
A5091588373,Jian Li,doi:10.1109/icbbe.2011.5780454,10.1109/icbbe.2011.5780454,Jian Li,2011,2011,0,Exact
A5091654591,Yi Wang,doi:10.1186/s13661-020-01370-z,10.1186/s13661-020-01370-z,Yi Wang,2020,2021,1,Exact
A5091665906,Yan Zhang,doi:10.1155/2022/2341442,10.1155/2022/2341442,Yan Zhang,2022,2023,1,Exact
A5091751350,Lei Zhang,doi:10.1155/2022/2531425,10.1155/2022/2531425,Lei Zhang,2022,2023,1,Exact
A5091790870,Jian Zhang,doi:10.1016/j.ymthe.2019.03.019,10.1016/j.ymthe.2019.03.019,Jian Zhang,2019,2022,3,Exact
A5091790870,Jian Zhang,doi:10.1007/s00500-023-08852-z,10.1007/s00500-023-08852-z,Jian Zhang,2023,2026,3,Exact
A5091830806,Xin Wang,doi:10.1155/2021/8380869,10.1155/2021/8380869,Xin Wang,2021,2023,2,Exact
A5091862443,Jing Wang,doi:10.1155/2022/1171771,10.1155/2022/1171771,Jing Wang,2022,2023,1,Exact
A5092014438,Qian Wang,doi:10.1007/s10142-023-01096-y,10.1007/s10142-023-01096-y,Qian Wang,2023,2024,1,Exact
A5092021398,Feng Wang,doi:10.3389/fnins.2023.1177044,10.3389/fnins.2023.1177044,Feng Wang,2023,2024,1,Exact
A5092082089,Yu Zhang,doi:10.1016/j.heliyon.2023.e16897,10.1016/j.heliyon.2023.e16897,Yu Zhang,2023,2023,0,Exact
A5092162766,Yu Zhang,doi:10.1371/journal.pone.0304729,10.1371/journal.pone.0304729,Yu Zhang,2024,2024,0,Exact
A5092457773,Lei Li,doi:10.1016/j.heliyon.2024.e26481,10.1016/j.heliyon.2024.e26481,Lei Li,2024,2026,2,Exact
A5098187694,D. Liakopoulos,doi:10.1163/ej.9789004177710.i-234.89,10.1163/ej.9789004177710.i-234.89,Dimitris Liakopoulos,2009,2021,12,Initial
A5098487117,D. Liakopoulos,doi:10.1163/ej.9789004177710.i-234.86,10.1163/ej.9789004177710.i-234.86,Dimitris Liakopoulos,2009,2021,12,Initial
A5100306730,Jian Li,doi:10.1371/journal.pone.0102621,10.1371/journal.pone.0102621,Jian Li,2014,2023,9,Exact
A5100317954,Wei Li,doi:10.1109/qr2mse.2013.6625634,10.1109/qr2mse.2013.6625634,Wei Li,2013,2013,0,Exact
A5100317957,Wei Li,doi:10.1186/s13662-017-1132-3,10.1186/s13662-017-1132-3,Wei Li,2017,2020,3,Exact
A5100317965,Wei Li,doi:10.1155/2022/2775433,10.1155/2022/2775433,Wei Li,2022,2023,1,Exact
A5100317967,Wei Li,doi:10.14740/wjon1011w,10.14740/wjon1011w,Wei Li,2017,2017,0,Exact
A5100317967,Wei Li,doi:10.1002/jcb.27403,10.1002/jcb.27403,Wei Li,2018,2021,3,Exact
A5100317967,Wei Li,doi:10.3892/mmr.2017.7758,10.3892/mmr.2017.7758,Wei Li,2017,2022,5,Exact
A5100317986,Wei Li,doi:10.1155/2022/3423429,10.1155/2022/3423429,Wei Li,2022,2023,1,Exact
A5100317989,Wei Li,doi:10.1109/appeec.2010.5448204,10.1109/appeec.2010.5448204,Wei Li,2010,2010,0,Exact
A5100317992,Wei Li,doi:10.1155/2021/6638610,10.1155/2021/6638610,Wei Li,2021,2023,2,Exact
A5100317994,Wei Li,doi:10.1109/wicom.2008.1171,10.1109/wicom.2008.1171,Wei Li,2008,2008,0,Exact
A5100318002,Wei Li,doi:10.1109/icbmei.2011.5917848,10.1109/icbmei.2011.5917848,Wei Li,2011,2011,0,Exact
A5100318019,Wei Li,doi:10.1109/esiat.2010.5568483,10.1109/esiat.2010.5568483,Wei Li,2010,2010,0,Exact
A5100318019,Wei Li,doi:10.1109/appeec.2011.5747722,10.1109/appeec.2011.5747722,Wei Li,2011,2011,0,Exact
A5100318069,Wei Li,doi:10.1155/2022/6403645,10.1155/2022/6403645,Wei Li,2022,2023,1,Exact
A5100318082,Wei Li,doi:10.2147/cmar.s239796,10.2147/cmar.s239796,Wei Li,2020,2020,0,Exact
A5100318082,Wei Li,doi:10.12659/msm.909193,10.12659/msm.909193,Wei Li,2018,2021,3,Exact
A5100318082,Wei Li,doi:10.1093/nar/gku1368,10.1093/nar/gku1368,Wei Li,2015,2022,7,Exact
A5100318082,Wei Li,doi:10.1155/2022/6468773,10.1155/2022/6468773,Wei Li,2022,2023,1,Exact
A5100318082,Wei Li,doi:10.1016/j.ymthe.2016.12.018,10.1016/j.ymthe.2016.12.018,Wei Li,2017,2024,7,Exact
A5100318100,Wei Li,doi:10.1109/icebeg.2011.5885342,10.1109/icebeg.2011.5885342,Wei Li,2011,2011,0,Exact
A5100318113,Wei Li,doi:10.1155/2020/1582187,10.1155/2020/1582187,Wei Li,2020,2024,4,Exact
A5100318125,Wei Li,doi:10.1039/d1ob00959a,10.1039/d1ob00959a,Wei Li,2021,2023,2,Exact
A5100318144,Wei Li,doi:10.1016/j.virusres.2004.03.003,10.1016/j.virusres.2004.03.003,Wei Li,2004,2004,0,Exact
A5100318158,Wei Li,doi:10.1523/jneurosci.4610-12.2013,10.1523/jneurosci.4610-12.2013,Wei Li,2013,2014,1,Exact
A5100318158,Wei Li,doi:10.1016/j.ijbiomac.2022.04.068,10.1016/j.ijbiomac.2022.04.068,Wei Li,2022,2023,1,Exact
A5100318166,Wei Li,doi:10.1016/j.ejso.2022.05.029,10.1016/j.ejso.2022.05.029,Wei Li,2022,2022,0,Exact
A5100318166,Wei Li,doi:10.1155/2022/1378976,10.1155/2022/1378976,Wei Li,2022,2023,1,Exact
A5100318191,Wei Li,doi:10.1109/icnc.2011.6022242,10.1109/icnc.2011.6022242,Wei Li,2011,2011,0,Exact
A5100318200,Wei Li,doi:10.1080/15384101.2020.1731053,10.1080/15384101.2020.1731053,Wei Li,2020,2022,2,Exact
A5100318210,Wei Li,doi:10.12998/wjcc.v12.i13.2173,10.12998/wjcc.v12.i13.2173,Wei Li,2024,2024,0,Exact
A5100318225,Wei Li,doi:10.1155/2022/2191294,10.1155/2022/2191294,Wei Li,2022,2023,1,Exact
A5100318238,Wei Li,doi:10.1073/pnas.1919403117,10.1073/pnas.1919403117,Wei Li,2020,2020,0,Exact
A5100318238,Wei Li,doi:10.1155/2022/9721702,10.1155/2022/9721702,Wei Li,2022,2023,1,Exact
A5100318238,Wei Li,doi:10.2147/ott.s229997,10.2147/ott.s229997,Wei Li,2020,2023,3,Exact
A5100318243,Wei Li,doi:10.1155/2021/1343808,10.1155/2021/1343808,Wei Li,2021,2023,2,Exact
A5100318254,Wei Li,doi:10.1038/s41586-021-04061-6,10.1038/s41586-021-04061-6,Wei Li,2021,2023,2,Exact
A5100318255,Wei Li,doi:10.1109/appeec.2011.5747733,10.1109/appeec.2011.5747733,Wei Li,2011,2011,0,Exact
A5100318256,Wei Li,doi:10.1109/icebeg.2011.5886791,10.1109/icebeg.2011.5886791,Wei Li,2011,2011,0,Exact
A5100318256,Wei Li,doi:10.1016/j.ceramint.2020.08.015,10.1016/j.ceramint.2020.08.015,Wei Li,2020,2024,4,Exact
A5100318307,Wei Li,doi:10.1155/2022/3002353,10.1155/2022/3002353,Wei Li,2022,2023,1,Exact
A5100318307,Wei Li,doi:10.1155/2021/5598351,10.1155/2021/5598351,Wei Li,2021,2024,3,Exact
A5100318313,Wei Li,doi:10.1109/icebeg.2011.5881406,10.1109/icebeg.2011.5881406,Wei Li,2011,2011,0,Exact
A5100318324,Wei Li,doi:10.1155/2021/7773163,10.1155/2021/7773163,Wei Li,2021,2023,2,Exact
A5100318325,Wěi Li,doi:10.1128/mcb.14.12.8018-8027.1994,10.1128/mcb.14.12.8018-8027.1994,Wei Li,1994,1996,2,Exact
A5100318325,Wěi Li,doi:10.1111/bcpt.13285,10.1111/bcpt.13285,Wei Li,2019,2020,1,Exact
A5100318325,Wěi Li,doi:10.1002/jcb.26700,10.1002/jcb.26700,Wei Li,2018,2021,3,Exact
A5100318325,Wěi Li,doi:10.1002/jcb.28664,10.1002/jcb.28664,Wei Li,2019,2021,2,Exact
A5100318325,Wěi Li,doi:10.1016/j.molstruc.2021.130359,10.1016/j.molstruc.2021.130359,Wei Li,2021,2023,2,Exact
A5100318325,Wěi Li,doi:10.1155/2021/6745282,10.1155/2021/6745282,Wei Li,2021,2023,2,Exact
A5100318325,Wěi Li,doi:10.3892/or.2017.6142,10.3892/or.2017.6142,Wei Li,2017,2023,6,Exact
A5100318325,Wěi Li,doi:10.1038/srep19720,10.1038/srep19720,Wei Li,2016,2024,8,Exact
A5100318327,Wei Li,doi:10.1111/iwj.14547,10.1111/iwj.14547,Wei Li,2023,2025,2,Exact
A5100318334,Wei Li,doi:10.1155/2022/9783113,10.1155/2022/9783113,Wei Li,2022,2023,1,Exact
A5100318350,Wěi Li,doi:10.1016/j.neulet.2020.135214,10.1016/j.neulet.2020.135214,Wei Li,2020,2020,0,Exact
A5100318350,Wěi Li,doi:10.1155/2022/2279044,10.1155/2022/2279044,Wei Li,2022,2023,1,Exact
A5100318387,Wei Li,doi:10.1007/s12517-021-08162-4,10.1007/s12517-021-08162-4,Wei Li,2021,2021,0,Exact
A5100318402,Wei Li,doi:10.7314/apjcp.2012.13.3.1043,10.7314/apjcp.2012.13.3.1043,Wei Li,2012,2017,5,Exact
A5100318403,Wei Li,doi:10.1080/24701556.2020.1841235,10.1080/24701556.2020.1841235,Wei Li,2020,2023,3,Exact
A5100318406,Wei Li,doi:10.1016/j.heliyon.2024.e33446,10.1016/j.heliyon.2024.e33446,Wei Li,2024,2024,0,Exact
A5100318406,Wei Li,doi:10.1371/journal.pone.0285695,10.1371/journal.pone.0285695,Wei Li,2023,2025,2,Exact
A5100318420,Wei Li,doi:10.1155/2022/6198448,10.1155/2022/6198448,Wei Li,2022,2023,1,Exact
A5100318462,Wei Li,doi:10.1109/etcs.2010.550,10.1109/etcs.2010.550,Wei Li,2010,2010,0,Exact
A5100318462,Wei Li,doi:10.1145/3375799,10.1145/3375799,Wei Li,2020,2024,4,Exact
A5100318462,Wei Li,doi:10.1145/3488248,10.1145/3488248,Wei Li,2022,2024,2,Exact
A5100318464,Wei Li,doi:10.1155/2021/9685660,10.1155/2021/9685660,Wei Li,2021,2023,2,Exact
A5100318820,Yong Zhang,doi:10.1109/icbbe.2011.5781081,10.1109/icbbe.2011.5781081,Yong Zhang,2011,2011,0,Exact
A5100318825,Yong Zhang,doi:10.1016/j.jeurceramsoc.2014.10.020,10.1016/j.jeurceramsoc.2014.10.020,Yong Zhang,2015,2016,1,Exact
A5100320398,Bo Zhang,doi:10.1159/000481668,10.1159/000481668,Bo Zhang,2017,2021,4,Exact
A5100321361,Fang Wang,doi:10.1371/journal.pone.0088057,10.1371/journal.pone.0088057,Fang Wang,2014,2023,9,Exact
A5100321381,Fang Wang,doi:10.1109/icbbe.2011.5780916,10.1109/icbbe.2011.5780916,Fang Wang,2011,2011,0,Exact
A5100321381,Fang Wang,doi:10.1002/1873-3468.12600,10.1002/1873-3468.12600,Fang Wang,2017,2017,0,Exact
A5100321398,Fang Wang,doi:10.1007/s10586-018-2119-x,10.1007/s10586-018-2119-x,Fang Wang,2018,2022,4,Exact
A5100321405,Fang Wang,doi:10.1016/j.lfs.2019.03.079,10.1016/j.lfs.2019.03.079,Fang Wang,2019,2020,1,Exact
A5100321405,Fang Wang,doi:10.2147/ott.s225661,10.2147/ott.s225661,Fang Wang,2020,2021,1,Exact
A5100321414,Fang Wang,doi:10.1155/2022/5728991,10.1155/2022/5728991,Fang Wang,2022,2022,0,Exact
A5100321414,Fang Wang,doi:10.1186/s13048-019-0593-2,10.1186/s13048-019-0593-2,Fang Wang,2019,2023,4,Exact
A5100321414,Fang Wang,doi:10.18632/oncotarget.8739,10.18632/oncotarget.8739,Fang Wang,2016,2026,10,Exact
A5100321431,Fang Wang,doi:10.1080/15533174.2016.1186094,10.1080/15533174.2016.1186094,Fang Wang,2016,2023,7,Exact
A5100321435,Fang Wang,doi:10.1155/2022/1630260,10.1155/2022/1630260,Fang Wang,2022,2023,1,Exact
A5100321443,Fang Wang,doi:10.1155/2022/6153577,10.1155/2022/6153577,Fang Wang,2022,2023,1,Exact
A5100321444,Fang Wang,doi:10.1371/journal.pone.0100340,10.1371/journal.pone.0100340,Fang Wang,2014,2025,11,Exact
A5100321446,Fang Wang,doi:10.4028/www.scientific.net/amm.341-342.204,10.4028/www.scientific.net/amm.341-342.204,Fang Wang,2013,2013,0,Exact
A5100321464,Fang Wang,doi:10.1186/s13638-021-01943-1,10.1186/s13638-021-01943-1,Fang Wang,2021,2023,2,Exact
A5100321469,Fang Wang,doi:10.1371/journal.pone.0060369,10.1371/journal.pone.0060369,Fang Wang,2013,2023,10,Exact
A5100321481,Fang Wang,doi:10.3233/jifs-179231,10.3233/jifs-179231,Fang Wang,2019,2025,6,Exact
A5100321493,Fang Wang,doi:10.1002/jcb.27524,10.1002/jcb.27524,Fang Wang,2018,2021,3,Exact
A5100321493,Fang Wang,doi:10.1002/jcp.27066,10.1002/jcp.27066,Fang Wang,2018,2021,3,Exact
A5100321493,Fang Wang,doi:10.1016/j.omtn.2020.02.007,10.1016/j.omtn.2020.02.007,Fang Wang,2020,2022,2,Exact
A5100321493,Fang Wang,doi:10.3233/ch-242163,10.3233/ch-242163,Fang Wang,2025,2025,0,Exact
A5100322467,Yan Wang,doi:10.1155/2022/7770955,10.1155/2022/7770955,Yan Wang,2022,2023,1,Exact
A5100322487,Yan Wang,doi:10.1002/jcb.28599,10.1002/jcb.28599,Yan Wang,2019,2024,5,Exact
A5100322501,Yang Wang,doi:10.1155/2022/5733358,10.1155/2022/5733358,Yang Wang,2022,2023,1,Exact
A5100322505,Yan Wang,doi:10.1002/ps.8205,10.1002/ps.8205,Yan Wang,2024,2025,1,Exact
A5100322552,Yan Wang,doi:10.1088/1742-6596/1885/2/022027,10.1088/1742-6596/1885/2/022027,Yang Wang,2021,2021,0,Exact
A5100322554,Yang Wang,doi:10.1080/21655979.2021.1997223,10.1080/21655979.2021.1997223,Yang Wang,2022,2024,2,Exact
A5100322554,Yang Wang,doi:10.18632/oncotarget.2755,10.18632/oncotarget.2755,Yang Wang,2015,2026,11,Exact
A5100322562,Yang Wang,doi:10.1155/2022/2727679,10.1155/2022/2727679,Yang Wang,2022,2023,1,Exact
A5100322589,Yan Wang,doi:10.1080/21655979.2021.2001221,10.1080/21655979.2021.2001221,Yan Wang,2022,2024,2,Exact
A5100322600,Yan Wang,doi:10.1109/icbbe.2011.5780883,10.1109/icbbe.2011.5780883,Yan Wang,2011,2011,0,Exact
A5100322615,Yan Wang,doi:10.1007/s00210-019-01687-2,10.1007/s00210-019-01687-2,Yan Wang,2019,2020,1,Exact
A5100322615,Yan Wang,doi:10.1002/jcb.27065,10.1002/jcb.27065,Yan Wang,2018,2021,3,Exact
A5100322617,Yan Wang,doi:10.1155/2022/2657455,10.1155/2022/2657455,Yan Wang,2022,2023,1,Exact
A5100322657,Yan Wang,doi:10.1111/cas.13161,10.1111/cas.13161,Yan Wang,2017,2018,1,Exact
A5100322657,Yan Wang,doi:10.21037/tp-22-68,10.21037/tp-22-68,Yan Wang,2022,2022,0,Exact
A5100322659,Yan Wang,doi:10.1186/s11671-016-1598-z,10.1186/s11671-016-1598-z,Yan Wang,2016,2019,3,Exact
A5100322659,Yan Wang,doi:10.1186/s11671-016-1523-5,10.1186/s11671-016-1523-5,Yan Wang,2016,2020,4,Exact
A5100322671,Yang Wang,doi:10.1002/anie.201203920,10.1002/anie.201203920,Yang Wang,2012,2025,13,Exact
A5100322684,Yan Wang,doi:10.1002/cam4.1329,10.1002/cam4.1329,Yan Wang,2018,2021,3,Exact
A5100322684,Yan Wang,doi:10.1080/15384101.2020.1731645,10.1080/15384101.2020.1731645,Yan Wang,2020,2021,1,Exact
A5100322684,Yan Wang,doi:10.1139/bcb-2016-0232,10.1139/bcb-2016-0232,Yan Wang,2017,2023,6,Exact
A5100322699,Yan Wang,doi:10.1155/2021/9951114,10.1155/2021/9951114,Yan Wang,2021,2024,3,Exact
A5100322712,Yan Wang,doi:10.1109/iccsit.2010.5563893,10.1109/iccsit.2010.5563893,Yan Wang,2010,2010,0,Exact
A5100322712,Yan Wang,doi:10.1007/978-981-15-1377-0_17,10.1007/978-981-15-1377-0_17,Yang Wang,2019,2020,1,Exact
A5100322712,Yan Wang,doi:10.4028/www.scientific.net/amm.733.811,10.4028/www.scientific.net/amm.733.811,Yan Wang,2015,2021,6,Exact
A5100322712,Yan Wang,doi:10.1007/s12652-021-03212-x,10.1007/s12652-021-03212-x,Yan Wang,2021,2022,1,Exact
A5100322712,Yan Wang,doi:10.1155/2021/5068228,10.1155/2021/5068228,Yan Wang,2021,2023,2,Exact
A5100322712,Yan Wang,doi:10.1007/s10479-023-05224-6,10.1007/s10479-023-05224-6,Yan Wang,2023,2024,1,Exact
A5100322731,Yang Wang,doi:10.1007/s13277-014-1777-4,10.1007/s13277-014-1777-4,Yang Wang,2014,2014,0,Exact
A5100322731,Yang Wang,doi:10.1155/2022/5091945,10.1155/2022/5091945,Yang Wang,2022,2023,1,Exact
A5100322740,Yan Wang,doi:10.1007/s13277-016-5451-x,10.1007/s13277-016-5451-x,Yan Wang,2016,2022,6,Exact
A5100322752,Yan Wang,doi:10.1155/2022/1011768,10.1155/2022/1011768,Yan Wang,2022,2023,1,Exact
A5100322752,Yan Wang,doi:10.1155/2022/1966798,10.1155/2022/1966798,Yan Wang,2022,2023,1,Exact
A5100322756,Yan Wang,doi:10.3109/19401736.2015.1033712,10.3109/19401736.2015.1033712,Yan Wang,2015,2015,0,Exact
A5100322764,Yang Wang,doi:10.2147/cmar.s244973,10.2147/cmar.s244973,Yang Wang,2020,2020,0,Exact
A5100322769,Yan Wang,doi:10.1109/icams.2010.5553256,10.1109/icams.2010.5553256,Yan Wang,2010,2010,0,Exact
A5100322776,Yang Wang,doi:10.1002/jcb.27208,10.1002/jcb.27208,Yang Wang,2018,2021,3,Exact
A5100322817,Yan Wang,doi:10.1016/j.bbagen.2013.06.039,10.1016/j.bbagen.2013.06.039,Yan Wang,2013,2014,1,Exact
A5100322825,Yan Wang,doi:10.1155/2022/8466797,10.1155/2022/8466797,Yan Wang,2022,2023,1,Exact
A5100322864,Lingling Wang,doi:10.1186/s12989-014-0047-3,10.1186/s12989-014-0047-3,Ling Wang,2014,2015,1,Exact
A5100322864,Lingling Wang,doi:10.1007/s00414-018-1789-5,10.1007/s00414-018-1789-5,Ling Wang,2018,2021,3,Exact
A5100322864,Lingling Wang,doi:10.1007/s00414-018-1863-z,10.1007/s00414-018-1863-z,Ling Wang,2018,2021,3,Exact
A5100322866,Yang Wang,doi:10.1002/ptr.6372,10.1002/ptr.6372,Yang Wang,2019,2020,1,Exact
A5100322866,Yang Wang,doi:10.1155/2022/9808334,10.1155/2022/9808334,Yang Wang,2022,2023,1,Exact
A5100322872,Yan Wang,doi:10.1155/2022/3921021,10.1155/2022/3921021,Yan Wang,2022,2023,1,Exact
A5100322879,Yang Wang,doi:10.1038/cdd.2017.31,10.1038/cdd.2017.31,Yang Wang,2017,2019,2,Exact
A5100322879,Yang Wang,doi:10.1016/j.cbi.2019.108748,10.1016/j.cbi.2019.108748,Yang Wang,2019,2022,3,Exact
A5100322879,Yang Wang,doi:10.1155/2022/4746121,10.1155/2022/4746121,Yang Wang,2022,2023,1,Exact
A5100322879,Yang Wang,doi:10.1159/000477389,10.1159/000477389,Yang Wang,2017,2023,6,Exact
A5100322879,Yang Wang,doi:10.1155/2022/7803001,10.1155/2022/7803001,Yang Wang,2022,2024,2,Exact
A5100322879,Yang Wang,doi:10.1186/s12885-021-08571-4,10.1186/s12885-021-08571-4,Yang Wang,2021,2024,3,Exact
A5100322887,Yang Wang,doi:10.1109/iccsit.2010.5564732,10.1109/iccsit.2010.5564732,Yang Wang,2010,2010,0,Exact
A5100322887,Yang Wang,doi:10.1371/journal.pone.0323054,10.1371/journal.pone.0323054,Yang Wang,2025,2025,0,Exact
A5100322908,Yan Wang,doi:10.1016/j.envint.2017.12.026,10.1016/j.envint.2017.12.026,Yan Wang,2017,2018,1,Exact
A5100322915,Yang Wang,doi:10.1088/1742-6596/1881/4/042030,10.1088/1742-6596/1881/4/042030,Yang Wang,2021,2022,1,Exact
A5100322919,Yan Wang,doi:10.1155/2022/4234137,10.1155/2022/4234137,Yan Wang,2022,2023,1,Exact
A5100322934,Yang Wang,doi:10.1109/temc.2018.2836349,10.1109/temc.2018.2836349,Yang Wang,2018,2019,1,Exact
A5100322938,Yan Wang,doi:10.1007/s13277-012-0601-2,10.1007/s13277-012-0601-2,Yan Wang,2012,2017,5,Exact
A5100322938,Yan Wang,doi:10.1080/21691401.2019.1601103,10.1080/21691401.2019.1601103,Yan Wang,2019,2021,2,Exact
A5100322938,Yan Wang,doi:10.1016/j.biopha.2017.11.079,10.1016/j.biopha.2017.11.079,Yan Wang,2017,2023,6,Exact
A5100322938,Yan Wang,doi:10.1155/2022/9708829,10.1155/2022/9708829,Yan Wang,2022,2023,1,Exact
A5100322938,Yan Wang,doi:10.1186/s13046-021-02090-7,10.1186/s13046-021-02090-7,Yan Wang,2021,2023,2,Exact
A5100322938,Yan Wang,doi:10.3892/or.2018.6825,10.3892/or.2018.6825,Yan Wang,2018,2023,5,Exact
A5100322938,Yan Wang,doi:10.1016/j.biopha.2018.06.071,10.1016/j.biopha.2018.06.071,Yan Wang,2018,2024,6,Exact
A5100322938,Yan Wang,doi:10.1038/cddis.2017.126,10.1038/cddis.2017.126,Yan Wang,2017,2024,7,Exact
A5100322938,Yan Wang,doi:10.1159/000491730,10.1159/000491730,Yan Wang,2018,2024,6,Exact
A5100322938,Yan Wang,doi:10.1038/s41388-018-0440-8,10.1038/s41388-018-0440-8,Yan Wang,2018,2025,7,Exact
A5100322938,Yan Wang,doi:10.18632/oncotarget.3118,10.18632/oncotarget.3118,Yan Wang,2015,2026,11,Exact
A5100322948,Yan Wang,doi:10.1088/1361-6528/ac0a18,10.1088/1361-6528/ac0a18,Yan Wang,2021,2022,1,Exact
A5100322966,Yan Wang,doi:10.3233/jifs-213079,10.3233/jifs-213079,Yan Wang,2022,2024,2,Exact
A5100323011,Yang Wang,doi:10.1007/s13277-013-1012-8,10.1007/s13277-013-1012-8,Yang Wang,2013,2017,4,Exact
A5100323015,Yan Wang,doi:10.1155/2022/4993405,10.1155/2022/4993405,Yan Wang,2022,2023,1,Exact
A5100323330,Hui Zhang,doi:10.1155/2021/1486089,10.1155/2021/1486089,Hui Zhang,2021,2023,2,Exact
A5100323330,Hui Zhang,doi:10.1155/2021/6606492,10.1155/2021/6606492,Hui Wang,2021,2023,2,Exact
A5100323333,Hui Zhang,doi:10.1111/jcmm.16405,10.1111/jcmm.16405,Hui Zhang,2021,2024,3,Exact
A5100323343,Hui Zhang,doi:10.1016/j.lfs.2018.12.023,10.1016/j.lfs.2018.12.023,Hui Zhang,2018,2020,2,Exact
A5100323378,Hui Zhang,doi:10.1155/2022/1475871,10.1155/2022/1475871,Hui Zhang,2022,2023,1,Exact
A5100323389,Hui Zhang,doi:10.1186/1477-7819-11-311,10.1186/1477-7819-11-311,Hui Zhang,2013,2015,2,Exact
A5100323391,Hui Zhang,doi:10.1371/journal.pone.0102195,10.1371/journal.pone.0102195,Hui Zhang,2014,2019,5,Exact
A5100323392,Hui Zhang,doi:10.3892/or.2017.5772,10.3892/or.2017.5772,Hui Zhang,2017,2025,8,Exact
A5100323402,Hui Zhang,doi:10.1155/2022/4667117,10.1155/2022/4667117,Hui Zhang,2022,2023,1,Exact
A5100323405,Hui Zhang,doi:10.1080/10942912.2011.578317,10.1080/10942912.2011.578317,Hui Zhang,2012,2015,3,Exact
A5100323405,Hui Zhang,doi:10.1155/2021/3718255,10.1155/2021/3718255,Hui Zhang,2021,2023,2,Exact
A5100323451,Hui Zhang,doi:10.1007/s10265-005-0250-2,10.1007/s10265-005-0250-2,Hui Zhang,2006,2009,3,Exact
A5100323451,Hui Zhang,doi:10.1080/10942912.2011.614988,10.1080/10942912.2011.614988,Hui Zhang,2013,2015,2,Exact
A5100323459,Hui Zhang,doi:10.1155/2022/7584481,10.1155/2022/7584481,Hui Zhang,2022,2023,1,Exact
A5100323465,Hui Zhang,doi:10.1155/2022/6431164,10.1155/2022/6431164,Hui Zhang,2022,2023,1,Exact
A5100323469,Hui Zhang,doi:10.1080/21691401.2019.1652629,10.1080/21691401.2019.1652629,Hui Zhang,2020,2020,0,Exact
A5100323469,Hui Zhang,doi:10.1039/c8ra02291g,10.1039/c8ra02291g,Hui Zhang,2018,2021,3,Exact
A5100323469,Hui Zhang,doi:10.2147/ott.s237802,10.2147/ott.s237802,Hui Zhang,2020,2023,3,Exact
A5100323476,Hui Zhang,doi:10.1109/iccsit.2010.5565064,10.1109/iccsit.2010.5565064,Hui Zhang,2010,2010,0,Exact
A5100323483,Hui Zhang,doi:10.1155/2022/9948057,10.1155/2022/9948057,Hui Zhang,2022,2023,1,Exact
A5100323495,Hui Zhang,doi:10.1186/2047-783x-19-39,10.1186/2047-783x-19-39,Hui Zhang,2014,2015,1,Exact
A5100323524,Hui Zhang,doi:10.1371/journal.pone.0090660,10.1371/journal.pone.0090660,Hui Zhang,2014,2020,6,Exact
A5100323524,Hui Zhang,doi:10.1038/s41419-018-1090-z,10.1038/s41419-018-1090-z,Hui Zhang,2018,2022,4,Exact
A5100323524,Hui Zhang,doi:10.2147/cmar.s171126,10.2147/cmar.s171126,Hui Zhang,2018,2022,4,Exact
A5100323524,Hui Zhang,doi:10.1002/tox.23761,10.1002/tox.23761,Hui Zhang,2023,2025,2,Exact
A5100323524,Hui Zhang,doi:10.1007/s00280-016-3194-4,10.1007/s00280-016-3194-4,Hui Zhang,2016,2025,9,Exact
A5100323552,Hui Zhang,doi:10.1155/2023/8103595,10.1155/2023/8103595,Hui Zhang,2023,2024,1,Exact
A5100323568,Hui Zhang,doi:10.1155/2022/5655269,10.1155/2022/5655269,Hui Zhang,2022,2023,1,Exact
A5100323572,Hui Zhang,doi:10.1007/s10706-018-0458-2,10.1007/s10706-018-0458-2,Hui Zhang,2018,2020,2,Exact
A5100323577,Hui Zhang,doi:10.1109/icbbe.2011.5781389,10.1109/icbbe.2011.5781389,Hui Zhang,2011,2011,0,Exact
A5100324997,Wei Zhang,doi:10.1155/2022/6534126,10.1155/2022/6534126,Wei Zhang,2022,2023,1,Exact
A5100324999,Wei Zhang,doi:10.1155/2022/5665921,10.1155/2022/5665921,Wei Zhang,2022,2023,1,Exact
A5100325001,Wei Zhang,doi:10.1007/s13277-014-1970-5,10.1007/s13277-014-1970-5,Wei Zhang,2014,2017,3,Exact
A5100325012,Hong Li,doi:10.1371/journal.pone.0090388,10.1371/journal.pone.0090388,Hong Li,2014,2024,10,Exact
A5100325014,Hong Li,doi:10.1080/15384101.2020.1731652,10.1080/15384101.2020.1731652,Hong Li,2020,2021,1,Exact
A5100325544,Yi Wang,doi:10.1186/s12872-023-03524-0,10.1186/s12872-023-03524-0,Yi Wang,2023,2024,1,Exact
A5100326826,Dan Liu,doi:10.1109/etcs.2010.294,10.1109/etcs.2010.294,Dan Liu,2010,2010,0,Exact
A5100326826,Dan Liu,doi:10.1109/iccsit.2010.5565035,10.1109/iccsit.2010.5565035,Dan Liu,2010,2010,0,Exact
A5100326828,Dan Liu,doi:10.1007/s11010-012-1463-z,10.1007/s11010-012-1463-z,Dan Liu,2012,2024,12,Exact
A5100326828,Dan Liu,doi:10.1371/journal.pone.0068905,10.1371/journal.pone.0068905,Dan Liu,2013,2025,12,Exact
A5100326831,Dan Liu,doi:10.1109/iccms.2010.217,10.1109/iccms.2010.217,Dan Liu,2010,2010,0,Exact
A5100326831,Dan Liu,doi:10.1007/s11033-014-3359-3,10.1007/s11033-014-3359-3,Dan Liu,2014,2015,1,Exact
A5100326831,Dan Liu,doi:10.1007/s13277-014-2123-6,10.1007/s13277-014-2123-6,Dan Liu,2014,2015,1,Exact
A5100326831,Dan Liu,doi:10.1007/s13277-014-2199-z,10.1007/s13277-014-2199-z,Dan Liu,2014,2015,1,Exact
A5100326831,Dan Liu,doi:10.1089/dna.2013.2253,10.1089/dna.2013.2253,Dan Liu,2014,2015,1,Exact
A5100326831,Dan Liu,doi:10.1016/j.biortech.2019.121586,10.1016/j.biortech.2019.121586,Dan Liu,2019,2019,0,Exact
A5100326831,Dan Liu,doi:10.1088/1742-6596/1533/4/042012,10.1088/1742-6596/1533/4/042012,Dan Liu,2020,2022,2,Exact
A5100326831,Dan Liu,doi:10.1155/2022/4446016,10.1155/2022/4446016,Dan Liu,2022,2023,1,Exact
A5100326831,Dan Liu,doi:10.1155/2022/5142381,10.1155/2022/5142381,Dan Liu,2022,2023,1,Exact
A5100326831,Dan Liu,doi:10.1155/2022/8519664,10.1155/2022/8519664,Dan Liu,2022,2023,1,Exact
A5100326831,Dan Liu,doi:10.3389/fonc.2021.660551,10.3389/fonc.2021.660551,Dan Liu,2021,2023,2,Exact
A5100326831,Dan Liu,doi:10.3892/mmr.2015.3881,10.3892/mmr.2015.3881,Dan Liu,2015,2023,8,Exact
A5100326844,Dan Liu,doi:10.1155/2022/3737137,10.1155/2022/3737137,Dan Liu,2022,2024,2,Exact
A5100326844,Dan Liu,doi:10.1155/2022/4135752,10.1155/2022/4135752,Dan Liu,2022,2024,2,Exact
A5100326850,Dan Liu,doi:10.1002/14651858.cd008640,10.1002/14651858.cd008640,Dan Liu,2010,2014,4,Exact
A5100326850,Dan Liu,doi:10.1155/2022/2555603,10.1155/2022/2555603,Dan Liu,2022,2023,1,Exact
A5100326850,Dan Liu,doi:10.3389/pore.2021.1609761,10.3389/pore.2021.1609761,Dan Liu,2021,2023,2,Exact
A5100326855,Dan Liŭ,doi:10.1109/iccasm.2010.5620260,10.1109/iccasm.2010.5620260,Dan Liu,2010,2010,0,Exact
A5100326859,Dan Liu,doi:10.1155/2022/5901718,10.1155/2022/5901718,Dan Liu,2022,2023,1,Exact
A5100326860,Dan Liu,doi:10.1016/j.ctarc.2022.100628,10.1016/j.ctarc.2022.100628,Dan Liu,2022,2022,0,Exact
A5100326863,Dan Liu,doi:10.1002/ijgo.13018,10.1002/ijgo.13018,Dan Liu,2019,2020,1,Exact
A5100326863,Dan Liu,doi:10.1155/2022/8598806,10.1155/2022/8598806,Dan Liu,2022,2023,1,Exact
A5100326881,Dan Liu,doi:10.1089/cbr.2019.2983,10.1089/cbr.2019.2983,Dan Liu,2020,2021,1,Exact
A5100326884,Dan Liu,doi:10.1109/icebeg.2011.5882547,10.1109/icebeg.2011.5882547,Dan Liu,2011,2011,0,Exact
A5100326886,Dan Liu,doi:10.1089/dna.2013.2237,10.1089/dna.2013.2237,Dan Liu,2014,2015,1,Exact
A5100327329,Xin Zhang,doi:10.1371/journal.pone.0120059,10.1371/journal.pone.0120059,Xin Zhang,2015,2020,5,Exact
A5100327329,Xin Zhang,doi:10.1007/s13205-019-1937-8,10.1007/s13205-019-1937-8,Xin Zhang,2019,2023,4,Exact
A5100327329,Xin Zhang,doi:10.1155/2023/6457152,10.1155/2023/6457152,Xin Zhang,2023,2023,0,Exact
A5100327362,Xin Zhang,doi:10.1155/2022/3655202,10.1155/2022/3655202,Xin Zhang,2022,2023,1,Exact
A5100327375,Xin Zhang,doi:10.1186/s13046-017-0628-8,10.1186/s13046-017-0628-8,Xin Zhang,2017,2021,4,Exact
A5100327375,Xin Zhang,doi:10.1155/2022/8308192,10.1155/2022/8308192,Xin Zhang,2022,2023,1,Exact
A5100327385,Xin Zhang,doi:10.1007/s12035-015-9524-4,10.1007/s12035-015-9524-4,Xin Zhang,2015,2017,2,Exact
A5100327390,Xin Zhang,doi:10.1155/2021/6633755,10.1155/2021/6633755,Xin Zhang,2021,2023,2,Exact
A5100327404,Xin Zhang,doi:10.3233/jifs-189060,10.3233/jifs-189060,Xin Zhang,2020,2021,1,Exact
A5100327420,Xin Zhang,doi:10.1155/2022/1579574,10.1155/2022/1579574,Xin Zhang,2022,2023,1,Exact
A5100327438,Xın Zhang,doi:10.1007/s13258-016-0488-1,10.1007/s13258-016-0488-1,Xin Zhang,2016,2018,2,Exact
A5100327453,Xin Zhang,doi:10.1142/s1793545813500594,10.1142/s1793545813500594,Xin Zhang,2013,2019,6,Exact
A5100327509,Xin Zhang,doi:10.1155/2022/8624803,10.1155/2022/8624803,Xin Zhang,2022,2023,1,Exact
A5100327515,Xin Zhang,doi:10.1109/icbbe.2011.5780287,10.1109/icbbe.2011.5780287,Xin Zhang,2011,2011,0,Exact
A5100327526,Xin Zhang,doi:10.1007/s12031-015-0607-5,10.1007/s12031-015-0607-5,Xin Zhang,2015,2016,1,Exact
A5100327527,Xin Zhang,doi:10.3389/fnins.2018.00096,10.3389/fnins.2018.00096,Xin Zhang,2018,2024,6,Exact
A5100327558,Xin Zhang,doi:10.1155/2022/2914571,10.1155/2022/2914571,Xin Zhang,2022,2023,1,Exact
A5100327584,Xin Zhang,doi:10.1371/journal.pone.0118086,10.1371/journal.pone.0118086,Xin Zhang,2015,2020,5,Exact
A5100327584,Xin Zhang,doi:10.1042/bsr20194237,10.1042/bsr20194237,Xin Zhang,2020,2021,1,Exact
A5100327616,Xin Zhang,doi:10.1186/s13098-022-00855-4,10.1186/s13098-022-00855-4,Xin Zhang,2022,2022,0,Exact
A5100327617,Xin Zhang,doi:10.1080/15384101.2021.2023305,10.1080/15384101.2021.2023305,Xin Zhang,2022,2024,2,Exact
A5100327629,Xin Zhang,doi:10.1007/s12517-021-07974-8,10.1007/s12517-021-07974-8,Xin Zhang,2021,2021,0,Exact
A5100327788,Xin Wang,doi:10.1007/s10876-019-01614-8,10.1007/s10876-019-01614-8,Xin Wang,2019,2024,5,Exact
A5100327793,Xin Wang,doi:10.1016/j.arabjc.2020.08.023,10.1016/j.arabjc.2020.08.023,Xin Wang,2020,2023,3,Exact
A5100327810,Xin Wang,doi:10.1155/2021/2562575,10.1155/2021/2562575,Xin Wang,2021,2023,2,Exact
A5100327815,Xin Wang,doi:10.1155/2021/1498431,10.1155/2021/1498431,Xin Wang,2021,2023,2,Exact
A5100327828,Xin Wang,doi:10.1109/icpim.2011.5983649,10.1109/icpim.2011.5983649,Xin Wang,2011,2011,0,Exact
A5100327833,Xin Wang,doi:10.3233/jifs-236643,10.3233/jifs-236643,Xin Wang,2024,2024,0,Exact
A5100327835,Xin Wang,doi:10.1016/j.ijscr.2022.107472,10.1016/j.ijscr.2022.107472,Xin Wang,2022,2022,0,Exact
A5100327835,Xin Wang,doi:10.1155/2021/8936820,10.1155/2021/8936820,Xin Wang,2021,2023,2,Exact
A5100327835,Xin Wang,doi:10.1155/2022/8230212,10.1155/2022/8230212,Xin Wang,2022,2023,1,Exact
A5100327835,Xin Wang,doi:10.3892/etm.2018.6021,10.3892/etm.2018.6021,Xin Wang,2018,2025,7,Exact
A5100327835,Xin Wang,doi:10.3892/ol.2018.9048,10.3892/ol.2018.9048,Xin Wang,2018,2025,7,Exact
A5100327836,Xin Wang,doi:10.1016/j.bbrc.2016.05.128,10.1016/j.bbrc.2016.05.128,Xin Wang,2016,2016,0,Exact
A5100327836,Xin Wang,doi:10.1155/2022/1250755,10.1155/2022/1250755,Xin Wang,2022,2023,1,Exact
A5100327836,Xin Wang,doi:10.1155/2022/5367753,10.1155/2022/5367753,Xin Wang,2022,2023,1,Exact
A5100327839,Xin Wang,doi:10.1155/2022/5777472,10.1155/2022/5777472,Xin Wang,2022,2023,1,Exact
A5100327844,Xin Wang,doi:10.1007/s00500-023-08129-5,10.1007/s00500-023-08129-5,Xin Wang,2023,2024,1,Exact
A5100327844,Xin Wang,doi:10.1016/j.heliyon.2023.e23651,10.1016/j.heliyon.2023.e23651,Xin Wang,2023,2026,3,Exact
A5100327859,Xin Wang,doi:10.1186/s12931-014-0158-2,10.1186/s12931-014-0158-2,Xin Wang,2014,2024,10,Exact
A5100327900,Xin Wang,doi:10.1155/2022/8733919,10.1155/2022/8733919,Xin Wang,2022,2023,1,Exact
A5100327918,Xin Wang,doi:10.1016/j.avb.2020.101540,10.1016/j.avb.2020.101540,Xin Wang,2020,2023,3,Exact
A5100327957,Xin Wang,doi:10.1007/978-1-4614-0254-1_5,10.1007/978-1-4614-0254-1_5,Xin Wang,2011,2011,0,Exact
A5100327957,Xin Wang,doi:10.3892/ijo.2017.3941,10.3892/ijo.2017.3941,Xin Wang,2017,2021,4,Exact
A5100327957,Xin Wang,doi:10.1186/s13287-020-02030-w,10.1186/s13287-020-02030-w,Xin Wang,2021,2023,2,Exact
A5100327957,Xin Wang,doi:10.1155/2020/6139469,10.1155/2020/6139469,Xin Wang,2020,2024,4,Exact
A5100327965,Xin Wang,doi:10.1155/2021/3376496,10.1155/2021/3376496,Xin Wang,2021,2024,3,Exact
A5100327977,Xin Wang,doi:10.1029/2021tc006712,10.1029/2021tc006712,Xin Wang,2021,2021,0,Exact
A5100327977,Xin Wang,doi:10.1186/s13014-015-0534-1,10.1186/s13014-015-0534-1,Xin Wang,2015,2022,7,Exact
A5100327998,Xin Wang,doi:10.1109/peam.2011.6135051,10.1109/peam.2011.6135051,Xin Wang,2011,2012,1,Exact
A5100328022,Xin Wang,doi:10.1007/s11431-017-9291-3,10.1007/s11431-017-9291-3,Xin Wang,2018,2019,1,Exact
A5100328026,Xin Wang,doi:10.1155/2022/2862682,10.1155/2022/2862682,Xin Wang,2022,2023,1,Exact
A5100328041,Xin Wang,doi:10.1155/2022/5224288,10.1155/2022/5224288,Xin Wang,2022,2023,1,Exact
A5100328087,Xin Wang,doi:10.1155/2022/7414165,10.1155/2022/7414165,Xin Wang,2022,2023,1,Exact
A5100328087,Xin Wang,doi:10.1155/2021/9999268,10.1155/2021/9999268,Xin Wang,2021,2024,3,Exact
A5100328100,Xin Wang,doi:10.1007/s00500-023-08217-6,10.1007/s00500-023-08217-6,Xin Wang,2023,2024,1,Exact
A5100328102,Xin Wang,doi:10.1002/adfm.200900772,10.1002/adfm.200900772,Xin Wang,2009,2010,1,Exact
A5100328102,Xin Wang,doi:10.1093/toxsci/kfs242,10.1093/toxsci/kfs242,Xin Wang,2012,2020,8,Exact
A5100328102,Xin Wang,doi:10.5650/jos.ess20047,10.5650/jos.ess20047,Xin Wang,2020,2022,2,Exact
A5100328112,Xin Wang,doi:10.1155/2021/5698765,10.1155/2021/5698765,Xin Wang,2021,2023,2,Exact
A5100328117,Xin Wang,doi:10.1155/2022/6486570,10.1155/2022/6486570,Xin Wang,2022,2023,1,Exact
A5100328128,Xin Wang,doi:10.1155/2022/8439888,10.1155/2022/8439888,Xin Wang,2022,2023,1,Exact
A5100328155,Xin Wang,doi:10.1155/2021/1549772,10.1155/2021/1549772,Xin Wang,2021,2023,2,Exact
A5100329833,Xi Chen,doi:10.1186/s12885-018-4559-3,10.1186/s12885-018-4559-3,Xi Chen,2018,2023,5,Exact
A5100329833,Xi Chen,doi:10.1155/2021/5514726,10.1155/2021/5514726,Xi Chen,2021,2024,3,Exact
A5100329833,Xi Chen,doi:10.18632/oncotarget.11351,10.18632/oncotarget.11351,Xi Chen,2016,2026,10,Exact
A5100329836,Xi Chen,doi:10.1186/s12885-022-09833-5,10.1186/s12885-022-09833-5,Xi Chen,2022,2023,1,Exact
A5100329840,Xi Chen,doi:10.3233/jifs-213486,10.3233/jifs-213486,Xi Chen,2022,2024,2,Exact
A5100329858,Xi Chen,doi:10.1155/2022/3235238,10.1155/2022/3235238,Xi Chen,2022,2024,2,Exact
A5100329867,Xi Chen,doi:10.1145/3465631.3465703,10.1145/3465631.3465703,Xi Chen,2021,2022,1,Exact
A5100329868,Xi Chen,doi:10.1109/icbbe.2011.5780708,10.1109/icbbe.2011.5780708,Xi Chen,2011,2011,0,Exact
A5100329875,Xi Chen,doi:10.1042/bsr20140124,10.1042/bsr20140124,Xi Chen,2015,2022,7,Exact
A5100329875,Xi Chen,doi:10.1111/ahg.12374,10.1111/ahg.12374,Xi Chen,2020,2023,3,Exact
A5100329875,Xi Chen,doi:10.1155/2022/7121245,10.1155/2022/7121245,Xi Chen,2022,2023,1,Exact
A5100329875,Xi Chen,doi:10.3892/or.2016.5146,10.3892/or.2016.5146,Xi Chen,2016,2024,8,Exact
A5100329875,Xi Chen,doi:10.1038/s41586-018-0448-9,10.1038/s41586-018-0448-9,Xi Chen,2018,2025,7,Exact
A5100329885,Xi Chen,doi:10.2147/cmar.s277113,10.2147/cmar.s277113,Xi Chen,2020,2023,3,Exact
A5100329885,Xi Chen,doi:10.1038/s41434-019-0108-1,10.1038/s41434-019-0108-1,Xi Chen,2019,2024,5,Exact
A5100329885,Xi Chen,doi:10.7150/ijbs.22555,10.7150/ijbs.22555,Xi Chen,2018,2024,6,Exact
A5100329909,Xi Chen,doi:10.1111/srt.70002,10.1111/srt.70002,Xi Chen,2024,2025,1,Exact
A5100329931,Xi Chen,doi:10.1155/2022/1104633,10.1155/2022/1104633,Xi Chen,2022,2023,1,Exact
A5100329931,Xi Chen,doi:10.1155/2022/9122908,10.1155/2022/9122908,Xi Chen,2022,2023,1,Exact
A5100329932,Xi Chen,doi:10.1109/icbbe.2011.5781533,10.1109/icbbe.2011.5781533,Xi Chen,2011,2011,0,Exact
A5100329932,Xi Chen,doi:10.1016/j.jash.2015.07.004,10.1016/j.jash.2015.07.004,Xi Chen,2010,2016,6,Exact
A5100329938,Xi Chen,doi:10.1093/cdn/nzz039.p18-078-19,10.1093/cdn/nzz039.p18-078-19,Xi Chen,2019,2021,2,Exact
A5100329981,Xi Chen,doi:10.1016/j.ymthe.2021.02.008,10.1016/j.ymthe.2021.02.008,Xi Chen,2021,2022,1,Exact
A5100329981,Xi Chen,doi:10.1039/c8bm01007b,10.1039/c8bm01007b,Xi Chen,2019,2022,3,Exact
A5100329981,Xi Chen,doi:10.1155/2022/6056829,10.1155/2022/6056829,Xi Chen,2022,2023,1,Exact
A5100329982,Xi Chen,doi:10.1155/2022/2466007,10.1155/2022/2466007,Xi Chen,2022,2023,1,Exact
A5100329989,Xi Chen,doi:10.1016/j.heliyon.2024.e29800,10.1016/j.heliyon.2024.e29800,Xi Chen,2024,2025,1,Exact
A5100329993,Xi Chen,doi:10.1155/2021/9983438,10.1155/2021/9983438,Xi Chen,2021,2024,3,Exact
A5100329996,Xi Chen,doi:10.1109/icetce.2011.5775181,10.1109/icetce.2011.5775181,Xi Chen,2011,2011,0,Exact
A5100330005,Xi Chen,doi:10.3389/fphar.2021.533028,10.3389/fphar.2021.533028,Xi Chen,2021,2023,2,Exact
A5100330006,Xi Chen,doi:10.1016/j.molliq.2015.11.030,10.1016/j.molliq.2015.11.030,Xi Chen,2016,2020,4,Exact
A5100330006,Xi Chen,doi:10.1016/j.molliq.2016.01.101,10.1016/j.molliq.2016.01.101,Xi Chen,2016,2020,4,Exact
A5100330009,Xi Chen,doi:10.1155/2022/6441179,10.1155/2022/6441179,Xi Chen,2022,2024,2,Exact
A5100330034,Xi Chen,doi:10.1177/09603271241279166,10.1177/09603271241279166,Xi Chen,2024,2025,1,Exact
A5100330058,Xi Chen,doi:10.1155/2022/9716224,10.1155/2022/9716224,Xi Chen,2022,2023,1,Exact
A5100330058,Xi Chen,doi:10.1038/s41598-025-95865-3,10.1038/s41598-025-95865-3,Xi Chen,2025,2025,0,Exact
A5100330066,Xi Chen,doi:10.3892/ol.2018.8219,10.3892/ol.2018.8219,Xi Chen,2018,2022,4,Exact
A5100330381,Qian Li,doi:10.1155/2021/3092197,10.1155/2021/3092197,Qian Li,2021,2023,2,Exact
A5100330803,Jun Li,doi:10.1097/tp.0b013e31823ffce7,10.1097/tp.0b013e31823ffce7,Jun Li,2012,2013,1,Exact
A5100332157,Jun Wang,doi:10.1109/peam.2011.6135011,10.1109/peam.2011.6135011,Jun Wang,2011,2012,1,Exact
A5100332820,Jie Chen,doi:10.1155/2022/4441603,10.1155/2022/4441603,Jie Chen,2022,2023,1,Exact
A5100332848,Jie Chen,doi:10.1109/icmss.2009.5304923,10.1109/icmss.2009.5304923,Jie Chen,2009,2009,0,Exact
A5100332848,Jie Chen,doi:10.1155/2008/649808,10.1155/2008/649808,Jie Chen,2008,2020,12,Exact
A5100332857,Jie Chen,doi:10.1089/hum.2017.256,10.1089/hum.2017.256,Jie Chen,2018,2022,4,Exact
A5100332880,Jie Chen,doi:10.1080/21691401.2019.1576711,10.1080/21691401.2019.1576711,Jie Chen,2019,2019,0,Exact
A5100332883,Jie Chen,doi:10.1155/2022/7397186,10.1155/2022/7397186,Jie Chen,2022,2023,1,Exact
A5100332904,Jie Chen,doi:10.1016/j.ygyno.2012.03.051,10.1016/j.ygyno.2012.03.051,Jie Chen,2011,2015,4,Exact
A5100332904,Jie Chen,doi:10.1002/14651858.cd005052.pub4,10.1002/14651858.cd005052.pub4,Jie Chen,2012,2016,4,Exact
A5100332907,Jie Chen,doi:10.1371/journal.pone.0120219,10.1371/journal.pone.0120219,Jie Chen,2015,2026,11,Exact
A5100332932,Jie Chen,doi:10.3892/etm.2014.1619,10.3892/etm.2014.1619,Jie Chen,2014,2024,10,Exact
A5100332958,Jie Chen,doi:10.1109/wicom.2007.1560,10.1109/wicom.2007.1560,Jie Chen,2007,2007,0,Exact
A5100332975,Jie Chen,doi:10.1371/journal.pone.0091566,10.1371/journal.pone.0091566,Jie Chen,2014,2019,5,Exact
A5100332975,Jie Chen,doi:10.2147/ott.s238348,10.2147/ott.s238348,Jie Chen,2020,2024,4,Exact
A5100332996,Jie Chen,doi:10.1038/s41598-018-28906-9,10.1038/s41598-018-28906-9,Jie Chen,2018,2023,5,Exact
A5100332996,Jie Chen,doi:10.1155/2022/9778678,10.1155/2022/9778678,Jie Chen,2022,2024,2,Exact
A5100332996,Jie Chen,doi:10.18632/oncotarget.15086,10.18632/oncotarget.15086,Jie Chen,2017,2026,9,Exact
A5100332999,Jie Chen,doi:10.1007/s11033-014-3474-1,10.1007/s11033-014-3474-1,Jie Chen,2014,2015,1,Exact
A5100332999,Jie Chen,doi:10.1016/j.heliyon.2023.e14816,10.1016/j.heliyon.2023.e14816,Jie Chen,2023,2025,2,Exact
A5100333005,Jie Chen,doi:10.1155/2023/9943372,10.1155/2023/9943372,Jie Chen,2023,2024,1,Exact
A5100333009,Jie Chen,doi:10.1002/tox.24316,10.1002/tox.24316,Jie Chen,2024,2025,1,Exact
A5100333014,Jie Chen,doi:10.1155/2022/6813756,10.1155/2022/6813756,Jie Chen,2022,2023,1,Exact
A5100333015,Jie Chen,doi:10.1111/jcmm.13605,10.1111/jcmm.13605,Jie Chen,2018,2025,7,Exact
A5100335172,Bo Zhang,doi:10.1016/j.biopha.2017.07.042,10.1016/j.biopha.2017.07.042,Bo Zhang,2017,2022,5,Exact
A5100335186,Bo Zhang,doi:10.1155/2022/4259913,10.1155/2022/4259913,Bo Zhang,2022,2023,1,Exact
A5100335189,Bo Zhang,doi:10.1016/j.jclepro.2022.133903,10.1016/j.jclepro.2022.133903,Bo Zhang,2022,2024,2,Exact
A5100335189,Bo Zhang,doi:10.1080/24701556.2020.1758940,10.1080/24701556.2020.1758940,Bo Zhang,2020,2024,4,Exact
A5100335191,Bo Zhang,doi:10.1007/s13132-024-02093-7,10.1007/s13132-024-02093-7,Bo Zhang,2024,2024,0,Exact
A5100335192,Bo Zhang,doi:10.1155/2022/3493678,10.1155/2022/3493678,Bo Zhang,2022,2023,1,Exact
A5100335203,Bo Zhang,doi:10.1155/2022/5248288,10.1155/2022/5248288,Bo Zhang,2022,2023,1,Exact
A5100335210,Bo Zhang,doi:10.1097/tp.0000000000000112,10.1097/tp.0000000000000112,Bo Zhang,2014,2019,5,Exact
A5100335228,Bo Zhang,doi:10.1155/2021/1736429,10.1155/2021/1736429,Bo Zhang,2021,2022,1,Exact
A5100335228,Bo Zhang,doi:10.1155/2022/7145606,10.1155/2022/7145606,Bo Zhang,2022,2024,2,Exact
A5100335238,Bo Zhang,doi:10.1111/jcmm.13532,10.1111/jcmm.13532,Bo Zhang,2018,2021,3,Exact
A5100335238,Bo Zhang,doi:10.2147/ott.s266073,10.2147/ott.s266073,Bo Zhang,2020,2022,2,Exact
A5100335238,Bo Zhang,doi:10.1155/2022/4752782,10.1155/2022/4752782,Bo Zhang,2022,2024,2,Exact
A5100335238,Bo Zhang,doi:10.18632/oncotarget.14468,10.18632/oncotarget.14468,Bo Zhang,2017,2025,8,Exact
A5100335283,Bo Zhang,doi:10.1242/jcs.147223,10.1242/jcs.147223,Bo Zhang,2014,2015,1,Exact
A5100335295,Bo Zhang,doi:10.1016/j.mcat.2021.111834,10.1016/j.mcat.2021.111834,Bo Zhang,2021,2022,1,Exact
A5100335295,Bo Zhang,doi:10.1039/d2nj02069f,10.1039/d2nj02069f,Bo Zhang,2022,2023,1,Exact
A5100335304,Bo Zhang,doi:10.1038/s41388-018-0440-8,10.1038/s41388-018-0440-8,Bo Zhang,2018,2025,7,Exact
A5100335328,Bo Zhang,doi:10.12659/msm.920407,10.12659/msm.920407,Bo Zhang,2020,2021,1,Exact
A5100335328,Bo Zhang,doi:10.1155/2023/7441367,10.1155/2023/7441367,Bo Zhang,2023,2024,1,Exact
A5100335341,Bo Zhang,doi:10.1155/2021/6667309,10.1155/2021/6667309,Bo Zhang,2021,2023,2,Exact
A5100335372,Bo Zhang,doi:10.5056/jnm19101,10.5056/jnm19101,Bo Zhang,2020,2023,3,Exact
A5100335376,Bo Zhang,doi:10.1016/j.neuron.2017.04.011,10.1016/j.neuron.2017.04.011,Bo Zhang,2017,2025,8,Exact
A5100335392,Bo Zhang,doi:10.1109/icbmei.2011.5920350,10.1109/icbmei.2011.5920350,Bo Zhang,2011,2011,0,Exact
A5100335403,Bo Zhang,doi:10.1021/ja904224y,10.1021/ja904224y,Bo Zhang,2009,2009,0,Exact
A5100335407,Bo Zhang,doi:10.1016/j.psep.2024.07.004,10.1016/j.psep.2024.07.004,Bo Zhang,2024,2024,0,Exact
A5100335760,Wei Wang,doi:10.1109/peam.2011.6134884,10.1109/peam.2011.6134884,Wei Wang,2011,2012,1,Exact
A5100335790,Li Wang,doi:10.1155/2021/7329072,10.1155/2021/7329072,Li Wang,2021,2024,3,Exact
A5100335817,Li Wang,doi:10.1155/2021/2259408,10.1155/2021/2259408,Li Wang,2021,2023,2,Exact
A5100335817,Li Wang,doi:10.1155/2021/5526977,10.1155/2021/5526977,Li Wang,2021,2023,2,Exact
A5100335860,Li Wang,doi:10.1016/j.biocel.2019.01.021,10.1016/j.biocel.2019.01.021,Li Wang,2019,2020,1,Exact
A5100335860,Li Wang,doi:10.3389/fonc.2020.620550,10.3389/fonc.2020.620550,Li Wang,2021,2021,0,Exact
A5100335860,Li Wang,doi:10.3892/etm.2017.4828,10.3892/etm.2017.4828,Li Wang,2017,2021,4,Exact
A5100335860,Li Wang,doi:10.1111/ejh.13279,10.1111/ejh.13279,Li Wang,2019,2022,3,Exact
A5100335860,Li Wang,doi:10.1007/s10529-017-2397-z,10.1007/s10529-017-2397-z,Li Wang,2017,2023,6,Exact
A5100335860,Li Wang,doi:10.2147/ott.s284212,10.2147/ott.s284212,Li Wang,2021,2023,2,Exact
A5100335860,Li Wang,doi:10.1016/j.ebiom.2019.07.050,10.1016/j.ebiom.2019.07.050,Li Wang,2019,2024,5,Exact
A5100335860,Li Wang,doi:10.1177/1533033820942245,10.1177/1533033820942245,Li Wang,2020,2025,5,Exact
A5100335860,Li Wang,doi:10.18632/oncotarget.7908,10.18632/oncotarget.7908,Li Wang,2016,2026,10,Exact
A5100335876,Li Wang,doi:10.1210/me.2006-0224,10.1210/me.2006-0224,Li Wang,2006,2008,2,Exact
A5100335900,Li Wang,doi:10.1155/2013/617243,10.1155/2013/617243,Li Wang,2013,2020,7,Exact
A5100335904,Li Wang,doi:10.1155/2022/6771005,10.1155/2022/6771005,Li Wang,2022,2023,1,Exact
A5100335923,Li Wang,doi:10.1109/icbbe.2011.5781653,10.1109/icbbe.2011.5781653,Li Wang,2011,2011,0,Exact
A5100335945,Li Wang,doi:10.1155/2021/6611501,10.1155/2021/6611501,Li Wang,2021,2023,2,Exact
A5100335946,Li Wang,doi:10.1109/opee.2010.5508136,10.1109/opee.2010.5508136,Li Wang,2010,2010,0,Exact
A5100335949,Li Wang,doi:10.1109/iccsit.2010.5565326,10.1109/iccsit.2010.5565326,Li Wang,2010,2010,0,Exact
A5100335950,Li Wang,doi:10.1186/s12943-018-0783-3,10.1186/s12943-018-0783-3,Li Wang,2018,2022,4,Exact
A5100335950,Li Wang,doi:10.1002/jcp.26311,10.1002/jcp.26311,Li Wang,2017,2024,7,Exact
A5100335956,Li Wang,doi:10.1007/s11356-022-20094-4,10.1007/s11356-022-20094-4,Li Wang,2022,2024,2,Exact
A5100335967,Li Wang,doi:10.1080/10942912.2011.614988,10.1080/10942912.2011.614988,Li Wang,2013,2015,2,Exact
A5100336023,Li Wang,doi:10.1155/2022/7706172,10.1155/2022/7706172,Li Wang,2022,2023,1,Exact
A5100336028,Li Wang,doi:10.1186/s13287-018-0771-y,10.1186/s13287-018-0771-y,Li Wang,2018,2023,5,Exact
A5100336078,Li Wang,doi:10.1155/2021/1625915,10.1155/2021/1625915,Li Wang,2021,2023,2,Exact
A5100336102,Li Wang,doi:10.3892/mmr.2014.2819,10.3892/mmr.2014.2819,Li Wang,2014,2021,7,Exact
A5100336107,Li Wang,doi:10.1155/2021/5580761,10.1155/2021/5580761,Li Wang,2021,2023,2,Exact
A5100336116,Li Wang,doi:10.3727/096504016x14791726591124,10.3727/096504016x14791726591124,Li Wang,2016,2021,5,Exact
A5100336122,Li Wang,doi:10.1155/2022/1801099,10.1155/2022/1801099,Li Wang,2022,2023,1,Exact
A5100336122,Li Wang,doi:10.1155/2022/9122264,10.1155/2022/9122264,Li Wang,2022,2023,1,Exact
A5100336122,Li Wang,doi:10.1155/2021/5585846,10.1155/2021/5585846,Li Wang,2021,2024,3,Exact
A5100336122,Li Wang,doi:10.3389/fgene.2021.817672,10.3389/fgene.2021.817672,Li Wang,2022,2024,2,Exact
A5100336124,Li Wang,doi:10.1109/icicta.2011.593,10.1109/icicta.2011.593,Li Wang,2011,2011,0,Exact
A5100336161,Li Wang,doi:10.1080/10942912.2011.578317,10.1080/10942912.2011.578317,Li Wang,2012,2015,3,Exact
A5100336161,Li Wang,doi:10.1016/j.jia.2022.07.019,10.1016/j.jia.2022.07.019,Li Wang,2022,2022,0,Exact
A5100336161,Li Wang,doi:10.1007/s11082-024-06310-0,10.1007/s11082-024-06310-0,Li Wang,2024,2024,0,Exact
A5100336169,Li Wang,doi:10.1155/2022/6563193,10.1155/2022/6563193,Li Wang,2022,2024,2,Exact
A5100336185,Lı Wang,doi:10.1016/j.yexmp.2019.01.010,10.1016/j.yexmp.2019.01.010,Li Wang,2019,2022,3,Exact
A5100336197,Li Wang,doi:10.3389/fcell.2021.671704,10.3389/fcell.2021.671704,Li Wang,2021,2025,4,Exact
A5100336213,Li Wang,doi:10.1007/s10620-009-1033-8,10.1007/s10620-009-1033-8,Li Wang,2009,2013,4,Exact
A5100336213,Li Wang,doi:10.1159/000453140,10.1159/000453140,Li Wang,2016,2021,5,Exact
A5100336213,Li Wang,doi:10.1016/j.biopha.2018.03.017,10.1016/j.biopha.2018.03.017,Li Wang,2018,2024,6,Exact
A5100336214,Li Wang,doi:10.1007/s13277-014-1702-x,10.1007/s13277-014-1702-x,Li Wang,2014,2017,3,Exact
A5100336220,Li Wang,doi:10.1080/14756366.2023.2296695,10.1080/14756366.2023.2296695,Li Wang,2023,2024,1,Exact
A5100336237,Li Wang,doi:10.1155/2022/6047074,10.1155/2022/6047074,Li Wang,2022,2023,1,Exact
A5100336281,Li Wang,doi:10.3892/ol.2018.8219,10.3892/ol.2018.8219,Li Wang,2018,2022,4,Exact
A5100336281,Li Wang,doi:10.3892/or.2021.8066,10.3892/or.2021.8066,Li Wang,2021,2024,3,Exact
A5100336284,Li Wang,doi:10.1038/srep22241,10.1038/srep22241,Li Wang,2016,2018,2,Exact
A5100336284,Li Wang,doi:10.3389/fmicb.2018.02703,10.3389/fmicb.2018.02703,Li Wang,2018,2020,2,Exact
A5100336752,Jing Li,doi:10.1109/qr2mse.2013.6625764,10.1109/qr2mse.2013.6625764,Jing Li,2013,2013,0,Exact
A5100336756,Jing Li,doi:10.1111/jcmm.12579,10.1111/jcmm.12579,Jing Li,2015,2018,3,Exact
A5100336761,Jing Li,doi:10.1155/2022/3475325,10.1155/2022/3475325,Jing Li,2022,2023,1,Exact
A5100336765,Jing Li,doi:10.1155/2021/6693143,10.1155/2021/6693143,Jing Li,2021,2023,2,Exact
A5100336796,Jing Li,doi:10.1007/s12652-021-03067-2,10.1007/s12652-021-03067-2,Jing Li,2021,2022,1,Exact
A5100336796,Jing Li,doi:10.1016/j.arabjc.2021.103498,10.1016/j.arabjc.2021.103498,Jing Li,2021,2023,2,Exact
A5100336796,Jing Li,doi:10.1016/j.arabjc.2021.103566,10.1016/j.arabjc.2021.103566,Jing Li,2021,2023,2,Exact
A5100336796,Jing Li,doi:10.1155/2021/2946044,10.1155/2021/2946044,Jing Li,2021,2023,2,Exact
A5100336796,Jing Li,doi:10.1155/2021/9985041,10.1155/2021/9985041,Jing Li,2021,2023,2,Exact
A5100336796,Jing Li,doi:10.3892/etm.2021.9949,10.3892/etm.2021.9949,Jing Li,2021,2024,3,Exact
A5100336800,Jing Li,doi:10.3892/ijmm.2018.3464,10.3892/ijmm.2018.3464,Jing Li,2018,2021,3,Exact
A5100336803,Jing Li,doi:10.1016/j.pharep.2017.06.005,10.1016/j.pharep.2017.06.005,Jing Li,2017,2020,3,Exact
A5100336803,Jing Li,doi:10.1155/2022/1966798,10.1155/2022/1966798,Jing Li,2022,2023,1,Exact
A5100336825,Jing Li,doi:10.1007/s11033-014-3359-3,10.1007/s11033-014-3359-3,Jing Li,2014,2015,1,Exact
A5100336827,Jing Li,doi:10.1159/000491662,10.1159/000491662,Jing Li,2018,2022,4,Exact
A5100336830,Jing Li,doi:10.3233/cbm-170732,10.3233/cbm-170732,Jing Li,2018,2022,4,Exact
A5100336858,Jing Li,doi:10.1042/bsr20160578,10.1042/bsr20160578,Jing Li,2017,2021,4,Exact
A5100336858,Jing Li,doi:10.1159/000438546,10.1159/000438546,Jing Li,2015,2023,8,Exact
A5100336868,Jing Li,doi:10.1016/s1005-8885(14)60505-7,10.1016/s1005-8885(14)60505-7,Jing Li,2014,2014,0,Exact
A5100336869,Jing Li,doi:10.1002/jcp.26828,10.1002/jcp.26828,Jing Li,2018,2021,3,Exact
A5100336895,Jing Li,doi:10.3389/fonc.2023.1095362,10.3389/fonc.2023.1095362,Jing Li,2023,2024,1,Exact
A5100336899,Jing Li,doi:10.1097/md.0000000000020407,10.1097/md.0000000000020407,Jing Li,2020,2021,1,Exact
A5100336919,Jing Li,doi:10.1155/2022/5658641,10.1155/2022/5658641,Jing Li,2022,2023,1,Exact
A5100336920,Jing Li,doi:10.1111/apm.12387,10.1111/apm.12387,Jing Li,2015,2016,1,Exact
A5100336923,Jing Li,doi:10.18632/oncotarget.23048,10.18632/oncotarget.23048,Jing Li,2017,2023,6,Exact
A5100336923,Jing Li,doi:10.2147/ott.s158355,10.2147/ott.s158355,Jing Li,2018,2023,5,Exact
A5100336923,Jing Li,doi:10.1155/2021/8875503,10.1155/2021/8875503,Jing Li,2021,2024,3,Exact
A5100336928,Jing Li,doi:10.1016/j.ijbiomac.2022.09.134,10.1016/j.ijbiomac.2022.09.134,Jing Li,2022,2023,1,Exact
A5100336938,Jing Li,doi:10.1109/icebeg.2011.5881361,10.1109/icebeg.2011.5881361,Jing Li,2011,2011,0,Exact
A5100336946,Jing Li,doi:10.1016/j.micpro.2021.103874,10.1016/j.micpro.2021.103874,Jing Li,2021,2023,2,Exact
A5100336946,Jing Li,doi:10.1016/s0140-6736(21)01640-8,10.1016/s0140-6736(21)01640-8,Jing Li,2022,2024,2,Exact
A5100336949,Jing Li,doi:10.1007/s12517-021-07856-z,10.1007/s12517-021-07856-z,Jing Li,2021,2022,1,Exact
A5100336952,Jing Li,doi:10.1155/2021/6649085,10.1155/2021/6649085,Jing Li,2021,2023,2,Exact
A5100336971,Jing Li,doi:10.1186/s11671-021-03534-x,10.1186/s11671-021-03534-x,Jing Li,2021,2022,1,Exact
A5100336974,Jing Li,doi:10.1128/aem.01321-18,10.1128/aem.01321-18,Jing Li,2018,2018,0,Exact
A5100336982,Jing Li,doi:10.3233/jifs-212086,10.3233/jifs-212086,Jing Li,2022,2024,2,Exact
A5100336992,Jing Li,doi:10.1155/2021/5590503,10.1155/2021/5590503,Jing Li,2021,2024,3,Exact
A5100337007,Jing Li,doi:10.1039/c8bm01007b,10.1039/c8bm01007b,Jing Li,2019,2022,3,Exact
A5100337026,Jing Li,doi:10.1109/aimsec.2011.6009856,10.1109/aimsec.2011.6009856,Jing Li,2011,2011,0,Exact
A5100337026,Jing Li,doi:10.1109/iceceng.2011.6056855,10.1109/iceceng.2011.6056855,Jing Li,2011,2011,0,Exact
A5100337026,Jing Li,doi:10.1109/qr2mse.2013.6625663,10.1109/qr2mse.2013.6625663,Jing Li,2013,2013,0,Exact
A5100337048,Jing Li,doi:10.1007/s12035-015-9170-x,10.1007/s12035-015-9170-x,Jing Li,2015,2017,2,Exact
A5100337087,Jing Li,doi:10.1111/jcmm.15167,10.1111/jcmm.15167,Jing Li,2020,2024,4,Exact
A5100337091,Jing Li,doi:10.1002/ijc.26341,10.1002/ijc.26341,Jing Li,2011,2024,13,Exact
A5100337108,Jing Li,doi:10.3892/ijo.2013.2103,10.3892/ijo.2013.2103,Jing Li,2013,2023,10,Exact
A5100337136,Jing Li,doi:10.1155/2022/5315927,10.1155/2022/5315927,Jing Li,2022,2023,1,Exact
A5100337145,Jing Li,doi:10.1016/j.pharep.2018.04.006,10.1016/j.pharep.2018.04.006,Jing Li,2018,2020,2,Exact
A5100337152,Jing Li,doi:10.1371/journal.pone.0064373,10.1371/journal.pone.0064373,Jing Li,2013,2019,6,Exact
A5100337152,Jing Li,doi:10.3892/etm.2019.8036,10.3892/etm.2019.8036,Jing Li,2019,2024,5,Exact
A5100337852,Jing Li,doi:10.1155/2022/8579279,10.1155/2022/8579279,Jing Li,2022,2023,1,Exact
A5100337858,Jing Li,doi:10.1371/journal.pone.0055714,10.1371/journal.pone.0055714,Jing Li,2013,2025,12,Exact
A5100337858,Jing Li,doi:10.18632/oncotarget.11631,10.18632/oncotarget.11631,Jing Li,2016,2026,10,Exact
A5100337861,Jing Li,doi:10.2147/cmar.s276964,10.2147/cmar.s276964,Jing Li,2021,2022,1,Exact
A5100338060,Tao Liu,doi:10.1016/j.biortech.2018.12.020,10.1016/j.biortech.2018.12.020,Tao Liu,2018,2024,6,Exact
A5100338060,Tao Liu,doi:10.1016/j.biortech.2019.121845,10.1016/j.biortech.2019.121845,Tao Liu,2019,2024,5,Exact
A5100338060,Tao Liu,doi:10.1016/j.biortech.2022.127541,10.1016/j.biortech.2022.127541,Tao Liu,2022,2024,2,Exact
A5100338061,Tao Liu,doi:10.1109/edt.2010.5496346,10.1109/edt.2010.5496346,Tao Liu,2010,2010,0,Exact
A5100338067,Tao Liu,doi:10.1109/icbbe.2011.5781306,10.1109/icbbe.2011.5781306,Tao Liu,2011,2011,0,Exact
A5100338067,Tao Liu,doi:10.1016/j.lfs.2019.117178,10.1016/j.lfs.2019.117178,Tao Liu,2019,2020,1,Exact
A5100338067,Tao Liu,doi:10.1039/c9ra07854a,10.1039/c9ra07854a,Tao Liu,2019,2021,2,Exact
A5100338067,Tao Liu,doi:10.1016/j.mce.2018.03.009,10.1016/j.mce.2018.03.009,Tao Liu,2018,2022,4,Exact
A5100338067,Tao Liu,doi:10.1016/j.omtn.2021.04.007,10.1016/j.omtn.2021.04.007,Tao Liu,2021,2023,2,Exact
A5100338067,Tao Liu,doi:10.1002/1878-0261.12457,10.1002/1878-0261.12457,Tao Liu,2019,2024,5,Exact
A5100338067,Tao Liu,doi:10.1016/j.molonc.2015.03.005,10.1016/j.molonc.2015.03.005,Tao Liu,2015,2024,9,Exact
A5100338073,Tao Liu,doi:10.1016/j.biortech.2019.122555,10.1016/j.biortech.2019.122555,Tao Liu,2020,2024,4,Exact
A5100338083,Tao Liu,doi:10.1109/qr2mse.2013.6625700,10.1109/qr2mse.2013.6625700,Tao Liu,2013,2013,0,Exact
A5100338083,Tao Liu,doi:10.1145/3465631.3465930,10.1145/3465631.3465930,Tao Liu,2021,2022,1,Exact
A5100338087,Tao Liu,doi:10.1016/j.canlet.2012.02.038,10.1016/j.canlet.2012.02.038,Tao Liu,2012,2021,9,Exact
A5100338087,Tao Liu,doi:10.1155/2021/6623426,10.1155/2021/6623426,Tao Liu,2021,2024,3,Exact
A5100338087,Tao Liu,doi:10.1155/2022/4022896,10.1155/2022/4022896,Tao Liu,2022,2024,2,Exact
A5100338122,Tao Liu,doi:10.1080/21655979.2020.1736238,10.1080/21655979.2020.1736238,Tao Liu,2020,2022,2,Exact
A5100338131,Tao Liu,doi:10.1109/icbbe.2011.5780849,10.1109/icbbe.2011.5780849,Tao Liu,2011,2011,0,Exact
A5100338131,Tao Liu,doi:10.1016/j.biortech.2019.02.030,10.1016/j.biortech.2019.02.030,Tao Liu,2019,2024,5,Exact
A5100338592,Ping Wang,doi:10.1152/ajpheart.01285.2004,10.1152/ajpheart.01285.2004,Ping Wang,2005,2012,7,Exact
A5100338602,Ping Wang,doi:10.1080/15384101.2021.1941611,10.1080/15384101.2021.1941611,Ping Wang,2021,2022,1,Exact
A5100338606,Ping Wang,doi:10.1080/21691401.2019.1671429,10.1080/21691401.2019.1671429,Ping Wang,2019,2020,1,Exact
A5100338606,Ping Wang,doi:10.1186/s13046-018-0910-4,10.1186/s13046-018-0910-4,Ping Wang,2018,2020,2,Exact
A5100338606,Ping Wang,doi:10.1093/nar/gku1368,10.1093/nar/gku1368,Ping Wang,2015,2022,7,Exact
A5100338606,Ping Wang,doi:10.3389/fnmol.2017.00194,10.3389/fnmol.2017.00194,Ping Wang,2017,2023,6,Exact
A5100338606,Ping Wang,doi:10.3389/fnmol.2017.00437,10.3389/fnmol.2017.00437,Ping Wang,2018,2023,5,Exact
A5100338606,Ping Wang,doi:10.3389/fnmol.2017.00208,10.3389/fnmol.2017.00208,Ping Wang,2017,2024,7,Exact
A5100338625,Ping Wang,doi:10.1016/j.clay.2007.07.008,10.1016/j.clay.2007.07.008,Ping Wang,2007,2010,3,Exact
A5100338625,Ping Wang,doi:10.1155/2021/8690662,10.1155/2021/8690662,Ping Wang,2021,2023,2,Exact
A5100338632,Ping Wang,doi:10.1074/jbc.m116.772392,10.1074/jbc.m116.772392,Ping Wang,2017,2020,3,Exact
A5100338632,Ping Wang,doi:10.3233/cbm-170802,10.3233/cbm-170802,Ping Wang,2018,2020,2,Exact
A5100338632,Ping Wang,doi:10.1152/ajpgi.00217.2002,10.1152/ajpgi.00217.2002,Ping Wang,2002,2021,19,Exact
A5100338632,Ping Wang,doi:10.1155/2022/9631858,10.1155/2022/9631858,Ping Wang,2022,2023,1,Exact
A5100338632,Ping Wang,doi:10.1371/journal.pone.0065661,10.1371/journal.pone.0065661,Ping Wang,2013,2025,12,Exact
A5100338632,Ping Wang,doi:10.1038/s41374-020-0469-5,10.1038/s41374-020-0469-5,Ping Wang,2023,2026,3,Exact
A5100338635,Ping Wang,doi:10.1155/2022/3409693,10.1155/2022/3409693,Ping Wang,2022,2023,1,Exact
A5100338642,Ping Wang,doi:10.1016/j.heliyon.2024.e35378,10.1016/j.heliyon.2024.e35378,Ping Wang,2024,2025,1,Exact
A5100338651,Ping Wang,doi:10.2147/dddt.s112740,10.2147/dddt.s112740,Ping Wang,2016,2023,7,Exact
A5100338672,Ping Wang,doi:10.3233/jifs-179223,10.3233/jifs-179223,Ping Wang,2019,2024,5,Exact
A5100338694,Ping Wang,doi:10.1155/2022/8638894,10.1155/2022/8638894,Ping Wang,2022,2023,1,Exact
A5100338700,Ping Wang,doi:10.1155/2022/1548155,10.1155/2022/1548155,Ping Wang,2022,2023,1,Exact
A5100338703,Ping Wang,doi:10.1155/2022/3771144,10.1155/2022/3771144,Ping Wang,2022,2023,1,Exact
A5100338716,Ping Wang,doi:10.1155/2022/5188202,10.1155/2022/5188202,Ping Wang,2022,2023,1,Exact
A5100338726,Ping Wang,doi:10.1016/j.biortech.2022.127541,10.1016/j.biortech.2022.127541,Ping Wang,2022,2024,2,Exact
A5100338727,Ping Wang,doi:10.1038/s41467-017-02210-y,10.1038/s41467-017-02210-y,Ping Wang,2017,2024,7,Exact
A5100338841,Wei Zhang,doi:10.1109/icicisys.2010.5658833,10.1109/icicisys.2010.5658833,Wei Zhang,2010,2010,0,Exact
A5100339330,Hong Li,doi:10.1039/c8ra01749b,10.1039/c8ra01749b,Hong Li,2018,2021,3,Exact
A5100339335,Hong Li,doi:10.1109/paccs.2011.5990327,10.1109/paccs.2011.5990327,Hong Li,2011,2011,0,Exact
A5100339335,Hong Li,doi:10.1186/s13046-018-0910-4,10.1186/s13046-018-0910-4,Hong Li,2018,2020,2,Exact
A5100339335,Hong Li,doi:10.1177/1533033819871300,10.1177/1533033819871300,Hong Li,2019,2023,4,Exact
A5100339336,Hong Li,doi:10.1002/jcb.27445,10.1002/jcb.27445,Hong Li,2018,2021,3,Exact
A5100339336,Hong Li,doi:10.1042/bsr20170915,10.1042/bsr20170915,Hong Li,2017,2022,5,Exact
A5100339336,Hong Li,doi:10.1371/journal.pone.0143438,10.1371/journal.pone.0143438,Hong Li,2015,2023,8,Exact
A5100339336,Hong Li,doi:10.2147/cmar.s244573,10.2147/cmar.s244573,Hong Li,2020,2024,4,Exact
A5100339352,Hong Li,doi:10.1109/icbbe.2011.5780110,10.1109/icbbe.2011.5780110,Hong Li,2011,2011,0,Exact
A5100339376,Hong Li,doi:10.1134/s1087659617060049,10.1134/s1087659617060049,Hong Li,2018,2018,0,Exact
A5100339381,Hong Li,doi:10.1109/icnc.2012.6234733,10.1109/icnc.2012.6234733,Hong Li,2012,2012,0,Exact
A5100339401,Hong Li,doi:10.1016/j.biopha.2017.09.086,10.1016/j.biopha.2017.09.086,Hong Li,2017,2023,6,Exact
A5100339418,Hong Li,doi:10.3233/xst-17277,10.3233/xst-17277,Hong Li,2018,2022,4,Exact
A5100339418,Hong Li,doi:10.3233/jifs-189664,10.3233/jifs-189664,Hong Li,2021,2025,4,Exact
A5100339427,Hong Li,doi:10.1002/ptr.6556,10.1002/ptr.6556,Hong Li,2019,2020,1,Exact
A5100339428,Hong Li,doi:10.1155/2022/7010492,10.1155/2022/7010492,Hong Li,2022,2023,1,Exact
A5100339451,Hong Li,doi:10.1155/2023/5272125,10.1155/2023/5272125,Hong Li,2023,2023,0,Exact
A5100339879,Xin Zhang,doi:10.1109/wicom.2007.1029,10.1109/wicom.2007.1029,Xin Zhang,2007,2007,0,Exact
A5100339882,Xin Zhang,doi:10.1109/icacc.2010.5487046,10.1109/icacc.2010.5487046,Xin Zhang,2010,2010,0,Exact
A5100340344,Yan Li,doi:10.1007/s13277-013-1012-8,10.1007/s13277-013-1012-8,Yan Li,2013,2017,4,Exact
A5100340344,Yan Li,doi:10.2147/ott.s266073,10.2147/ott.s266073,Yan Li,2020,2022,2,Exact
A5100340530,Qian Li,doi:10.1109/aimsec.2011.6009923,10.1109/aimsec.2011.6009923,Qian Li,2011,2011,0,Exact
A5100340530,Qian Li,doi:10.1109/icbbe.2011.5781486,10.1109/icbbe.2011.5781486,Qian Li,2011,2011,0,Exact
A5100340538,Qian Li,doi:10.1109/icebeg.2011.5882364,10.1109/icebeg.2011.5882364,Qian Li,2011,2011,0,Exact
A5100340539,Qian Li,doi:10.1042/bsr20190787,10.1042/bsr20190787,Qian Li,2019,2021,2,Exact
A5100340539,Qian Li,doi:10.1016/j.intimp.2020.106204,10.1016/j.intimp.2020.106204,Qian Li,2020,2023,3,Exact
A5100340539,Qian Li,doi:10.1042/bsr20180668,10.1042/bsr20180668,Qian Li,2018,2024,6,Exact
A5100340547,Qian Li,doi:10.1002/aelm.202000537,10.1002/aelm.202000537,Qian Li,2020,2021,1,Exact
A5100340563,Qian Li,doi:10.1021/acsami.8b16758,10.1021/acsami.8b16758,Qian Li,2019,2019,0,Exact
A5100340563,Qian Li,doi:10.1007/s10495-010-0537-1,10.1007/s10495-010-0537-1,Qian Li,2010,2021,11,Exact
A5100340564,Qian Li,doi:10.1109/icbbe.2011.5781325,10.1109/icbbe.2011.5781325,Qian Li,2011,2011,0,Exact
A5100340578,Qian Li,doi:10.1186/s13000-018-0685-0,10.1186/s13000-018-0685-0,Qian Li,2018,2018,0,Exact
A5100340580,Qian Li,doi:10.1371/journal.pone.0163460,10.1371/journal.pone.0163460,Qian Li,2016,2019,3,Exact
A5100340631,Qian Li,doi:10.1016/j.jep.2019.111885,10.1016/j.jep.2019.111885,Qian Li,2019,2022,3,Exact
A5100340631,Qian Li,doi:10.1016/j.omtn.2019.10.036,10.1016/j.omtn.2019.10.036,Qian Li,2019,2022,3,Exact
A5100340631,Qian Li,doi:10.18632/oncotarget.22652,10.18632/oncotarget.22652,Qian Li,2017,2023,6,Exact
A5100340644,Qian Li,doi:10.1093/cdn/nzz039.p18-078-19,10.1093/cdn/nzz039.p18-078-19,Qian Li,2019,2021,2,Exact
A5100340644,Qian Li,doi:10.3389/fmolb.2021.685466,10.3389/fmolb.2021.685466,Qian Li,2021,2025,4,Exact
A5100340663,Qian Li,doi:10.1080/21691401.2019.1576711,10.1080/21691401.2019.1576711,Qian Li,2019,2019,0,Exact
A5100340674,Qian Li,doi:10.1016/j.conbuildmat.2022.130003,10.1016/j.conbuildmat.2022.130003,Qian Li,2022,2025,3,Exact
A5100340685,Qian Li,doi:10.3389/fgene.2022.878123,10.3389/fgene.2022.878123,Qian Li,2022,2026,4,Exact
A5100340687,Qian Li,doi:10.1007/s00210-019-01687-2,10.1007/s00210-019-01687-2,Qian Li,2019,2020,1,Exact
A5100340688,Qian Li,doi:10.1186/s40246-019-0237-z,10.1186/s40246-019-0237-z,Qian Li,2019,2022,3,Exact
A5100340688,Qian Li,doi:10.3892/or.2020.7690,10.3892/or.2020.7690,Qian Li,2020,2022,2,Exact
A5100340851,Min Wang,doi:10.1155/2021/9985041,10.1155/2021/9985041,Min Wang,2021,2023,2,Exact
A5100340886,Min Wang,doi:10.1186/s12920-023-01748-9,10.1186/s12920-023-01748-9,Min Wang,2023,2024,1,Exact
A5100340889,Min Wang,doi:10.1145/3465631.3465865,10.1145/3465631.3465865,Min Wang,2021,2022,1,Exact
A5100340891,Min Wang,doi:10.1109/etcs.2010.441,10.1109/etcs.2010.441,Min Wang,2010,2010,0,Exact
A5100340897,Min Wang,doi:10.1007/s12192-018-0881-6,10.1007/s12192-018-0881-6,Min Wang,2018,2023,5,Exact
A5100340903,Min Wang,doi:10.2147/ott.s257001,10.2147/ott.s257001,Min Wang,2020,2024,4,Exact
A5100340910,Min Wang,doi:10.1158/1541-7786.mcr-10-0158,10.1158/1541-7786.mcr-10-0158,Min Wang,2011,2012,1,Exact
A5100340910,Min Wang,doi:10.1002/jcp.28616,10.1002/jcp.28616,Min Wang,2019,2021,2,Exact
A5100340910,Min Wang,doi:10.1021/acsami.7b17109,10.1021/acsami.7b17109,Min Wang,2018,2021,3,Exact
A5100340910,Min Wang,doi:10.2147/ott.s203479,10.2147/ott.s203479,Min Wang,2019,2021,2,Exact
A5100340910,Min Wang,doi:10.2147/ott.s233256,10.2147/ott.s233256,Min Wang,2020,2021,1,Exact
A5100340910,Min Wang,doi:10.3233/cbm-170620,10.3233/cbm-170620,Min Wang,2017,2021,4,Exact
A5100340910,Min Wang,doi:10.1155/2022/4797454,10.1155/2022/4797454,Min Wang,2022,2023,1,Exact
A5100340910,Min Wang,doi:10.1155/2022/6830366,10.1155/2022/6830366,Min Wang,2022,2023,1,Exact
A5100340922,Min Wang,doi:10.1155/2022/3417557,10.1155/2022/3417557,Min Wang,2022,2024,2,Exact
A5100340926,Min Wang,doi:10.1109/icbbe.2011.5780947,10.1109/icbbe.2011.5780947,Min Wang,2011,2011,0,Exact
A5100340933,Min Wang,doi:10.1007/s12192-018-00963-z,10.1007/s12192-018-00963-z,Min Wang,2019,2021,2,Exact
A5100340933,Min Wang,doi:10.1016/j.actbio.2017.06.010,10.1016/j.actbio.2017.06.010,Min Wang,2017,2021,4,Exact
A5100340933,Min Wang,doi:10.1039/c8nr03001d,10.1039/c8nr03001d,Min Wang,2018,2021,3,Exact
A5100340934,Min Wang,doi:10.3233/jifs-224294,10.3233/jifs-224294,Min Wang,2023,2025,2,Exact
A5100340934,Min Wang,doi:10.3233/jifs-232494,10.3233/jifs-232494,Min Wang,2023,2025,2,Exact
A5100340936,Min Wang,doi:10.3233/jifs-221036,10.3233/jifs-221036,Min Wang,2023,2025,2,Exact
A5100340947,Min Wang,doi:10.1111/iwj.14776,10.1111/iwj.14776,Min Wang,2024,2025,1,Exact
A5100340952,Min Wang,doi:10.7150/ijms.6308,10.7150/ijms.6308,Min Wang,2013,2014,1,Exact
A5100340959,Min Wang,doi:10.1109/icebeg.2011.5881505,10.1109/icebeg.2011.5881505,Min Wang,2011,2011,0,Exact
A5100340968,Min Wang,doi:10.1155/2021/2052787,10.1155/2021/2052787,Min Wang,2021,2023,2,Exact
A5100340999,Nan Li,doi:10.1155/2022/7427255,10.1155/2022/7427255,Nan Li,2022,2023,1,Exact
A5100341013,Nan Li,doi:10.1007/s13277-015-3737-z,10.1007/s13277-015-3737-z,Nan Li,2015,2017,2,Exact
A5100341013,Nan Li,doi:10.1074/jbc.m312895200,10.1074/jbc.m312895200,Nan Li,2003,2021,18,Exact
A5100341013,Nan Li,doi:10.1093/pcp/pcab029,10.1093/pcp/pcab029,Nan Li,2021,2021,0,Exact
A5100341038,Nan Li,doi:10.1074/jbc.m109.028621,10.1074/jbc.m109.028621,Nan Li,2009,2021,12,Exact
A5100341038,Nan Li,doi:10.1080/15384101.2020.1732515,10.1080/15384101.2020.1732515,Nan Li,2020,2022,2,Exact
A5100341041,Nan Li,doi:10.1042/cs20171588,10.1042/cs20171588,Nan Li,2018,2024,6,Exact
A5100341056,Nan Li,doi:10.1093/carcin/bgq234,10.1093/carcin/bgq234,Nan Li,2010,2022,12,Exact
A5100341065,Nan Li,doi:10.1109/esiat.2010.5568556,10.1109/esiat.2010.5568556,Nan Li,2010,2010,0,Exact
A5100341066,Nan Li,doi:10.1155/2022/6792584,10.1155/2022/6792584,Nan Li,2022,2023,1,Exact
A5100341066,Nan Li,doi:10.1155/2022/8589660,10.1155/2022/8589660,Nan Li,2022,2023,1,Exact
A5100341089,Nan Li,doi:10.1155/2021/5840852,10.1155/2021/5840852,Nan Li,2021,2023,2,Exact
A5100341090,Nan Li,doi:10.1007/s11273-014-9341-y,10.1007/s11273-014-9341-y,Nan Li,2014,2014,0,Exact
A5100341096,Nan Li,doi:10.1074/jbc.m805483200,10.1074/jbc.m805483200,Nan Li,2008,2021,13,Exact
A5100341104,Nan Li,doi:10.1155/2021/4828169,10.1155/2021/4828169,Nan Li,2021,2023,2,Exact
A5100341105,Nan Li,doi:10.1074/jbc.m801571200,10.1074/jbc.m801571200,Nan Li,2008,2015,7,Exact
A5100341105,Nan Li,doi:10.1074/jbc.m405147200,10.1074/jbc.m405147200,Nan Li,2004,2020,16,Exact
A5100341105,Nan Li,doi:10.1074/jbc.m609494200,10.1074/jbc.m609494200,Nan Li,2006,2020,14,Exact
A5100341105,Nan Li,doi:10.1074/jbc.m109.002105,10.1074/jbc.m109.002105,Nan Li,2009,2021,12,Exact
A5100341105,Nan Li,doi:10.1074/jbc.m110.109876,10.1074/jbc.m110.109876,Nan Li,2021,2021,0,Exact
A5100341105,Nan Li,doi:10.1074/jbc.m113.473397,10.1074/jbc.m113.473397,Nan Li,2013,2021,8,Exact
A5100341105,Nan Li,doi:10.1074/jbc.m408708200,10.1074/jbc.m408708200,Nan Li,2004,2021,17,Exact
A5100341105,Nan Li,doi:10.1074/jbc.m502190200,10.1074/jbc.m502190200,Nan Li,2005,2021,16,Exact
A5100341111,Nan Li,doi:10.1042/bsr20200390,10.1042/bsr20200390,Nan Li,2020,2024,4,Exact
A5100341123,Nan Li,doi:10.1007/s11010-013-1820-6,10.1007/s11010-013-1820-6,Nan Li,2013,2015,2,Exact
A5100341125,Nan Li,doi:10.1016/j.ejca.2011.04.004,10.1016/j.ejca.2011.04.004,Nan Li,2023,2023,0,Exact
A5100341206,Qi Wang,doi:10.1088/1361-6528/abf7ea,10.1088/1361-6528/abf7ea,Qi Wang,2021,2022,1,Exact
A5100341210,Qi Wang,doi:10.1016/j.lfs.2021.119111,10.1016/j.lfs.2021.119111,Qi Wang,2021,2021,0,Exact
A5100341210,Qi Wang,doi:10.3389/fphar.2021.533028,10.3389/fphar.2021.533028,Qi Wang,2021,2023,2,Exact
A5100341232,Qi Wang,doi:10.1007/s11356-019-06753-z,10.1007/s11356-019-06753-z,Qi Wang,2019,2024,5,Exact
A5100341235,Qi Wang,doi:10.1007/s13277-014-1970-5,10.1007/s13277-014-1970-5,Qi Wang,2014,2017,3,Exact
A5100341235,Qi Wang,doi:10.3892/ijo.2019.4759,10.3892/ijo.2019.4759,Qi Wang,2019,2022,3,Exact
A5100341267,Qi Wang,doi:10.1007/s10854-015-3718-4,10.1007/s10854-015-3718-4,Qi Wang,2015,2017,2,Exact
A5100341269,Qi Wang,doi:10.1109/icebeg.2011.5881721,10.1109/icebeg.2011.5881721,Qi Wang,2011,2011,0,Exact
A5100341269,Qi Wang,doi:10.1109/icetce.2011.5774285,10.1109/icetce.2011.5774285,Qi Wang,2011,2011,0,Exact
A5100341269,Qi Wang,doi:10.1109/icetce.2011.5775211,10.1109/icetce.2011.5775211,Qi Wang,2011,2011,0,Exact
A5100341269,Qi Wang,doi:10.1016/j.cplett.2022.139863,10.1016/j.cplett.2022.139863,Qi Wang,2022,2022,0,Exact
A5100341289,Qi Wang,doi:10.3892/ijmm.2021.5044,10.3892/ijmm.2021.5044,Qi Wang,2021,2023,2,Exact
A5100341289,Qi Wang,doi:10.1155/2022/5218993,10.1155/2022/5218993,Qi Wang,2022,2024,2,Exact
A5100341303,Qi Wang,doi:10.3389/fonc.2021.600451,10.3389/fonc.2021.600451,Qi Wang,2021,2021,0,Exact
A5100341304,Qi Wang,doi:10.1039/c8ra04876b,10.1039/c8ra04876b,Qi Wang,2018,2022,4,Exact
A5100341321,Qi Wang,doi:10.1109/opee.2010.5507977,10.1109/opee.2010.5507977,Qi Wang,2010,2010,0,Exact
A5100341321,Qi Wang,doi:10.1109/access.2020.3009993,10.1109/access.2020.3009993,Qi Wang,2020,2020,0,Exact
A5100341321,Qi Wang,doi:10.1155/2022/8388325,10.1155/2022/8388325,Qi Wang,2022,2023,1,Exact
A5100341330,Qi Wang,doi:10.2991/3ca-13.2013.70,10.2991/3ca-13.2013.70,Qi Wang,2013,2020,7,Exact
A5100341332,Qi Wang,doi:10.1007/s11010-019-03632-6,10.1007/s11010-019-03632-6,Qi Wang,2019,2024,5,Exact
A5100341353,Qi Wang,doi:10.1109/opee.2010.5508036,10.1109/opee.2010.5508036,Qi Wang,2010,2010,0,Exact
A5100341365,Qi Wang,doi:10.1016/j.omtn.2020.05.021,10.1016/j.omtn.2020.05.021,Qi Wang,2020,2022,2,Exact
A5100341376,Qi Wang,doi:10.1109/appeec.2010.5448183,10.1109/appeec.2010.5448183,Qi Wang,2010,2010,0,Exact
A5100341378,Qi Wang,doi:10.1007/s11033-014-3199-1,10.1007/s11033-014-3199-1,Qi Wang,2014,2015,1,Exact
A5100341388,Qi Wang,doi:10.2174/1874444301507010809,10.2174/1874444301507010809,Qi Wang,2015,2016,1,Exact
A5100341388,Qi Wang,doi:10.1039/c2dt31510f,10.1039/c2dt31510f,Qi Wang,2012,2020,8,Exact
A5100341830,Lei Li,doi:10.1007/s00335-021-09896-y,10.1007/s00335-021-09896-y,Lei Li,2021,2023,2,Exact
A5100342557,Yán Li,doi:10.1111/cas.14426,10.1111/cas.14426,Yan Li,2020,2022,2,Exact
A5100342637,Wei Li,doi:10.1186/s12872-021-02435-2,10.1186/s12872-021-02435-2,Wei Li,2021,2023,2,Exact
A5100342656,Qian Zhang,doi:10.1007/s00521-014-1756-0,10.1007/s00521-014-1756-0,Qian Zhang,2014,2015,1,Exact
A5100342662,Qian Zhang,doi:10.1109/appeec.2009.4918825,10.1109/appeec.2009.4918825,Qian Zhang,2009,2009,0,Exact
A5100343143,Xin Li,doi:10.1109/icbbe.2011.5781341,10.1109/icbbe.2011.5781341,Xin Li,2011,2011,0,Exact
A5100343147,Xin Li,doi:10.1002/jcb.25060,10.1002/jcb.25060,Xin Li,2015,2021,6,Exact
A5100343687,Bo Li,doi:10.1016/j.neulet.2020.135195,10.1016/j.neulet.2020.135195,Bo Li,2020,2021,1,Exact
A5100343694,Bo Li,doi:10.1155/2018/8407137,10.1155/2018/8407137,Bo Li,2018,2022,4,Exact
A5100343694,Bo Li,doi:10.1161/jaha.116.004756,10.1161/jaha.116.004756,Bo Li,2017,2022,5,Exact
A5100344298,Wei Chen,doi:10.1111/os.12606,10.1111/os.12606,Wei Chen,2020,2021,1,Exact
A5100344298,Wei Chen,doi:10.1155/2022/4143413,10.1155/2022/4143413,Wei Chen,2022,2023,1,Exact
A5100344298,Wei Chen,doi:10.1155/2022/9721702,10.1155/2022/9721702,Wei Chen,2022,2023,1,Exact
A5100344298,Wei Chen,doi:10.1155/2021/6613783,10.1155/2021/6613783,Wei Chen,2021,2024,3,Exact
A5100344320,Wei Chen,doi:10.1007/s13277-015-3822-3,10.1007/s13277-015-3822-3,Wei Chen,2015,2017,2,Exact
A5100344331,Wei Chen,doi:10.1155/2022/1768446,10.1155/2022/1768446,Wei Chen,2022,2023,1,Exact
A5100344375,Wei Chen,doi:10.1080/21655979.2021.2018386,10.1080/21655979.2021.2018386,Wei Chen,2022,2023,1,Exact
A5100344375,Wei Chen,doi:10.2147/ott.s297336,10.2147/ott.s297336,Wei Chen,2021,2024,3,Exact
A5100344375,Wei Chen,doi:10.1111/jcmm.13510,10.1111/jcmm.13510,Wei Chen,2018,2025,7,Exact
A5100344377,Wei Chen,doi:10.1128/mcb.15.6.3424,10.1128/mcb.15.6.3424,Wei Chen,1995,1997,2,Exact
A5100344384,Wei Chen,doi:10.1155/2022/5040439,10.1155/2022/5040439,Wei Chen,2022,2023,1,Exact
A5100344395,Wei Chen,doi:10.1016/j.bbrc.2016.10.055,10.1016/j.bbrc.2016.10.055,Wei Chen,2016,2019,3,Exact
A5100344395,Wei Chen,doi:10.1016/j.lfs.2021.119184,10.1016/j.lfs.2021.119184,Wei Chen,2021,2021,0,Exact
A5100344395,Wei Chen,doi:10.1155/2022/5215748,10.1155/2022/5215748,Wei Chen,2022,2023,1,Exact
A5100344395,Wei Chen,doi:10.2147/ott.s190146,10.2147/ott.s190146,Wei Chen,2019,2023,4,Exact
A5100344403,Wei Chen,doi:10.3892/mmr.2014.2853,10.3892/mmr.2014.2853,Wei Chen,2014,2020,6,Exact
A5100344403,Wei Chen,doi:10.1038/srep04694,10.1038/srep04694,Wei Chen,2014,2021,7,Exact
A5100344407,Wei Chen,doi:10.1042/bsr20180067,10.1042/bsr20180067,Wei Chen,2018,2021,3,Exact
A5100344420,Wei Chen,doi:10.3892/etm.2020.8996,10.3892/etm.2020.8996,Wei Chen,2020,2024,4,Exact
A5100344458,Wei Chen,doi:10.1155/2022/1653290,10.1155/2022/1653290,Wei Chen,2022,2023,1,Exact
A5100344458,Wei Chen,doi:10.1155/2022/8430276,10.1155/2022/8430276,Wei Chen,2022,2023,1,Exact
A5100344463,Wei Chen,doi:10.1155/2022/5989889,10.1155/2022/5989889,Wei Chen,2022,2023,1,Exact
A5100344481,Wei Chen,doi:10.1155/2020/8816718,10.1155/2020/8816718,Wei Chen,2020,2023,3,Exact
A5100344481,Wei Chen,doi:10.1155/2021/7389943,10.1155/2021/7389943,Wei Chen,2021,2023,2,Exact
A5100344481,Wei Chen,doi:10.1155/2021/9956773,10.1155/2021/9956773,Wei Chen,2021,2023,2,Exact
A5100344481,Wei Chen,doi:10.1155/2021/9999798,10.1155/2021/9999798,Wei Chen,2021,2023,2,Exact
A5100344481,Wei Chen,doi:10.1155/2022/4545936,10.1155/2022/4545936,Wei Chen,2022,2023,1,Exact
A5100344489,Wei Chen,doi:10.1007/s11010-019-03588-7,10.1007/s11010-019-03588-7,Wei Chen,2019,2022,3,Exact
A5100344492,Wei Chen,doi:10.1074/jbc.m502190200,10.1074/jbc.m502190200,Wei Chen,2005,2021,16,Exact
A5100344503,Wei Chen,doi:10.1136/jmedgenet-2018-105454,10.1136/jmedgenet-2018-105454,Wei Chen,2018,2026,8,Exact
A5100344518,Wei Chen,doi:10.2174/1874155x01509010130,10.2174/1874155x01509010130,Wei Chen,2015,2016,1,Exact
A5100344522,Wei Chen,doi:10.1007/s13132-024-01780-9,10.1007/s13132-024-01780-9,Wei Chen,2024,2024,0,Exact
A5100344522,Wei Chen,doi:10.3233/jifs-233825,10.3233/jifs-233825,Wei Chen,2023,2025,2,Exact
A5100344533,Wei Chen,doi:10.1371/journal.pone.0161150,10.1371/journal.pone.0161150,Wei Chen,2016,2023,7,Exact
A5100344533,Wei Chen,doi:10.2147/ott.s182290,10.2147/ott.s182290,Wei Chen,2018,2023,5,Exact
A5100344564,Wei Chen,doi:10.1109/icbbe.2011.5780943,10.1109/icbbe.2011.5780943,Wei Chen,2011,2011,0,Exact
A5100344582,Wei Chen,doi:10.1109/icnc.2012.6234579,10.1109/icnc.2012.6234579,Wei Chen,2012,2012,0,Exact
A5100344582,Wei Chen,doi:10.1007/978-981-16-6554-7_8,10.1007/978-981-16-6554-7_8,Wei Chen,2021,2022,1,Exact
A5100345314,Jing Zhang,doi:10.1007/s12035-014-8896-1,10.1007/s12035-014-8896-1,Jing Zhang,2014,2016,2,Exact
A5100345321,Jing Zhang,doi:10.1155/2021/6036410,10.1155/2021/6036410,Jing Zhang,2021,2023,2,Exact
A5100345321,Jing Zhang,doi:10.1155/2022/7942353,10.1155/2022/7942353,Jing Zhang,2022,2024,2,Exact
A5100345328,Jing Zhang,doi:10.1155/2021/6191543,10.1155/2021/6191543,Jing Zhang,2021,2023,2,Exact
A5100345350,Jing Zhang,doi:10.1016/j.lfs.2019.03.038,10.1016/j.lfs.2019.03.038,Jing Zhang,2019,2022,3,Exact
A5100345350,Jing Zhang,doi:10.1186/s12890-021-01521-7,10.1186/s12890-021-01521-7,Jing Zhang,2021,2022,1,Exact
A5100345350,Jing Zhang,doi:10.18632/oncotarget.21791,10.18632/oncotarget.21791,Jing Zhang,2017,2022,5,Exact
A5100345350,Jing Zhang,doi:10.3892/or.2017.6074,10.3892/or.2017.6074,Jing Zhang,2017,2023,6,Exact
A5100345373,Jing Zhang,doi:10.1002/ar.24464,10.1002/ar.24464,Jing Zhang,2020,2021,1,Exact
A5100345373,Jing Zhang,doi:10.3389/fphys.2021.707634,10.3389/fphys.2021.707634,Jing Zhang,2021,2022,1,Exact
A5100345393,Jing Zhang,doi:10.1021/acs.analchem.9b03539,10.1021/acs.analchem.9b03539,Jing Zhang,2019,2019,0,Exact
A5100345396,Jing Zhang,doi:10.2217/fmb-2020-0090,10.2217/fmb-2020-0090,Jing Zhang,2020,2021,1,Exact
A5100345396,Jing Zhang,doi:10.1155/2022/2759977,10.1155/2022/2759977,Jing Zhang,2022,2023,1,Exact
A5100345417,Jing Zhang,doi:10.1109/icebeg.2011.5881840,10.1109/icebeg.2011.5881840,Jing Zhang,2011,2011,0,Exact
A5100345417,Jing Zhang,doi:10.1155/2022/4051379,10.1155/2022/4051379,Jing Zhang,2022,2024,2,Exact
A5100345419,Jing Zhang,doi:10.1016/j.bjid.2014.10.007,10.1016/j.bjid.2014.10.007,Jing Zhang,2014,2015,1,Exact
A5100345419,Jing Zhang,doi:10.1155/2021/8875503,10.1155/2021/8875503,Jing Zhang,2021,2024,3,Exact
A5100345438,Jing Zhang,doi:10.1155/2021/6691943,10.1155/2021/6691943,Jing Zhang,2021,2023,2,Exact
A5100345461,Jing Zhang,doi:10.1109/esiat.2010.5568313,10.1109/esiat.2010.5568313,Jing Zhang,2010,2010,0,Exact
A5100345466,Jing Zhang,doi:10.1186/s12906-020-02995-4,10.1186/s12906-020-02995-4,Jing Zhang,2020,2022,2,Exact
A5100345466,Jing Zhang,doi:10.1002/1878-0261.13019,10.1002/1878-0261.13019,Jing Zhang,2021,2024,3,Exact
A5100345489,Jing Zhang,doi:10.1155/2020/1971324,10.1155/2020/1971324,Jing Zhang,2020,2024,4,Exact
A5100345515,Jing Zhang,doi:10.2147/ijn.s367121,10.2147/ijn.s367121,Jing Zhang,2022,2023,1,Exact
A5100345516,Jing Zhang,doi:10.1155/2022/2475750,10.1155/2022/2475750,Jing Zhang,2022,2023,1,Exact
A5100345608,Yu Liu,doi:10.1016/j.biopha.2017.11.076,10.1016/j.biopha.2017.11.076,Yu Liu,2017,2020,3,Exact
A5100345609,Yu Liu,doi:10.1155/2022/1479964,10.1155/2022/1479964,Yu Liu,2022,2023,1,Exact
A5100345622,Yu Liu,doi:10.1155/2022/2296574,10.1155/2022/2296574,Yu Liu,2022,2023,1,Exact
A5100345653,Yu Liu,doi:10.3892/etm.2017.4602,10.3892/etm.2017.4602,Yu Liu,2017,2018,1,Exact
A5100345653,Yu Liu,doi:10.1155/2022/2402567,10.1155/2022/2402567,Yu Liu,2022,2023,1,Exact
A5100345662,Yu Liu,doi:10.1016/j.scr.2022.102764,10.1016/j.scr.2022.102764,Yu Liu,2022,2022,0,Exact
A5100345666,Yu Liu,doi:10.1016/j.bbrc.2016.06.145,10.1016/j.bbrc.2016.06.145,Yu Liu,2016,2016,0,Exact
A5100345666,Yu Liu,doi:10.1007/s10895-020-02598-9,10.1007/s10895-020-02598-9,Yu Liu,2020,2023,3,Exact
A5100345666,Yu Liu,doi:10.1155/2022/9049571,10.1155/2022/9049571,Yu Liu,2022,2023,1,Exact
A5100345669,Yu Liu,doi:10.1016/j.brainresbull.2021.06.023,10.1016/j.brainresbull.2021.06.023,Yu Liu,2021,2022,1,Exact
A5100345669,Yu Liu,doi:10.1155/2021/6686158,10.1155/2021/6686158,Yu Liu,2021,2024,3,Exact
A5100345691,Yu Liu,doi:10.1016/j.heliyon.2024.e27548,10.1016/j.heliyon.2024.e27548,Yu Liu,2024,2026,2,Exact
A5100345704,Yu Liu,doi:10.1155/2022/7707419,10.1155/2022/7707419,Yu Liu,2022,2023,1,Exact
A5100345722,Yu Liu,doi:10.3233/jifs-221036,10.3233/jifs-221036,Yu Liu,2023,2025,2,Exact
A5100345786,Yu Liu,doi:10.1155/2022/3901372,10.1155/2022/3901372,Yu Liu,2022,2023,1,Exact
A5100345792,Yu Liu,doi:10.1155/2022/7904293,10.1155/2022/7904293,Yu Liu,2022,2023,1,Exact
A5100345820,Yu Liu,doi:10.1016/j.biopha.2018.05.078,10.1016/j.biopha.2018.05.078,Yu Liu,2018,2023,5,Exact
A5100345820,Yu Liu,doi:10.18632/oncotarget.10730,10.18632/oncotarget.10730,Yu Liu,2016,2025,9,Exact
A5100345845,Yu Liu,doi:10.1155/2021/3937420,10.1155/2021/3937420,Yu Liu,2021,2023,2,Exact
A5100345855,Yu Liu,doi:10.1155/2022/6935758,10.1155/2022/6935758,Yu Liu,2022,2023,1,Exact
A5100345887,Yu Liu,doi:10.3390/coatings14091138,10.3390/coatings14091138,Yu Liu,2024,2025,1,Exact
A5100345916,Yu Liu,doi:10.1007/s12517-021-08022-1,10.1007/s12517-021-08022-1,Yu Liu,2021,2021,0,Exact
A5100345933,Yu Liu,doi:10.1002/ar.24264,10.1002/ar.24264,Yu Liu,2019,2020,1,Exact
A5100345962,Yu Liu,doi:10.1155/2022/6248779,10.1155/2022/6248779,Yu Liu,2022,2024,2,Exact
A5100345966,Yu Liu,doi:10.3233/jifs-223257,10.3233/jifs-223257,Yu Liu,2023,2025,2,Exact
A5100345976,Yu Liu,doi:10.1007/s11010-013-1820-6,10.1007/s11010-013-1820-6,Yu Liu,2013,2015,2,Exact
A5100345976,Yu Liu,doi:10.1016/j.intimp.2021.107578,10.1016/j.intimp.2021.107578,Yu Liu,2021,2021,0,Exact
A5100345978,Yu Liu,doi:10.1155/2022/7906302,10.1155/2022/7906302,Yu Liu,2022,2023,1,Exact
A5100346104,Jin Wang,doi:10.1016/j.bbrc.2017.01.170,10.1016/j.bbrc.2017.01.170,Jin Wang,2017,2017,0,Exact
A5100346104,Jin Wang,doi:10.2147/ott.s130365,10.2147/ott.s130365,Jin Wang,2017,2024,7,Exact
A5100346109,Jin Wang,doi:10.1007/s11064-016-1993-y,10.1007/s11064-016-1993-y,Jin Wang,2016,2016,0,Exact
A5100346109,Jin Wang,doi:10.1371/journal.pone.0167868,10.1371/journal.pone.0167868,Jin Wang,2017,2018,1,Exact
A5100346122,Jin Wang,doi:10.1088/1742-6596/1915/2/022049,10.1088/1742-6596/1915/2/022049,Jin Wang,2021,2022,1,Exact
A5100346128,Jin Wang,doi:10.1016/j.bbrc.2016.06.145,10.1016/j.bbrc.2016.06.145,Jin Wang,2016,2016,0,Exact
A5100346128,Jin Wang,doi:10.3892/etm.2018.5918,10.3892/etm.2018.5918,Jin Wang,2018,2024,6,Exact
A5100346128,Jin Wang,doi:10.3892/or.2021.8068,10.3892/or.2021.8068,Jin Wang,2021,2024,3,Exact
A5100346147,Jin Wang,doi:10.1109/icbbe.2011.5780040,10.1109/icbbe.2011.5780040,Jin Wang,2011,2011,0,Exact
A5100346147,Jin Wang,doi:10.1529/biophysj.106.086777,10.1529/biophysj.106.086777,Jin Wang,2006,2012,6,Exact
A5100346147,Jin Wang,doi:10.3233/jifs-189380,10.3233/jifs-189380,Jin Wang,2020,2025,5,Exact
A5100346163,Jin Wang,doi:10.1371/journal.pone.0117518,10.1371/journal.pone.0117518,Jin Wang,2015,2024,9,Exact
A5100346172,Jin Wang,doi:10.1109/appeec.2010.5448598,10.1109/appeec.2010.5448598,Jin Wang,2010,2010,0,Exact
A5100346173,Jin Wang,doi:10.1016/j.molstruc.2020.128708,10.1016/j.molstruc.2020.128708,Jin Wang,2020,2023,3,Exact
A5100346174,Jin Wang,doi:10.1016/j.optlastec.2021.106919,10.1016/j.optlastec.2021.106919,Jin Wang,2021,2022,1,Exact
A5100346179,Jin Wang,doi:10.1007/s12517-021-07895-6,10.1007/s12517-021-07895-6,Jin Wang,2021,2021,0,Exact
A5100346183,Jin Wang,doi:10.1088/1742-6596/1616/1/012010,10.1088/1742-6596/1616/1/012010,Jin Wang,2020,2022,2,Exact
A5100346201,Jin Wang,doi:10.1155/2022/9755658,10.1155/2022/9755658,Jin Wang,2022,2023,1,Exact
A5100346219,Jin Wang,doi:10.1155/2021/3109061,10.1155/2021/3109061,Jin Wang,2021,2023,2,Exact
A5100346966,Ying Wang,doi:10.3389/fonc.2019.00724,10.3389/fonc.2019.00724,Ying Wang,2019,2020,1,Exact
A5100346966,Ying Wang,doi:10.1016/j.omto.2021.12.024,10.1016/j.omto.2021.12.024,Ying Wang,2022,2022,0,Exact
A5100346972,Ying Wang,doi:10.3892/mmr.2018.9572,10.3892/mmr.2018.9572,Ying Wang,2018,2022,4,Exact
A5100347000,Ying Wang,doi:10.1038/s41385-019-0161-5,10.1038/s41385-019-0161-5,Ying Wang,2019,2020,1,Exact
A5100347000,Ying Wang,doi:10.1080/15384101.2015.1026491,10.1080/15384101.2015.1026491,Ying Wang,2015,2022,7,Exact
A5100347000,Ying Wang,doi:10.1177/13860291241304056,10.1177/13860291241304056,Ying Wang,2025,2025,0,Exact
A5100347000,Ying Wang,doi:10.1177/13860291251345956,10.1177/13860291251345956,Ying Wang,2025,2025,0,Exact
A5100347000,Ying Wang,doi:10.3233/ch-232092,10.3233/ch-232092,Ying Wang,2024,2025,1,Exact
A5100347012,Ying Wang,doi:10.1155/2021/8622081,10.1155/2021/8622081,Ying Wang,2021,2023,2,Exact
A5100347057,Ying Wang,doi:10.1155/2022/7513770,10.1155/2022/7513770,Ying Wang,2022,2023,1,Exact
A5100347057,Ying Wang,doi:10.1155/2022/3119739,10.1155/2022/3119739,Ying Wang,2022,2024,2,Exact
A5100347063,Ying Wang,doi:10.1042/bsr20160165,10.1042/bsr20160165,Ying Wang,2016,2024,8,Exact
A5100347063,Ying Wang,doi:10.3892/br.2018.1084,10.3892/br.2018.1084,Ying Wang,2018,2025,7,Exact
A5100347067,Ying Wang,doi:10.1109/icbbe.2011.5780795,10.1109/icbbe.2011.5780795,Ying Wang,2011,2011,0,Exact
A5100347067,Ying Wang,doi:10.1007/s12517-021-07732-w,10.1007/s12517-021-07732-w,Ying Wang,2021,2021,0,Exact
A5100347070,Ying Wang,doi:10.1155/2022/4486104,10.1155/2022/4486104,Ying Wang,2022,2023,1,Exact
A5100347075,Ying Wang,doi:10.1111/iwj.14378,10.1111/iwj.14378,Ying Wang,2023,2025,2,Exact
A5100347091,Ying Wang,doi:10.1128/mcb.00114-14,10.1128/mcb.00114-14,Ying Wang,2014,2015,1,Exact
A5100347091,Ying Wang,doi:10.1128/mcb.00245-13,10.1128/mcb.00245-13,Ying Wang,2013,2015,2,Exact
A5100347091,Ying Wang,doi:10.1152/ajpregu.00303.2012,10.1152/ajpregu.00303.2012,Ying Wang,2013,2015,2,Exact
A5100347106,Ying Wang,doi:10.1371/journal.pone.0135461,10.1371/journal.pone.0135461,Ying Wang,2015,2019,4,Exact
A5100347116,Ying Wang,doi:10.1155/2022/9505764,10.1155/2022/9505764,Ying Wang,2022,2023,1,Exact
A5100347131,Ying Wang,doi:10.1080/15384101.2019.1646561,10.1080/15384101.2019.1646561,Ying Wang,2019,2022,3,Exact
A5100347133,Ying Wang,doi:10.1016/j.bios.2019.111432,10.1016/j.bios.2019.111432,Ying Wang,2019,2020,1,Exact
A5100347133,Ying Wang,doi:10.1007/s00604-019-3634-z,10.1007/s00604-019-3634-z,Ying Wang,2019,2021,2,Exact
A5100347133,Ying Wang,doi:10.1155/2022/8557936,10.1155/2022/8557936,Ying Wang,2022,2023,1,Exact
A5100347137,Ying Wang,doi:10.1155/2021/5517786,10.1155/2021/5517786,Ying Wang,2021,2024,3,Exact
A5100347150,Ying Wang,doi:10.1371/journal.pone.0112135,10.1371/journal.pone.0112135,Ying Wang,2014,2019,5,Exact
A5100347150,Ying Wang,doi:10.1080/21691401.2019.1648282,10.1080/21691401.2019.1648282,Ying Wang,2019,2022,3,Exact
A5100347150,Ying Wang,doi:10.1007/s40620-015-0217-x,10.1007/s40620-015-0217-x,Ying Wang,2015,2025,10,Exact
A5100347153,Ying Wang,doi:10.3389/fonc.2020.538779,10.3389/fonc.2020.538779,Ying Wang,2020,2021,1,Exact
A5100347154,Ying Wang,doi:10.1155/2022/4117481,10.1155/2022/4117481,Ying Wang,2022,2023,1,Exact
A5100347178,Ying Wang,doi:10.3389/fphys.2021.646903,10.3389/fphys.2021.646903,Ying Wang,2021,2022,1,Exact
A5100347181,Ying Wang,doi:10.1109/icbbe.2011.5780907,10.1109/icbbe.2011.5780907,Ying Wang,2011,2011,0,Exact
A5100347181,Ying Wang,doi:10.1109/icbbe.2011.5781369,10.1109/icbbe.2011.5781369,Ying Wang,2011,2011,0,Exact
A5100347183,Ying Wang,doi:10.1109/icbbe.2011.5781623,10.1109/icbbe.2011.5781623,Ying Wang,2011,2011,0,Exact
A5100347195,Ying Wang,doi:10.1007/s00264-023-05798-7,10.1007/s00264-023-05798-7,Ying Wang,2023,2023,0,Exact
A5100347212,Ying Wang,doi:10.1016/j.neulet.2008.09.066,10.1016/j.neulet.2008.09.066,Ying Wang,2009,2012,3,Exact
A5100347212,Ying Wang,doi:10.1155/2022/8157157,10.1155/2022/8157157,Ying Wang,2022,2023,1,Exact
A5100347214,Ying Wang,doi:10.1155/2021/1994121,10.1155/2021/1994121,Ying Wang,2021,2023,2,Exact
A5100347223,Ying Wang,doi:10.1109/icebeg.2011.5881469,10.1109/icebeg.2011.5881469,Ying Wang,2011,2011,0,Exact
A5100347226,Ying Wang,doi:10.1186/s12879-020-05630-2,10.1186/s12879-020-05630-2,Ying Wang,2020,2023,3,Exact
A5100347238,Ying Wang,doi:10.1002/jcb.26704,10.1002/jcb.26704,Ying Wang,2018,2021,3,Exact
A5100347247,Ying Wang,doi:10.1016/j.heliyon.2022.e12343,10.1016/j.heliyon.2022.e12343,Ying Wang,2022,2025,3,Exact
A5100347258,Ying Wang,doi:10.1186/s12935-020-01285-w,10.1186/s12935-020-01285-w,Ying Wang,2020,2022,2,Exact
A5100347261,Ying Wang,doi:10.1109/icbbe.2011.5781436,10.1109/icbbe.2011.5781436,Ying Wang,2011,2011,0,Exact
A5100347261,Ying Wang,doi:10.1007/s11523-015-0390-9,10.1007/s11523-015-0390-9,Ying Wang,2015,2016,1,Exact
A5100347267,Ying Wang,doi:10.1155/2022/8263986,10.1155/2022/8263986,Ying Wang,2022,2023,1,Exact
A5100347267,Ying Wang,doi:10.3233/ch-231822,10.3233/ch-231822,Ying Wang,2024,2025,1,Exact
A5100347268,Ying Wang,doi:10.1007/s13238-014-0067-7,10.1007/s13238-014-0067-7,Ying Wang,2014,2014,0,Exact
A5100347547,Lin Wang,doi:10.1109/icbbe.2011.5781598,10.1109/icbbe.2011.5781598,Lin Wang,2011,2011,0,Exact
A5100347948,Ming Li,doi:10.1109/aimsec.2011.6010687,10.1109/aimsec.2011.6010687,Ming Li,2011,2011,0,Exact
A5100349482,Lei Liu,doi:10.1016/j.eng.2020.03.007,10.1016/j.eng.2020.03.007,Lei Liu,2020,2020,0,Exact
A5100349482,Lei Liu,doi:10.1155/2022/3293054,10.1155/2022/3293054,Lei Liu,2022,2023,1,Exact
A5100349496,Lei Liu,doi:10.1109/icbbe.2011.5781019,10.1109/icbbe.2011.5781019,Lei Liu,2011,2011,0,Exact
A5100349510,Lei Liu,doi:10.1038/s41419-018-0931-0,10.1038/s41419-018-0931-0,Lei Liu,2018,2019,1,Exact
A5100349517,Lei Liu,doi:10.1109/icbbe.2011.5780043,10.1109/icbbe.2011.5780043,Lei Liu,2011,2011,0,Exact
A5100349517,Lei Liu,doi:10.1109/icbbe.2011.5780044,10.1109/icbbe.2011.5780044,Lei Liu,2011,2011,0,Exact
A5100349542,Lei Liu,doi:10.3233/jifs-232162,10.3233/jifs-232162,Lei Liu,2023,2024,1,Exact
A5100349547,Lei Liu,doi:10.1074/jbc.c112.403048,10.1074/jbc.c112.403048,Lei Liu,2012,2013,1,Exact
A5100349547,Lei Liu,doi:10.1080/15384101.2018.1475826,10.1080/15384101.2018.1475826,Lei Liu,2019,2023,4,Exact
A5100349548,Lei Liu,doi:10.1186/s13578-021-00675-5,10.1186/s13578-021-00675-5,Lei Liu,2021,2023,2,Exact
A5100349558,Lei Liu,doi:10.1155/2022/5842039,10.1155/2022/5842039,Lei Liu,2022,2023,1,Exact
A5100349568,Lei Liu,doi:10.1080/10717544.2020.1726526,10.1080/10717544.2020.1726526,Lei Liu,2020,2024,4,Exact
A5100349568,Lei Liu,doi:10.3390/ma13153346,10.3390/ma13153346,Lei Liu,2020,2024,4,Exact
A5100349590,Lei Liu,doi:10.1159/000438546,10.1159/000438546,Lei Liu,2015,2023,8,Exact
A5100349590,Lei Liu,doi:10.1177/09603271221084671,10.1177/09603271221084671,Lei Liu,2022,2025,3,Exact
A5100349606,Lei Liu,doi:10.3389/fsurg.2022.862617,10.3389/fsurg.2022.862617,Lei Liu,2022,2023,1,Exact
A5100349609,Lei Liu,doi:10.1371/journal.pone.0055714,10.1371/journal.pone.0055714,Lei Liu,2013,2025,12,Exact
A5100349618,Lei Liu,doi:10.1007/s10462-017-9585-z,10.1007/s10462-017-9585-z,Lei Liu,2017,2018,1,Exact
A5100349634,Lei Liu,doi:10.1371/journal.pone.0117440,10.1371/journal.pone.0117440,Lei Liu,2015,2025,10,Exact
A5100349659,Lei Liu,doi:10.1155/2022/2003618,10.1155/2022/2003618,Lei Liu,2022,2023,1,Exact
A5100349663,Lei Liu,doi:10.1155/2021/6697810,10.1155/2021/6697810,Lei Liu,2021,2023,2,Exact
A5100349663,Lei Liu,doi:10.1177/1559325820907536,10.1177/1559325820907536,Lei Liu,2020,2024,4,Exact
A5100350982,Yan Liu,doi:10.1007/s12020-018-1803-1,10.1007/s12020-018-1803-1,Yan Liu,2018,2022,4,Exact
A5100350984,Yan Liu,doi:10.1109/wmsvm.2010.59,10.1109/wmsvm.2010.59,Yan Liu,2010,2010,0,Exact
A5100350997,Yan Liu,doi:10.1088/1757-899x/1207/1/012017,10.1088/1757-899x/1207/1/012017,Yan Liu,2021,2022,1,Exact
A5100350999,Yan Liu,doi:10.1109/icbbe.2011.5781068,10.1109/icbbe.2011.5781068,Yan Liu,2011,2011,0,Exact
A5100351009,Yan Liu,doi:10.1371/journal.pone.0045965,10.1371/journal.pone.0045965,Yan Liu,2012,2013,1,Exact
A5100351009,Yan Liu,doi:10.3892/or.2018.6736,10.3892/or.2018.6736,Yan Liu,2018,2023,5,Exact
A5100351009,Yan Liu,doi:10.1042/bsr20203874,10.1042/bsr20203874,Yan Liu,2021,2024,3,Exact
A5100351039,Yan Liu,doi:10.1177/1535370216669839,10.1177/1535370216669839,Yan Liu,2016,2023,7,Exact
A5100351056,Yan Liu,doi:10.1074/jbc.m111.219931,10.1074/jbc.m111.219931,Yan Liu,2011,2012,1,Exact
A5100351056,Yan Liu,doi:10.1177/1533034615609014,10.1177/1533034615609014,Yan Liu,2015,2017,2,Exact
A5100351056,Yan Liu,doi:10.1007/s00210-016-1221-y,10.1007/s00210-016-1221-y,Yan Liu,2016,2021,5,Exact
A5100351056,Yan Liu,doi:10.1007/s13277-015-4642-1,10.1007/s13277-015-4642-1,Yan Liu,2015,2021,6,Exact
A5100351056,Yan Liu,doi:10.12659/msm.916635,10.12659/msm.916635,Yan Liu,2019,2021,2,Exact
A5100351056,Yan Liu,doi:10.7150/jca.28532,10.7150/jca.28532,Yan Liu,2018,2021,3,Exact
A5100351056,Yan Liu,doi:10.1007/s10616-014-9763-7,10.1007/s10616-014-9763-7,Yan Liu,2014,2022,8,Exact
A5100351056,Yan Liu,doi:10.1155/2022/6234032,10.1155/2022/6234032,Yan Liu,2022,2023,1,Exact
A5100351061,Yan Liu,doi:10.1007/s12035-016-9837-y,10.1007/s12035-016-9837-y,Yan Liu,2016,2017,1,Exact
A5100351095,Yan Liu,doi:10.1155/2022/4435722,10.1155/2022/4435722,Yan Liu,2022,2023,1,Exact
A5100351095,Yan Liu,doi:10.1155/2022/6148361,10.1155/2022/6148361,Yan Liu,2022,2023,1,Exact
A5100351095,Yan Liu,doi:10.1155/2022/7884508,10.1155/2022/7884508,Yan Liu,2022,2023,1,Exact
A5100351100,Yan Liu,doi:10.1155/2015/365068,10.1155/2015/365068,Yan Liu,2015,2019,4,Exact
A5100351100,Yan Liu,doi:10.1002/jcp.27163,10.1002/jcp.27163,Yan Liu,2018,2021,3,Exact
A5100351107,Yan Liu,doi:10.1007/s10876-019-01622-8,10.1007/s10876-019-01622-8,Yan Liu,2019,2024,5,Exact
A5100351117,Yan Liu,doi:10.1177/1533034615587616,10.1177/1533034615587616,Yan Liu,2017,2017,0,Exact
A5100351117,Yan Liu,doi:10.1039/c8fo01839a,10.1039/c8fo01839a,Yan Liu,2018,2021,3,Exact
A5100351131,Yan Liu,doi:10.1371/journal.pone.0151373,10.1371/journal.pone.0151373,Yan Liu,2016,2022,6,Exact
A5100351147,Yan Liu,doi:10.1155/2020/7248513,10.1155/2020/7248513,Yan Liu,2020,2024,4,Exact
A5100351162,Yan Liu,doi:10.1016/j.yexmp.2019.04.005,10.1016/j.yexmp.2019.04.005,Yan Liu,2019,2022,3,Exact
A5100351175,Yan Liu,doi:10.1007/s13277-015-3852-x,10.1007/s13277-015-3852-x,Yan Liu,2015,2017,2,Exact
A5100351175,Yan Liu,doi:10.1177/1533033819852990,10.1177/1533033819852990,Yan Liu,2019,2021,2,Exact
A5100351175,Yan Liu,doi:10.1145/3465631.3465806,10.1145/3465631.3465806,Yan Liu,2021,2022,1,Exact
A5100351175,Yan Liu,doi:10.1155/2022/6974909,10.1155/2022/6974909,Yan Liu,2022,2023,1,Exact
A5100351175,Yan Liu,doi:10.1155/2021/9933998,10.1155/2021/9933998,Yan Liu,2021,2024,3,Exact
A5100351176,Yan Liu,doi:10.1155/2021/6653802,10.1155/2021/6653802,Yan Liu,2021,2024,3,Exact
A5100351177,Yan Liu,doi:10.1155/2022/3541403,10.1155/2022/3541403,Yan Liu,2022,2024,2,Exact
A5100351177,Yan Liu,doi:10.3892/ijmm.2017.2894,10.3892/ijmm.2017.2894,Yan Liu,2017,2025,8,Exact
A5100351184,Yan Liu,doi:10.1016/j.neulet.2020.135221,10.1016/j.neulet.2020.135221,Yan Liu,2020,2020,0,Exact
A5100351185,Yan Liu,doi:10.1155/2021/6929971,10.1155/2021/6929971,Yan Liu,2021,2023,2,Exact
A5100351321,Ming Li,doi:10.3389/fsurg.2022.862617,10.3389/fsurg.2022.862617,Ming Li,2022,2023,1,Exact
A5100351339,Ming Li,doi:10.1007/s13402-019-00461-z,10.1007/s13402-019-00461-z,Ming Li,2019,2021,2,Exact
A5100351340,Ming Li,doi:10.1016/j.chemosphere.2022.135774,10.1016/j.chemosphere.2022.135774,Ming Li,2022,2025,3,Exact
A5100351348,Ming Li,doi:10.1097/bsd.0000000000000266,10.1097/bsd.0000000000000266,Ming Li,2015,2015,0,Exact
A5100351357,Ming Li,doi:10.2147/cmar.s192950,10.2147/cmar.s192950,Ming Li,2019,2022,3,Exact
A5100351366,Ming Li,doi:10.1371/journal.pone.0235447,10.1371/journal.pone.0235447,Ming Li,2020,2024,4,Exact
A5100351366,Ming Li,doi:10.1371/journal.pone.0234068,10.1371/journal.pone.0234068,Ming Li,2020,2025,5,Exact
A5100351378,Ming Li,doi:10.1155/2021/6685468,10.1155/2021/6685468,Ming Li,2021,2023,2,Exact
A5100351382,Ming Li,doi:10.1155/2021/5549309,10.1155/2021/5549309,Ming Li,2021,2023,2,Exact
A5100351404,Ming Li,doi:10.3892/br.2018.1084,10.3892/br.2018.1084,Ming Li,2018,2025,7,Exact
A5100351409,Ming Li,doi:10.1007/s10772-021-09858-4,10.1007/s10772-021-09858-4,Ming Li,2021,2022,1,Exact
A5100351421,Ming Li,doi:10.1109/icmss.2009.5301192,10.1109/icmss.2009.5301192,Ming Li,2009,2009,0,Exact
A5100351426,Ming Li,doi:10.1016/j.chemolab.2013.11.007,10.1016/j.chemolab.2013.11.007,Ming Li,2013,2015,2,Exact
A5100351429,Ming Li,doi:10.1155/2022/1509000,10.1155/2022/1509000,Ming Li,2022,2023,1,Exact
A5100351439,Ming Li,doi:10.1109/icbbe.2011.5780860,10.1109/icbbe.2011.5780860,Ming Li,2011,2011,0,Exact
A5100351441,Ming Li,doi:10.1007/s10876-019-01589-6,10.1007/s10876-019-01589-6,Ming Li,2019,2024,5,Exact
A5100351450,Ming Li,doi:10.1111/cns.12785,10.1111/cns.12785,Ming Li,2018,2021,3,Exact
A5100351464,Ming Li,doi:10.1016/j.proenv.2011.10.046,10.1016/j.proenv.2011.10.046,Ming Li,2011,2011,0,Exact
A5100351464,Ming Li,doi:10.1007/s11010-022-04367-7,10.1007/s11010-022-04367-7,Ming Li,2022,2023,1,Exact
A5100351472,Ming Li,doi:10.1093/nsr/nww065,10.1093/nsr/nww065,Ming Li,2016,2017,1,Exact
A5100351484,Ming Li,doi:10.1007/11008941_18,10.1007/11008941_18,Ming Li,2005,2005,0,Exact
A5100351511,Ming Li,doi:10.1155/2021/6606492,10.1155/2021/6606492,Ming Li,2021,2023,2,Exact
A5100351513,Ming Li,doi:10.1186/1749-799x-9-19,10.1186/1749-799x-9-19,Ming Li,2014,2015,1,Exact
A5100351518,Ming Li,doi:10.1172/jci66236,10.1172/jci66236,Ming Li,2023,2023,0,Exact
A5100351522,Ming Li,doi:10.1109/icnc.2011.6022056,10.1109/icnc.2011.6022056,Ming Li,2011,2011,0,Exact
A5100351535,Ming Li,doi:10.1177/0020720921996607,10.1177/0020720921996607,Ming Li,2021,2023,2,Exact
A5100351540,Ming Li,doi:10.1016/j.ijcard.2022.04.074,10.1016/j.ijcard.2022.04.074,Ming Li,2022,2022,0,Exact
A5100351543,Ming Li,doi:10.1038/srep23100,10.1038/srep23100,Ming Li,2016,2021,5,Exact
A5100351543,Ming Li,doi:10.2147/cmar.s324920,10.2147/cmar.s324920,Ming Li,2021,2022,1,Exact
A5100351543,Ming Li,doi:10.2147/ott.s223702,10.2147/ott.s223702,Ming Li,2019,2023,4,Exact
A5100351792,Lin Zhang,doi:10.1109/icbbe.2011.5781084,10.1109/icbbe.2011.5781084,Lin Zhang,2011,2011,0,Exact
A5100351819,Lin Zhang,doi:10.1109/icbbe.2011.5780772,10.1109/icbbe.2011.5780772,Lin Zhang,2011,2011,0,Exact
A5100351822,Lin Zhang,doi:10.1155/2022/8476412,10.1155/2022/8476412,Lin Zhang,2022,2023,1,Exact
A5100351828,Lin Zhang,doi:10.1007/s13213-019-1437-4,10.1007/s13213-019-1437-4,Lin Zhang,2019,2019,0,Exact
A5100351842,Lin Zhang,doi:10.1155/2022/5935102,10.1155/2022/5935102,Lin Zhang,2022,2022,0,Exact
A5100351849,Lin Zhang,doi:10.1109/qr2mse.2013.6625632,10.1109/qr2mse.2013.6625632,Lin Zhang,2013,2013,0,Exact
A5100351861,Lin Zhang,doi:10.1155/2021/6620550,10.1155/2021/6620550,Lin Zhang,2021,2023,2,Exact
A5100351886,Lin Zhang,doi:10.1155/2022/7297499,10.1155/2022/7297499,Lin Zhang,2022,2023,1,Exact
A5100351895,Lin Zhang,doi:10.1002/jcb.28729,10.1002/jcb.28729,Lin Zhang,2019,2021,2,Exact
A5100351902,Lin Zhang,doi:10.1038/s41419-019-1560-y,10.1038/s41419-019-1560-y,Lin Zhang,2019,2021,2,Exact
A5100351902,Lin Zhang,doi:10.1016/j.biopha.2018.05.089,10.1016/j.biopha.2018.05.089,Lin Zhang,2018,2023,5,Exact
A5100351902,Lin Zhang,doi:10.1155/2021/5553486,10.1155/2021/5553486,Lin Zhang,2021,2024,3,Exact
A5100351913,Lin Zhang,doi:10.1109/icbbe.2011.5781436,10.1109/icbbe.2011.5781436,Lin Zhang,2011,2011,0,Exact
A5100351919,Lin Zhang,doi:10.1016/j.jinorgbio.2021.111655,10.1016/j.jinorgbio.2021.111655,Lin Zhang,2021,2023,2,Exact
A5100351923,Lin Zhang,doi:10.1109/icbbe.2011.5780741,10.1109/icbbe.2011.5780741,Lin Zhang,2011,2011,0,Exact
A5100351924,Lin Zhang,doi:10.1016/j.intimp.2019.106156,10.1016/j.intimp.2019.106156,Lin Zhang,2020,2023,3,Exact
A5100351924,Lin Zhang,doi:10.1155/2022/8929058,10.1155/2022/8929058,Lin Zhang,2022,2023,1,Exact
A5100351933,Lin Zhang,doi:10.1161/strokeaha.109.553644,10.1161/strokeaha.109.553644,Lin Zhang,2009,2020,11,Exact
A5100351967,Lin Zhang,doi:10.1155/2022/9447363,10.1155/2022/9447363,Lin Zhang,2022,2022,0,Exact
A5100351970,Lin Zhang,doi:10.1111/pce.13710,10.1111/pce.13710,Lin Zhang,2019,2020,1,Exact
A5100351970,Lin Zhang,doi:10.1186/s12870-019-1948-y,10.1186/s12870-019-1948-y,Lin Zhang,2019,2020,1,Exact
A5100351970,Lin Zhang,doi:10.1186/s12864-019-6178-z,10.1186/s12864-019-6178-z,Lin Zhang,2019,2023,4,Exact
A5100351982,Lin Zhang,doi:10.1080/24701556.2020.1852257,10.1080/24701556.2020.1852257,Lin Zhang,2020,2023,3,Exact
A5100352534,Jun Wang,doi:10.1088/0029-5515/47/9/037,10.1088/0029-5515/47/9/037,Jun Wang,2007,2010,3,Exact
A5100352903,Ming Li,doi:10.1109/icbbe.2011.5780322,10.1109/icbbe.2011.5780322,Ming Li,2011,2011,0,Exact
A5100353471,Hao Chen,doi:10.1155/2020/6677907,10.1155/2020/6677907,Hao Chen,2020,2023,3,Exact
A5100353471,Hao Chen,doi:10.1155/2022/3647387,10.1155/2022/3647387,Hao Chen,2022,2023,1,Exact
A5100353481,Hao Chen,doi:10.1186/s11658-021-00251-2,10.1186/s11658-021-00251-2,Hao Chen,2021,2024,3,Exact
A5100353528,Hao Chen,doi:10.2147/prbm.s371787,10.2147/prbm.s371787,Hao Chen,2022,2022,0,Exact
A5100353533,Hao Chen,doi:10.3892/mmr.2017.6816,10.3892/mmr.2017.6816,Hao Chen,2017,2022,5,Exact
A5100353545,Hao Chen,doi:10.1016/j.molstruc.2022.132411,10.1016/j.molstruc.2022.132411,Hao Chen,2022,2023,1,Exact
A5100353584,Hao Chen,doi:10.3389/fphys.2017.00480,10.3389/fphys.2017.00480,Hao Chen,2017,2017,0,Exact
A5100353596,Hao Chen,doi:10.1002/mp.15035,10.1002/mp.15035,Hao Chen,2021,2022,1,Exact
A5100353612,Hao Chen,doi:10.1186/s12876-019-1130-x,10.1186/s12876-019-1130-x,Hao Chen,2020,2022,2,Exact
A5100353625,Hao Chen,doi:10.1109/iciecs.2010.5678132,10.1109/iciecs.2010.5678132,Hao Chen,2010,2010,0,Exact
A5100353663,Hao Chen,doi:10.1007/s12013-014-0222-z,10.1007/s12013-014-0222-z,Hao Chen,2014,2023,9,Exact
A5100353663,Hao Chen,doi:10.1155/2021/5070099,10.1155/2021/5070099,Hao Chen,2021,2023,2,Exact
A5100353666,Hao Chen,doi:10.1155/2022/6104056,10.1155/2022/6104056,Hao Chen,2022,2023,1,Exact
A5100353673,Hao Chen,doi:10.1002/jcb.26270,10.1002/jcb.26270,Hao Chen,2017,2021,4,Exact
A5100353673,Hao Chen,doi:10.1039/c9ra04591k,10.1039/c9ra04591k,Hao Chen,2019,2021,2,Exact
A5100353673,Hao Chen,doi:10.1111/1440-1681.13472,10.1111/1440-1681.13472,Hao Chen,2021,2021,0,Exact
A5100353673,Hao Chen,doi:10.1039/c6bm00587j,10.1039/c6bm00587j,Hao Chen,2016,2023,7,Exact
A5100353673,Hao Chen,doi:10.1039/c6tb02614a,10.1039/c6tb02614a,Hao Chen,2017,2023,6,Exact
A5100353673,Hao Chen,doi:10.1155/2022/9190241,10.1155/2022/9190241,Hao Chen,2022,2023,1,Exact
A5100353673,Hao Chen,doi:10.3389/fnins.2020.00925,10.3389/fnins.2020.00925,Hao Chen,2020,2023,3,Exact
A5100353673,Hao Chen,doi:10.1111/iwj.14758,10.1111/iwj.14758,Hao Chen,2024,2024,0,Exact
A5100353673,Hao Chen,doi:10.1177/14727978251380828,10.1177/14727978251380828,Hao Chen,2025,2025,0,Exact
A5100353673,Hao Chen,doi:10.1371/journal.pone.0115577,10.1371/journal.pone.0115577,Hao Chen,2014,2025,11,Exact
A5100353748,Xin Li,doi:10.1073/pnas.1919403117,10.1073/pnas.1919403117,Xin Li,2020,2020,0,Exact
A5100353748,Xin Li,doi:10.21037/tcr.2020.01.02,10.21037/tcr.2020.01.02,Xin Li,2020,2020,0,Exact
A5100353748,Xin Li,doi:10.1155/2022/4952812,10.1155/2022/4952812,Xin Li,2022,2023,1,Exact
A5100353759,Xin Li,doi:10.1155/2022/8280540,10.1155/2022/8280540,Xin Li,2022,2023,1,Exact
A5100353761,Xin Li,doi:10.1155/2021/5402949,10.1155/2021/5402949,Xin Li,2021,2023,2,Exact
A5100353767,Xin Li,doi:10.1016/j.pragma.2020.04.003,10.1016/j.pragma.2020.04.003,Xin Li,2020,2020,0,Exact
A5100353780,Xin Li,doi:10.1109/icbbe.2011.5779999,10.1109/icbbe.2011.5779999,Xin Li,2011,2011,0,Exact
A5100353780,Xin Li,doi:10.1155/2022/3237554,10.1155/2022/3237554,Xin Li,2022,2023,1,Exact
A5100353780,Xin Li,doi:10.1186/s13638-023-02269-w,10.1186/s13638-023-02269-w,Xin Li,2023,2024,1,Exact
A5100353780,Xin Li,doi:10.3233/jifs-179131,10.3233/jifs-179131,Xin Li,2019,2025,6,Exact
A5100353833,Xin Li,doi:10.3233/jifs-242189,10.3233/jifs-242189,Xin Li,2024,2025,1,Exact
A5100353891,Xin Li,doi:10.1016/j.omtn.2020.01.016,10.1016/j.omtn.2020.01.016,Xin Li,2020,2022,2,Exact
A5100353891,Xin Li,doi:10.1016/j.omtn.2020.06.014,10.1016/j.omtn.2020.06.014,Xin Li,2020,2022,2,Exact
A5100353891,Xin Li,doi:10.1080/21691401.2019.1648279,10.1080/21691401.2019.1648279,Xin Li,2019,2022,3,Exact
A5100353891,Xin Li,doi:10.1080/15384101.2020.1731946,10.1080/15384101.2020.1731946,Xin Li,2020,2023,3,Exact
A5100353891,Xin Li,doi:10.3389/fonc.2021.660551,10.3389/fonc.2021.660551,Xin Li,2021,2023,2,Exact
A5100353891,Xin Li,doi:10.3389/fonc.2021.665105,10.3389/fonc.2021.665105,Xin Li,2021,2023,2,Exact
A5100353891,Xin Li,doi:10.3389/fgene.2021.724197,10.3389/fgene.2021.724197,Xin Li,2021,2024,3,Exact
A5100353906,Xin Li,doi:10.1155/2022/4201180,10.1155/2022/4201180,Xin Li,2022,2023,1,Exact
A5100353906,Xin Li,doi:10.1111/iwj.14873,10.1111/iwj.14873,Xin Li,2024,2024,0,Exact
A5100353909,Xin Li,doi:10.1002/jcb.27154,10.1002/jcb.27154,Xin Li,2018,2024,6,Exact
A5100353939,Xin Li,doi:10.1007/s13277-014-2115-6,10.1007/s13277-014-2115-6,Xin Li,2014,2017,3,Exact
A5100353939,Xin Li,doi:10.1002/ptr.6205,10.1002/ptr.6205,Xin Li,2018,2021,3,Exact
A5100353939,Xin Li,doi:10.1016/j.canlet.2012.02.038,10.1016/j.canlet.2012.02.038,Xin Li,2012,2021,9,Exact
A5100353939,Xin Li,doi:10.1080/15384101.2019.1671716,10.1080/15384101.2019.1671716,Xin Li,2019,2022,3,Exact
A5100353939,Xin Li,doi:10.1177/14727978251361868,10.1177/14727978251361868,Xin Li,2025,2025,0,Exact
A5100353948,Xin Li,doi:10.1016/j.brainresbull.2009.05.018,10.1016/j.brainresbull.2009.05.018,Xin Li,2009,2010,1,Exact
A5100353978,Xin Li,doi:10.1155/2022/3681871,10.1155/2022/3681871,Xin Li,2022,2023,1,Exact
A5100353983,Xin Li,doi:10.3892/ol.2018.8416,10.3892/ol.2018.8416,Xin Li,2018,2025,7,Exact
A5100353997,Xin Li,doi:10.1155/2021/6733963,10.1155/2021/6733963,Xin Li,2021,2022,1,Exact
A5100353997,Xin Li,doi:10.1155/2021/9987441,10.1155/2021/9987441,Xin Li,2021,2023,2,Exact
A5100354007,Xin Li,doi:10.1016/j.msea.2014.12.066,10.1016/j.msea.2014.12.066,Xin Li,2015,2015,0,Exact
A5100354018,Xin Li,doi:10.1016/j.canlet.2019.03.036,10.1016/j.canlet.2019.03.036,Xin Li,2019,2023,4,Exact
A5100354018,Xin Li,doi:10.1111/jcmm.15156,10.1111/jcmm.15156,Xin Li,2020,2023,3,Exact
A5100354018,Xin Li,doi:10.1155/2022/7069348,10.1155/2022/7069348,Xin Li,2022,2023,1,Exact
A5100354018,Xin Li,doi:10.1080/21655979.2021.2013099,10.1080/21655979.2021.2013099,Xin Li,2022,2024,2,Exact
A5100354018,Xin Li,doi:10.1155/2019/9648269,10.1155/2019/9648269,Xin Li,2019,2024,5,Exact
A5100354018,Xin Li,doi:10.1155/2021/6627925,10.1155/2021/6627925,Xin Li,2021,2024,3,Exact
A5100354018,Xin Li,doi:10.1038/ncomms8353,10.1038/ncomms8353,Xin Li,2015,2025,10,Exact
A5100354049,Xin Li,doi:10.1155/2022/6169150,10.1155/2022/6169150,Xin Li,2022,2023,1,Exact
A5100354049,Xin Li,doi:10.1111/iwj.14177,10.1111/iwj.14177,Xin Li,2023,2025,2,Exact
A5100354056,Xin Li,doi:10.1007/s00500-023-09591-x,10.1007/s00500-023-09591-x,Xin Li,2024,2025,1,Exact
A5100354067,Xin Li,doi:10.1021/la900476m,10.1021/la900476m,Xin Li,2009,2010,1,Exact
A5100354077,Xin Li,doi:10.1021/la902424z,10.1021/la902424z,Xin Li,2009,2010,1,Exact
A5100354091,Xin Li,doi:10.1109/icbbe.2011.5780104,10.1109/icbbe.2011.5780104,Xin Li,2011,2011,0,Exact
A5100354096,Xin Li,doi:10.3892/ijmm.2019.4258,10.3892/ijmm.2019.4258,Xin Li,2019,2024,5,Exact
A5100354543,Yang Zhang,doi:10.1155/2022/2298139,10.1155/2022/2298139,Yang Zhang,2022,2023,1,Exact
A5100354543,Yang Zhang,doi:10.1155/2022/8423643,10.1155/2022/8423643,Yang Zhang,2022,2024,2,Exact
A5100354547,Yang Zhang,doi:10.1007/s11103-019-00850-w,10.1007/s11103-019-00850-w,Yang Zhang,2019,2023,4,Exact
A5100354550,Yang Zhang,doi:10.1109/icbbe.2011.5781465,10.1109/icbbe.2011.5781465,Yang Zhang,2011,2011,0,Exact
A5100354550,Yang Zhang,doi:10.1007/s11277-017-5096-0,10.1007/s11277-017-5096-0,Yang Zhang,2017,2022,5,Exact
A5100354579,Yang Zhang,doi:10.3892/mmr.2018.8769,10.3892/mmr.2018.8769,Yang Zhang,2018,2025,7,Exact
A5100354601,Yang Zhang,doi:10.1016/j.ejvs.2018.10.018,10.1016/j.ejvs.2018.10.018,Yang Zhang,2019,2019,0,Exact
A5100354601,Yang Zhang,doi:10.1155/2021/7245566,10.1155/2021/7245566,Yang Zhang,2021,2023,2,Exact
A5100354611,Yang Zhang,doi:10.1109/ifita.2009.295,10.1109/ifita.2009.295,Yang Zhang,2009,2009,0,Exact
A5100354612,Yang Zhang,doi:10.1155/2022/2049541,10.1155/2022/2049541,Yang Zhang,2022,2023,1,Exact
A5100354626,Yang Zhang,doi:10.1155/2022/2025756,10.1155/2022/2025756,Yang Zhang,2022,2023,1,Exact
A5100354630,Yang Zhang,doi:10.1038/srep22241,10.1038/srep22241,Yang Zhang,2016,2018,2,Exact
A5100354636,Yang Zhang,doi:10.3892/etm.2021.10783,10.3892/etm.2021.10783,Yang Zhang,2021,2024,3,Exact
A5100354637,Yang Zhang,doi:10.1007/s00253-015-6453-0,10.1007/s00253-015-6453-0,Yang Zhang,2015,2015,0,Exact
A5100354648,Yang Zhang,doi:10.1155/2022/4420870,10.1155/2022/4420870,Yang Zhang,2022,2023,1,Exact
A5100354659,Yang Zhang,doi:10.1016/j.archoralbio.2021.105219,10.1016/j.archoralbio.2021.105219,Yang Zhang,2021,2022,1,Exact
A5100354659,Yang Zhang,doi:10.1016/j.yexmp.2019.04.011,10.1016/j.yexmp.2019.04.011,Yang Zhang,2019,2022,3,Exact
A5100354659,Yang Zhang,doi:10.1155/2022/4805009,10.1155/2022/4805009,Yang Zhang,2022,2023,1,Exact
A5100354669,Yang Zhang,doi:10.1097/jbr.0000000000000013,10.1097/jbr.0000000000000013,Yang Zhang,2018,2021,3,Exact
A5100354669,Yang Zhang,doi:10.1016/j.fob.2015.10.009,10.1016/j.fob.2015.10.009,Yang Zhang,2015,2022,7,Exact
A5100354669,Yang Zhang,doi:10.3892/mmr.2016.5971,10.3892/mmr.2016.5971,Yang Zhang,2016,2023,7,Exact
A5100354674,Yang Zhang,doi:10.1007/s12032-015-0540-z,10.1007/s12032-015-0540-z,Yang Zhang,2015,2015,0,Exact
A5100354674,Yang Zhang,doi:10.1074/jbc.m116.713735,10.1074/jbc.m116.713735,Yang Zhang,2016,2020,4,Exact
A5100354674,Yang Zhang,doi:10.1155/2022/3331119,10.1155/2022/3331119,Yang Zhang,2022,2023,1,Exact
A5100354713,Yang Zhang,doi:10.1109/ebiss.2009.5137894,10.1109/ebiss.2009.5137894,Yang Zhang,2009,2009,0,Exact
A5100354722,Yang Zhang,doi:10.1155/2022/2484626,10.1155/2022/2484626,Yang Zhang,2022,2023,1,Exact
A5100354725,Yang Zhang,doi:10.1159/000495554,10.1159/000495554,Yang Zhang,2018,2021,3,Exact
A5100354730,Yang Zhang,doi:10.3892/mmr.2017.7129,10.3892/mmr.2017.7129,Yang Zhang,2017,2021,4,Exact
A5100355322,Xiaogang Li,doi:10.1109/icbbe.2011.5780750,10.1109/icbbe.2011.5780750,Ming Li,2011,2011,0,Exact
A5100355634,Yang Liu,doi:10.1159/000491730,10.1159/000491730,Yang Liu,2018,2024,6,Exact
A5100355646,Yang Liu,doi:10.1109/icbbe.2011.5780298,10.1109/icbbe.2011.5780298,Yang Liu,2011,2011,0,Exact
A5100355646,Yang Liu,doi:10.1039/c9nr05791a,10.1039/c9nr05791a,Yang Liu,2019,2022,3,Exact
A5100355668,Yang Liu,doi:10.1155/2022/2423333,10.1155/2022/2423333,Yang Liu,2022,2023,1,Exact
A5100355692,Yang Liu,doi:10.1145/3533767.3534411,10.1145/3533767.3534411,Yang Liu,2022,2023,1,Exact
A5100355692,Yang Liu,doi:10.1155/2021/6693810,10.1155/2021/6693810,Yang Liu,2021,2023,2,Exact
A5100355692,Yang Liu,doi:10.1007/s11045-022-00833-z,10.1007/s11045-022-00833-z,Yang Liu,2022,2024,2,Exact
A5100355723,Yang Liu,doi:10.1155/2022/1749616,10.1155/2022/1749616,Yang Liu,2022,2023,1,Exact
A5100355734,Yang Liu,doi:10.3892/or.2015.4414,10.3892/or.2015.4414,Yang Liu,2015,2025,10,Exact
A5100355739,Yang Liu,doi:10.1155/2021/5529798,10.1155/2021/5529798,Yang Liu,2021,2023,2,Exact
A5100355739,Yang Liu,doi:10.1155/2022/7113098,10.1155/2022/7113098,Yang Liu,2022,2023,1,Exact
A5100355742,Yang Liu,doi:10.1109/icebeg.2011.5882231,10.1109/icebeg.2011.5882231,Yang Liu,2011,2011,0,Exact
A5100355756,Yang Liu,doi:10.3390/electronics12040829,10.3390/electronics12040829,Yang Liu,2023,2024,1,Exact
A5100355773,Yang Liu,doi:10.1074/jbc.m114.611574,10.1074/jbc.m114.611574,Yang Liu,2015,2016,1,Exact
A5100355773,Yang Liu,doi:10.1042/bsr20181852,10.1042/bsr20181852,Yang Liu,2019,2021,2,Exact
A5100355773,Yang Liu,doi:10.3892/etm.2017.4477,10.3892/etm.2017.4477,Yang Liu,2017,2021,4,Exact
A5100355773,Yang Liu,doi:10.1007/s00011-018-1155-6,10.1007/s00011-018-1155-6,Yang Liu,2018,2022,4,Exact
A5100355773,Yang Liu,doi:10.3892/mmr.2017.7828,10.3892/mmr.2017.7828,Yang Liu,2017,2022,5,Exact
A5100355773,Yang Liu,doi:10.1155/2021/5979514,10.1155/2021/5979514,Yang Liu,2021,2023,2,Exact
A5100355773,Yang Liu,doi:10.1155/2022/4914727,10.1155/2022/4914727,Yang Liu,2022,2023,1,Exact
A5100355773,Yang Liu,doi:10.1007/s11356-018-1331-9,10.1007/s11356-018-1331-9,Yang Liu,2018,2024,6,Exact
A5100355773,Yang Liu,doi:10.1155/2022/4752782,10.1155/2022/4752782,Yang Liu,2022,2024,2,Exact
A5100355773,Yang Liu,doi:10.1155/2022/7145606,10.1155/2022/7145606,Yang Liu,2022,2024,2,Exact
A5100355773,Yang Liu,doi:10.18632/aging.102756,10.18632/aging.102756,Yang Liu,2020,2024,4,Exact
A5100355773,Yang Liu,doi:10.1111/iwj.14398,10.1111/iwj.14398,Yang Liu,2023,2025,2,Exact
A5100355773,Yang Liu,doi:10.3389/fphar.2023.1076815,10.3389/fphar.2023.1076815,Yang Liu,2023,2025,2,Exact
A5100355782,Yang Liu,doi:10.1155/2021/7913666,10.1155/2021/7913666,Yang Liu,2021,2023,2,Exact
A5100355887,Yang Liu,doi:10.1145/3465631.3465861,10.1145/3465631.3465861,Yang Liu,2021,2022,1,Exact
A5100355890,Yang Liu,doi:10.1155/2021/1490709,10.1155/2021/1490709,Yang Liu,2021,2023,2,Exact
A5100355890,Yang Liu,doi:10.1155/2022/4889920,10.1155/2022/4889920,Yang Liu,2022,2023,1,Exact
A5100355893,Yang Liu,doi:10.1155/2022/6293908,10.1155/2022/6293908,Yang Liu,2022,2023,1,Exact
A5100355922,Yang Liu,doi:10.1155/2021/1536337,10.1155/2021/1536337,Yang Liu,2021,2023,2,Exact
A5100355946,Yang Liu,doi:10.3389/fcell.2021.688949,10.3389/fcell.2021.688949,Yang Liu,2021,2024,3,Exact
A5100355964,Yang Liu,doi:10.1109/icbbe.2011.5780318,10.1109/icbbe.2011.5780318,Yang Liu,2011,2011,0,Exact
A5100355964,Yang Liu,doi:10.1109/icbbe.2011.5780435,10.1109/icbbe.2011.5780435,Yang Liu,2011,2011,0,Exact
A5100355964,Yang Liu,doi:10.1088/2053-1591/ac1f4a,10.1088/2053-1591/ac1f4a,Yang Liu,2021,2022,1,Exact
A5100355964,Yang Liu,doi:10.1016/j.apcatb.2022.121432,10.1016/j.apcatb.2022.121432,Yang Liu,2022,2023,1,Exact
A5100355964,Yang Liu,doi:10.1080/24701556.2019.1706568,10.1080/24701556.2019.1706568,Yang Liu,2020,2024,4,Exact
A5100355976,Yang Liu,doi:10.1109/icise.2010.5688710,10.1109/icise.2010.5688710,Yang Liu,2010,2011,1,Exact
A5100356010,Yang Liu,doi:10.1371/journal.pone.0041610,10.1371/journal.pone.0041610,Yang Liu,2012,2022,10,Exact
A5100356037,Yang Liu,doi:10.1016/j.lfs.2020.117480,10.1016/j.lfs.2020.117480,Yang Liu,2020,2022,2,Exact
A5100356037,Yang Liu,doi:10.1016/j.omtn.2021.01.034,10.1016/j.omtn.2021.01.034,Yang Liu,2021,2023,2,Exact
A5100356037,Yang Liu,doi:10.1016/j.biopha.2019.108844,10.1016/j.biopha.2019.108844,Yang Liu,2019,2024,5,Exact
A5100356044,Yang Liu,doi:10.3389/fenvs.2022.979129,10.3389/fenvs.2022.979129,Yang Liu,2022,2025,3,Exact
A5100356100,Yang Liu,doi:10.1155/2022/1756268,10.1155/2022/1756268,Yang Liu,2022,2023,1,Exact
A5100356100,Yang Liu,doi:10.1155/2022/4841205,10.1155/2022/4841205,Yang Liu,2022,2023,1,Exact
A5100356134,Yang Liu,doi:10.1039/c8en01313f,10.1039/c8en01313f,Yang Liu,2019,2020,1,Exact
A5100356140,Yang Liu,doi:10.1007/s00500-023-08113-z,10.1007/s00500-023-08113-z,Yang Liu,2023,2026,3,Exact
A5100356146,Yang Liu,doi:10.1155/2021/6672072,10.1155/2021/6672072,Yang Liu,2021,2023,2,Exact
A5100356146,Yang Liu,doi:10.1155/2021/6678526,10.1155/2021/6678526,Yang Liu,2021,2023,2,Exact
A5100356169,Yang Liu,doi:10.1155/2021/5523222,10.1155/2021/5523222,Yang Liu,2021,2023,2,Exact
A5100357448,Yan Li,doi:10.1007/s00500-023-09192-8,10.1007/s00500-023-09192-8,Yan Li,2023,2024,1,Exact
A5100357875,Yan Li,doi:10.1155/2021/8081618,10.1155/2021/8081618,Yan Li,2021,2023,2,Exact
A5100358022,Jing Zhao,doi:10.1155/2022/9333718,10.1155/2022/9333718,Jing Zhao,2022,2023,1,Exact
A5100358725,Hong Zhang,doi:10.3390/su15032569,10.3390/su15032569,Hong Zhang,2023,2023,0,Exact
A5100358766,Bo Zhang,doi:10.1109/qr2mse.2013.6625861,10.1109/qr2mse.2013.6625861,Bo Zhang,2013,2013,0,Exact
A5100358862,Yang Liu,doi:10.1109/icnc.2010.5582670,10.1109/icnc.2010.5582670,Yang Liu,2010,2010,0,Exact
A5100358902,Jun Liu,doi:10.1109/appeec.2010.5448587,10.1109/appeec.2010.5448587,Jun Liu,2010,2010,0,Exact
A5100358931,Ying Li,doi:10.1109/gmc.2009.5295825,10.1109/gmc.2009.5295825,Ying Li,2009,2009,0,Exact
A5100360957,Li Li,doi:10.1109/access.2020.2990941,10.1109/access.2020.2990941,Li Li,2020,2020,0,Exact
A5100360971,Li Li,doi:10.1109/icebeg.2011.5886746,10.1109/icebeg.2011.5886746,Li Li,2011,2011,0,Exact
A5100360989,Li Li,doi:10.1186/s13634-021-00787-7,10.1186/s13634-021-00787-7,Li Li,2021,2022,1,Exact
A5100361004,Li Li,doi:10.1155/2022/4041550,10.1155/2022/4041550,Li Li,2022,2024,2,Exact
A5100361005,Li Li,doi:10.1016/j.clineuro.2022.107518,10.1016/j.clineuro.2022.107518,Li Li,2022,2023,1,Exact
A5100361005,Li Li,doi:10.1155/2022/7517112,10.1155/2022/7517112,Li Li,2022,2023,1,Exact
A5100361005,Li Li,doi:10.1080/21655979.2021.2001219,10.1080/21655979.2021.2001219,Li Li,2021,2024,3,Exact
A5100361005,Li Li,doi:10.1155/2021/1040171,10.1155/2021/1040171,Li Li,2021,2024,3,Exact
A5100361020,Li Li,doi:10.1109/wicom.2007.973,10.1109/wicom.2007.973,Li Li,2007,2007,0,Exact
A5100361027,Li Li,doi:10.1007/s11356-021-15252-z,10.1007/s11356-021-15252-z,Li Li,2021,2022,1,Exact
A5100361031,Li Li,doi:10.1109/icbbe.2011.5781162,10.1109/icbbe.2011.5781162,Li Li,2011,2011,0,Exact
A5100361041,Li Li,doi:10.1007/s11356-021-15854-7,10.1007/s11356-021-15854-7,Li Li,2021,2024,3,Exact
A5100361046,Li Li,doi:10.1155/2021/5471281,10.1155/2021/5471281,Li Li,2021,2023,2,Exact
A5100361046,Li Li,doi:10.1155/2022/9716224,10.1155/2022/9716224,Li Li,2022,2023,1,Exact
A5100361061,Li Li,doi:10.1007/s11356-023-25407-9,10.1007/s11356-023-25407-9,Li Li,2023,2024,1,Exact
A5100361063,Li Li,doi:10.14715/cmb/2019.65.3.16,10.14715/cmb/2019.65.3.16,Li Li,2019,2019,0,Exact
A5100361077,Li Li,doi:10.1109/icbbe.2011.5781274,10.1109/icbbe.2011.5781274,Li Li,2011,2011,0,Exact
A5100361099,Li Li,doi:10.1155/2022/8367395,10.1155/2022/8367395,Li Li,2022,2023,1,Exact
A5100361104,Li Li,doi:10.1109/appeec.2010.5448383,10.1109/appeec.2010.5448383,Li Li,2010,2010,0,Exact
A5100361111,Li Li,doi:10.1016/j.ast.2019.105338,10.1016/j.ast.2019.105338,Li Li,2019,2019,0,Exact
A5100361117,Li Li,doi:10.1109/icebeg.2011.5882510,10.1109/icebeg.2011.5882510,Li Li,2011,2011,0,Exact
A5100361131,Li Li,doi:10.1155/2021/3337514,10.1155/2021/3337514,Li Li,2021,2023,2,Exact
A5100361131,Li Li,doi:10.1155/2019/6547019,10.1155/2019/6547019,Li Li,2019,2024,5,Exact
A5100361142,Li Li,doi:10.1109/icmss.2010.5576351,10.1109/icmss.2010.5576351,Li Li,2010,2010,0,Exact
A5100361147,Li Li,doi:10.1039/c9ra06614d,10.1039/c9ra06614d,Li Li,2019,2021,2,Exact
A5100361147,Li Li,doi:10.1089/cbr.2017.2432,10.1089/cbr.2017.2432,Li Li,2018,2021,3,Exact
A5100361182,Li Li,doi:10.1177/0020720920985052,10.1177/0020720920985052,Li Li,2021,2021,0,Exact
A5100361186,Li Li,doi:10.1109/icbbe.2011.5780907,10.1109/icbbe.2011.5780907,Li Li,2011,2011,0,Exact
A5100361186,Li Li,doi:10.1109/icbbe.2011.5781368,10.1109/icbbe.2011.5781368,Li Li,2011,2011,0,Exact
A5100361190,Li Li,doi:10.1155/2021/9936661,10.1155/2021/9936661,Li Li,2021,2023,2,Exact
A5100361194,Li Li,doi:10.1186/s13048-016-0266-3,10.1186/s13048-016-0266-3,Li Li,2016,2022,6,Exact
A5100361203,Li Li,doi:10.1039/d1nr05353a,10.1039/d1nr05353a,Li Li,2022,2022,0,Exact
A5100361204,Li Li,doi:10.1155/2013/467245,10.1155/2013/467245,Li Li,2013,2019,6,Exact
A5100361210,Li Li,doi:10.1155/2021/6074643,10.1155/2021/6074643,Li Li,2021,2023,2,Exact
A5100361212,Li Li,doi:10.1155/2022/9682507,10.1155/2022/9682507,Li Li,2022,2023,1,Exact
A5100361219,Li Li,doi:10.1016/j.lfs.2018.11.046,10.1016/j.lfs.2018.11.046,Li Li,2018,2020,2,Exact
A5100361237,Li Li,doi:10.1371/journal.pone.0095912,10.1371/journal.pone.0095912,Li Li,2014,2023,9,Exact
A5100361245,Li Li,doi:10.1155/2022/6590025,10.1155/2022/6590025,Li Li,2022,2023,1,Exact
A5100361256,Li Li,doi:10.1155/2021/9968401,10.1155/2021/9968401,Li Li,2021,2023,2,Exact
A5100361257,Li Li,doi:10.1155/2021/2852661,10.1155/2021/2852661,Li Li,2021,2023,2,Exact
A5100361257,Li Li,doi:10.1155/2022/4165839,10.1155/2022/4165839,Li Li,2022,2023,1,Exact
A5100361259,Li Li,doi:10.1080/00016489.2020.1737330,10.1080/00016489.2020.1737330,Li Li,2020,2020,0,Exact
A5100361281,Li Li,doi:10.1109/icbbe.2011.5780913,10.1109/icbbe.2011.5780913,Li Li,2011,2011,0,Exact
A5100361285,Li Li,doi:10.1007/s13277-014-1970-5,10.1007/s13277-014-1970-5,Li Li,2014,2017,3,Exact
A5100361285,Li Li,doi:10.1080/09168451.2020.1736508,10.1080/09168451.2020.1736508,Li Li,2020,2022,2,Exact
A5100361285,Li Li,doi:10.1080/15384101.2019.1657338,10.1080/15384101.2019.1657338,Li Li,2019,2022,3,Exact
A5100361285,Li Li,doi:10.2147/ott.s190146,10.2147/ott.s190146,Li Li,2019,2023,4,Exact
A5100361286,Li Li,doi:10.1155/2022/6775277,10.1155/2022/6775277,Li Li,2022,2023,1,Exact
A5100361301,Li Li,doi:10.3389/fsurg.2021.759958,10.3389/fsurg.2021.759958,Li Li,2021,2023,2,Exact
A5100361304,Li Li,doi:10.18632/oncotarget.13127,10.18632/oncotarget.13127,Li Li,2016,2016,0,Exact
A5100361304,Li Li,doi:10.3389/fonc.2019.01175,10.3389/fonc.2019.01175,Li Li,2019,2021,2,Exact
A5100361304,Li Li,doi:10.1155/2022/9350841,10.1155/2022/9350841,Li Li,2022,2023,1,Exact
A5100361312,Li Li,doi:10.1155/2021/8032209,10.1155/2021/8032209,Li Li,2021,2023,2,Exact
A5100361326,Li Li,doi:10.3233/jifs-224126,10.3233/jifs-224126,Li Li,2023,2024,1,Exact
A5100361326,Li Li,doi:10.3233/ifs-151860,10.3233/ifs-151860,Li Li,2015,2025,10,Exact
A5100361326,Li Li,doi:10.3233/jifs-181425,10.3233/jifs-181425,Li Li,2019,2025,6,Exact
A5100361334,Li Li,doi:10.1109/icetce.2011.5775314,10.1109/icetce.2011.5775314,Li Li,2011,2011,0,Exact
A5100361344,Li Li,doi:10.3892/mmr.2017.8361,10.3892/mmr.2017.8361,Li Li,2017,2022,5,Exact
A5100361348,Li Li,doi:10.3892/ol.2018.8086,10.3892/ol.2018.8086,Li Li,2018,2021,3,Exact
A5100361348,Li Li,doi:10.1016/j.jri.2020.103184,10.1016/j.jri.2020.103184,Li Li,2020,2022,2,Exact
A5100361348,Li Li,doi:10.1155/2022/6129817,10.1155/2022/6129817,Li Li,2022,2023,1,Exact
A5100361348,Li Li,doi:10.1155/2022/6735100,10.1155/2022/6735100,Li Li,2022,2023,1,Exact
A5100361351,Li Li,doi:10.3892/ijmm.2015.2172,10.3892/ijmm.2015.2172,Li Li,2015,2023,8,Exact
A5100361352,Li Li,doi:10.1080/15384101.2019.1618121,10.1080/15384101.2019.1618121,Li Li,2019,2022,3,Exact
A5100361371,Li Li,doi:10.1016/j.cellimm.2012.08.005,10.1016/j.cellimm.2012.08.005,Li Li,2012,2013,1,Exact
A5100361387,Li Li,doi:10.1371/journal.ppat.1000915,10.1371/journal.ppat.1000915,Li Li,2010,2010,0,Exact
A5100361395,Li Li,doi:10.1177/13860291241291326,10.1177/13860291241291326,Li Li,2025,2025,0,Exact
A5100361602,Jun Liu,doi:10.1016/j.bbrc.2008.12.087,10.1016/j.bbrc.2008.12.087,Jun Liu,2009,2011,2,Exact
A5100361602,Jun Liu,doi:10.2147/cmar.s253130,10.2147/cmar.s253130,Jun Liu,2020,2023,3,Exact
A5100361602,Jun Liu,doi:10.1155/2022/9640878,10.1155/2022/9640878,Jun Liu,2022,2024,2,Exact
A5100361613,Jun Liu,doi:10.1109/icbbe.2011.5781146,10.1109/icbbe.2011.5781146,Jun Liu,2011,2011,0,Exact
A5100361633,Jun Li,doi:10.1186/s13046-019-1046-x,10.1186/s13046-019-1046-x,Jun Li,2019,2022,3,Exact
A5100361638,Jun Li,doi:10.1111/iwj.14436,10.1111/iwj.14436,Jun Li,2023,2025,2,Exact
A5100361663,Jun Li,doi:10.1109/icbbe.2011.5780323,10.1109/icbbe.2011.5780323,Jun Li,2011,2011,0,Exact
A5100361689,Jun Li,doi:10.1007/s13277-016-4954-9,10.1007/s13277-016-4954-9,Jun Li,2016,2017,1,Exact
A5100361689,Jun Li,doi:10.1155/2022/8776565,10.1155/2022/8776565,Jun Li,2022,2023,1,Exact
A5100361693,Jun Liu,doi:10.1111/ans.15387,10.1111/ans.15387,Jun Liu,2019,2019,0,Exact
A5100361707,Jun Liu,doi:10.1109/iccsit.2010.5565103,10.1109/iccsit.2010.5565103,Jun Liu,2010,2010,0,Exact
A5100361707,Jun Liu,doi:10.1016/j.heliyon.2024.e24277,10.1016/j.heliyon.2024.e24277,Jun Liu,2024,2025,1,Exact
A5100361707,Jun Liu,doi:10.3233/jifs-152640,10.3233/jifs-152640,Jun Liu,2017,2025,8,Exact
A5100361716,Jun Li,doi:10.1016/j.fertnstert.2007.07.1385,10.1016/j.fertnstert.2007.07.1385,Jun Li,2008,2015,7,Exact
A5100361759,Jun Li,doi:10.1155/2021/9751009,10.1155/2021/9751009,Jun Li,2021,2023,2,Exact
A5100361773,Jun Li,doi:10.3892/ijo.2019.4765,10.3892/ijo.2019.4765,Jun Li,2019,2022,3,Exact
A5100361776,Jun Liu,doi:10.1155/2022/1659053,10.1155/2022/1659053,Jun Liu,2022,2023,1,Exact
A5100361781,Jun Li,doi:10.1007/s12517-021-08018-x,10.1007/s12517-021-08018-x,Jun Li,2021,2021,0,Exact
A5100361797,Jun Liu,doi:10.1155/2021/3047437,10.1155/2021/3047437,Jun Liu,2021,2024,3,Exact
A5100361804,Jun Li,doi:10.1007/s13277-014-2787-y,10.1007/s13277-014-2787-y,Jun Li,2015,2015,0,Exact
A5100361814,Jun Li,doi:10.3892/mmr.2018.8606,10.3892/mmr.2018.8606,Jun Li,2018,2025,7,Exact
A5100361823,Jun Li,doi:10.1155/2022/7416106,10.1155/2022/7416106,Jun Li,2022,2023,1,Exact
A5100361828,Jun Liu,doi:10.1007/s00500-023-08196-8,10.1007/s00500-023-08196-8,Jun Liu,2023,2026,3,Exact
A5100361841,Jun Li,doi:10.1088/1742-6596/1852/2/022036,10.1088/1742-6596/1852/2/022036,Jun Li,2021,2022,1,Exact
A5100361849,Jun Li,doi:10.4028/www.scientific.net/amr.143-144.62,10.4028/www.scientific.net/amr.143-144.62,Jun Li,2010,2021,11,Exact
A5100361872,Jun Li,doi:10.1152/ajprenal.00711.2012,10.1152/ajprenal.00711.2012,Jun Li,2013,2013,0,Exact
A5100361872,Jun Li,doi:10.1016/j.biopha.2018.02.085,10.1016/j.biopha.2018.02.085,Jun Li,2018,2020,2,Exact
A5100361872,Jun Li,doi:10.1002/ar.24308,10.1002/ar.24308,Jun Li,2019,2021,2,Exact
A5100361872,Jun Li,doi:10.1080/15384101.2020.1826237,10.1080/15384101.2020.1826237,Jun Li,2020,2022,2,Exact
A5100361873,Jun Liu,doi:10.3389/fimmu.2019.02862,10.3389/fimmu.2019.02862,Jun Liu,2019,2020,1,Exact
A5100361873,Jun Liu,doi:10.12659/msm.916635,10.12659/msm.916635,Jun Liu,2019,2021,2,Exact
A5100361885,Jun Liu,doi:10.1016/j.isatra.2022.04.022,10.1016/j.isatra.2022.04.022,Jun Liu,2022,2022,0,Exact
A5100361892,Jun Li,doi:10.2991/3ca-13.2013.70,10.2991/3ca-13.2013.70,Jun Li,2013,2020,7,Exact
A5100361921,­Jun Li­,doi:10.1186/1757-2215-7-9,10.1186/1757-2215-7-9,Jun Li,2014,2015,1,Exact
A5100361921,­Jun Li­,doi:10.1042/bsr20180571,10.1042/bsr20180571,Jun Li,2018,2021,3,Exact
A5100361921,­Jun Li­,doi:10.3892/etm.2019.7260,10.3892/etm.2019.7260,Jun Li,2019,2025,6,Exact
A5100361923,Jun Li,doi:10.1155/2022/1348855,10.1155/2022/1348855,Jun Li,2022,2024,2,Exact
A5100361950,Jun Li,doi:10.1109/temc.2018.2804041,10.1109/temc.2018.2804041,Jun Li,2018,2018,0,Exact
A5100361950,Jun Li,doi:10.1109/temc.2018.2803734,10.1109/temc.2018.2803734,Jun Li,2018,2019,1,Exact
A5100361956,Jun Li,doi:10.1109/icebeg.2011.5881299,10.1109/icebeg.2011.5881299,Jun Li,2011,2011,0,Exact
A5100361956,Jun Li,doi:10.3892/mmr.2020.11634,10.3892/mmr.2020.11634,Jun Li,2020,2023,3,Exact
A5100361966,Jun Li,doi:10.1155/2022/2823314,10.1155/2022/2823314,Jun Liu,2022,2022,0,Exact
A5100361979,Jun Liu,doi:10.1007/s13277-014-2748-5,10.1007/s13277-014-2748-5,Jun Liu,2014,2017,3,Exact
A5100361984,Jun Li,doi:10.1155/2022/2525740,10.1155/2022/2525740,Jun Li,2022,2023,1,Exact
A5100361984,Jun Li,doi:10.1371/journal.pone.0272213,10.1371/journal.pone.0272213,Jun Li,2022,2023,1,Exact
A5100361988,Jun Liu,doi:10.1002/clc.23246,10.1002/clc.23246,Jun Liu,2019,2020,1,Exact
A5100361993,Jun Liu,doi:10.1111/1440-1681.13249,10.1111/1440-1681.13249,Jun Liu,2020,2021,1,Exact
A5100361993,Jun Liu,doi:10.1111/1440-1681.13472,10.1111/1440-1681.13472,Jun Liu,2021,2021,0,Exact
A5100362013,Jun Li,doi:10.1007/s10142-023-01020-4,10.1007/s10142-023-01020-4,Jun Li,2023,2024,1,Exact
A5100362017,Jun Li,doi:10.3892/or.2017.5956,10.3892/or.2017.5956,Jun Li,2017,2023,6,Exact
A5100362023,Jun Li,doi:10.1016/j.electacta.2015.08.126,10.1016/j.electacta.2015.08.126,Jun Li,2015,2018,3,Exact
A5100362036,Jun Li,doi:10.1145/3465631.3465665,10.1145/3465631.3465665,Jun Li,2021,2022,1,Exact
A5100362041,Jun Li,doi:10.1109/opee.2010.5507977,10.1109/opee.2010.5507977,Jun Li,2010,2010,0,Exact
A5100362041,Jun Li,doi:10.1109/qr2mse.2013.6625647,10.1109/qr2mse.2013.6625647,Jun Li,2013,2013,0,Exact
A5100362041,Jun Li,doi:10.1007/s11042-017-4820-9,10.1007/s11042-017-4820-9,Jun Li,2017,2019,2,Exact
A5100362042,Jun Liu,doi:10.1016/j.freeradbiomed.2014.07.041,10.1016/j.freeradbiomed.2014.07.041,Jun Liu,2011,2015,4,Exact
A5100362062,Jun Li,doi:10.1109/iccet.2010.5485375,10.1109/iccet.2010.5485375,Jun Li,2010,2010,0,Exact
A5100362067,Jun Li,doi:10.1111/ppl.12476,10.1111/ppl.12476,Jun Li,2016,2018,2,Exact
A5100362080,Jun Li,doi:10.1155/2022/9253777,10.1155/2022/9253777,Jun Li,2022,2023,1,Exact
A5100362088,Jun Li,doi:10.1038/s41417-020-00249-6,10.1038/s41417-020-00249-6,Jun Li,2020,2021,1,Exact
A5100362092,Jun Li,doi:10.1111/j.1432-2277.2008.00782.x,10.1111/j.1432-2277.2008.00782.x,Jun Li,2008,2009,1,Exact
A5100362092,Jun Li,doi:10.1007/s11010-013-1604-z,10.1007/s11010-013-1604-z,Jun Li,2013,2023,10,Exact
A5100362092,Jun Li,doi:10.1155/2022/2530388,10.1155/2022/2530388,Jun Li,2022,2023,1,Exact
A5100362092,Jun Li,doi:10.1155/2022/8352005,10.1155/2022/8352005,Jun Li,2022,2023,1,Exact
A5100362092,Jun Li,doi:10.1155/2021/5574207,10.1155/2021/5574207,Jun Li,2021,2024,3,Exact
A5100362125,Jun Li,doi:10.3233/jifs-239289,10.3233/jifs-239289,Jun Li,2024,2025,1,Exact
A5100362128,Jun Liu,doi:10.3934/mbe.2022384,10.3934/mbe.2022384,Jun Liu,2022,2024,2,Exact
A5100362132,Jun Li,doi:10.1109/icebeg.2011.5881488,10.1109/icebeg.2011.5881488,Jun Li,2011,2011,0,Exact
A5100362132,Jun Li,doi:10.1109/icebeg.2011.5882401,10.1109/icebeg.2011.5882401,Jun Li,2011,2011,0,Exact
A5100362133,Jun Liu,doi:10.1152/ajpcell.00042.2007,10.1152/ajpcell.00042.2007,Jun Liu,2008,2013,5,Exact
A5100362133,Jun Liu,doi:10.1080/09168451.2019.1694404,10.1080/09168451.2019.1694404,Jun Liu,2019,2022,3,Exact
A5100362133,Jun Liu,doi:10.1016/j.lfs.2021.119405,10.1016/j.lfs.2021.119405,Jun Liu,2021,2024,3,Exact
A5100362156,Jun Li,doi:10.1155/2022/5771526,10.1155/2022/5771526,Jun Li,2022,2023,1,Exact
A5100362988,Yang Wang,doi:10.1155/2021/7936548,10.1155/2021/7936548,Yang Wang,2021,2023,2,Exact
A5100364016,Peng Zhang,doi:10.1186/s13638-018-1251-x,10.1186/s13638-018-1251-x,Peng Zhang,2018,2023,5,Exact
A5100364021,Peng Zhang,doi:10.1371/journal.pone.0299688,10.1371/journal.pone.0299688,Peng Zhang,2024,2025,1,Exact
A5100364045,Peng Zhang,doi:10.1007/s00418-014-1233-y,10.1007/s00418-014-1233-y,Peng Zhang,2014,2020,6,Exact
A5100364045,Peng Zhang,doi:10.1159/000477323,10.1159/000477323,Peng Zhang,2017,2023,6,Exact
A5100364045,Peng Zhang,doi:10.3892/or.2015.3895,10.3892/or.2015.3895,Peng Zhang,2015,2023,8,Exact
A5100364045,Peng Zhang,doi:10.3892/ijo.2018.4647,10.3892/ijo.2018.4647,Peng Zhang,2018,2024,6,Exact
A5100364059,Peng Zhang,doi:10.1016/j.omtn.2021.01.019,10.1016/j.omtn.2021.01.019,Peng Zhang,2021,2022,1,Exact
A5100364068,Peng Zhang,doi:10.1007/s10586-017-1334-1,10.1007/s10586-017-1334-1,Peng Zhang,2017,2022,5,Exact
A5100364073,Peng Zhang,doi:10.1016/j.lfs.2017.05.030,10.1016/j.lfs.2017.05.030,Peng Zhang,2017,2023,6,Exact
A5100364096,Peng Zhang,doi:10.1155/2022/4764254,10.1155/2022/4764254,Peng Zhang,2022,2023,1,Exact
A5100364096,Peng Zhang,doi:10.1371/journal.pone.0157599,10.1371/journal.pone.0157599,Peng Zhang,2016,2026,10,Exact
A5100364119,Peng Zhang,doi:10.1007/s10142-023-01042-y,10.1007/s10142-023-01042-y,Peng Zhang,2023,2024,1,Exact
A5100364121,Peng Zhang,doi:10.1155/2022/7024669,10.1155/2022/7024669,Peng Zhang,2022,2023,1,Exact
A5100364133,Peng Zhang,doi:10.1038/srep17387,10.1038/srep17387,Peng Zhang,2015,2016,1,Exact
A5100364153,Peng Zhang,doi:10.2147/ott.s244663,10.2147/ott.s244663,Peng Zhang,2020,2023,3,Exact
A5100364154,Peng Zhang,doi:10.1016/j.ijpharm.2014.11.052,10.1016/j.ijpharm.2014.11.052,Peng Zhang,2014,2018,4,Exact
A5100364154,Peng Zhang,doi:10.1042/bsr20190283,10.1042/bsr20190283,Peng Zhang,2019,2022,3,Exact
A5100364154,Peng Zhang,doi:10.3892/or.2015.4239,10.3892/or.2015.4239,Peng Zhang,2015,2024,9,Exact
A5100364162,Peng Zhang,doi:10.1080/10717544.2020.1858998,10.1080/10717544.2020.1858998,Peng Zhang,2021,2023,2,Exact
A5100364185,Peng Zhang,doi:10.1108/hff-08-2019-0632,10.1108/hff-08-2019-0632,Peng Zhang,2019,2022,3,Exact
A5100364188,Peng Zhang,doi:10.1089/ten.tea.2013.0260,10.1089/ten.tea.2013.0260,Peng Zhang,2014,2020,6,Exact
A5100364188,Peng Zhang,doi:10.1007/s10856-014-5322-1,10.1007/s10856-014-5322-1,Peng Zhang,2015,2021,6,Exact
A5100364204,Peng Zhang,doi:10.7717/peerj.4921,10.7717/peerj.4921,Peng Zhang,2018,2018,0,Exact
A5100364206,Peng Zhang,doi:10.1159/000491887,10.1159/000491887,Peng Zhang,2018,2023,5,Exact
A5100364223,Peng Zhang,doi:10.1159/000325210,10.1159/000325210,Peng Zhang,2011,2022,11,Exact
A5100364224,Peng Zhang,doi:10.1038/nature14090,10.1038/nature14090,Peng Zhang,2014,2016,2,Exact
A5100364225,Peng Zhang,doi:10.3892/ol.2016.4577,10.3892/ol.2016.4577,Peng Zhang,2016,2021,5,Exact
A5100364257,Peng Zhang,doi:10.1155/2022/7619797,10.1155/2022/7619797,Peng Zhang,2022,2022,0,Exact
A5100364886,Yi Wang,doi:10.1109/etcs.2010.12,10.1109/etcs.2010.12,Yi Wang,2010,2010,0,Exact
A5100364899,Yi Wang,doi:10.2147/ott.s266073,10.2147/ott.s266073,Yi Wang,2020,2022,2,Exact
A5100364910,Yi Wang,doi:10.1155/2021/6614784,10.1155/2021/6614784,Yi Wang,2021,2024,3,Exact
A5100364925,Yi Wang,doi:10.2147/ott.s226580,10.2147/ott.s226580,Yi Wang,2019,2023,4,Exact
A5100364953,Yi Wang,doi:10.1155/2022/6113352,10.1155/2022/6113352,Yi Wang,2022,2023,1,Exact
A5100364960,Yi Wang,doi:10.1155/2021/5525560,10.1155/2021/5525560,Yi Wang,2021,2023,2,Exact
A5100364966,Yi Wang,doi:10.1109/wicom.2008.1665,10.1109/wicom.2008.1665,Yi Wang,2008,2008,0,Exact
A5100364966,Yi Wang,doi:10.1155/2023/9605436,10.1155/2023/9605436,Yi Wang,2023,2023,0,Exact
A5100364987,Yi Wang,doi:10.1155/2022/5339361,10.1155/2022/5339361,Yi Wang,2022,2024,2,Exact
A5100364988,Yi Wang,doi:10.1145/3582885,10.1145/3582885,Yi Wang,2023,2026,3,Exact
A5100365001,Yi Wang,doi:10.1111/xen.70021,10.1111/xen.70021,Yi Wang,2025,2025,0,Exact
A5100365016,Yi Wang,doi:10.1002/jcb.26514,10.1002/jcb.26514,Yi Wang,2018,2021,3,Exact
A5100365024,Yi Wang,doi:10.1155/2017/2381482,10.1155/2017/2381482,Yi Wang,2017,2021,4,Exact
A5100365024,Yi Wang,doi:10.1007/s10529-016-2159-3,10.1007/s10529-016-2159-3,Yi Wang,2016,2023,7,Exact
A5100365024,Yi Wang,doi:10.1007/s10529-017-2397-z,10.1007/s10529-017-2397-z,Yi Wang,2017,2023,6,Exact
A5100365024,Yi Wang,doi:10.3892/or.2018.6389,10.3892/or.2018.6389,Yi Wang,2018,2023,5,Exact
A5100365034,Yi Wang,doi:10.1136/bmjopen-2021-056878,10.1136/bmjopen-2021-056878,Yi Wang,2022,2024,2,Exact
A5100365036,Yi Wang,doi:10.1155/2022/6835371,10.1155/2022/6835371,Yi Wang,2022,2024,2,Exact
A5100365038,Yi Wang,doi:10.1155/2021/6324912,10.1155/2021/6324912,Yi Wang,2021,2024,3,Exact
A5100365043,Yi Wang,doi:10.1155/2022/3305773,10.1155/2022/3305773,Yi Wang,2022,2023,1,Exact
A5100365043,Yi Wang,doi:10.1155/2022/4746121,10.1155/2022/4746121,Yi Wang,2022,2023,1,Exact
A5100365043,Yi Wang,doi:10.1155/2022/6524592,10.1155/2022/6524592,Yi Wang,2022,2023,1,Exact
A5100365326,Xin Zhang,doi:10.1109/icetce.2011.5774571,10.1109/icetce.2011.5774571,Xin Zhang,2011,2011,0,Exact
A5100367305,Gang Wang,doi:10.1186/1750-1326-2-19,10.1186/1750-1326-2-19,Gang Wang,2007,2009,2,Exact
A5100367305,Gang Wang,doi:10.1007/s13277-015-3619-4,10.1007/s13277-015-3619-4,Gang Wang,2015,2017,2,Exact
A5100367305,Gang Wang,doi:10.1002/jcp.26312,10.1002/jcp.26312,Gang Wang,2017,2021,4,Exact
A5100367317,Gang Wang,doi:10.1042/bsr20182500,10.1042/bsr20182500,Gang Wang,2019,2021,2,Exact
A5100367317,Gang Wang,doi:10.3892/mmr.2015.4011,10.3892/mmr.2015.4011,Gang Wang,2015,2022,7,Exact
A5100367328,Gang Wang,doi:10.1155/2022/9249627,10.1155/2022/9249627,Lei Wang,2022,2023,1,Exact
A5100367350,Gang Wang,doi:10.1007/s10029-024-03185-8,10.1007/s10029-024-03185-8,Gang Wang,2024,2025,1,Exact
A5100367350,Gang Wang,doi:10.1007/s10029-024-03191-w,10.1007/s10029-024-03191-w,Gang Wang,2024,2025,1,Exact
A5100367353,Gang Wang,doi:10.1155/2022/5600004,10.1155/2022/5600004,Gang Wang,2022,2023,1,Exact
A5100367356,Gang Wang,doi:10.1016/j.biopha.2019.109707,10.1016/j.biopha.2019.109707,Gang Wang,2019,2023,4,Exact
A5100367358,Gang Wang,doi:10.1186/s11671-016-1682-4,10.1186/s11671-016-1682-4,Gang Wang,2016,2018,2,Exact
A5100367375,Gang Wang,doi:10.1155/2022/1663350,10.1155/2022/1663350,Gang Wang,2022,2024,2,Exact
A5100367375,Gang Wang,doi:10.1155/2022/2262401,10.1155/2022/2262401,Gang Wang,2022,2024,2,Exact
A5100367379,Gang Wang,doi:10.1007/s00210-016-1221-y,10.1007/s00210-016-1221-y,Gang Wang,2016,2021,5,Exact
A5100367379,Gang Wang,doi:10.1007/s13277-015-4642-1,10.1007/s13277-015-4642-1,Gang Wang,2015,2021,6,Exact
A5100367379,Gang Wang,doi:10.1155/2022/4782361,10.1155/2022/4782361,Gang Wang,2022,2023,1,Exact
A5100367379,Gang Wang,doi:10.1111/cpr.12389,10.1111/cpr.12389,Gang Wang,2017,2024,7,Exact
A5100367379,Gang Wang,doi:10.1155/2022/3858249,10.1155/2022/3858249,Gang Wang,2022,2024,2,Exact
A5100367379,Gang Wang,doi:10.3892/or.2020.7787,10.3892/or.2020.7787,Gang Wang,2020,2025,5,Exact
A5100367389,Gang Wang,doi:10.1111/j.1582-4934.2008.00370.x,10.1111/j.1582-4934.2008.00370.x,Gang Wang,2008,2010,2,Exact
A5100367389,Gang Wang,doi:10.1177/1533034615587616,10.1177/1533034615587616,Gang Wang,2017,2017,0,Exact
A5100367389,Gang Wang,doi:10.1177/1533034615609014,10.1177/1533034615609014,Gang Wang,2015,2017,2,Exact
A5100367389,Gang Wang,doi:10.1007/s00210-014-1071-4,10.1007/s00210-014-1071-4,Gang Wang,2014,2021,7,Exact
A5100367389,Gang Wang,doi:10.1080/08923973.2021.2001498,10.1080/08923973.2021.2001498,Gang Wang,2021,2022,1,Exact
A5100367389,Gang Wang,doi:10.3727/096504018x15178736525106,10.3727/096504018x15178736525106,Gang Wang,2018,2025,7,Exact
A5100367393,Gang Wang,doi:10.1534/genetics.111.133967,10.1534/genetics.111.133967,Gang Wang,2011,2022,11,Exact
A5100367415,Gang Wang,doi:10.1080/15384101.2021.1988377,10.1080/15384101.2021.1988377,Gang Wang,2021,2023,2,Exact
A5100367417,Gang Wang,doi:10.1007/s10029-024-02965-6,10.1007/s10029-024-02965-6,Gang Wang,2024,2025,1,Exact
A5100367417,Gang Wang,doi:10.1007/s10029-024-03037-5,10.1007/s10029-024-03037-5,Gang Wang,2024,2025,1,Exact
A5100367417,Gang Wang,doi:10.1007/s10029-024-03097-7,10.1007/s10029-024-03097-7,Gang Wang,2024,2025,1,Exact
A5100367417,Gang Wang,doi:10.1007/s10029-024-03103-y,10.1007/s10029-024-03103-y,Gang Wang,2024,2025,1,Exact
A5100367417,Gang Wang,doi:10.1007/s10029-024-03109-6,10.1007/s10029-024-03109-6,Gang Wang,2024,2025,1,Exact
A5100367417,Gang Wang,doi:10.1007/s10029-024-03150-5,10.1007/s10029-024-03150-5,Gang Wang,2024,2025,1,Exact
A5100367419,Gang Wang,doi:10.1155/2016/5962832,10.1155/2016/5962832,Gang Wang,2015,2022,7,Exact
A5100367419,Gang Wang,doi:10.1155/2021/9434944,10.1155/2021/9434944,Gang Wang,2021,2023,2,Exact
A5100367421,Gang Wang,doi:10.1109/iccsit.2010.5564776,10.1109/iccsit.2010.5564776,Gang Wang,2010,2010,0,Exact
A5100367428,Gang Wang,doi:10.1002/bab.2110,10.1002/bab.2110,Gang Wang,2021,2022,1,Exact
A5100367434,Gang Wang,doi:10.1080/21691401.2019.1671429,10.1080/21691401.2019.1671429,Gang Wang,2019,2020,1,Exact
A5100367447,Gang Wang,doi:10.1016/j.scitotenv.2024.177148,10.1016/j.scitotenv.2024.177148,Gang Wang,2024,2024,0,Exact
A5100367448,Gang Wang,doi:10.1186/s12935-019-1007-7,10.1186/s12935-019-1007-7,Gang Wang,2019,2023,4,Exact
A5100367482,Gang Wang,doi:10.1161/circheartfailure.117.003960,10.1161/circheartfailure.117.003960,Gang Wang,2017,2017,0,Exact
A5100367482,Gang Wang,doi:10.1105/tpc.114.125559,10.1105/tpc.114.125559,Gang Wang,2014,2023,9,Exact
A5100367994,Na Li,doi:10.1109/icams.2010.5553078,10.1109/icams.2010.5553078,Na Li,2010,2010,0,Exact
A5100368024,Na Li,doi:10.1109/icbbe.2011.5780077,10.1109/icbbe.2011.5780077,Na Li,2011,2011,0,Exact
A5100368025,Na Li,doi:10.3892/mmr.2019.10490,10.3892/mmr.2019.10490,Na Li,2019,2025,6,Exact
A5100368030,Na Li,doi:10.1109/appeec.2010.5448170,10.1109/appeec.2010.5448170,Na Li,2010,2010,0,Exact
A5100368048,Na Li,doi:10.1109/appeec.2010.5448795,10.1109/appeec.2010.5448795,Na Li,2010,2010,0,Exact
A5100368048,Na Li,doi:10.1109/wkdd.2010.18,10.1109/wkdd.2010.18,Na Li,2010,2010,0,Exact
A5100368048,Na Li,doi:10.1145/3465631.3465822,10.1145/3465631.3465822,Na Li,2021,2022,1,Exact
A5100368048,Na Li,doi:10.1155/2021/8387382,10.1155/2021/8387382,Na Li,2021,2023,2,Exact
A5100368048,Na Li,doi:10.1155/2022/2099268,10.1155/2022/2099268,Na Li,2022,2023,1,Exact
A5100368058,Na Li,doi:10.1109/esiat.2010.5568544,10.1109/esiat.2010.5568544,Na Li,2010,2010,0,Exact
A5100368058,Na Li,doi:10.1039/c5ra25870g,10.1039/c5ra25870g,Na Li,2016,2020,4,Exact
A5100368058,Na Li,doi:10.3892/ol.2019.11144,10.3892/ol.2019.11144,Na Li,2019,2020,1,Exact
A5100368058,Na Li,doi:10.1007/s13277-015-4603-8,10.1007/s13277-015-4603-8,Na Li,2015,2021,6,Exact
A5100368058,Na Li,doi:10.18632/oncotarget.21069,10.18632/oncotarget.21069,Na Li,2017,2022,5,Exact
A5100368058,Na Li,doi:10.1155/2021/9984357,10.1155/2021/9984357,Na Li,2021,2024,3,Exact
A5100368064,Na Li,doi:10.1109/icbbe.2011.5781245,10.1109/icbbe.2011.5781245,Na Li,2011,2011,0,Exact
A5100368080,Na Li,doi:10.1109/icbbe.2011.5780940,10.1109/icbbe.2011.5780940,Na Li,2011,2011,0,Exact
A5100368094,Na Li,doi:10.1155/2022/3029528,10.1155/2022/3029528,Na Li,2022,2023,1,Exact
A5100368108,Na Li,doi:10.1007/s12517-021-08184-y,10.1007/s12517-021-08184-y,Na Li,2021,2021,0,Exact
A5100368110,Na Li,doi:10.1159/000369699,10.1159/000369699,Na Li,2015,2022,7,Exact
A5100368110,Na Li,doi:10.1080/15384101.2020.1816308,10.1080/15384101.2020.1816308,Na Li,2020,2023,3,Exact
A5100368110,Na Li,doi:10.1155/2022/1899356,10.1155/2022/1899356,Na Li,2022,2023,1,Exact
A5100368114,Na Li,doi:10.1155/2021/9980459,10.1155/2021/9980459,Na Li,2021,2023,2,Exact
A5100368118,Na Li,doi:10.1002/adma.201702076,10.1002/adma.201702076,Na Li,2017,2023,6,Exact
A5100368134,Na Li,doi:10.1109/icetc.2010.5529210,10.1109/icetc.2010.5529210,Na Li,2010,2010,0,Exact
A5100368134,Na Li,doi:10.1007/s10479-023-05434-y,10.1007/s10479-023-05434-y,Na Li,2023,2024,1,Exact
A5100368136,Na Li,doi:10.1042/bsr20181175,10.1042/bsr20181175,Na Li,2019,2021,2,Exact
A5100368136,Na Li,doi:10.1155/2022/1175935,10.1155/2022/1175935,Na Li,2022,2023,1,Exact
A5100368136,Na Li,doi:10.1155/2022/8428596,10.1155/2022/8428596,Na Li,2022,2023,1,Exact
A5100368157,Na Li,doi:10.1155/2022/6056502,10.1155/2022/6056502,Na Li,2022,2023,1,Exact
A5100368162,Na Li,doi:10.1155/2022/3071665,10.1155/2022/3071665,Na Li,2022,2023,1,Exact
A5100368167,Na Li,doi:10.1155/2021/6649085,10.1155/2021/6649085,Na Li,2021,2023,2,Exact
A5100368193,Na Li,doi:10.1002/jbt.22937,10.1002/jbt.22937,Na Li,2021,2023,2,Exact
A5100368195,Na Li,doi:10.1109/icebeg.2011.5881483,10.1109/icebeg.2011.5881483,Na Li,2011,2011,0,Exact
A5100368210,Na Li,doi:10.1039/d0cc05573e,10.1039/d0cc05573e,Na Li,2020,2021,1,Exact
A5100368210,Na Li,doi:10.1111/iwj.14545,10.1111/iwj.14545,Na Li,2024,2025,1,Exact
A5100368211,Na Li,doi:10.1155/2022/5066467,10.1155/2022/5066467,Na Li,2022,2023,1,Exact
A5100368213,Na Li,doi:10.1016/j.compbiomed.2024.108615,10.1016/j.compbiomed.2024.108615,Na Li,2024,2024,0,Exact
A5100368215,Na Li,doi:10.1111/iwj.13794,10.1111/iwj.13794,Na Li,2022,2024,2,Exact
A5100368885,Xiang Zhang,doi:10.26355/eurrev_201902_17142,10.26355/eurrev_201902_17142,Xin Zhang,2019,2024,5,Initial
A5100369573,Hong Wang,doi:10.1186/s13661-017-0746-4,10.1186/s13661-017-0746-4,Hong Wang,2017,2021,4,Exact
A5100369619,Hong Wang,doi:10.1109/qr2mse.2013.6626000,10.1109/qr2mse.2013.6626000,Hong Wang,2013,2013,0,Exact
A5100369619,Hong Wang,doi:10.1186/s13661-018-0993-z,10.1186/s13661-018-0993-z,Hong Wang,2018,2020,2,Exact
A5100369619,Hong Wang,doi:10.3233/jifs-179807,10.3233/jifs-179807,Hong Wang,2020,2021,1,Exact
A5100370326,Jian Wang,doi:10.1109/icmss.2009.5304277,10.1109/icmss.2009.5304277,Jian Wang,2009,2009,0,Exact
A5100370341,Jian Wang,doi:10.1155/2022/2743781,10.1155/2022/2743781,Jian Wang,2022,2023,1,Exact
A5100370342,Jian Wang,doi:10.1371/journal.pone.0282109,10.1371/journal.pone.0282109,Jian Wang,2023,2025,2,Exact
A5100370348,Jian Wang,doi:10.1155/2021/6086106,10.1155/2021/6086106,Jian Wang,2021,2023,2,Exact
A5100370365,Jian Wang,doi:10.1002/jgm.3292,10.1002/jgm.3292,Jian Wang,2022,2022,0,Exact
A5100370375,Jian Wang,doi:10.1097/md.0000000000026083,10.1097/md.0000000000026083,Jian Wang,2021,2021,0,Exact
A5100370382,Jian Wang,doi:10.1155/2021/5588855,10.1155/2021/5588855,Jian Wang,2021,2024,3,Exact
A5100370407,Jian Wang,doi:10.1530/eje-20-0857,10.1530/eje-20-0857,Jian Wang,2021,2021,0,Exact
A5100370421,Jian Wang,doi:10.1016/j.jchemneu.2014.11.001,10.1016/j.jchemneu.2014.11.001,Jian Wang,2014,2016,2,Exact
A5100370424,Jian Wang,doi:10.3233/jifs-231449,10.3233/jifs-231449,Jian Wang,2023,2024,1,Exact
A5100370429,Jian Wang,doi:10.1021/acs.orglett.7b02161,10.1021/acs.orglett.7b02161,Jian Wang,2017,2017,0,Exact
A5100370437,Jian Wang,doi:10.1155/2022/6127620,10.1155/2022/6127620,Jian Wang,2022,2023,1,Exact
A5100370458,Jian Wang,doi:10.3892/ijmm.2017.2880,10.3892/ijmm.2017.2880,Jian Wang,2017,2022,5,Exact
A5100370458,Jian Wang,doi:10.7507/1002-1892.202012083,10.7507/1002-1892.202012083,Jian Wang,2021,2022,1,Exact
A5100370458,Jian Wang,doi:10.1016/j.molstruc.2021.129964,10.1016/j.molstruc.2021.129964,Jian Wang,2021,2023,2,Exact
A5100370460,Jian Wang,doi:10.1007/s13277-015-4045-3,10.1007/s13277-015-4045-3,Jian Wang,2015,2017,2,Exact
A5100370460,Jian Wang,doi:10.1155/2021/2968347,10.1155/2021/2968347,Jian Wang,2021,2023,2,Exact
A5100370460,Jian Wang,doi:10.3892/ijmm.2018.3860,10.3892/ijmm.2018.3860,Jian Wang,2018,2024,6,Exact
A5100370482,Jian Wang,doi:10.1155/2021/6656365,10.1155/2021/6656365,Jian Wang,2021,2024,3,Exact
A5100370498,Jian Wang,doi:10.1155/2022/1401683,10.1155/2022/1401683,Jian Wang,2022,2023,1,Exact
A5100370508,Jian Wang,doi:10.1155/2022/1425525,10.1155/2022/1425525,Jian Wang,2022,2023,1,Exact
A5100370510,Jian Wang,doi:10.1109/iceceng.2011.6057976,10.1109/iceceng.2011.6057976,Jian Wang,2011,2011,0,Exact
A5100370514,Jian Wang,doi:10.1039/c9ra07176h,10.1039/c9ra07176h,Jian Wang,2019,2023,4,Exact
A5100370519,Jian Wang,doi:10.1371/journal.pone.0116682,10.1371/journal.pone.0116682,Jian Wang,2015,2017,2,Exact
A5100370519,Jian Wang,doi:10.1074/jbc.m116.772392,10.1074/jbc.m116.772392,Jian Wang,2017,2020,3,Exact
A5100370519,Jian Wang,doi:10.1186/s13046-017-0628-8,10.1186/s13046-017-0628-8,Jian Wang,2017,2021,4,Exact
A5100370519,Jian Wang,doi:10.3892/or.2015.4333,10.3892/or.2015.4333,Jian Wang,2015,2021,6,Exact
A5100370519,Jian Wang,doi:10.1007/s13204-021-02246-z,10.1007/s13204-021-02246-z,Jian Wang,2022,2022,0,Exact
A5100370519,Jian Wang,doi:10.1093/nar/gku1368,10.1093/nar/gku1368,Jian Wang,2015,2022,7,Exact
A5100370519,Jian Wang,doi:10.1155/2022/4326728,10.1155/2022/4326728,Jian Wang,2022,2023,1,Exact
A5100370519,Jian Wang,doi:10.3892/ol.2013.1188,10.3892/ol.2013.1188,Jian Wang,2013,2023,10,Exact
A5100370519,Jian Wang,doi:10.1007/s12672-022-00544-8,10.1007/s12672-022-00544-8,Jian Wang,2022,2024,2,Exact
A5100370519,Jian Wang,doi:10.1155/2021/6614784,10.1155/2021/6614784,Jian Wang,2021,2024,3,Exact
A5100370519,Jian Wang,doi:10.1159/000495550,10.1159/000495550,Jian Wang,2018,2024,6,Exact
A5100370559,Jian Wang,doi:10.3969/j.issn.1673-5374.2012.26.002,10.3969/j.issn.1673-5374.2012.26.002,Jian Wang,2012,2021,9,Exact
A5100370559,Jian Wang,doi:10.1177/0271678x16648712,10.1177/0271678x16648712,Jian Wang,2016,2022,6,Exact
A5100370559,Jian Wang,doi:10.1155/2022/1127159,10.1155/2022/1127159,Jian Wang,2022,2023,1,Exact
A5100370559,Jian Wang,doi:10.1155/2023/9969437,10.1155/2023/9969437,Jian Wang,2023,2023,0,Exact
A5100370559,Jian Wang,doi:10.3892/ijmm.2016.2614,10.3892/ijmm.2016.2614,Jian Wang,2016,2024,8,Exact
A5100370562,Jian Wang,doi:10.1002/cpe.5784,10.1002/cpe.5784,Jian Wang,2020,2023,3,Exact
A5100370566,Jian Wang,doi:10.1155/2022/1224916,10.1155/2022/1224916,Jian Wang,2022,2023,1,Exact
A5100370574,Jian Wang,doi:10.1109/icmss.2009.5304797,10.1109/icmss.2009.5304797,Jian Wang,2009,2009,0,Exact
A5100370588,Jian Wang,doi:10.1155/2022/4448993,10.1155/2022/4448993,Jian Wang,2022,2023,1,Exact
A5100370590,Jian Wang,doi:10.3389/pore.2021.628942,10.3389/pore.2021.628942,Jian Wang,2021,2023,2,Exact
A5100370869,Hong Wang,doi:10.1089/cbr.2014.1759,10.1089/cbr.2014.1759,Hong Wang,2015,2021,6,Exact
A5100370869,Hong Wang,doi:10.18632/oncotarget.21376,10.18632/oncotarget.21376,Hong Wang,2017,2024,7,Exact
A5100370871,Hong Wang,doi:10.18632/oncotarget.20048,10.18632/oncotarget.20048,Hong Wang,2017,2024,7,Exact
A5100370893,Hong Wang,doi:10.1109/icebeg.2011.5882432,10.1109/icebeg.2011.5882432,Hong Wang,2011,2011,0,Exact
A5100370901,Hong Wang,doi:10.7883/yoken.jjid.2014.147,10.7883/yoken.jjid.2014.147,Hong Wang,2015,2017,2,Exact
A5100370911,Hong Wang,doi:10.1109/icbbe.2011.5781342,10.1109/icbbe.2011.5781342,Hong Wang,2011,2011,0,Exact
A5100370914,Hong Wang,doi:10.3389/fenrg.2022.842793,10.3389/fenrg.2022.842793,Hong Wang,2022,2023,1,Exact
A5100370914,Hong Wang,doi:10.3389/fenvs.2022.939349,10.3389/fenvs.2022.939349,Hong Wang,2022,2023,1,Exact
A5100370919,Hong Wang,doi:10.1109/icebeg.2011.5882056,10.1109/icebeg.2011.5882056,Hong Wang,2011,2011,0,Exact
A5100370939,Hong Wang,doi:10.1074/jbc.m703701200,10.1074/jbc.m703701200,Hong Wang,2007,2020,13,Exact
A5100370940,Hong Wang,doi:10.1002/jnr.23322,10.1002/jnr.23322,Hong Wang,2013,2020,7,Exact
A5100370940,Hong Wang,doi:10.1186/s13287-020-02030-w,10.1186/s13287-020-02030-w,Hong Wang,2021,2023,2,Exact
A5100370968,Hong Wang,doi:10.14348/molcells.2015.2327,10.14348/molcells.2015.2327,Hong Wang,2015,2020,5,Exact
A5100370968,Hong Wang,doi:10.1155/2022/4651364,10.1155/2022/4651364,Hong Wang,2022,2023,1,Exact
A5100370968,Hong Wang,doi:10.1371/journal.pone.0210943,10.1371/journal.pone.0210943,Hong Wang,2019,2023,4,Exact
A5100370968,Hong Wang,doi:10.2147/ijn.s56756,10.2147/ijn.s56756,Hong Wang,2014,2023,9,Exact
A5100370972,Hong Wang,doi:10.1007/s12035-016-9852-z,10.1007/s12035-016-9852-z,Hong Wang,2016,2017,1,Exact
A5100370972,Hong Wang,doi:10.1088/1748-605x/ac2995,10.1088/1748-605x/ac2995,Hong Wang,2021,2023,2,Exact
A5100370972,Hong Wang,doi:10.1155/2022/2621991,10.1155/2022/2621991,Hong Wang,2022,2023,1,Exact
A5100370972,Hong Wang,doi:10.1155/2022/9208478,10.1155/2022/9208478,Hong Wang,2022,2023,1,Exact
A5100370972,Hong Wang,doi:10.2147/ott.s249133,10.2147/ott.s249133,Hong Wang,2020,2023,3,Exact
A5100370992,Hong Wang,doi:10.1109/icebeg.2011.5882318,10.1109/icebeg.2011.5882318,Hong Wang,2011,2011,0,Exact
A5100370997,Hong Wang,doi:10.1155/2022/7723425,10.1155/2022/7723425,Hong Wang,2022,2023,1,Exact
A5100370998,Hong Wang,doi:10.1039/c5cc01180a,10.1039/c5cc01180a,Hong Wang,2015,2022,7,Exact
A5100371007,Hong Wang,doi:10.1109/icebeg.2011.5884534,10.1109/icebeg.2011.5884534,Hong Wang,2011,2011,0,Exact
A5100371014,Hong Wang,doi:10.1155/2022/5780084,10.1155/2022/5780084,Hong Wang,2022,2023,1,Exact
A5100371016,Hong Wang,doi:10.1109/icise.2010.5691576,10.1109/icise.2010.5691576,Hong Wang,2010,2011,1,Exact
A5100372293,Bin Wang,doi:10.1155/2022/5075447,10.1155/2022/5075447,Bin Wang,2022,2023,1,Exact
A5100372310,Bin Wang,doi:10.1002/jcp.26248,10.1002/jcp.26248,Bin Wang,2017,2021,4,Exact
A5100372311,Bin Wang,doi:10.1111/jcmm.15222,10.1111/jcmm.15222,Bin Wang,2020,2023,3,Exact
A5100372311,Bin Wang,doi:10.1007/s12672-022-00544-8,10.1007/s12672-022-00544-8,Bin Wang,2022,2024,2,Exact
A5100372313,Bin Wang,doi:10.1007/s12652-021-03116-w,10.1007/s12652-021-03116-w,Bin Wang,2021,2022,1,Exact
A5100372334,Bin Wang,doi:10.1007/s12032-014-0251-x,10.1007/s12032-014-0251-x,Bin Wang,2014,2015,1,Exact
A5100372343,Bin Wang,doi:10.1109/icbbe.2011.5780119,10.1109/icbbe.2011.5780119,Bin Wang,2011,2011,0,Exact
A5100372343,Bin Wang,doi:10.1109/icbbe.2011.5780244,10.1109/icbbe.2011.5780244,Bin Wang,2011,2011,0,Exact
A5100372343,Bin Wang,doi:10.1016/j.tsc.2021.100968,10.1016/j.tsc.2021.100968,Bin Wang,2021,2022,1,Exact
A5100372343,Bin Wang,doi:10.1080/15384101.2020.1717041,10.1080/15384101.2020.1717041,Bin Wang,2020,2022,2,Exact
A5100372343,Bin Wang,doi:10.1155/2021/1536337,10.1155/2021/1536337,Bin Wang,2021,2023,2,Exact
A5100372359,Bin Wang,doi:10.1007/s11605-014-2632-z,10.1007/s11605-014-2632-z,Bin Wang,2014,2015,1,Exact
A5100372359,Bin Wang,doi:10.1007/s13277-015-4045-3,10.1007/s13277-015-4045-3,Bin Wang,2015,2017,2,Exact
A5100372359,Bin Wang,doi:10.1080/21691401.2019.1626405,10.1080/21691401.2019.1626405,Bin Wang,2019,2021,2,Exact
A5100372364,Bin Wang,doi:10.1111/iwj.14258,10.1111/iwj.14258,Bin Wang,2023,2025,2,Exact
A5100372375,Bin Wang,doi:10.1002/joc.3627,10.1002/joc.3627,Bin Wang,2012,2014,2,Exact
A5100372378,Bin Wang,doi:10.1109/esiat.2010.5567231,10.1109/esiat.2010.5567231,Bin Wang,2010,2010,0,Exact
A5100372378,Bin Wang,doi:10.1109/icbbe.2011.5781078,10.1109/icbbe.2011.5781078,Bin Wang,2011,2011,0,Exact
A5100372378,Bin Wang,doi:10.1109/icbbe.2011.5781079,10.1109/icbbe.2011.5781079,Bin Wang,2011,2011,0,Exact
A5100372378,Bin Wang,doi:10.1109/icbbe.2011.5781082,10.1109/icbbe.2011.5781082,Bin Wang,2011,2011,0,Exact
A5100372391,Bin Wang,doi:10.12659/msm.909745,10.12659/msm.909745,Bin Wang,2018,2021,3,Exact
A5100372408,Bin Wang,doi:10.1016/j.molstruc.2021.130827,10.1016/j.molstruc.2021.130827,Bin Wang,2021,2023,2,Exact
A5100373944,Yang Li,doi:10.1002/jcb.26584,10.1002/jcb.26584,Yang Li,2017,2021,4,Exact
A5100373945,Li Yang,doi:10.1002/jcb.29530,10.1002/jcb.29530,Yang Li,2019,2021,2,Exact
A5100374360,Bo Li,doi:10.1155/2022/2185908,10.1155/2022/2185908,Bo Li,2022,2022,0,Exact
A5100374360,Bo Li,doi:10.1155/2022/4262270,10.1155/2022/4262270,Bo Li,2022,2023,1,Exact
A5100374376,Bo Li,doi:10.1155/2021/9517133,10.1155/2021/9517133,Bo Li,2021,2023,2,Exact
A5100374413,Bo Li,doi:10.2147/ott.s253151,10.2147/ott.s253151,Bo Li,2020,2021,1,Exact
A5100374413,Bo Li,doi:10.1016/j.clinre.2014.12.004,10.1016/j.clinre.2014.12.004,Bo Li,2015,2025,10,Exact
A5100374413,Bo Li,doi:10.1111/iwj.13870,10.1111/iwj.13870,Bo Li,2022,2025,3,Exact
A5100374423,Bo Li,doi:10.1155/2022/1818398,10.1155/2022/1818398,Bo Li,2022,2023,1,Exact
A5100374424,Bo Li,doi:10.1155/2022/1703167,10.1155/2022/1703167,Bo Li,2022,2023,1,Exact
A5100374429,Bo Li,doi:10.2147/ott.s122803,10.2147/ott.s122803,Bo Li,2017,2022,5,Exact
A5100374429,Bo Li,doi:10.18632/oncotarget.3713,10.18632/oncotarget.3713,Bo Li,2015,2026,11,Exact
A5100374460,Bo Li,doi:10.1371/journal.pone.0090388,10.1371/journal.pone.0090388,Bo Li,2014,2024,10,Exact
A5100374460,Bo Li,doi:10.3389/fonc.2021.733745,10.3389/fonc.2021.733745,Bo Li,2021,2024,3,Exact
A5100374464,Bo Li,doi:10.1016/j.yexmp.2020.104529,10.1016/j.yexmp.2020.104529,Bo Li,2020,2021,1,Exact
A5100374484,Bo Li,doi:10.1371/journal.pone.0031256,10.1371/journal.pone.0031256,Bo Li,2012,2019,7,Exact
A5100374484,Bo Li,doi:10.1007/s13277-016-4888-2,10.1007/s13277-016-4888-2,Bo Li,2016,2021,5,Exact
A5100374484,Bo Li,doi:10.3892/ol.2017.7114,10.3892/ol.2017.7114,Bo Li,2017,2023,6,Exact
A5100374494,Bo Li,doi:10.1155/2022/8912627,10.1155/2022/8912627,Bo Li,2022,2023,1,Exact
A5100374494,Bo Li,doi:10.3233/jifs-221248,10.3233/jifs-221248,Bo Li,2022,2025,3,Exact
A5100374494,Bo Li,doi:10.3233/jifs-221684,10.3233/jifs-221684,Bo Li,2022,2025,3,Exact
A5100374526,Bo Li,doi:10.1155/2021/5178970,10.1155/2021/5178970,Bo Li,2021,2023,2,Exact
A5100374916,Jing Liu,doi:10.1002/pmic.201100126,10.1002/pmic.201100126,Jing Liu,2011,2011,0,Exact
A5100374917,Jing Liu,doi:10.1042/bsr20200302,10.1042/bsr20200302,Jing Liu,2020,2021,1,Exact
A5100374926,Jing Liu,doi:10.1007/s10895-021-02768-3,10.1007/s10895-021-02768-3,Jing Liu,2021,2023,2,Exact
A5100374938,Jing Liu,doi:10.1038/s41420-022-00895-9,10.1038/s41420-022-00895-9,Jing Liu,2022,2023,1,Exact
A5100374938,Jing Liu,doi:10.1155/2021/1382061,10.1155/2021/1382061,Jing Liu,2021,2024,3,Exact
A5100374954,Jing Liu,doi:10.1155/2022/3127899,10.1155/2022/3127899,Jing Liu,2022,2023,1,Exact
A5100374963,Jing Liu,doi:10.1002/aelm.202000537,10.1002/aelm.202000537,Jing Liu,2020,2021,1,Exact
A5100374963,Jing Liu,doi:10.1155/2022/6757341,10.1155/2022/6757341,Jing Liu,2022,2023,1,Exact
A5100374963,Jing Liu,doi:10.1088/1361-6439/aaa80f,10.1088/1361-6439/aaa80f,Jing Liu,2018,2026,8,Exact
A5100374964,Jing Liu,doi:10.1155/2022/3026680,10.1155/2022/3026680,Jing Liu,2022,2023,1,Exact
A5100374972,Jing Liu,doi:10.1155/2021/2577113,10.1155/2021/2577113,Jing Liu,2021,2023,2,Exact
A5100374974,Jing Liu,doi:10.1186/s13660-017-1522-9,10.1186/s13660-017-1522-9,Jing Liu,2017,2019,2,Exact
A5100374997,Jing Liu,doi:10.1155/2021/8032209,10.1155/2021/8032209,Jing Liu,2021,2023,2,Exact
A5100374998,Jing Liu,doi:10.1371/journal.pone.0237597,10.1371/journal.pone.0237597,Jing Liu,2020,2024,4,Exact
A5100375028,Jing Liu,doi:10.1109/icbbe.2011.5780143,10.1109/icbbe.2011.5780143,Jing Liu,2011,2011,0,Exact
A5100375035,Jing Liu,doi:10.1155/2022/1153071,10.1155/2022/1153071,Jing Liu,2022,2023,1,Exact
A5100375038,Jing Liu,doi:10.3233/jifs-222590,10.3233/jifs-222590,Jing Liu,2023,2025,2,Exact
A5100375038,Jing Liu,doi:10.3233/jifs-231395,10.3233/jifs-231395,Jing Liu,2023,2025,2,Exact
A5100375039,Jing Liu,doi:10.1109/eeee.2009.19,10.1109/eeee.2009.19,Jing Liu,2009,2009,0,Exact
A5100375041,Jing Liu,doi:10.3233/jifs-213501,10.3233/jifs-213501,Jing Liu,2023,2024,1,Exact
A5100375042,Jing Liu,doi:10.1007/s00411-011-0355-z,10.1007/s00411-011-0355-z,Jing Liu,2011,2013,2,Exact
A5100375042,Jing Liu,doi:10.1007/s10644-024-09623-y,10.1007/s10644-024-09623-y,Jing Liu,2024,2024,0,Exact
A5100375053,Jing Liu,doi:10.1155/2021/9930524,10.1155/2021/9930524,Jing Liu,2021,2024,3,Exact
A5100375065,Jing Liu,doi:10.1109/icbbe.2011.5781653,10.1109/icbbe.2011.5781653,Jing Liu,2011,2011,0,Exact
A5100375065,Jing Liu,doi:10.1039/c9nr05791a,10.1039/c9nr05791a,Jing Liu,2019,2022,3,Exact
A5100375073,Jing Liu,doi:10.1155/2021/4944797,10.1155/2021/4944797,Jing Liu,2021,2024,3,Exact
A5100375083,Jing Liu,doi:10.1172/jci98769,10.1172/jci98769,Jing Liu,2018,2022,4,Exact
A5100375101,Jing Liu,doi:10.1155/2021/3656831,10.1155/2021/3656831,Jing Liu,2021,2023,2,Exact
A5100375136,Jing Liu,doi:10.1155/2022/3867581,10.1155/2022/3867581,Jing Liu,2022,2023,1,Exact
A5100375136,Jing Liu,doi:10.1007/s00500-022-06859-6,10.1007/s00500-022-06859-6,Jing Liu,2022,2026,4,Exact
A5100375137,Jing Liu,doi:10.1038/ni.2566,10.1038/ni.2566,Jing Liu,2013,2025,12,Exact
A5100375142,Jing Liu,doi:10.1080/21691401.2019.1671429,10.1080/21691401.2019.1671429,Jing Liu,2019,2020,1,Exact
A5100375710,Tao Zhang,doi:10.1002/ar.24324,10.1002/ar.24324,Tao Zhang,2019,2020,1,Exact
A5100375710,Tao Zhang,doi:10.18632/oncotarget.16850,10.18632/oncotarget.16850,Tao Zhang,2017,2026,9,Exact
A5100375714,Tao Zhang,doi:10.1016/j.ultras.2023.107107,10.1016/j.ultras.2023.107107,Tao Zhang,2023,2023,0,Exact
A5100375743,Tao Zhang,doi:10.3233/jifs-212624,10.3233/jifs-212624,Tao Zhang,2022,2024,2,Exact
A5100375746,Tao Zhang,doi:10.1038/cddis.2016.305,10.1038/cddis.2016.305,Tao Zhang,2016,2021,5,Exact
A5100375770,Tao Zhang,doi:10.3892/or.2017.5781,10.3892/or.2017.5781,Tao Zhang,2017,2022,5,Exact
A5100375773,Tao Zhang,doi:10.1109/paccs.2011.5990260,10.1109/paccs.2011.5990260,Tao Zhang,2011,2011,0,Exact
A5100375778,Tao Zhang,doi:10.1088/0029-5515/47/9/037,10.1088/0029-5515/47/9/037,Tao Zhang,2007,2010,3,Exact
A5100375787,Tao Zhang,doi:10.1155/2022/3866516,10.1155/2022/3866516,Tao Zhang,2022,2023,1,Exact
A5100375792,Tao Zhang,doi:10.1109/iciecs.2009.5367119,10.1109/iciecs.2009.5367119,Tao Zhang,2009,2009,0,Exact
A5100375793,Tao Zhang,doi:10.1038/s41467-021-24195-5,10.1038/s41467-021-24195-5,Tao Zhang,2021,2022,1,Exact
A5100375804,Tao Zhang,doi:10.1109/icbbe.2011.5780319,10.1109/icbbe.2011.5780319,Tao Zhang,2011,2011,0,Exact
A5100375815,Tao Zhang,doi:10.1016/j.neuint.2015.01.004,10.1016/j.neuint.2015.01.004,Tao Zhang,2015,2016,1,Exact
A5100375815,Tao Zhang,doi:10.1007/s00011-019-01289-x,10.1007/s00011-019-01289-x,Tao Zhang,2019,2022,3,Exact
A5100375844,Tao Zhang,doi:10.1016/j.omtn.2019.12.014,10.1016/j.omtn.2019.12.014,Tao Zhang,2020,2024,4,Exact
A5100375844,Tao Zhang,doi:10.1080/21655979.2021.2020390,10.1080/21655979.2021.2020390,Tao Zhang,2022,2024,2,Exact
A5100375845,Tao Zhang,doi:10.1038/s41417-018-0065-7,10.1038/s41417-018-0065-7,Tao Zhang,2018,2021,3,Exact
A5100375857,Tao Zhang,doi:10.1080/24701556.2019.1569056,10.1080/24701556.2019.1569056,Tao Zhang,2019,2024,5,Exact
A5100375860,Tao Zhang,doi:10.2320/matertrans1989.37.99,10.2320/matertrans1989.37.99,Tao Zhang,1996,2019,23,Exact
A5100375860,Tao Zhang,doi:10.2320/matertrans1989.40.1382,10.2320/matertrans1989.40.1382,Tao Zhang,1999,2019,20,Exact
A5100375860,Tao Zhang,doi:10.2320/matertrans1989.41.1511,10.2320/matertrans1989.41.1511,Tao Zhang,2000,2019,19,Exact
A5100375875,Tao Zhang,doi:10.1677/joe-07-0230,10.1677/joe-07-0230,Tao Zhang,2007,2010,3,Exact
A5100375877,Tao Zhang,doi:10.3233/jifs-220388,10.3233/jifs-220388,Tao Zhang,2022,2024,2,Exact
A5100375885,Tao Zhang,doi:10.1002/jcb.27445,10.1002/jcb.27445,Tao Zhang,2018,2021,3,Exact
A5100375885,Tao Zhang,doi:10.1097/jbr.0000000000000013,10.1097/jbr.0000000000000013,Tao Zhang,2018,2021,3,Exact
A5100375885,Tao Zhang,doi:10.1155/2022/2330472,10.1155/2022/2330472,Tao Zhang,2022,2023,1,Exact
A5100375885,Tao Zhang,doi:10.2147/ott.s226580,10.2147/ott.s226580,Tao Zhang,2019,2023,4,Exact
A5100375885,Tao Zhang,doi:10.1111/iwj.13860,10.1111/iwj.13860,Tao Zhang,2022,2025,3,Exact
A5100375926,Tao� Zhang,doi:10.1159/000485354,10.1159/000485354,Tao Zhang,2017,2021,4,Exact
A5100376068,Feng Li,doi:10.1371/journal.pone.0286913,10.1371/journal.pone.0286913,Feng Li,2023,2024,1,Exact
A5100378019,Yan Chen,doi:10.1155/2022/4173738,10.1155/2022/4173738,Yan Chen,2022,2023,1,Exact
A5100378024,Yan Chen,doi:10.2147/ott.s66809,10.2147/ott.s66809,Yan Chen,2014,2022,8,Exact
A5100378038,Yan Chen,doi:10.3389/fmed.2021.564943,10.3389/fmed.2021.564943,Yan Chen,2021,2022,1,Exact
A5100378054,Yan Chen,doi:10.1155/2021/3957738,10.1155/2021/3957738,Yan Chen,2021,2023,2,Exact
A5100378089,Yan Chen,doi:10.1155/2022/8040656,10.1155/2022/8040656,Yan Chen,2022,2023,1,Exact
A5100378101,Yan Chen,doi:10.1155/2022/1888153,10.1155/2022/1888153,Yan Chen,2022,2023,1,Exact
A5100378101,Yan Chen,doi:10.3389/fphar.2019.01071,10.3389/fphar.2019.01071,Yan Chen,2019,2025,6,Exact
A5100378107,Yan Chen,doi:10.1155/2022/6984149,10.1155/2022/6984149,Yan Chen,2022,2024,2,Exact
A5100378110,Yan Chen,doi:10.3233/rnn-180817,10.3233/rnn-180817,Yan Chen,2018,2023,5,Exact
A5100378111,Yan Chen,doi:10.1002/jctb.6082,10.1002/jctb.6082,Yan Chen,2019,2021,2,Exact
A5100378111,Yan Chen,doi:10.1016/j.powtec.2016.09.038,10.1016/j.powtec.2016.09.038,Yan Chen,2016,2021,5,Exact
A5100378111,Yan Chen,doi:10.1016/j.apsusc.2018.10.146,10.1016/j.apsusc.2018.10.146,Yan Chen,2018,2022,4,Exact
A5100378111,Yan Chen,doi:10.1016/j.apt.2018.10.014,10.1016/j.apt.2018.10.014,Yan Chen,2018,2022,4,Exact
A5100378117,Yan Chen,doi:10.1371/journal.pone.0089756,10.1371/journal.pone.0089756,Yan Chen,2014,2022,8,Exact
A5100378136,Yan Chen,doi:10.1002/jcb.26716,10.1002/jcb.26716,Yan Chen,2018,2021,3,Exact
A5100378139,Yan Chen,doi:10.1155/2022/2363877,10.1155/2022/2363877,Yan Chen,2022,2023,1,Exact
A5100378141,Yan Chen,doi:10.1002/tox.24063,10.1002/tox.24063,Yan Chen,2023,2024,1,Exact
A5100378142,Yan Chen,doi:10.3389/fonc.2020.614430,10.3389/fonc.2020.614430,Yan Chen,2021,2024,3,Exact
A5100378142,Yan Chen,doi:10.1038/s41598-025-94968-1,10.1038/s41598-025-94968-1,Yan Chen,2025,2025,0,Exact
A5100378146,Yan Chen,doi:10.1155/2022/6910126,10.1155/2022/6910126,Yan Chen,2022,2023,1,Exact
A5100378159,Yan Chen,doi:10.1016/j.bbrc.2017.09.036,10.1016/j.bbrc.2017.09.036,Yan Chen,2017,2017,0,Exact
A5100378159,Yan Chen,doi:10.1371/journal.pone.0066275,10.1371/journal.pone.0066275,Yan Chen,2013,2020,7,Exact
A5100378159,Yan Chen,doi:10.1002/jcb.28755,10.1002/jcb.28755,Yan Chen,2019,2021,2,Exact
A5100378159,Yan Chen,doi:10.1002/jcp.26573,10.1002/jcp.26573,Yan Chen,2018,2021,3,Exact
A5100378159,Yan Chen,doi:10.1159/000493265,10.1159/000493265,Yan Chen,2018,2021,3,Exact
A5100378180,Yan Chen,doi:10.1145/3465631.3465790,10.1145/3465631.3465790,Yan Chen,2021,2022,1,Exact
A5100378279,Feng Wang,doi:10.1371/journal.pone.0065661,10.1371/journal.pone.0065661,Feng Wang,2013,2025,12,Exact
A5100378318,Jing Wang,doi:10.3233/jifs-220109,10.3233/jifs-220109,Jing Wang,2022,2025,3,Exact
A5100378341,Jing Wang,doi:10.1155/2021/1292921,10.1155/2021/1292921,Jing Wang,2021,2023,2,Exact
A5100378341,Jing Wang,doi:10.1155/2021/7832216,10.1155/2021/7832216,Jing Wang,2021,2023,2,Exact
A5100378341,Jing Wang,doi:10.1155/2022/1335562,10.1155/2022/1335562,Jing Wang,2022,2023,1,Exact
A5100378341,Jing Wang,doi:10.1155/2023/7277369,10.1155/2023/7277369,Jing Wang,2023,2023,0,Exact
A5100378341,Jing Wang,doi:10.3389/fphar.2021.628988,10.3389/fphar.2021.628988,Jing Wang,2021,2026,5,Exact
A5100378367,Jing Wang,doi:10.1038/s41417-020-00249-6,10.1038/s41417-020-00249-6,Jing Wang,2020,2021,1,Exact
A5100378370,Jing Wang,doi:10.1109/icbbe.2011.5781017,10.1109/icbbe.2011.5781017,Jing Wang,2011,2011,0,Exact
A5100378403,Jing Wang,doi:10.1155/2022/6113352,10.1155/2022/6113352,Jing Wang,2022,2023,1,Exact
A5100378415,Jing Wang,doi:10.1155/2022/6789292,10.1155/2022/6789292,Jing Wang,2022,2023,1,Exact
A5100378427,Jing Wang,doi:10.1155/2021/8914997,10.1155/2021/8914997,Jing Wang,2021,2023,2,Exact
A5100378428,Jing Wang,doi:10.2147/ott.s213026,10.2147/ott.s213026,Jing Wang,2019,2021,2,Exact
A5100378428,Jing Wang,doi:10.1186/s13046-018-0677-7,10.1186/s13046-018-0677-7,Jing Wang,2018,2023,5,Exact
A5100378447,Jing Wang,doi:10.1107/s2059798317015303,10.1107/s2059798317015303,Jing Wang,2017,2018,1,Exact
A5100378447,Jing Wang,doi:10.3233/mgc-210022,10.3233/mgc-210022,Jing Wang,2021,2022,1,Exact
A5100378454,Jing Wang,doi:10.1155/2021/1001446,10.1155/2021/1001446,Jing Wang,2021,2023,2,Exact
A5100378462,Jing Wang,doi:10.1155/2021/5802082,10.1155/2021/5802082,Jing Wang,2021,2023,2,Exact
A5100378464,Jing Wang,doi:10.1155/2021/5512370,10.1155/2021/5512370,Jing Wang,2021,2024,3,Exact
A5100378475,Jing Wang,doi:10.1155/2021/2268464,10.1155/2021/2268464,Jing Wang,2021,2023,2,Exact
A5100378493,Jing Wang,doi:10.1016/j.ejpb.2019.05.005,10.1016/j.ejpb.2019.05.005,Jing Wang,2019,2019,0,Exact
A5100378493,Jing Wang,doi:10.3233/jifs-235410,10.3233/jifs-235410,Jing Wang,2024,2025,1,Exact
A5100378494,Jing Wang,doi:10.1016/j.tsf.2013.04.002,10.1016/j.tsf.2013.04.002,Jing Wang,2013,2013,0,Exact
A5100378499,Jing Wang,doi:10.1155/2023/2843979,10.1155/2023/2843979,Jing Wang,2023,2023,0,Exact
A5100378503,Jing Wang,doi:10.1155/2022/8751815,10.1155/2022/8751815,Jing Wang,2022,2023,1,Exact
A5100378506,Jing Wang,doi:10.1016/j.clim.2019.01.006,10.1016/j.clim.2019.01.006,Jing Wang,2019,2020,1,Exact
A5100378506,Jing Wang,doi:10.1111/cns.13154,10.1111/cns.13154,Jing Wang,2019,2020,1,Exact
A5100378509,Jing Wang,doi:10.1074/jbc.m116.713735,10.1074/jbc.m116.713735,Jing Wang,2016,2020,4,Exact
A5100378529,Jing Wang,doi:10.1155/2021/2210191,10.1155/2021/2210191,Jing Wang,2021,2023,2,Exact
A5100378529,Jing Wang,doi:10.1155/2022/7034670,10.1155/2022/7034670,Jing Wang,2022,2023,1,Exact
A5100378529,Jing Wang,doi:10.1111/iwj.14588,10.1111/iwj.14588,Jing Wang,2024,2025,1,Exact
A5100378537,Jing Wang,doi:10.1155/2022/2209979,10.1155/2022/2209979,Jing Wang,2022,2023,1,Exact
A5100378563,Jing Wang,doi:10.1074/jbc.m111.221697,10.1074/jbc.m111.221697,Jing Wang,2011,2020,9,Exact
A5100378570,Jing Wang,doi:10.1007/s11262-014-1115-3,10.1007/s11262-014-1115-3,Jing Wang,2014,2015,1,Exact
A5100378570,Jing Wang,doi:10.1111/cas.13088,10.1111/cas.13088,Jing Wang,2016,2024,8,Exact
A5100378575,Jing Wang,doi:10.1109/icmss.2009.5302067,10.1109/icmss.2009.5302067,Jing Wang,2009,2009,0,Exact
A5100378575,Jing Wang,doi:10.1155/2022/1157083,10.1155/2022/1157083,Jing Wang,2022,2023,1,Exact
A5100378578,Jing Wang,doi:10.1039/c7ra08823j,10.1039/c7ra08823j,Jing Wang,2017,2023,6,Exact
A5100378586,Jing Wang,doi:10.1155/2022/3771144,10.1155/2022/3771144,Jing Wang,2022,2023,1,Exact
A5100378594,Jing Wang,doi:10.1089/ten.tea.2009.0399,10.1089/ten.tea.2009.0399,Jing Wang,2010,2019,9,Exact
A5100378594,Jing Wang,doi:10.1038/srep42359,10.1038/srep42359,Jing Wang,2017,2024,7,Exact
A5100378602,Jing Wang,doi:10.1007/s00500-023-08735-3,10.1007/s00500-023-08735-3,Jing Wang,2023,2026,3,Exact
A5100378610,Jing Wang,doi:10.1155/2022/4835417,10.1155/2022/4835417,Jing Wang,2022,2023,1,Exact
A5100378618,Jing Wang,doi:10.3389/fonc.2020.570128,10.3389/fonc.2020.570128,Jing Wang,2020,2024,4,Exact
A5100378627,Jing Wang,doi:10.3233/jifs-223741,10.3233/jifs-223741,Jing Wang,2023,2025,2,Exact
A5100378656,Jing Wang,doi:10.1155/2022/1902289,10.1155/2022/1902289,Jing Wang,2022,2023,1,Exact
A5100378656,Jing Wang,doi:10.1155/2022/8338137,10.1155/2022/8338137,Jing Wang,2022,2023,1,Exact
A5100378656,Jing Wang,doi:10.1155/2022/8955322,10.1155/2022/8955322,Jing Wang,2022,2023,1,Exact
A5100378656,Jing Wang,doi:10.3389/fonc.2021.684477,10.3389/fonc.2021.684477,Jing Wang,2021,2023,2,Exact
A5100378656,Jing Wang,doi:10.1111/iwj.13867,10.1111/iwj.13867,Jing Wang,2022,2025,3,Exact
A5100378677,Jing Wang,doi:10.1155/2021/9914787,10.1155/2021/9914787,Jing Wang,2021,2022,1,Exact
A5100378677,Jing Wang,doi:10.1155/2022/9160145,10.1155/2022/9160145,Jing Wang,2022,2024,2,Exact
A5100378679,Jing Wang,doi:10.1509/jmr.11.0246,10.1509/jmr.11.0246,Jing Wang,2013,2022,9,Exact
A5100378679,Jing Wang,doi:10.1155/2022/3883459,10.1155/2022/3883459,Jing Wang,2022,2023,1,Exact
A5100378679,Jing Wang,doi:10.1155/2022/8294254,10.1155/2022/8294254,Jing Wang,2022,2023,1,Exact
A5100378685,Jing Wang,doi:10.1039/d0ra06357f,10.1039/d0ra06357f,Jing Wang,2020,2021,1,Exact
A5100378691,Jing Wang,doi:10.1016/j.jobe.2023.107817,10.1016/j.jobe.2023.107817,Jing Wang,2023,2025,2,Exact
A5100378691,Jing Wang,doi:10.3233/jifs-220568,10.3233/jifs-220568,Jing Wang,2022,2025,3,Exact
A5100378695,Jing Wang,doi:10.1109/appeec.2010.5448386,10.1109/appeec.2010.5448386,Jing Wang,2010,2010,0,Exact
A5100378705,Jing Wang,doi:10.1097/mph.0000000000002632,10.1097/mph.0000000000002632,Jing Wang,2023,2023,0,Exact
A5100378722,Jing Wang,doi:10.1016/j.bbrc.2012.02.006,10.1016/j.bbrc.2012.02.006,Jing Wang,2012,2012,0,Exact
A5100378723,Jing Wang,doi:10.1155/2022/6220774,10.1155/2022/6220774,Jing Wang,2022,2023,1,Exact
A5100378741,H. J. Yang,doi:10.12659/msm.920537,10.12659/msm.920537,Jun Yang,2020,2022,2,Exact
A5100378741,H. J. Yang,doi:10.1155/2021/7805124,10.1155/2021/7805124,Jing Yang,2021,2023,2,Exact
A5100378741,H. J. Yang,doi:10.1155/2021/1074565,10.1155/2021/1074565,Jing Yang,2021,2024,3,Exact
A5100378741,H. J. Yang,doi:10.1016/j.heliyon.2024.e35639,10.1016/j.heliyon.2024.e35639,Jun Yang,2024,2025,1,Exact
A5100378742,Jing Wang,doi:10.3233/jifs-220761,10.3233/jifs-220761,Jing Wang,2022,2025,3,Exact
A5100378748,Jing Wang,doi:10.1155/2022/1395958,10.1155/2022/1395958,Jing Wang,2022,2023,1,Exact
A5100379155,Li Chen,doi:10.1109/icbbe.2011.5780245,10.1109/icbbe.2011.5780245,Li Chen,2011,2011,0,Exact
A5100379155,Li Chen,doi:10.1109/icbbe.2011.5780955,10.1109/icbbe.2011.5780955,Li Chen,2011,2011,0,Exact
A5100379155,Li Chen,doi:10.2991/iccsae-15.2016.109,10.2991/iccsae-15.2016.109,Li Chen,2016,2020,4,Exact
A5100379172,Li Chen,doi:10.1186/s13287-020-01731-6,10.1186/s13287-020-01731-6,Li Chen,2020,2022,2,Exact
A5100379172,Li Chen,doi:10.1186/s13287-021-02371-0,10.1186/s13287-021-02371-0,Li Chen,2021,2022,1,Exact
A5100379181,Li Chen,doi:10.1016/j.eng.2020.03.007,10.1016/j.eng.2020.03.007,Li Chen,2020,2020,0,Exact
A5100379193,Li Chen,doi:10.1155/2021/9059116,10.1155/2021/9059116,Li Chen,2021,2023,2,Exact
A5100379195,Li Chen,doi:10.1038/sj.mt.6300137,10.1038/sj.mt.6300137,Li Chen,2007,2010,3,Exact
A5100379195,Li Chen,doi:10.1038/sj.mt.6300257,10.1038/sj.mt.6300257,Li Chen,2007,2010,3,Exact
A5100379195,Li Chen,doi:10.1073/pnas.0503877102,10.1073/pnas.0503877102,Li Chen,2005,2010,5,Exact
A5100379195,Li Chen,doi:10.1089/hum.2007.110,10.1089/hum.2007.110,Li Chen,2008,2010,2,Exact
A5100379198,Li Chen,doi:10.1080/01443615.2024.2371955,10.1080/01443615.2024.2371955,Li Chen,2024,2025,1,Exact
A5100379207,Li Chen,doi:10.1007/s12517-021-07967-7,10.1007/s12517-021-07967-7,Li Chen,2021,2021,0,Exact
A5100379216,Li Chen,doi:10.2991/icmmita-15.2015.345,10.2991/icmmita-15.2015.345,Li Chen,2015,2020,5,Exact
A5100379217,Li Chen,doi:10.1186/s12887-021-02775-0,10.1186/s12887-021-02775-0,Li Chen,2021,2021,0,Exact
A5100379221,Li Chen,doi:10.2991/icmmita-15.2015.273,10.2991/icmmita-15.2015.273,Li Chen,2015,2020,5,Exact
A5100379239,Li Chen,doi:10.2991/icismme-15.2015.318,10.2991/icismme-15.2015.318,Li Chen,2015,2020,5,Exact
A5100379241,Li Chen,doi:10.1186/s12943-015-0465-3,10.1186/s12943-015-0465-3,Li Chen,2015,2022,7,Exact
A5100379249,Li Chen,doi:10.1039/c8ra09506j,10.1039/c8ra09506j,Li Chen,2018,2025,7,Exact
A5100379250,Li Chen,doi:10.2991/emcm-15.2016.65,10.2991/emcm-15.2016.65,Li Chen,2016,2020,4,Exact
A5100379262,Li Chen,doi:10.2991/emcm-15.2016.27,10.2991/emcm-15.2016.27,Li Chen,2016,2020,4,Exact
A5100379262,Li Chen,doi:10.2991/etmhs-15.2015.217,10.2991/etmhs-15.2015.217,Li Chen,2015,2020,5,Exact
A5100379262,Li Chen,doi:10.1155/2022/4501228,10.1155/2022/4501228,Li Chen,2022,2023,1,Exact
A5100379270,Li Chen,doi:10.1186/s40634-020-00268-0,10.1186/s40634-020-00268-0,Li Chen,2020,2020,0,Exact
A5100379272,Li Chen,doi:10.1109/icbbe.2011.5780772,10.1109/icbbe.2011.5780772,Li Chen,2011,2011,0,Exact
A5100379277,Li Chen,doi:10.1002/tox.24310,10.1002/tox.24310,Li Chen,2024,2025,1,Exact
A5100379278,Li Chen,doi:10.1155/2022/7052066,10.1155/2022/7052066,Li Chen,2022,2023,1,Exact
A5100379279,Li Chen,doi:10.1107/s160053680706151x,10.1107/s160053680706151x,Li Chen,2007,2010,3,Exact
A5100379279,Li Chen,doi:10.1107/s1600536808006958,10.1107/s1600536808006958,Li Chen,2008,2010,2,Exact
A5100379281,Li Chen,doi:10.2147/ott.s167900,10.2147/ott.s167900,Li Chen,2018,2019,1,Exact
A5100379281,Li Chen,doi:10.1007/s00011-019-01306-z,10.1007/s00011-019-01306-z,Li Chen,2020,2022,2,Exact
A5100379297,Li Chen,doi:10.1016/s0140-6736(20)32656-8,10.1016/s0140-6736(20)32656-8,Li Chen,2021,2023,2,Exact
A5100379297,Li Chen,doi:10.1371/journal.pone.0096089,10.1371/journal.pone.0096089,Li Chen,2014,2024,10,Exact
A5100379310,Li Chen,doi:10.1186/1471-2407-13-527,10.1186/1471-2407-13-527,Li Chen,2013,2023,10,Exact
A5100379320,Li Chen,doi:10.1159/000437379,10.1159/000437379,Li Chen,2015,2022,7,Exact
A5100379320,Li Chen,doi:10.1042/bsr20194309,10.1042/bsr20194309,Li Chen,2020,2023,3,Exact
A5100379331,Li Chen,doi:10.1155/2022/3305773,10.1155/2022/3305773,Li Chen,2022,2023,1,Exact
A5100379344,Li Chen,doi:10.1155/2022/4020489,10.1155/2022/4020489,Li Chen,2022,2023,1,Exact
A5100379347,Li Chen,doi:10.1155/2021/4990941,10.1155/2021/4990941,Li Chen,2021,2023,2,Exact
A5100379363,Li Chen,doi:10.1007/s00415-015-7958-2,10.1007/s00415-015-7958-2,Li Chen,2015,2018,3,Exact
A5100379364,Li Chen,doi:10.1371/journal.pone.0096085,10.1371/journal.pone.0096085,Li Chen,2014,2018,4,Exact
A5100379364,Li Chen,doi:10.1155/2021/2676485,10.1155/2021/2676485,Li Chen,2021,2023,2,Exact
A5100380258,Yan Li,doi:10.1155/2021/4856820,10.1155/2021/4856820,Yan Li,2021,2023,2,Exact
A5100380262,Yan Li,doi:10.1155/2022/2967981,10.1155/2022/2967981,Yan Li,2022,2023,1,Exact
A5100380296,Yan Li,doi:10.1155/2022/4025965,10.1155/2022/4025965,Yan Li,2022,2023,1,Exact
A5100380296,Yan Li,doi:10.1155/2023/9969437,10.1155/2023/9969437,Yan Li,2023,2023,0,Exact
A5100380296,Yan Li,doi:10.1155/2022/3858249,10.1155/2022/3858249,Yan Li,2022,2024,2,Exact
A5100380321,Yan Li,doi:10.15252/embj.201694284,10.15252/embj.201694284,Yan Li,2016,2016,0,Exact
A5100380324,Yan Li,doi:10.2147/copd.s295329,10.2147/copd.s295329,Yan Li,2021,2023,2,Exact
A5100380332,Yan Li,doi:10.1155/2022/4661687,10.1155/2022/4661687,Yan Li,2022,2023,1,Exact
A5100380336,Yan Li,doi:10.1109/icbbe.2011.5780820,10.1109/icbbe.2011.5780820,Yan Li,2011,2011,0,Exact
A5100380336,Yan Li,doi:10.1155/2021/7318653,10.1155/2021/7318653,Yan Li,2021,2023,2,Exact
A5100380339,Yan Li,doi:10.1155/2021/3265561,10.1155/2021/3265561,Yan Li,2021,2023,2,Exact
A5100380342,Yan Li,doi:10.1038/s41586-018-0448-9,10.1038/s41586-018-0448-9,Yan Li,2018,2025,7,Exact
A5100380382,Yan Li,doi:10.1177/0020720920928459,10.1177/0020720920928459,Yan Li,2020,2023,3,Exact
A5100380387,Yan Li,doi:10.1007/s12517-021-08068-1,10.1007/s12517-021-08068-1,Yan Li,2021,2021,0,Exact
A5100380392,Yan Li,doi:10.1371/journal.pone.0167868,10.1371/journal.pone.0167868,Yan Li,2017,2018,1,Exact
A5100380402,Yan Li,doi:10.1016/j.molimm.2017.02.020,10.1016/j.molimm.2017.02.020,Yan Li,2017,2022,5,Exact
A5100380419,Yan Li,doi:10.1016/j.omtn.2020.05.021,10.1016/j.omtn.2020.05.021,Yan Li,2020,2022,2,Exact
A5100380435,Yan Li,doi:10.1016/j.intimp.2021.107689,10.1016/j.intimp.2021.107689,Yan Li,2021,2025,4,Exact
A5100380437,Yan Li,doi:10.1155/2022/1127159,10.1155/2022/1127159,Yan Li,2022,2023,1,Exact
A5100380449,Yan Li,doi:10.1007/s00122-021-03905-z,10.1007/s00122-021-03905-z,Yan Li,2021,2021,0,Exact
A5100380651,Dan Li,doi:10.1155/2022/6056502,10.1155/2022/6056502,Dan Li,2022,2023,1,Exact
A5100380660,Dan Li,doi:10.1371/journal.pone.0055727,10.1371/journal.pone.0055727,Dan Li,2013,2021,8,Exact
A5100380660,Dan Li,doi:10.3389/fendo.2023.1115619,10.3389/fendo.2023.1115619,Dan Li,2023,2025,2,Exact
A5100380662,Dan Li,doi:10.2147/idr.s226072,10.2147/idr.s226072,Dan Li,2019,2020,1,Exact
A5100380678,Dan Li,doi:10.3892/etm.2019.7316,10.3892/etm.2019.7316,Dan Li,2019,2024,5,Exact
A5100380679,Dan Li,doi:10.1155/2022/3887426,10.1155/2022/3887426,Dan Li,2022,2023,1,Exact
A5100380697,Dan Li,doi:10.1155/2022/1032557,10.1155/2022/1032557,Dan Li,2022,2023,1,Exact
A5100380699,Dan Li,doi:10.1007/s00439-019-02023-7,10.1007/s00439-019-02023-7,Dan Li,2019,2021,2,Exact
A5100380711,Dan Li,doi:10.1109/icbbe.2011.5781636,10.1109/icbbe.2011.5781636,Dan Li,2011,2011,0,Exact
A5100380711,Dan Li,doi:10.1155/2021/5068228,10.1155/2021/5068228,Dan Li,2021,2023,2,Exact
A5100380714,Dan Li,doi:10.1155/2021/1875715,10.1155/2021/1875715,Dan Li,2021,2023,2,Exact
A5100380716,Dan Li,doi:10.1042/bsr20182500,10.1042/bsr20182500,Dan Li,2019,2021,2,Exact
A5100380723,Dan Li,doi:10.1155/2022/8642707,10.1155/2022/8642707,Dan Li,2022,2023,1,Exact
A5100380728,Dan Li,doi:10.2147/cmar.s249491,10.2147/cmar.s249491,Dan Li,2020,2020,0,Exact
A5100380729,Dan Li,doi:10.3892/mmr.2015.4011,10.3892/mmr.2015.4011,Dan Li,2015,2022,7,Exact
A5100380731,Dan Li,doi:10.1109/icent.2010.5532196,10.1109/icent.2010.5532196,Dan Li,2010,2010,0,Exact
A5100380731,Dan Li,doi:10.1088/1742-6596/1744/3/032053,10.1088/1742-6596/1744/3/032053,Dan Li,2021,2022,1,Exact
A5100380733,Dan Li,doi:10.1155/2013/617243,10.1155/2013/617243,Dan Li,2013,2020,7,Exact
A5100380736,Dan Li,doi:10.1016/j.jics.2021.100198,10.1016/j.jics.2021.100198,Dan Li,2021,2023,2,Exact
A5100380747,Dan Li,doi:10.1007/s11010-011-0990-3,10.1007/s11010-011-0990-3,Dan Li,2011,2011,0,Exact
A5100380747,Dan Li,doi:10.1016/j.jinorgbio.2017.08.035,10.1016/j.jinorgbio.2017.08.035,Dan Li,2017,2017,0,Exact
A5100380747,Dan Li,doi:10.1007/s12013-014-0435-1,10.1007/s12013-014-0435-1,Dan Li,2014,2019,5,Exact
A5100380747,Dan Li,doi:10.1177/1533033819870209,10.1177/1533033819870209,Dan Li,2019,2021,2,Exact
A5100380747,Dan Li,doi:10.1155/2022/5178122,10.1155/2022/5178122,Dan Li,2022,2023,1,Exact
A5100380747,Dan Li,doi:10.1038/s41419-020-2416-1,10.1038/s41419-020-2416-1,Dan Li,2020,2024,4,Exact
A5100380747,Dan Li,doi:10.3892/ijo.2017.3988,10.3892/ijo.2017.3988,Dan Li,2017,2024,7,Exact
A5100380772,Dan Li,doi:10.3233/jifs-179116,10.3233/jifs-179116,Dan Li,2019,2025,6,Exact
A5100380773,Dan Li,doi:10.12659/msm.894485,10.12659/msm.894485,Dan Li,2015,2016,1,Exact
A5100380794,Dan Li,doi:10.1016/j.ymthe.2017.12.017,10.1016/j.ymthe.2017.12.017,Dan Li,2017,2023,6,Exact
A5100380795,Dan Li,doi:10.1155/2022/7461958,10.1155/2022/7461958,Dan Li,2022,2023,1,Exact
A5100380810,Dan Li,doi:10.1155/2022/8559153,10.1155/2022/8559153,Dan Li,2022,2024,2,Exact
A5100380816,Dan Li,doi:10.18632/aging.205703,10.18632/aging.205703,Dan Li,2024,2024,0,Exact
A5100380980,Jing Li,doi:10.1155/2022/3118046,10.1155/2022/3118046,Jing Li,2022,2023,1,Exact
A5100382044,Ming Li,doi:10.1007/s13277-015-3445-8,10.1007/s13277-015-3445-8,Ming Li,2015,2017,2,Exact
A5100382044,Ming Li,doi:10.7150/jca.18848,10.7150/jca.18848,Ming Li,2017,2023,6,Exact
A5100382064,Ming Li,doi:10.1016/j.biopha.2019.109180,10.1016/j.biopha.2019.109180,Ming Li,2019,2022,3,Exact
A5100382402,Li Wang,doi:10.1007/s00500-023-08196-8,10.1007/s00500-023-08196-8,Li Wang,2023,2026,3,Exact
A5100382432,Li Wang,doi:10.1109/aici.2009.389,10.1109/aici.2009.389,Li Wang,2009,2010,1,Exact
A5100382445,Wang Li,doi:10.1155/2021/8827046,10.1155/2021/8827046,Li Wang,2021,2024,3,Exact
A5100382574,Hui Zhang,doi:10.1155/2022/2220487,10.1155/2022/2220487,Hui Zhang,2022,2023,1,Exact
A5100384597,Jun Wang,doi:10.1177/2058738418821837,10.1177/2058738418821837,Jun Wang,2019,2021,2,Exact
A5100384613,Jun Wang,doi:10.1109/icbbe.2011.5780930,10.1109/icbbe.2011.5780930,Jun Wang,2011,2011,0,Exact
A5100384657,Jun Wang,doi:10.1109/icebeg.2011.5887212,10.1109/icebeg.2011.5887212,Jun Wang,2011,2011,0,Exact
A5100384664,Jun Wang,doi:10.1109/appeec.2010.5449086,10.1109/appeec.2010.5449086,Jun Wang,2010,2010,0,Exact
A5100384671,Jun Wang,doi:10.1016/j.jlumin.2010.03.020,10.1016/j.jlumin.2010.03.020,Jun Wang,2010,2010,0,Exact
A5100384671,Jun Wang,doi:10.1007/s13277-013-0677-3,10.1007/s13277-013-0677-3,Jun Wang,2013,2015,2,Exact
A5100384671,Jun Wang,doi:10.1016/j.bbr.2012.08.027,10.1016/j.bbr.2012.08.027,Jun Wang,2012,2020,8,Exact
A5100384671,Jun Wang,doi:10.1159/000464379,10.1159/000464379,Jun Wang,2017,2021,4,Exact
A5100384671,Jun Wang,doi:10.1159/000484118,10.1159/000484118,Jun Wang,2017,2021,4,Exact
A5100384671,Jun Wang,doi:10.1002/jcb.28133,10.1002/jcb.28133,Jun Wang,2018,2024,6,Exact
A5100384679,Jun Wang,doi:10.1152/jn.00163.2023,10.1152/jn.00163.2023,Jun Wang,2023,2023,0,Exact
A5100384680,Jun Wang,doi:10.1093/icvts/ivu255,10.1093/icvts/ivu255,Jun Wang,2014,2019,5,Exact
A5100384680,Jun Wang,doi:10.1002/jcb.27315,10.1002/jcb.27315,Jun Wang,2018,2021,3,Exact
A5100384680,Jun Wang,doi:10.1042/bsr20190126,10.1042/bsr20190126,Jun Wang,2019,2024,5,Exact
A5100384686,Jun Wang,doi:10.1145/3465631.3465660,10.1145/3465631.3465660,Jun Wang,2021,2022,1,Exact
A5100384704,Jun Wang,doi:10.1155/2022/2550686,10.1155/2022/2550686,Jun Wang,2022,2023,1,Exact
A5100384716,Jun Wang,doi:10.1002/jctb.6082,10.1002/jctb.6082,Jun Wang,2019,2021,2,Exact
A5100384716,Jun Wang,doi:10.1016/j.jallcom.2020.157728,10.1016/j.jallcom.2020.157728,Jun Wang,2021,2021,0,Exact
A5100384716,Jun Wang,doi:10.1016/j.scitotenv.2020.142960,10.1016/j.scitotenv.2020.142960,Jun Wang,2020,2021,1,Exact
A5100384716,Jun Wang,doi:10.1007/s11356-019-05873-w,10.1007/s11356-019-05873-w,Jun Wang,2019,2022,3,Exact
A5100384716,Jun Wang,doi:10.1016/j.apsusc.2018.10.146,10.1016/j.apsusc.2018.10.146,Jun Wang,2018,2022,4,Exact
A5100384716,Jun Wang,doi:10.1016/j.watres.2006.04.009,10.1016/j.watres.2006.04.009,Jun Wang,2006,2022,16,Exact
A5100384739,Jun Wang,doi:10.1007/s11001-016-9267-2,10.1007/s11001-016-9267-2,Jun Wang,2016,2016,0,Exact
A5100384771,Jun Wang,doi:10.1016/j.toxlet.2018.05.017,10.1016/j.toxlet.2018.05.017,Jun Wang,2018,2019,1,Exact
A5100384777,Jun Wang,doi:10.1371/journal.pone.0137579,10.1371/journal.pone.0137579,Jun Wang,2015,2019,4,Exact
A5100384777,Jun Wang,doi:10.12659/msm.916635,10.12659/msm.916635,Jun Wang,2019,2021,2,Exact
A5100384778,Jun Wang,doi:10.1002/tox.24271,10.1002/tox.24271,Jun Wang,2024,2025,1,Exact
A5100384799,Jun Wang,doi:10.1016/j.heliyon.2024.e32065,10.1016/j.heliyon.2024.e32065,Jun Wang,2024,2025,1,Exact
A5100384817,Jun Wang,doi:10.1155/2022/9501246,10.1155/2022/9501246,Jun Wang,2022,2023,1,Exact
A5100384821,Jun Wang,doi:10.1002/jcb.28385,10.1002/jcb.28385,Jun Wang,2019,2021,2,Exact
A5100384857,Jun Wang,doi:10.1155/2021/6940056,10.1155/2021/6940056,Jun Wang,2021,2023,2,Exact
A5100384877,Jun Wang,doi:10.3233/jifs-161922,10.3233/jifs-161922,Jun Wang,2017,2025,8,Exact
A5100384877,Jun Wang,doi:10.3233/jifs-232159,10.3233/jifs-232159,Jun Wang,2023,2025,2,Exact
A5100384904,Jun Wang,doi:10.3233/jifs-191552,10.3233/jifs-191552,Jun Wang,2020,2025,5,Exact
A5100384910,Jun Wang,doi:10.1155/2022/1032081,10.1155/2022/1032081,Jun Wang,2022,2023,1,Exact
A5100384913,Jun Wang,doi:10.1155/2021/2968347,10.1155/2021/2968347,Jun Wang,2021,2023,2,Exact
A5100384916,Jun Wang,doi:10.1155/2022/7375006,10.1155/2022/7375006,Jun Wang,2022,2023,1,Exact
A5100384930,Jun Wang,doi:10.1186/s13018-021-02238-3,10.1186/s13018-021-02238-3,Jun Wang,2021,2022,1,Exact
A5100384940,Jun Wang,doi:10.1016/j.redox.2021.101912,10.1016/j.redox.2021.101912,Jun Wang,2021,2024,3,Exact
A5100386029,Ying Zhang,doi:10.1016/j.chemosphere.2019.05.237,10.1016/j.chemosphere.2019.05.237,Ying Zhang,2019,2020,1,Exact
A5100386029,Ying Zhang,doi:10.1016/j.jenvman.2019.03.027,10.1016/j.jenvman.2019.03.027,Ying Zhang,2019,2020,1,Exact
A5100386029,Ying Zhang,doi:10.1016/j.aquaculture.2019.734400,10.1016/j.aquaculture.2019.734400,Ying Zhang,2019,2021,2,Exact
A5100386029,Ying Zhang,doi:10.1016/j.dci.2019.103517,10.1016/j.dci.2019.103517,Ying Zhang,2019,2021,2,Exact
A5100386044,Ying Zhang,doi:10.1007/s00280-015-2802-z,10.1007/s00280-015-2802-z,Ying Zhang,2015,2015,0,Exact
A5100386061,Ying Zhang,doi:10.1088/1741-4326/aaad16,10.1088/1741-4326/aaad16,Ying Zhang,2018,2018,0,Exact
A5100386063,Ying Zhang,doi:10.1155/2022/7355485,10.1155/2022/7355485,Ying Zhang,2022,2023,1,Exact
A5100386104,Ying Zhang,doi:10.1109/ett.2009.17,10.1109/ett.2009.17,Ying Zhang,2009,2010,1,Exact
A5100386104,Ying Zhang,doi:10.3892/ijmm.2021.4936,10.3892/ijmm.2021.4936,Ying Zhang,2021,2025,4,Exact
A5100386123,Ying Zhang,doi:10.4314/tjpr.v15i2.18,10.4314/tjpr.v15i2.18,Ying Zhang,2016,2016,0,Exact
A5100386129,Ying Zhang,doi:10.1155/2020/6632413,10.1155/2020/6632413,Ying Zhang,2020,2023,3,Exact
A5100386136,Ying Zhang,doi:10.1155/2021/9999863,10.1155/2021/9999863,Ying Zhang,2021,2023,2,Exact
A5100386140,Ying Zhang,doi:10.1186/s12881-019-0940-6,10.1186/s12881-019-0940-6,Ying Zhang,2020,2021,1,Exact
A5100386142,Ying Zhang,doi:10.1177/0960327120975122,10.1177/0960327120975122,Ying Zhang,2020,2022,2,Exact
A5100386165,Ying Zhang,doi:10.1109/icebeg.2011.5885282,10.1109/icebeg.2011.5885282,Ying Zhang,2011,2011,0,Exact
A5100386179,Ying Zhang,doi:10.1109/icbbe.2011.5781142,10.1109/icbbe.2011.5781142,Ying Zhang,2011,2011,0,Exact
A5100386179,Ying Zhang,doi:10.1007/s00449-019-02137-2,10.1007/s00449-019-02137-2,Ying Zhang,2019,2021,2,Exact
A5100386191,Ying Zhang,doi:10.1016/j.lfs.2018.10.006,10.1016/j.lfs.2018.10.006,Ying Zhang,2018,2022,4,Exact
A5100386203,Ying Zhang,doi:10.1155/2022/4200605,10.1155/2022/4200605,Ying Zhang,2022,2023,1,Exact
A5100386204,Ying Zhang,doi:10.1155/2022/1143662,10.1155/2022/1143662,Ying Zhang,2022,2023,1,Exact
A5100386209,Ying Zhang,doi:10.1155/2021/1643788,10.1155/2021/1643788,Ying Zhang,2021,2023,2,Exact
A5100386224,Ying Zhang,doi:10.1016/j.biortech.2019.122073,10.1016/j.biortech.2019.122073,Ying Zhang,2019,2020,1,Exact
A5100386228,Ying Zhang,doi:10.1155/2022/9622264,10.1155/2022/9622264,Ying Zhang,2022,2023,1,Exact
A5100386229,Ying Zhang,doi:10.1080/15384101.2019.1568747,10.1080/15384101.2019.1568747,Ying Zhang,2019,2023,4,Exact
A5100386252,Ying Zhang,doi:10.1109/icbbe.2011.5780972,10.1109/icbbe.2011.5780972,Ying Zhang,2011,2011,0,Exact
A5100386259,Ying Zhang,doi:10.1074/jbc.c700015200,10.1074/jbc.c700015200,Ying Zhang,2007,2011,4,Exact
A5100386261,Ying Zhang,doi:10.1155/2013/901509,10.1155/2013/901509,Ying Zhang,2013,2015,2,Exact
A5100386262,Ying Zhang,doi:10.1016/j.fsi.2019.08.015,10.1016/j.fsi.2019.08.015,Ying Zhang,2019,2021,2,Exact
A5100386265,Ying Zhang,doi:10.1155/2022/6088398,10.1155/2022/6088398,Ying Zhang,2022,2023,1,Exact
A5100386267,Ying Zhang,doi:10.1109/icbbe.2011.5781352,10.1109/icbbe.2011.5781352,Ying Zhang,2011,2011,0,Exact
A5100386275,Ying Zhang,doi:10.1002/jcb.26540,10.1002/jcb.26540,Ying Zhang,2018,2021,3,Exact
A5100386275,Ying Zhang,doi:10.1016/j.yexmp.2019.104321,10.1016/j.yexmp.2019.104321,Ying Zhang,2019,2022,3,Exact
A5100386275,Ying Zhang,doi:10.1155/2022/5201354,10.1155/2022/5201354,Ying Zhang,2022,2023,1,Exact
A5100386275,Ying Zhang,doi:10.1007/s12672-022-00544-8,10.1007/s12672-022-00544-8,Ying Zhang,2022,2024,2,Exact
A5100386284,Ying Zhang,doi:10.1109/icbbe.2011.5780905,10.1109/icbbe.2011.5780905,Ying Zhang,2011,2011,0,Exact
A5100386749,Jing Li,doi:10.1109/ett.2009.93,10.1109/ett.2009.93,Jing Li,2009,2010,1,Exact
A5100387509,Hui Liu,doi:10.1155/2022/4576397,10.1155/2022/4576397,Hui Liu,2022,2023,1,Exact
A5100387514,Hui Liu,doi:10.1109/appeec.2009.4918685,10.1109/appeec.2009.4918685,Hui Liu,2009,2009,0,Exact
A5100387527,Hui Liu,doi:10.3892/or.2017.5772,10.3892/or.2017.5772,Hui Liu,2017,2025,8,Exact
A5100387540,Hui Liu,doi:10.3233/jifs-233318,10.3233/jifs-233318,Hui Liu,2024,2024,0,Exact
A5100387540,Hui Liu,doi:10.3233/jifs-221514,10.3233/jifs-221514,Hui Liu,2022,2025,3,Exact
A5100387566,Hui Liu,doi:10.2147/ott.s215819,10.2147/ott.s215819,Hui Liu,2019,2022,3,Exact
A5100387574,Hui Liu,doi:10.1042/bsr20180067,10.1042/bsr20180067,Hui Liu,2018,2021,3,Exact
A5100387574,Hui Liu,doi:10.1007/s10068-018-0466-2,10.1007/s10068-018-0466-2,Hui Liu,2018,2025,7,Exact
A5100387599,Hui Liu,doi:10.1021/acsomega.0c01192,10.1021/acsomega.0c01192,Hui Liu,2020,2025,5,Exact
A5100387599,Hui Liu,doi:10.1039/d0na00758g,10.1039/d0na00758g,Hui Liu,2020,2025,5,Exact
A5100387603,Hui Liu,doi:10.3390/ijms17060943,10.3390/ijms17060943,Hui Liu,2016,2024,8,Exact
A5100387609,Hui Liu,doi:10.1371/journal.pone.0051549,10.1371/journal.pone.0051549,Hui Liu,2012,2014,2,Exact
A5100387609,Hui Liu,doi:10.1007/s13277-015-3317-2,10.1007/s13277-015-3317-2,Hui Liu,2015,2017,2,Exact
A5100387609,Hui Liu,doi:10.3389/fsurg.2022.862617,10.3389/fsurg.2022.862617,Hui Liu,2022,2023,1,Exact
A5100387617,Hui Liu,doi:10.1155/2021/6650791,10.1155/2021/6650791,Hui Liu,2021,2024,3,Exact
A5100387627,Hui Liu,doi:10.1109/icmss.2009.5302341,10.1109/icmss.2009.5302341,Hui Liu,2009,2009,0,Exact
A5100387628,Hui Liu,doi:10.3892/mmr.2019.10064,10.3892/mmr.2019.10064,Hui Liu,2019,2025,6,Exact
A5100387631,Hui Liu,doi:10.1155/2021/5597401,10.1155/2021/5597401,Hui Liu,2021,2023,2,Exact
A5100387633,Hui Liu,doi:10.1155/2022/7871302,10.1155/2022/7871302,Hui Liu,2022,2023,1,Exact
A5100387646,Hui Liu,doi:10.1155/2022/8241405,10.1155/2022/8241405,Hui Liu,2022,2023,1,Exact
A5100387654,Hui Liu,doi:10.1109/qr2mse.2013.6625834,10.1109/qr2mse.2013.6625834,Hui Liu,2013,2013,0,Exact
A5100387656,Hui Liu,doi:10.1109/icnc.2010.5582988,10.1109/icnc.2010.5582988,Hui Liu,2010,2010,0,Exact
A5100387656,Hui Liu,doi:10.1109/iceice.2011.5777152,10.1109/iceice.2011.5777152,Hui Liu,2011,2011,0,Exact
A5100388018,Yi Zhang,doi:10.1155/2022/6960304,10.1155/2022/6960304,Yi Zhang,2022,2023,1,Exact
A5100388021,Yi Zhang,doi:10.1155/2022/1338392,10.1155/2022/1338392,Yi Zhang,2022,2023,1,Exact
A5100388033,Yi Zhang,doi:10.1109/icmss.2009.5300892,10.1109/icmss.2009.5300892,Yi Zhang,2009,2009,0,Exact
A5100388075,Yi Zhang,doi:10.1186/s12872-019-01313-2,10.1186/s12872-019-01313-2,Yi Zhang,2020,2020,0,Exact
A5100388089,Yi Zhang,doi:10.1074/jbc.m116.713735,10.1074/jbc.m116.713735,Yi Zhang,2016,2020,4,Exact
A5100388089,Yi Zhang,doi:10.2147/cmar.s241377,10.2147/cmar.s241377,Yi Zhang,2020,2020,0,Exact
A5100388089,Yi Zhang,doi:10.1016/j.ebiom.2019.09.012,10.1016/j.ebiom.2019.09.012,Yi Zhang,2019,2021,2,Exact
A5100388089,Yi Zhang,doi:10.1089/dna.2015.3130,10.1089/dna.2015.3130,Yi Zhang,2016,2021,5,Exact
A5100388089,Yi Zhang,doi:10.1038/srep39950,10.1038/srep39950,Yi Zhang,2017,2022,5,Exact
A5100388089,Yi Zhang,doi:10.1016/j.lfs.2020.117672,10.1016/j.lfs.2020.117672,Yi Zhang,2020,2023,3,Exact
A5100388089,Yi Zhang,doi:10.1016/j.micpro.2021.103845,10.1016/j.micpro.2021.103845,Yi Zhang,2021,2023,2,Exact
A5100388089,Yi Zhang,doi:10.3892/mmr.2017.6257,10.3892/mmr.2017.6257,Yi Zhang,2017,2023,6,Exact
A5100388089,Yi Zhang,doi:10.3389/fgene.2021.817672,10.3389/fgene.2021.817672,Yi Zhang,2022,2024,2,Exact
A5100388089,Yi Zhang,doi:10.3892/etm.2021.10783,10.3892/etm.2021.10783,Yi Zhang,2021,2024,3,Exact
A5100388091,Yi Zhang,doi:10.3390/nano12213789,10.3390/nano12213789,Yi Zhang,2022,2023,1,Exact
A5100388117,Yi Zhang,doi:10.1109/icmss.2009.5304527,10.1109/icmss.2009.5304527,Yi Zhang,2009,2009,0,Exact
A5100388117,Yi Zhang,doi:10.1109/icbbe.2011.5780075,10.1109/icbbe.2011.5780075,Yi Zhang,2011,2011,0,Exact
A5100388118,Yi Zhang,doi:10.3233/jifs-235724,10.3233/jifs-235724,Yi Zhang,2024,2025,1,Exact
A5100388126,Yi Zhang,doi:10.1007/s11082-023-05734-4,10.1007/s11082-023-05734-4,Yi Zhang,2023,2024,1,Exact
A5100388148,Yi Zhang,doi:10.1109/icnc.2011.6022394,10.1109/icnc.2011.6022394,Yi Zhang,2011,2011,0,Exact
A5100388191,Yi Zhang,doi:10.1177/00368504211016953,10.1177/00368504211016953,Yi Zhang,2021,2022,1,Exact
A5100388218,Yi Zhang,doi:10.3389/fphar.2018.00881,10.3389/fphar.2018.00881,Yi Zhang,2018,2025,7,Exact
A5100388230,Yi Zhang,doi:10.1016/j.bioactmat.2020.08.007,10.1016/j.bioactmat.2020.08.007,Yi Zhang,2020,2021,1,Exact
A5100388297,Yi Zhang,doi:10.1002/sia.2079,10.1002/sia.2079,Yi Zhang,2005,2005,0,Exact
A5100388300,Yi Zhang,doi:10.1155/2022/4806763,10.1155/2022/4806763,Yi Zhang,2022,2023,1,Exact
A5100388301,Yi Zhang,doi:10.2174/1874444301507011566,10.2174/1874444301507011566,Yi Zhang,2015,2016,1,Exact
A5100388339,Yi Zhang,doi:10.1002/jbm.b.34447,10.1002/jbm.b.34447,Yi Zhang,2019,2020,1,Exact
A5100388349,Yi Zhang,doi:10.1007/s00500-023-08196-8,10.1007/s00500-023-08196-8,Yi Zhang,2023,2026,3,Exact
A5100389179,Wei Wang,doi:10.1155/2021/1211059,10.1155/2021/1211059,Wei Wang,2021,2023,2,Exact
A5100389186,Wei Wang,doi:10.1177/14727978251374325,10.1177/14727978251374325,Wei Wang,2025,2025,0,Exact
A5100390983,Qian Wang,doi:10.1016/j.lfs.2017.06.012,10.1016/j.lfs.2017.06.012,Qian Wang,2017,2023,6,Exact
A5100390994,Qian Wang,doi:10.1109/sws.2010.5607365,10.1109/sws.2010.5607365,Qian Wang,2010,2010,0,Exact
A5100391001,Qian Wang,doi:10.1016/j.intimp.2017.03.030,10.1016/j.intimp.2017.03.030,Qian Wang,2017,2021,4,Exact
A5100391001,Qian Wang,doi:10.1016/j.omtn.2019.10.041,10.1016/j.omtn.2019.10.041,Qian Wang,2019,2022,3,Exact
A5100391028,Qian Wang,doi:10.1002/mgg3.1572,10.1002/mgg3.1572,Qian Wang,2021,2024,3,Exact
A5100391036,Qian Wang,doi:10.1007/s12517-021-07339-1,10.1007/s12517-021-07339-1,Qian Wang,2021,2021,0,Exact
A5100391049,Qian Wang,doi:10.1134/s1087659617060049,10.1134/s1087659617060049,Qian Wang,2018,2018,0,Exact
A5100391054,Qian Wang,doi:10.1155/2021/7800144,10.1155/2021/7800144,Qian Wang,2021,2023,2,Exact
A5100391060,Qian Wang,doi:10.1186/s13018-019-1496-z,10.1186/s13018-019-1496-z,Qian Wang,2020,2021,1,Exact
A5100391066,Qian Wang,doi:10.1145/3465631.3465677,10.1145/3465631.3465677,Qian Wang,2021,2022,1,Exact
A5100391090,Qian Wang,doi:10.1155/2022/4299919,10.1155/2022/4299919,Qian Wang,2022,2023,1,Exact
A5100391090,Qian Wang,doi:10.1155/2022/8941922,10.1155/2022/8941922,Qian Wang,2022,2023,1,Exact
A5100391097,Qian Wang,doi:10.1155/2022/1537906,10.1155/2022/1537906,Qian Wang,2022,2023,1,Exact
A5100391098,Qian Wang,doi:10.3892/or.2019.7396,10.3892/or.2019.7396,Qian Wang,2019,2024,5,Exact
A5100391101,Qian Wang,doi:10.1007/s00210-019-01746-8,10.1007/s00210-019-01746-8,Qian Wang,2019,2020,1,Exact
A5100391101,Qian Wang,doi:10.18632/oncotarget.22952,10.18632/oncotarget.22952,Qian Wang,2017,2024,7,Exact
A5100391106,Qian Wang,doi:10.1111/iwj.14524,10.1111/iwj.14524,Qian Wang,2023,2025,2,Exact
A5100391110,Qian Wang,doi:10.1111/srt.13641,10.1111/srt.13641,Qian Wang,2024,2025,1,Exact
A5100391116,Qian Wang,doi:10.1007/s10586-018-2219-7,10.1007/s10586-018-2219-7,Qian Wang,2018,2022,4,Exact
A5100391116,Qian Wang,doi:10.1088/1742-6596/1578/1/012138,10.1088/1742-6596/1578/1/012138,Qian Wang,2020,2022,2,Exact
A5100391116,Qian Wang,doi:10.1088/1742-6596/1881/4/042056,10.1088/1742-6596/1881/4/042056,Qian Wang,2021,2022,1,Exact
A5100391120,Qian Wang,doi:10.1155/2021/3572265,10.1155/2021/3572265,Qian Wang,2021,2023,2,Exact
A5100391123,Qian Wang,doi:10.1155/2022/7329334,10.1155/2022/7329334,Qian Wang,2022,2023,1,Exact
A5100391125,Qian Wang,doi:10.3233/jifs-223384,10.3233/jifs-223384,Qian Wang,2023,2025,2,Exact
A5100391149,Qian Wang,doi:10.1016/j.omtn.2020.07.019,10.1016/j.omtn.2020.07.019,Qian Wang,2020,2022,2,Exact
A5100391172,Qian Wang,doi:10.1155/2022/6860940,10.1155/2022/6860940,Qian Wang,2022,2023,1,Exact
A5100391177,Qian Wang,doi:10.3892/mmr.2020.10957,10.3892/mmr.2020.10957,Qian Wang,2020,2024,4,Exact
A5100391181,Qian Wang,doi:10.1145/3465631.3465676,10.1145/3465631.3465676,Qian Wang,2021,2022,1,Exact
A5100391651,Wei Wang,doi:10.1007/s00011-019-01289-x,10.1007/s00011-019-01289-x,Wei Wang,2019,2022,3,Exact
A5100391674,Wei Wang,doi:10.1109/icmss.2010.5576522,10.1109/icmss.2010.5576522,Wei Wang,2010,2010,0,Exact
A5100391674,Wei Wang,doi:10.1109/icetce.2011.5775223,10.1109/icetce.2011.5775223,Wei Wang,2011,2011,0,Exact
A5100391674,Wei Wang,doi:10.1186/s13640-018-0384-5,10.1186/s13640-018-0384-5,Wei Wang,2018,2018,0,Exact
A5100391684,Wei Wang,doi:10.1109/iccasm.2010.5622590,10.1109/iccasm.2010.5622590,Wei Wang,2010,2010,0,Exact
A5100391684,Wei Wang,doi:10.3233/jifs-230165,10.3233/jifs-230165,Wei Wang,2023,2025,2,Exact
A5100391690,Wei Wang,doi:10.1155/2022/6089771,10.1155/2022/6089771,Wei Wang,2022,2023,1,Exact
A5100391700,Wei Wang,doi:10.1016/j.biopha.2017.11.076,10.1016/j.biopha.2017.11.076,Wei Wang,2017,2020,3,Exact
A5100391700,Wei Wang,doi:10.1016/j.lfs.2021.119017,10.1016/j.lfs.2021.119017,Wei Wang,2021,2021,0,Exact
A5100391706,Wei Wang,doi:10.1007/s12517-021-07976-6,10.1007/s12517-021-07976-6,Wei Wang,2021,2021,0,Exact
A5100391706,Wei Wang,doi:10.3233/jifs-223907,10.3233/jifs-223907,Wei Wang,2023,2025,2,Exact
A5100391711,Wei Wang,doi:10.1155/2022/6774075,10.1155/2022/6774075,Wei Wang,2022,2023,1,Exact
A5100391728,Wei Wang,doi:10.1155/2022/1183436,10.1155/2022/1183436,Wei Wang,2022,2023,1,Exact
A5100391736,Wei Wang,doi:10.1155/2022/2003618,10.1155/2022/2003618,Wei Wang,2022,2023,1,Exact
A5100391738,Wei Wang,doi:10.1155/2022/7863047,10.1155/2022/7863047,Wei Wang,2022,2023,1,Exact
A5100391743,Wei Wang,doi:10.1155/2022/5161398,10.1155/2022/5161398,Wei Wang,2022,2023,1,Exact
A5100391744,Wei Wang,doi:10.1155/2022/3611540,10.1155/2022/3611540,Wei Wang,2022,2023,1,Exact
A5100391744,Wei Wang,doi:10.1371/journal.pone.0096816,10.1371/journal.pone.0096816,Wei Wang,2014,2025,11,Exact
A5100391749,Wei Wang,doi:10.3389/fonc.2021.625253,10.3389/fonc.2021.625253,Wei Wang,2021,2024,3,Exact
A5100391750,Wei Wang,doi:10.1155/2022/9778678,10.1155/2022/9778678,Wei Wang,2022,2024,2,Exact
A5100391774,Wei Wang,doi:10.1111/iwj.14395,10.1111/iwj.14395,Wei Wang,2023,2025,2,Exact
A5100391794,Wei Wang,doi:10.1155/2021/5547762,10.1155/2021/5547762,Wei Wang,2021,2022,1,Exact
A5100391796,Wei Wang,doi:10.1109/icacc.2010.5486676,10.1109/icacc.2010.5486676,Wei Wang,2010,2010,0,Exact
A5100391847,Wei Wang,doi:10.1155/2021/9953234,10.1155/2021/9953234,Wei Wang,2021,2023,2,Exact
A5100391847,Wei Wang,doi:10.18632/oncotarget.20768,10.18632/oncotarget.20768,Wei Wang,2017,2026,9,Exact
A5100391883,Wei Wang,doi:10.1155/2021/1251199,10.1155/2021/1251199,Wei Wang,2021,2023,2,Exact
A5100391883,Wei Wang,doi:10.1155/2021/9371953,10.1155/2021/9371953,Wei Wang,2021,2023,2,Exact
A5100391883,Wei Wang,doi:10.1155/2022/2579692,10.1155/2022/2579692,Wei Wang,2022,2023,1,Exact
A5100391883,Wei Wang,doi:10.1155/2022/4229436,10.1155/2022/4229436,Wei Wang,2022,2023,1,Exact
A5100391883,Wei Wang,doi:10.1155/2022/7196599,10.1155/2022/7196599,Wei Wang,2022,2023,1,Exact
A5100391890,Wei Wang,doi:10.1016/j.urology.2014.06.015,10.1016/j.urology.2014.06.015,Wei Wang,2014,2016,2,Exact
A5100391890,Wei Wang,doi:10.1042/bsr20191453,10.1042/bsr20191453,Wei Wang,2019,2020,1,Exact
A5100391890,Wei Wang,doi:10.1042/bsr20180562,10.1042/bsr20180562,Wei Wang,2018,2021,3,Exact
A5100391890,Wei Wang,doi:10.1159/000437379,10.1159/000437379,Wei Wang,2015,2022,7,Exact
A5100391890,Wei Wang,doi:10.1159/000480412,10.1159/000480412,Wei Wang,2017,2022,5,Exact
A5100391890,Wei Wang,doi:10.1007/s00335-021-09920-1,10.1007/s00335-021-09920-1,Wei Wang,2021,2023,2,Exact
A5100391890,Wei Wang,doi:10.1096/fj.201900310r,10.1096/fj.201900310r,Wei Wang,2019,2024,5,Exact
A5100391894,Wei Wang,doi:10.1158/0008-5472.can-05-0808,10.1158/0008-5472.can-05-0808,Wei Wang,2006,2019,13,Exact
A5100391894,Wei Wang,doi:10.3892/ijo.2018.4467,10.3892/ijo.2018.4467,Wei Wang,2018,2022,4,Exact
A5100391895,Wei Wang,doi:10.1080/21655979.2021.2009978,10.1080/21655979.2021.2009978,Wei Wang,2021,2024,3,Exact
A5100391896,Wei Wang,doi:10.1142/s2424922x21420031,10.1142/s2424922x21420031,Wei Wang,2022,2022,0,Exact
A5100391896,Wei Wang,doi:10.1155/2022/1718776,10.1155/2022/1718776,Wei Wang,2022,2023,1,Exact
A5100391924,Wei Wang,doi:10.1109/wicom.2008.1157,10.1109/wicom.2008.1157,Wei Wang,2008,2008,0,Exact
A5100391935,Wei Wang,doi:10.1155/2023/3801908,10.1155/2023/3801908,Wei Wang,2023,2024,1,Exact
A5100391941,Wei Wang,doi:10.1134/s0006297913120031,10.1134/s0006297913120031,Wei Wang,2013,2014,1,Exact
A5100391941,Wei Wang,doi:10.1007/s10456-019-09665-1,10.1007/s10456-019-09665-1,Wei Wang,2019,2022,3,Exact
A5100391941,Wei Wang,doi:10.1016/j.ymthe.2021.02.009,10.1016/j.ymthe.2021.02.009,Wei Wang,2021,2022,1,Exact
A5100391941,Wei Wang,doi:10.1186/s11671-021-03559-2,10.1186/s11671-021-03559-2,Wei Wang,2021,2022,1,Exact
A5100391941,Wei Wang,doi:10.1042/bsr20192726,10.1042/bsr20192726,Wei Wang,2019,2024,5,Exact
A5100391941,Wei Wang,doi:10.1371/journal.pgen.1008592,10.1371/journal.pgen.1008592,Wei Wang,2020,2024,4,Exact
A5100391941,Wei Wang,doi:10.3892/or.2016.5146,10.3892/or.2016.5146,Wei Wang,2016,2024,8,Exact
A5100391977,Wei Wang,doi:10.1007/s10878-022-00957-9,10.1007/s10878-022-00957-9,Wei Wang,2022,2024,2,Exact
A5100391991,Wei Wang,doi:10.1109/iceice.2011.5777788,10.1109/iceice.2011.5777788,Wei Wang,2011,2011,0,Exact
A5100392000,Wei Wang,doi:10.1109/icbbe.2011.5781390,10.1109/icbbe.2011.5781390,Wei Wang,2011,2011,0,Exact
A5100392000,Wei Wang,doi:10.1007/s11033-014-3313-4,10.1007/s11033-014-3313-4,Wei Wang,2014,2015,1,Exact
A5100392002,Wei Wang,doi:10.1039/c4py01135j,10.1039/c4py01135j,Wei Wang,2014,2020,6,Exact
A5100392002,Wei Wang,doi:10.1080/13880209.2021.1961821,10.1080/13880209.2021.1961821,Wei Wang,2021,2022,1,Exact
A5100392005,Wei Wang,doi:10.2174/1874444301507010473,10.2174/1874444301507010473,Wei Wang,2015,2016,1,Exact
A5100392005,Wei Wang,doi:10.1021/acs.jcim.1c01098,10.1021/acs.jcim.1c01098,Wei Wang,2022,2022,0,Exact
A5100392019,Wei Wang,doi:10.1016/j.bpj.2014.10.054,10.1016/j.bpj.2014.10.054,Wei Wang,2014,2015,1,Exact
A5100392019,Wei Wang,doi:10.1007/s13277-015-3563-3,10.1007/s13277-015-3563-3,Wei Wang,2015,2017,2,Exact
A5100392019,Wei Wang,doi:10.1155/2021/6733963,10.1155/2021/6733963,Wei Wang,2021,2022,1,Exact
A5100392021,Wei Wang,doi:10.1155/2020/6973790,10.1155/2020/6973790,Wei Wang,2020,2024,4,Exact
A5100392028,Wei Wang,doi:10.1155/2022/9808334,10.1155/2022/9808334,Wei Wang,2022,2023,1,Exact
A5100392035,Wei Wang,doi:10.1038/s41417-022-00459-0,10.1038/s41417-022-00459-0,Wei Wang,2022,2023,1,Exact
A5100392067,Wei Wang,doi:10.1109/icebeg.2011.5882190,10.1109/icebeg.2011.5882190,Wei Wang,2011,2011,0,Exact
A5100392089,Wei Wang,doi:10.1139/cjas-2018-0138,10.1139/cjas-2018-0138,Wei Wang,2019,2020,1,Exact
A5100392089,Wei Wang,doi:10.1016/j.ympev.2024.108113,10.1016/j.ympev.2024.108113,Wei Wang,2024,2024,0,Exact
A5100392093,Wei Wang,doi:10.1155/2021/4324138,10.1155/2021/4324138,Wei Wang,2021,2023,2,Exact
A5100392098,Wei Wang,doi:10.21203/rs.3.rs-3270900/v1,10.21203/rs.3.rs-3270900/v1,Wei Wang,2023,2026,3,Exact
A5100392117,Wei Wang,doi:10.1109/icebeg.2011.5881862,10.1109/icebeg.2011.5881862,Wei Wang,2011,2011,0,Exact
A5100392122,Wei Wang,doi:10.1155/2022/3684691,10.1155/2022/3684691,Wei Wang,2022,2024,2,Exact
A5100392123,Wei Wang,doi:10.1155/2022/2395568,10.1155/2022/2395568,Wei Wang,2022,2023,1,Exact
A5100392130,Wei Wang,doi:10.1007/s13277-015-3445-8,10.1007/s13277-015-3445-8,Wei Wang,2015,2017,2,Exact
A5100392130,Wei Wang,doi:10.1038/s41434-019-0109-0,10.1038/s41434-019-0109-0,Wei Wang,2019,2020,1,Exact
A5100392130,Wei Wang,doi:10.1002/fsn3.1716,10.1002/fsn3.1716,Wei Wang,2020,2023,3,Exact
A5100392165,Wei Wang,doi:10.1109/cctae.2010.5544374,10.1109/cctae.2010.5544374,Wei Wang,2010,2010,0,Exact
A5100392171,Wei Wang,doi:10.1042/bsr20160519,10.1042/bsr20160519,Wei Wang,2017,2023,6,Exact
A5100392171,Wei Wang,doi:10.1155/2021/5558369,10.1155/2021/5558369,Wei Wang,2021,2024,3,Exact
A5100392180,Wei Wang,doi:10.1155/2021/3309944,10.1155/2021/3309944,Wei Wang,2021,2024,3,Exact
A5100392203,Wei Wang,doi:10.1007/s10528-022-10192-w,10.1007/s10528-022-10192-w,Wei Wang,2022,2022,0,Exact
A5100392203,Wei Wang,doi:10.3389/fcell.2020.00827,10.3389/fcell.2020.00827,Wei Wang,2020,2025,5,Exact
A5100392244,Wei Wang,doi:10.1021/acsami.3c06867,10.1021/acsami.3c06867,Wei Wang,2023,2023,0,Exact
A5100392255,Wei Wang,doi:10.1039/c9ra06188f,10.1039/c9ra06188f,Wei Wang,2019,2021,2,Exact
A5100392259,Wei Wang,doi:10.1155/2021/7074343,10.1155/2021/7074343,Wei Wang,2021,2023,2,Exact
A5100392263,Wei Wang,doi:10.1109/aimsec.2011.6011057,10.1109/aimsec.2011.6011057,Wei Wang,2011,2011,0,Exact
A5100392271,Wei Wang,doi:10.1109/appeec.2010.5449378,10.1109/appeec.2010.5449378,Wei Wang,2010,2010,0,Exact
A5100392297,Wei Wang,doi:10.1042/bsr20201260,10.1042/bsr20201260,Wei Wang,2020,2020,0,Exact
A5100392305,Wei Wang,doi:10.1109/qr2mse.2013.6625950,10.1109/qr2mse.2013.6625950,Wei Wang,2013,2013,0,Exact
A5100392329,Wei Wang,doi:10.1042/bsr20182483,10.1042/bsr20182483,Wei Wang,2020,2020,0,Exact
A5100392329,Wei Wang,doi:10.3892/or.2019.7381,10.3892/or.2019.7381,Wei Wang,2019,2023,4,Exact
A5100392329,Wei Wang,doi:10.1371/journal.pgen.1007790,10.1371/journal.pgen.1007790,Wei Wang,2018,2024,6,Exact
A5100392763,Jie Li,doi:10.1002/cpe.5704,10.1002/cpe.5704,Jie Li,2020,2023,3,Exact
A5100392763,Jie Li,doi:10.3233/jifs-230759,10.3233/jifs-230759,Jie Li,2023,2025,2,Exact
A5100392771,Bin Zhang,doi:10.1139/bcb-2016-0045,10.1139/bcb-2016-0045,Bin Zhang,2016,2023,7,Exact
A5100392771,Bin Zhang,doi:10.3892/or.2019.7302,10.3892/or.2019.7302,Bin Zhang,2019,2024,5,Exact
A5100392778,Bin Zhang,doi:10.1002/jcb.27786,10.1002/jcb.27786,Bin Zhang,2018,2020,2,Exact
A5100392778,Bin Zhang,doi:10.3892/mmr.2016.4788,10.3892/mmr.2016.4788,Bin Zhang,2016,2022,6,Exact
A5100392786,Bin Zhang,doi:10.1002/zaac.201700190,10.1002/zaac.201700190,Bin Zhang,2017,2024,7,Exact
A5100392806,Bin Zhang,doi:10.1002/ar.24414,10.1002/ar.24414,Bin Zhang,2020,2021,1,Exact
A5100392806,Bin Zhang,doi:10.1002/jcb.27445,10.1002/jcb.27445,Bin Zhang,2018,2021,3,Exact
A5100392806,Bin Zhang,doi:10.1371/journal.pone.0061363,10.1371/journal.pone.0061363,Bin Zhang,2013,2021,8,Exact
A5100392827,Bin Zhang,doi:10.1002/cam4.3219,10.1002/cam4.3219,Bin Zhang,2020,2023,3,Exact
A5100392836,Bin Zhang,doi:10.1109/qr2mse.2013.6625935,10.1109/qr2mse.2013.6625935,Bin Zhang,2013,2013,0,Exact
A5100392836,Bin Zhang,doi:10.1002/vnl.21604,10.1002/vnl.21604,Bin Zhang,2017,2019,2,Exact
A5100392836,Bin Zhang,doi:10.1007/s12633-018-9824-1,10.1007/s12633-018-9824-1,Bin Zhang,2018,2019,1,Exact
A5100392836,Bin Zhang,doi:10.1007/s12221-016-6679-1,10.1007/s12221-016-6679-1,Bin Zhang,2016,2020,4,Exact
A5100392839,Bin Zhang,doi:10.1111/cas.13575,10.1111/cas.13575,Bin Zhang,2018,2020,2,Exact
A5100392839,Bin Zhang,doi:10.1016/j.biopha.2017.08.048,10.1016/j.biopha.2017.08.048,Bin Zhang,2017,2024,7,Exact
A5100392839,Bin Zhang,doi:10.3892/mmr.2018.8535,10.3892/mmr.2018.8535,Bin Zhang,2018,2025,7,Exact
A5100392847,Bin Zhang,doi:10.1155/2021/5592454,10.1155/2021/5592454,Bin Zhang,2021,2023,2,Exact
A5100392853,Bin Zhang,doi:10.1155/2022/2199262,10.1155/2022/2199262,Bin Zhang,2022,2024,2,Exact
A5100392879,Bin Zhang,doi:10.1016/j.jpcs.2017.12.048,10.1016/j.jpcs.2017.12.048,Bin Zhang,2017,2020,3,Exact
A5100392879,Bin Zhang,doi:10.1007/s13132-024-02018-4,10.1007/s13132-024-02018-4,Bin Zhang,2024,2025,1,Exact
A5100392881,Bin Zhang,doi:10.1097/md.0000000000008414,10.1097/md.0000000000008414,Bin Zhang,2017,2018,1,Exact
A5100392899,Bin Zhang,doi:10.1109/ic4e.2010.73,10.1109/ic4e.2010.73,Bin Zhang,2010,2010,0,Exact
A5100392899,Bin Zhang,doi:10.1155/2022/4907366,10.1155/2022/4907366,Bin Zhang,2022,2024,2,Exact
A5100392906,Bin Zhang,doi:10.1016/j.cca.2016.01.020,10.1016/j.cca.2016.01.020,Bin Zhang,2016,2016,0,Exact
A5100392919,Bin Zhang,doi:10.1016/j.envpol.2020.114428,10.1016/j.envpol.2020.114428,Bin Zhang,2020,2021,1,Exact
A5100392923,Bin Zhang,doi:10.1186/s12943-019-1116-x,10.1186/s12943-019-1116-x,Bin Zhang,2019,2023,4,Exact
A5100392923,Bin Zhang,doi:10.3892/mmr.2021.11902,10.3892/mmr.2021.11902,Bin Zhang,2021,2024,3,Exact
A5100392928,Bin Zhang,doi:10.1016/j.molstruc.2020.129673,10.1016/j.molstruc.2020.129673,Bin Zhang,2020,2023,3,Exact
A5100394798,Jing Chen,doi:10.1111/iwj.14190,10.1111/iwj.14190,Jing Chen,2023,2025,2,Exact
A5100394804,Jing Chen,doi:10.1007/s10257-019-00409-8,10.1007/s10257-019-00409-8,Jing Chen,2019,2022,3,Exact
A5100394807,Jing Chen,doi:10.1016/j.steroids.2014.03.003,10.1016/j.steroids.2014.03.003,Jing Chen,2014,2016,2,Exact
A5100394807,Jing Chen,doi:10.1007/s13204-021-02115-9,10.1007/s13204-021-02115-9,Jing Chen,2022,2022,0,Exact
A5100394807,Jing Chen,doi:10.1155/2022/1557861,10.1155/2022/1557861,Jing Chen,2022,2023,1,Exact
A5100394807,Jing Chen,doi:10.1155/2022/5698400,10.1155/2022/5698400,Jing Chen,2022,2023,1,Exact
A5100394807,Jing Chen,doi:10.1155/2021/5572402,10.1155/2021/5572402,Jing Chen,2021,2025,4,Exact
A5100394815,Jing Chen,doi:10.1016/s1995-7645(12)60082-0,10.1016/s1995-7645(12)60082-0,Jing Chen,2012,2012,0,Exact
A5100394815,Jing Chen,doi:10.1016/s1995-7645(12)60119-9,10.1016/s1995-7645(12)60119-9,Jing Chen,2012,2012,0,Exact
A5100394817,Jing Chen,doi:10.1155/2021/1078019,10.1155/2021/1078019,Jing Chen,2021,2024,3,Exact
A5100394824,Jing Chen,doi:10.1016/j.omtn.2020.05.022,10.1016/j.omtn.2020.05.022,Jing Chen,2020,2022,2,Exact
A5100394850,Jing Chen,doi:10.1155/2022/8805305,10.1155/2022/8805305,Jing Chen,2022,2023,1,Exact
A5100394874,Jing Chen,doi:10.1016/j.omtn.2019.05.014,10.1016/j.omtn.2019.05.014,Jing Chen,2019,2022,3,Exact
A5100394877,Jing Chen,doi:10.3389/fonc.2023.1253873,10.3389/fonc.2023.1253873,Jing Chen,2024,2024,0,Exact
A5100394889,Jing Chen,doi:10.1155/2022/6426800,10.1155/2022/6426800,Jing Chen,2022,2023,1,Exact
A5100394895,Jing Chen,doi:10.1186/s12943-016-0533-3,10.1186/s12943-016-0533-3,Jing Chen,2016,2022,6,Exact
A5100394898,Jing Chen,doi:10.1002/jcb.29333,10.1002/jcb.29333,Jing Chen,2019,2025,6,Exact
A5100394923,Jing Chen,doi:10.1155/2022/8016567,10.1155/2022/8016567,Jing Chen,2022,2023,1,Exact
A5100394935,Jing Chen,doi:10.1155/2022/1427231,10.1155/2022/1427231,Jing Chen,2022,2023,1,Exact
A5100394941,Jing Chen,doi:10.1016/s1995-7645(12)60152-7,10.1016/s1995-7645(12)60152-7,Jing Chen,2012,2012,0,Exact
A5100394946,Jing Chen,doi:10.1080/21691401.2019.1576711,10.1080/21691401.2019.1576711,Jing Chen,2019,2019,0,Exact
A5100394972,Jing Chen,doi:10.1155/2021/8218043,10.1155/2021/8218043,Jing Chen,2021,2023,2,Exact
A5100394977,Jing Chen,doi:10.3892/mmr.2015.3881,10.3892/mmr.2015.3881,Jing Chen,2015,2023,8,Exact
A5100394986,Jing Chen,doi:10.1016/j.heliyon.2023.e14138,10.1016/j.heliyon.2023.e14138,Jing Chen,2023,2025,2,Exact
A5100395398,Hui Wang,doi:10.1155/2021/9601420,10.1155/2021/9601420,Hui Wang,2021,2023,2,Exact
A5100395440,Bin Liu,doi:10.1155/2022/6428796,10.1155/2022/6428796,Bin Liu,2022,2023,1,Exact
A5100395450,Bin Liu,doi:10.1002/jcb.27280,10.1002/jcb.27280,Bin Liu,2018,2020,2,Exact
A5100395450,Bin Liu,doi:10.1002/jcb.29476,10.1002/jcb.29476,Bin Liu,2019,2022,3,Exact
A5100395450,Bin Liu,doi:10.2147/ott.s280912,10.2147/ott.s280912,Bin Liu,2021,2023,2,Exact
A5100395476,Bin Liu,doi:10.1016/j.ceramint.2020.12.126,10.1016/j.ceramint.2020.12.126,Bin Liu,2021,2024,3,Exact
A5100395487,Bin Liu,doi:10.1109/icbbe.2011.5780039,10.1109/icbbe.2011.5780039,Bin Liu,2011,2011,0,Exact
A5100395552,Bin Liu,doi:10.3233/rnn-201119,10.3233/rnn-201119,Bin Liu,2021,2023,2,Exact
A5100395563,Bin Liu,doi:10.1007/s13277-014-2104-9,10.1007/s13277-014-2104-9,Bin Liu,2014,2017,3,Exact
A5100395563,Bin Liu,doi:10.3892/etm.2018.6537,10.3892/etm.2018.6537,Bin Liu,2018,2022,4,Exact
A5100395573,Bin Liu,doi:10.1002/jcb.25208,10.1002/jcb.25208,Bin Liu,2015,2021,6,Exact
A5100395574,Bin Liu,doi:10.2147/ott.s186559,10.2147/ott.s186559,Bin Liu,2019,2022,3,Exact
A5100395576,Bin Liu,doi:10.1007/s11837-015-1801-1,10.1007/s11837-015-1801-1,Bin Liu,2016,2018,2,Exact
A5100395591,Bin Liu,doi:10.1038/srep23934,10.1038/srep23934,Bin Liu,2016,2018,2,Exact
A5100395591,Bin Liu,doi:10.1128/aac.02356-17,10.1128/aac.02356-17,Bin Liu,2018,2019,1,Exact
A5100395591,Bin Liu,doi:10.1371/journal.pone.0170860,10.1371/journal.pone.0170860,Bin Liu,2017,2024,7,Exact
A5100396782,Hao Zhang,doi:10.1158/0008-5472.can-06-2147,10.1158/0008-5472.can-06-2147,Hao Zhang,2007,2018,11,Exact
A5100396799,Hao Zhang,doi:10.1007/s10936-023-09980-1,10.1007/s10936-023-09980-1,Hao Zhang,2023,2025,2,Exact
A5100396825,Hao Zhang,doi:10.1155/2022/3955914,10.1155/2022/3955914,Hao Zhang,2022,2023,1,Exact
A5100396825,Hao Zhang,doi:10.1155/2022/7160816,10.1155/2022/7160816,Hao Zhang,2022,2023,1,Exact
A5100396841,Hao Zhang,doi:10.1155/2022/4259499,10.1155/2022/4259499,Hao Zhang,2022,2023,1,Exact
A5100396872,Hao Zhang,doi:10.1109/cmce.2010.5610312,10.1109/cmce.2010.5610312,Hao Zhang,2010,2010,0,Exact
A5100396872,Hao Zhang,doi:10.1021/acs.jced.5b01020,10.1021/acs.jced.5b01020,Hao Zhang,2016,2016,0,Exact
A5100396872,Hao Zhang,doi:10.1155/2021/5841829,10.1155/2021/5841829,Hao Zhang,2021,2023,2,Exact
A5100396876,Hao Zhang,doi:10.1039/c8bm01007b,10.1039/c8bm01007b,Hao Zhang,2019,2022,3,Exact
A5100396882,Hao Zhang,doi:10.1080/15384101.2019.1652037,10.1080/15384101.2019.1652037,Hao Zhang,2019,2022,3,Exact
A5100396885,Hao Zhang,doi:10.1155/2022/9562527,10.1155/2022/9562527,Hao Zhang,2022,2023,1,Exact
A5100396913,Hao Zhang,doi:10.2147/ott.s250101,10.2147/ott.s250101,Hao Zhang,2020,2021,1,Exact
A5100396927,Hao Zhang,doi:10.1016/j.synthmet.2016.11.010,10.1016/j.synthmet.2016.11.010,Hao Zhang,2016,2019,3,Exact
A5100396936,Hao Zhang,doi:10.1039/d0ra04249h,10.1039/d0ra04249h,Hao Zhang,2020,2021,1,Exact
A5100396936,Hao Zhang,doi:10.3892/mmr.2018.8535,10.3892/mmr.2018.8535,Hao Zhang,2018,2025,7,Exact
A5100396939,Hao Zhang,doi:10.1007/s11001-016-9267-2,10.1007/s11001-016-9267-2,Hao Zhang,2016,2016,0,Exact
A5100396941,Hao Zhang,doi:10.1093/nar/gkz952,10.1093/nar/gkz952,Hao Zhang,2019,2019,0,Exact
A5100396959,Hao Zhang,doi:10.1038/srep40088,10.1038/srep40088,Hao Zhang,2017,2023,6,Exact
A5100396965,Hao Zhang,doi:10.1016/j.apsusc.2020.145727,10.1016/j.apsusc.2020.145727,Hao Zhang,2020,2020,0,Exact
A5100396976,Hao Zhang,doi:10.3389/fphys.2020.00829,10.3389/fphys.2020.00829,Hao Zhang,2020,2024,4,Exact
A5100396986,Hao Zhang,doi:10.1155/2022/3816440,10.1155/2022/3816440,Hao Zhang,2022,2023,1,Exact
A5100396996,Hao Zhang,doi:10.1109/aimsec.2011.6009633,10.1109/aimsec.2011.6009633,Hao Zhang,2011,2011,0,Exact
A5100397001,Hao Zhang,doi:10.1364/oe.470330,10.1364/oe.470330,Hao Zhang,2022,2023,1,Exact
A5100397032,Hao Zhang,doi:10.1016/j.ceramint.2019.12.220,10.1016/j.ceramint.2019.12.220,Hao Zhang,2019,2024,5,Exact
A5100397053,Hao Zhang,doi:10.1155/2021/2449128,10.1155/2021/2449128,Hao Zhang,2021,2023,2,Exact
A5100397064,Hao Zhang,doi:10.1089/dna.2015.3121,10.1089/dna.2015.3121,Hao Zhang,2016,2020,4,Exact
A5100397064,Hao Zhang,doi:10.1002/mgg3.1473,10.1002/mgg3.1473,Hao Zhang,2020,2024,4,Exact
A5100397370,Yang Yang,doi:10.3390/min14111164,10.3390/min14111164,Yang Yang,2024,2025,1,Exact
A5100397391,Yang Yang,doi:10.1016/j.ijpvp.2016.02.014,10.1016/j.ijpvp.2016.02.014,Yang Yang,2016,2020,4,Exact
A5100397394,Yang Yang,doi:10.1109/iccsit.2010.5563755,10.1109/iccsit.2010.5563755,Yang Yang,2010,2010,0,Exact
A5100397400,Yang Yang,doi:10.1039/c8ra00590g,10.1039/c8ra00590g,Yang Yang,2018,2021,3,Exact
A5100397400,Yang Yang,doi:10.3892/mmr.2018.8741,10.3892/mmr.2018.8741,Yang Yang,2018,2023,5,Exact
A5100397400,Yang Yang,doi:10.1002/1878-0261.13019,10.1002/1878-0261.13019,Yang Yang,2021,2024,3,Exact
A5100397400,Yang Yang,doi:10.1371/journal.pone.0058647,10.1371/journal.pone.0058647,Yang Yang,2013,2024,11,Exact
A5100397406,Yang Yang,doi:10.18632/oncotarget.17908,10.18632/oncotarget.17908,Yang Yang,2017,2023,6,Exact
A5100397410,Yang Yang,doi:10.1080/21691401.2019.1634084,10.1080/21691401.2019.1634084,Yang Yang,2019,2021,2,Exact
A5100397410,Yang Yang,doi:10.3389/fnins.2017.00428,10.3389/fnins.2017.00428,Yang Yang,2017,2025,8,Exact
A5100397419,Yang Yang,doi:10.3892/mmr.2014.2899,10.3892/mmr.2014.2899,Yang Yang,2014,2015,1,Exact
A5100397426,Yang Yang,doi:10.1007/s13277-014-1796-1,10.1007/s13277-014-1796-1,Yang Yang,2014,2015,1,Exact
A5100397426,Yang Yang,doi:10.2147/cmar.s241377,10.2147/cmar.s241377,Yang Yang,2020,2020,0,Exact
A5100397426,Yang Yang,doi:10.1155/2021/4682589,10.1155/2021/4682589,Yang Yang,2021,2024,3,Exact
A5100397426,Yang Yang,doi:10.3389/fonc.2022.807597,10.3389/fonc.2022.807597,Yang Yang,2022,2025,3,Exact
A5100397429,Yang Yang,doi:10.1042/bsr20180558,10.1042/bsr20180558,Yang Yang,2018,2021,3,Exact
A5100397430,Yang Yang,doi:10.1177/0020720920928465,10.1177/0020720920928465,Yang Yang,2020,2021,1,Exact
A5100397440,Yang Yang,doi:10.1111/bph.14652,10.1111/bph.14652,Yang Yang,2019,2024,5,Exact
A5100397456,Yang Yang,doi:10.1007/s12652-021-03111-1,10.1007/s12652-021-03111-1,Yang Yang,2021,2022,1,Exact
A5100397475,Yang Yang,doi:10.2147/cmar.s270813,10.2147/cmar.s270813,Yang Yang,2020,2024,4,Exact
A5100397489,Yang Yang,doi:10.1186/s12951-020-00626-1,10.1186/s12951-020-00626-1,Yang Yang,2020,2023,3,Exact
A5100397489,Yang Yang,doi:10.3389/fphar.2020.00510,10.3389/fphar.2020.00510,Yang Yang,2020,2024,4,Exact
A5100397498,Yang Yang,doi:10.1109/icbbe.2011.5781600,10.1109/icbbe.2011.5781600,Yang Yang,2011,2011,0,Exact
A5100397510,Yang Yang,doi:10.1111/jpi.12261,10.1111/jpi.12261,Yang Yang,2015,2019,4,Exact
A5100397510,Yang Yang,doi:10.1016/j.biopha.2018.08.118,10.1016/j.biopha.2018.08.118,Yang Yang,2018,2020,2,Exact
A5100397510,Yang Yang,doi:10.1186/s12929-019-0595-9,10.1186/s12929-019-0595-9,Yang Yang,2020,2021,1,Exact
A5100397510,Yang Yang,doi:10.1186/1556-276x-8-100,10.1186/1556-276x-8-100,Yang Yang,2013,2023,10,Exact
A5100397510,Yang Yang,doi:10.1515/med-2022-0417,10.1515/med-2022-0417,Yang Yang,2022,2023,1,Exact
A5100397510,Yang Yang,doi:10.18632/oncotarget.7215,10.18632/oncotarget.7215,Yang Yang,2016,2026,10,Exact
A5100397525,Yang Yang,doi:10.1097/md.0000000000000064,10.1097/md.0000000000000064,Yang Yang,2014,2014,0,Exact
A5100397529,Yang Yang,doi:10.1155/2023/8405945,10.1155/2023/8405945,Yang Yang,2023,2023,0,Exact
A5100397539,Yang Yang,doi:10.1016/j.compstruct.2021.113852,10.1016/j.compstruct.2021.113852,Yang Yang,2021,2021,0,Exact
A5100397541,Yang Yang,doi:10.1109/icbbe.2011.5780427,10.1109/icbbe.2011.5780427,Yang Yang,2011,2011,0,Exact
A5100397541,Yang Yang,doi:10.1109/icbbe.2011.5780428,10.1109/icbbe.2011.5780428,Yang Yang,2011,2011,0,Exact
A5100397543,Yang Yang,doi:10.1016/j.clinre.2016.03.006,10.1016/j.clinre.2016.03.006,Yang Yang,2016,2025,9,Exact
A5100397548,Yang Yang,doi:10.1109/icbbe.2011.5780731,10.1109/icbbe.2011.5780731,Yang Yang,2011,2011,0,Exact
A5100397552,Yang Yang,doi:10.1155/2022/4981444,10.1155/2022/4981444,Yang Yang,2022,2023,1,Exact
A5100397581,Yang Yang,doi:10.1371/journal.pone.0025295,10.1371/journal.pone.0025295,Yang Yang,2011,2019,8,Exact
A5100397581,Yang Yang,doi:10.1371/journal.pone.0080584,10.1371/journal.pone.0080584,Yang Yang,2013,2019,6,Exact
A5100397581,Yang Yang,doi:10.1371/journal.pone.0105795,10.1371/journal.pone.0105795,Yang Yang,2014,2019,5,Exact
A5100397585,Yang Yang,doi:10.1155/2021/1599470,10.1155/2021/1599470,Yang Yang,2021,2023,2,Exact
A5100397585,Yang Yang,doi:10.1155/2022/9248972,10.1155/2022/9248972,Yang Yang,2022,2023,1,Exact
A5100397587,Yang Yang,doi:10.1016/j.energy.2021.120386,10.1016/j.energy.2021.120386,Yang Yang,2021,2024,3,Exact
A5100397588,Yang Yang,doi:10.1109/icbbe.2011.5780913,10.1109/icbbe.2011.5780913,Yang Yang,2011,2011,0,Exact
A5100397588,Yang Yang,doi:10.1021/acsomega.0c02364,10.1021/acsomega.0c02364,Yang Yang,2020,2021,1,Exact
A5100397591,Yang Yang,doi:10.3233/jifs-235478,10.3233/jifs-235478,Yang Yang,2024,2025,1,Exact
A5100397594,Yang Yang,doi:10.1002/smll.201704464,10.1002/smll.201704464,Yang Yang,2018,2019,1,Exact
A5100397616,Yang Yang,doi:10.1155/2022/6089416,10.1155/2022/6089416,Yang Yang,2022,2023,1,Exact
A5100397621,Yang Yang,doi:10.2147/ott.s238070,10.2147/ott.s238070,Yang Yang,2020,2023,3,Exact
A5100397659,Yang Yang,doi:10.1109/icemms.2010.5563404,10.1109/icemms.2010.5563404,Yang Yang,2010,2010,0,Exact
A5100397681,Yang Yang,doi:10.1111/srt.13874,10.1111/srt.13874,Yang Yang,2024,2025,1,Exact
A5100397711,Yang Yang,doi:10.1155/2022/3444740,10.1155/2022/3444740,Yang Yang,2022,2023,1,Exact
A5100397716,Yang Yang,doi:10.1109/ic4e.2010.39,10.1109/ic4e.2010.39,Yang Yang,2010,2010,0,Exact
A5100397719,Yang Yang,doi:10.1101/2020.02.10.20021675,10.1101/2020.02.10.20021675,Yang Yang,2020,2020,0,Exact
A5100397725,Yang Yang,doi:10.1007/s12652-021-03066-3,10.1007/s12652-021-03066-3,Yang Yang,2021,2022,1,Exact
A5100397738,Yang� Yang,doi:10.1016/j.yexcr.2018.02.005,10.1016/j.yexcr.2018.02.005,Yang Yang,2018,2020,2,Exact
A5100397738,Yang� Yang,doi:10.1186/s13287-019-1149-5,10.1186/s13287-019-1149-5,Yang Yang,2019,2021,2,Exact
A5100397738,Yang� Yang,doi:10.1155/2023/9997676,10.1155/2023/9997676,Yang Yang,2023,2024,1,Exact
A5100397740,Yang Yang,doi:10.1155/2022/7864114,10.1155/2022/7864114,Yang Yang,2022,2023,1,Exact
A5100397749,Yang Yang,doi:10.1039/c9ra06679a,10.1039/c9ra06679a,Yang Yang,2019,2021,2,Exact
A5100397765,Yang Yang,doi:10.1155/2023/8103595,10.1155/2023/8103595,Yang Yang,2023,2024,1,Exact
A5100397800,Yang Yang,doi:10.1016/j.eng.2020.03.007,10.1016/j.eng.2020.03.007,Yang Yang,2020,2020,0,Exact
A5100398270,Bin Wang,doi:10.1109/icnc.2011.6022150,10.1109/icnc.2011.6022150,Bin Wang,2011,2011,0,Exact
A5100398646,Ling Wang,doi:10.1155/2022/8735363,10.1155/2022/8735363,Ling Wang,2022,2023,1,Exact
A5100398647,Ling Wang,doi:10.1109/icmss.2009.5304496,10.1109/icmss.2009.5304496,Ling Wang,2009,2009,0,Exact
A5100398647,Ling Wang,doi:10.1155/2022/2341442,10.1155/2022/2341442,Ling Wang,2022,2023,1,Exact
A5100398648,Ling Wang,doi:10.3892/or.2019.7061,10.3892/or.2019.7061,Ling Wang,2019,2022,3,Exact
A5100398655,Ling Wang,doi:10.1155/2022/3050199,10.1155/2022/3050199,Ling Wang,2022,2023,1,Exact
A5100398661,Ling Wang,doi:10.1155/2021/5589065,10.1155/2021/5589065,Ling Wang,2021,2023,2,Exact
A5100398685,Ling Wang,doi:10.1109/icbbe.2011.5780436,10.1109/icbbe.2011.5780436,Ling Wang,2011,2011,0,Exact
A5100398696,Ling Wang,doi:10.1007/s10528-022-10192-w,10.1007/s10528-022-10192-w,Ling Wang,2022,2022,0,Exact
A5100398707,Ling Wang,doi:10.1080/15384101.2019.1711314,10.1080/15384101.2019.1711314,Ling Wang,2020,2022,2,Exact
A5100398717,Ling Wang,doi:10.1007/s10876-021-02102-8,10.1007/s10876-021-02102-8,Ling Wang,2021,2024,3,Exact
A5100398717,Ling Wang,doi:10.1371/journal.pone.0060092,10.1371/journal.pone.0060092,Ling Wang,2013,2024,11,Exact
A5100398721,Ling Wang,doi:10.1371/journal.pone.0104510,10.1371/journal.pone.0104510,Ling Wang,2014,2022,8,Exact
A5100398721,Ling Wang,doi:10.3892/mmr.2017.7433,10.3892/mmr.2017.7433,Ling Wang,2017,2022,5,Exact
A5100398729,Ling Wang,doi:10.1145/3465631.3465968,10.1145/3465631.3465968,Ling Wang,2021,2022,1,Exact
A5100398732,Ling Wang,doi:10.1097/01.wnr.0000227991.23046.b7,10.1097/01.wnr.0000227991.23046.b7,Ling Wang,2006,2010,4,Exact
A5100398732,Ling Wang,doi:10.1155/2020/7815214,10.1155/2020/7815214,Ling Wang,2020,2023,3,Exact
A5100398732,Ling Wang,doi:10.1155/2022/1659860,10.1155/2022/1659860,Ling Wang,2022,2023,1,Exact
A5100398732,Ling Wang,doi:10.1177/1535370220972320,10.1177/1535370220972320,Ling Wang,2020,2024,4,Exact
A5100398732,Ling Wang,doi:10.1371/journal.pone.0092230,10.1371/journal.pone.0092230,Ling Wang,2014,2024,10,Exact
A5100398732,Ling Wang,doi:10.3389/fonc.2020.595718,10.3389/fonc.2020.595718,Ling Wang,2020,2024,4,Exact
A5100398732,Ling Wang,doi:10.3892/ijmm.2020.4749,10.3892/ijmm.2020.4749,Ling Wang,2020,2024,4,Exact
A5100398732,Ling Wang,doi:10.1016/j.redox.2020.101600,10.1016/j.redox.2020.101600,Ling Wang,2020,2025,5,Exact
A5100400217,Jun Zhang,doi:10.1109/iciecs.2010.5678296,10.1109/iciecs.2010.5678296,Jun Zhang,2010,2010,0,Exact
A5100400217,Jun Zhang,doi:10.1007/s12517-021-07946-y,10.1007/s12517-021-07946-y,Jun Zhang,2021,2021,0,Exact
A5100400217,Jun Zhang,doi:10.1088/1742-6596/1744/3/032127,10.1088/1742-6596/1744/3/032127,Jun Zhang,2021,2022,1,Exact
A5100400217,Jun Zhang,doi:10.1111/jcmm.15545,10.1111/jcmm.15545,Jun Zhang,2020,2024,4,Exact
A5100400217,Jun Zhang,doi:10.1111/iwj.14529,10.1111/iwj.14529,Jun Zhang,2023,2025,2,Exact
A5100400706,Min Li,doi:10.1016/j.enganabound.2023.01.002,10.1016/j.enganabound.2023.01.002,Min Li,2023,2023,0,Exact
A5100400726,Min Li,doi:10.1002/mgg3.1548,10.1002/mgg3.1548,Min Li,2021,2021,0,Exact
A5100400729,Min Li,doi:10.1155/2022/4801703,10.1155/2022/4801703,Min Li,2022,2023,1,Exact
A5100400735,Min Li,doi:10.1007/s12195-015-0386-7,10.1007/s12195-015-0386-7,Min Li,2015,2021,6,Exact
A5100400736,Min Li,doi:10.1177/09603271241293119,10.1177/09603271241293119,Min Li,2024,2025,1,Exact
A5100400746,Min Li,doi:10.1155/2021/3736923,10.1155/2021/3736923,Min Li,2021,2023,2,Exact
A5100400748,Min Li,doi:10.1111/iwj.14382,10.1111/iwj.14382,Min Li,2023,2025,2,Exact
A5100400752,Min Li,doi:10.1002/jcb.26493,10.1002/jcb.26493,Min Li,2017,2019,2,Exact
A5100400752,Min Li,doi:10.3892/mmr.2017.6431,10.3892/mmr.2017.6431,Min Li,2017,2019,2,Exact
A5100400752,Min Li,doi:10.3892/or.2019.7396,10.3892/or.2019.7396,Min Li,2019,2024,5,Exact
A5100400753,Min Li,doi:10.1109/icebeg.2011.5881696,10.1109/icebeg.2011.5881696,Min Li,2011,2011,0,Exact
A5100400756,Min Li,doi:10.1155/2022/5277356,10.1155/2022/5277356,Min Li,2022,2023,1,Exact
A5100400781,Min Li,doi:10.1042/bsr20190696,10.1042/bsr20190696,Min Li,2019,2022,3,Exact
A5100400782,Min Li,doi:10.1109/icbbe.2011.5780454,10.1109/icbbe.2011.5780454,Min Li,2011,2011,0,Exact
A5100401558,Qian Zhang,doi:10.1155/2021/1822776,10.1155/2021/1822776,Qian Zhang,2021,2023,2,Exact
A5100401602,Qian Zhang,doi:10.1109/icbbe.2011.5781013,10.1109/icbbe.2011.5781013,Qian Zhang,2011,2011,0,Exact
A5100401632,Qian Zhang,doi:10.1109/icbbe.2011.5780704,10.1109/icbbe.2011.5780704,Qian Zhang,2011,2011,0,Exact
A5100401633,Qian Zhang,doi:10.1039/d2cc01382g,10.1039/d2cc01382g,Qian Zhang,2022,2022,0,Exact
A5100401636,Qian Zhang,doi:10.1155/2022/3844626,10.1155/2022/3844626,Qian Zhang,2022,2023,1,Exact
A5100401640,Qian Zhang,doi:10.1111/j.1526-4610.2010.01795.x,10.1111/j.1526-4610.2010.01795.x,Qian Zhang,2010,2011,1,Exact
A5100401653,Qian Zhang,doi:10.1016/j.ymthe.2019.03.019,10.1016/j.ymthe.2019.03.019,Qian Zhang,2019,2022,3,Exact
A5100401659,Qian Zhang,doi:10.1016/j.omtn.2020.07.019,10.1016/j.omtn.2020.07.019,Qian Zhang,2020,2022,2,Exact
A5100401687,Qian Zhang,doi:10.1159/000493228,10.1159/000493228,Qian Zhang,2018,2022,4,Exact
A5100401712,Qian Zhang,doi:10.1109/qr2mse.2013.6625801,10.1109/qr2mse.2013.6625801,Qian Zhang,2013,2013,0,Exact
A5100401720,Qian Zhang,doi:10.1155/2022/5220368,10.1155/2022/5220368,Qian Zhang,2022,2023,1,Exact
A5100401720,Qian Zhang,doi:10.2147/ott.s182290,10.2147/ott.s182290,Qian Zhang,2018,2023,5,Exact
A5100401723,Qian Zhang,doi:10.1159/000493236,10.1159/000493236,Qian Zhang,2018,2024,6,Exact
A5100401732,Qian Zhang,doi:10.1016/j.ceramint.2019.04.246,10.1016/j.ceramint.2019.04.246,Qian Zhang,2019,2024,5,Exact
A5100401743,Qian Zhang,doi:10.1007/s00784-011-0640-x,10.1007/s00784-011-0640-x,Qian Zhang,2011,2012,1,Exact
A5100401743,Qian Zhang,doi:10.1128/mcb.01242-14,10.1128/mcb.01242-14,Qian Zhang,2015,2017,2,Exact
A5100401743,Qian Zhang,doi:10.1155/2022/7884508,10.1155/2022/7884508,Qian Zhang,2022,2023,1,Exact
A5100401743,Qian Zhang,doi:10.3892/etm.2018.6902,10.3892/etm.2018.6902,Qian Zhang,2018,2025,7,Exact
A5100401747,Qian Zhang,doi:10.1155/2022/8428518,10.1155/2022/8428518,Qian Zhang,2022,2023,1,Exact
A5100401752,Qian Zhang,doi:10.1155/2022/2896481,10.1155/2022/2896481,Qian Zhang,2022,2023,1,Exact
A5100402408,Jian Li,doi:10.1109/icebeg.2011.5881694,10.1109/icebeg.2011.5881694,Jian Li,2011,2011,0,Exact
A5100402427,Jian Li,doi:10.2147/ott.s232594,10.2147/ott.s232594,Jian Li,2020,2020,0,Exact
A5100402448,Jian Li,doi:10.12659/msm.894485,10.12659/msm.894485,Jian Li,2015,2016,1,Exact
A5100402458,Jian Li,doi:10.1007/s10586-018-2544-x,10.1007/s10586-018-2544-x,Jian Li,2018,2022,4,Exact
A5100402458,Jian Li,doi:10.3233/jifs-237834,10.3233/jifs-237834,Jian Li,2024,2025,1,Exact
A5100402479,Jian Li,doi:10.1186/s40644-019-0199-3,10.1186/s40644-019-0199-3,Jian Li,2019,2019,0,Exact
A5100402479,Jian Li,doi:10.1155/2022/2895575,10.1155/2022/2895575,Jian Li,2022,2023,1,Exact
A5100402533,Jian Li,doi:10.1186/2047-783x-18-29,10.1186/2047-783x-18-29,Jian Li,2013,2015,2,Exact
A5100402534,Jian Li,doi:10.1016/j.bbrc.2009.01.151,10.1016/j.bbrc.2009.01.151,Jian Li,2009,2009,0,Exact
A5100402534,Jian Li,doi:10.1016/j.bbrc.2009.02.083,10.1016/j.bbrc.2009.02.083,Jian Li,2009,2009,0,Exact
A5100402534,Jian Li,doi:10.1080/15384101.2019.1669389,10.1080/15384101.2019.1669389,Jian Li,2019,2022,3,Exact
A5100402534,Jian Li,doi:10.1038/s41419-020-2695-6,10.1038/s41419-020-2695-6,Jian Li,2020,2023,3,Exact
A5100402534,Jian Li,doi:10.1155/2022/8752375,10.1155/2022/8752375,Jian Li,2022,2023,1,Exact
A5100402534,Jian Li,doi:10.3892/etm.2022.11430,10.3892/etm.2022.11430,Jian Li,2022,2024,2,Exact
A5100402534,Jian Li,doi:10.3892/mmr.2019.9946,10.3892/mmr.2019.9946,Jian Li,2019,2024,5,Exact
A5100402538,Jian Li,doi:10.1117/12.836819,10.1117/12.836819,Jian Li,2009,2015,6,Exact
A5100402578,Jing Li,doi:10.1371/journal.pone.0230450,10.1371/journal.pone.0230450,Jing Li,2020,2023,3,Exact
A5100402578,Jing Li,doi:10.3892/ijmm.2019.4206,10.3892/ijmm.2019.4206,Jing Li,2019,2025,6,Exact
A5100402580,Jian Li,doi:10.1038/s41467-018-07998-x,10.1038/s41467-018-07998-x,Jian Li,2019,2023,4,Exact
A5100402585,Jian Li,doi:10.3233/jifs-212799,10.3233/jifs-212799,Jian Li,2022,2024,2,Exact
A5100402597,Jian Li,doi:10.1155/2022/9343951,10.1155/2022/9343951,Jian Li,2022,2023,1,Exact
A5100402604,Jian Li,doi:10.1002/1878-0261.12830,10.1002/1878-0261.12830,Jian Li,2020,2024,4,Exact
A5100402604,Jian Li,doi:10.1042/bsr20201854,10.1042/bsr20201854,Jian Li,2020,2024,4,Exact
A5100402608,Jian Li,doi:10.3892/ijo.2015.3267,10.3892/ijo.2015.3267,Jian Li,2015,2021,6,Exact
A5100402608,Jian Li,doi:10.3892/ijmm.2019.4333,10.3892/ijmm.2019.4333,Jian Li,2019,2022,3,Exact
A5100402608,Jian Li,doi:10.1096/fj.201900310r,10.1096/fj.201900310r,Jian Li,2019,2024,5,Exact
A5100402609,Jian Li,doi:10.1155/2022/5029663,10.1155/2022/5029663,Jian Li,2022,2023,1,Exact
A5100402612,Jian Li,doi:10.1186/s13638-023-02311-x,10.1186/s13638-023-02311-x,Jian Li,2023,2024,1,Exact
A5100402617,Jian Li,doi:10.1155/2022/9765884,10.1155/2022/9765884,Jian Li,2022,2023,1,Exact
A5100402625,Jian Li,doi:10.3892/ol.2019.10985,10.3892/ol.2019.10985,Jian Li,2019,2023,4,Exact
A5100402840,Min Zhang,doi:10.3233/jifs-233628,10.3233/jifs-233628,Min Zhang,2024,2025,1,Exact
A5100402850,Min Zhang,doi:10.1155/2022/2652916,10.1155/2022/2652916,Min Zhang,2022,2023,1,Exact
A5100402851,Min Zhang,doi:10.1016/j.jfoodeng.2005.06.069,10.1016/j.jfoodeng.2005.06.069,Min Zhang,2015,2018,3,Exact
A5100402851,Min Zhang,doi:10.3389/fphys.2020.00718,10.3389/fphys.2020.00718,Min Zhang,2021,2021,0,Exact
A5100402851,Min Zhang,doi:10.3389/fphar.2017.00148,10.3389/fphar.2017.00148,Min Zhang,2017,2023,6,Exact
A5100402853,Min Zhang,doi:10.1371/journal.pone.0087222,10.1371/journal.pone.0087222,Min Zhang,2014,2019,5,Exact
A5100402855,Min Zhang,doi:10.1177/0020720920931445,10.1177/0020720920931445,Min Zhang,2020,2023,3,Exact
A5100402865,Min Zhang,doi:10.1007/s10479-021-04385-6,10.1007/s10479-021-04385-6,Min Zhang,2021,2023,2,Exact
A5100402869,Min Zhang,doi:10.1002/jcp.27631,10.1002/jcp.27631,Min Zhang,2018,2022,4,Exact
A5100402873,Min Zhang,doi:10.1111/srt.13702,10.1111/srt.13702,Min Zhang,2024,2025,1,Exact
A5100402876,Min Zhang,doi:10.1109/temc.2016.2587904,10.1109/temc.2016.2587904,Min Zhang,2016,2019,3,Exact
A5100402876,Min Zhang,doi:10.3233/jifs-230081,10.3233/jifs-230081,Min Zhang,2023,2024,1,Exact
A5100402876,Min Zhang,doi:10.3233/jifs-231883,10.3233/jifs-231883,Min Zhang,2024,2024,0,Exact
A5100402879,Min Zhang,doi:10.1186/s13046-017-0661-7,10.1186/s13046-017-0661-7,Min Zhang,2017,2022,5,Exact
A5100402917,Min Zhang,doi:10.1089/cbr.2020.4429,10.1089/cbr.2020.4429,Min Zhang,2022,2023,1,Exact
A5100402920,Min Zhang,doi:10.1155/2022/6096688,10.1155/2022/6096688,Min Zhang,2022,2023,1,Exact
A5100402922,Min Zhang,doi:10.1155/2021/6540972,10.1155/2021/6540972,Min Zhang,2021,2023,2,Exact
A5100402925,Min Zhang,doi:10.1155/2022/6444441,10.1155/2022/6444441,Min Zhang,2022,2023,1,Exact
A5100402925,Min Zhang,doi:10.3233/jifs-221036,10.3233/jifs-221036,Min Zhang,2023,2025,2,Exact
A5100402925,Min Zhang,doi:10.3233/jifs-230459,10.3233/jifs-230459,Min Zhang,2023,2025,2,Exact
A5100402941,Min Zhang,doi:10.1007/s13277-015-3739-x,10.1007/s13277-015-3739-x,Min Zhang,2015,2017,2,Exact
A5100402941,Min Zhang,doi:10.3892/or.2018.6264,10.3892/or.2018.6264,Min Zhang,2018,2022,4,Exact
A5100402981,Min Zhang,doi:10.5551/jat.40212,10.5551/jat.40212,Min Zhang,2017,2021,4,Exact
A5100402981,Min Zhang,doi:10.1186/s12886-020-01565-z,10.1186/s12886-020-01565-z,Min Zhang,2020,2022,2,Exact
A5100402981,Min Zhang,doi:10.3389/fcell.2020.00827,10.3389/fcell.2020.00827,Min Zhang,2020,2025,5,Exact
A5100402983,Min Zhang,doi:10.1109/temc.2016.2551982,10.1109/temc.2016.2551982,Min Zhang,2016,2019,3,Exact
A5100402993,Min Zhang,doi:10.1109/aimsec.2011.6010790,10.1109/aimsec.2011.6010790,Min Zhang,2011,2011,0,Exact
A5100402996,Min Zhang,doi:10.1177/14727978251321335,10.1177/14727978251321335,Min Zhang,2025,2025,0,Exact
A5100402999,Min Zhang,doi:10.1016/j.biochi.2015.10.020,10.1016/j.biochi.2015.10.020,Min Zhang,2015,2023,8,Exact
A5100403002,Min Zhang,doi:10.1097/tp.0b013e3181671f2e,10.1097/tp.0b013e3181671f2e,Min Zhang,2008,2019,11,Exact
A5100403008,Min Zhang,doi:10.1155/2022/3411960,10.1155/2022/3411960,Min Zhang,2022,2023,1,Exact
A5100403018,Min Zhang,doi:10.1155/2023/3631193,10.1155/2023/3631193,Min Zhang,2023,2023,0,Exact
A5100403019,Min Zhang,doi:10.1155/2022/6225282,10.1155/2022/6225282,Min Zhang,2022,2023,1,Exact
A5100403020,Min Zhang,doi:10.1155/2022/2430806,10.1155/2022/2430806,Min Zhang,2022,2023,1,Exact
A5100403020,Min Zhang,doi:10.1155/2021/1549712,10.1155/2021/1549712,Min Zhang,2021,2024,3,Exact
A5100403086,Lin Wang,doi:10.1155/2022/6537676,10.1155/2022/6537676,Lin Wang,2022,2023,1,Exact
A5100403087,Lin Wang,doi:10.1016/j.febslet.2013.04.002,10.1016/j.febslet.2013.04.002,Lin Wang,2013,2021,8,Exact
A5100403087,Lin Wang,doi:10.1039/c8bm00934a,10.1039/c8bm00934a,Lin Wang,2018,2023,5,Exact
A5100403087,Lin Wang,doi:10.1172/jci73093,10.1172/jci73093,Lin Wang,2014,2025,11,Exact
A5100403122,Lin Wang,doi:10.1111/iwj.14337,10.1111/iwj.14337,Lin Wang,2023,2025,2,Exact
A5100403135,Lin Wang,doi:10.1089/cbr.2017.2306,10.1089/cbr.2017.2306,Lin Wang,2018,2021,3,Exact
A5100403151,Lin Wang,doi:10.1155/2021/6673712,10.1155/2021/6673712,Lin Wang,2021,2023,2,Exact
A5100403169,Lin Wang,doi:10.2174/1874444301507010809,10.2174/1874444301507010809,Lin Wang,2015,2016,1,Exact
A5100403173,Lin Wang,doi:10.1007/s00521-014-1756-0,10.1007/s00521-014-1756-0,Lin Wang,2014,2015,1,Exact
A5100403179,Lin Wang,doi:10.1038/s41388-018-0416-8,10.1038/s41388-018-0416-8,Lin Wang,2018,2023,5,Exact
A5100403181,Lin Wang,doi:10.1155/2021/1370862,10.1155/2021/1370862,Lin Wang,2021,2023,2,Exact
A5100403207,Lin Wang,doi:10.1155/2022/5145549,10.1155/2022/5145549,Lin Wang,2022,2023,1,Exact
A5100403214,Lin Wang,doi:10.1155/2021/5566691,10.1155/2021/5566691,Lin Wang,2021,2023,2,Exact
A5100403226,Lin Wang,doi:10.1155/2021/9053864,10.1155/2021/9053864,Lin Wang,2021,2023,2,Exact
A5100403227,Lin Wang,doi:10.1109/icbbe.2011.5781482,10.1109/icbbe.2011.5781482,Lin Wang,2011,2011,0,Exact
A5100403235,Lin Wang,doi:10.1155/2012/768591,10.1155/2012/768591,Lin Wang,2012,2012,0,Exact
A5100403266,Lin Wang,doi:10.1016/j.pharep.2017.06.005,10.1016/j.pharep.2017.06.005,Lin Wang,2017,2020,3,Exact
A5100405768,Ping Zhang,doi:10.1155/2022/2805670,10.1155/2022/2805670,Ping Zhang,2022,2023,1,Exact
A5100405777,Ping Zhang,doi:10.3892/etm.2020.9453,10.3892/etm.2020.9453,Ping Zhang,2020,2024,4,Exact
A5100405778,Ping Zhang,doi:10.1080/0886022x.2019.1652648,10.1080/0886022x.2019.1652648,Ping Zhang,2019,2019,0,Exact
A5100405781,Ping Zhang,doi:10.1107/s1600536804028296,10.1107/s1600536804028296,Ping Zhang,2004,2010,6,Exact
A5100405781,Ping Zhang,doi:10.1109/icbbe.2011.5781101,10.1109/icbbe.2011.5781101,Ping Zhang,2011,2011,0,Exact
A5100405781,Ping Zhang,doi:10.1109/icbbe.2011.5781580,10.1109/icbbe.2011.5781580,Ping Zhang,2011,2011,0,Exact
A5100405781,Ping Zhang,doi:10.1186/s12871-018-0608-3,10.1186/s12871-018-0608-3,Ping Zhang,2018,2019,1,Exact
A5100405781,Ping Zhang,doi:10.4314/tjpr.v16i9.7,10.4314/tjpr.v16i9.7,Ping Zhang,2017,2021,4,Exact
A5100405781,Ping Zhang,doi:10.1088/1742-6596/1883/1/012131,10.1088/1742-6596/1883/1/012131,Ping Zhang,2021,2022,1,Exact
A5100405781,Ping Zhang,doi:10.1016/j.arabjc.2020.07.010,10.1016/j.arabjc.2020.07.010,Ping Zhang,2020,2023,3,Exact
A5100405781,Ping Zhang,doi:10.1155/2022/5188202,10.1155/2022/5188202,Ping Zhang,2022,2023,1,Exact
A5100405787,Ping Zhang,doi:10.1016/j.bbrc.2016.03.157,10.1016/j.bbrc.2016.03.157,Ping Zhang,2016,2016,0,Exact
A5100405788,Ping Zhang,doi:10.1155/2021/3776006,10.1155/2021/3776006,Ping Zhang,2021,2023,2,Exact
A5100405788,Ping Zhang,doi:10.1155/2022/7730474,10.1155/2022/7730474,Ping Zhang,2022,2023,1,Exact
A5100405797,Ping Zhang,doi:10.2131/jts.46.477,10.2131/jts.46.477,Ping Zhang,2021,2025,4,Exact
A5100405824,Ping Zhang,doi:10.3389/fcell.2021.671704,10.3389/fcell.2021.671704,Ping Zhang,2021,2025,4,Exact
A5100405827,Ping Zhang,doi:10.1109/ifita.2009.503,10.1109/ifita.2009.503,Ping Zhang,2009,2009,0,Exact
A5100405828,Ping Zhang,doi:10.1155/2021/5592185,10.1155/2021/5592185,Ping Zhang,2021,2023,2,Exact
A5100405838,Ping Zhang,doi:10.1155/2022/3546795,10.1155/2022/3546795,Ping Zhang,2022,2024,2,Exact
A5100405840,Ping Zhang,doi:10.1080/15376510701533921,10.1080/15376510701533921,Ping Zhang,2008,2008,0,Exact
A5100405840,Ping Zhang,doi:10.1109/icbbe.2011.5781664,10.1109/icbbe.2011.5781664,Ping Zhang,2011,2011,0,Exact
A5100405855,Ping Zhang,doi:10.1155/2022/5367753,10.1155/2022/5367753,Ping Zhang,2022,2023,1,Exact
A5100405903,Jin Zhang,doi:10.3390/ma13153346,10.3390/ma13153346,Jin Zhang,2020,2024,4,Exact
A5100405907,Jin Zhang,doi:10.1155/2022/6735054,10.1155/2022/6735054,Jin Zhang,2022,2023,1,Exact
A5100405908,Jin Zhang,doi:10.18632/aging.103036,10.18632/aging.103036,Jin Zhang,2020,2024,4,Exact
A5100405920,Jin Zhang,doi:10.1016/j.ymthe.2021.05.020,10.1016/j.ymthe.2021.05.020,Jin Zhang,2021,2025,4,Exact
A5100405935,Jin Zhang,doi:10.1371/journal.pone.0045965,10.1371/journal.pone.0045965,Jin Zhang,2012,2013,1,Exact
A5100405936,Jin Zhang,doi:10.1061/41139(387)82,10.1061/41139(387)82,Jin Zhang,2010,2012,2,Exact
A5100405947,Jin Zhang,doi:10.1155/2022/4581248,10.1155/2022/4581248,Jin Zhang,2022,2023,1,Exact
A5100405955,Jin Zhang,doi:10.2147/dddt.s161748,10.2147/dddt.s161748,Jin Zhang,2018,2022,4,Exact
A5100405985,Jin Zhang,doi:10.1007/s13277-014-2984-8,10.1007/s13277-014-2984-8,Jin Zhang,2015,2017,2,Exact
A5100405986,Jin Zhang,doi:10.1155/2020/8848930,10.1155/2020/8848930,Jin Zhang,2020,2023,3,Exact
A5100405986,Jin Zhang,doi:10.3892/mmr.2018.9775,10.3892/mmr.2018.9775,Jin Zhang,2018,2025,7,Exact
A5100405991,Jin Zhang,doi:10.1155/2021/2771712,10.1155/2021/2771712,Jin Zhang,2021,2022,1,Exact
A5100406017,Jin Zhang,doi:10.1042/bsr20182193,10.1042/bsr20182193,Jin Zhang,2019,2020,1,Exact
A5100406019,Jin Zhang,doi:10.1109/ett.2009.41,10.1109/ett.2009.41,Jin Zhang,2009,2010,1,Exact
A5100406022,Jin Zhang,doi:10.1109/ic4e.2010.140,10.1109/ic4e.2010.140,Jin Zhang,2010,2010,0,Exact
A5100406022,Jin Zhang,doi:10.3233/jifs-201578,10.3233/jifs-201578,Jin Zhang,2020,2025,5,Exact
A5100406904,Chao Wang,doi:10.1371/journal.pone.0235755,10.1371/journal.pone.0235755,Chao Wang,2020,2020,0,Exact
A5100406933,Chao Wang,doi:10.1016/j.cogsys.2018.06.021,10.1016/j.cogsys.2018.06.021,Chao Wang,2018,2023,5,Exact
A5100406958,Chao Wang,doi:10.1109/icnc.2011.6021924,10.1109/icnc.2011.6021924,Chao Wang,2011,2011,0,Exact
A5100406963,Chao Wang,doi:10.1007/s12517-021-08164-2,10.1007/s12517-021-08164-2,Chao Wang,2021,2021,0,Exact
A5100407005,Chao Wang,doi:10.1186/2047-783x-19-39,10.1186/2047-783x-19-39,Chao Wang,2014,2015,1,Exact
A5100407017,Chao Wang,doi:10.1039/c8ra03679a,10.1039/c8ra03679a,Chao Wang,2018,2021,3,Exact
A5100407017,Chao Wang,doi:10.1177/0394632017703274,10.1177/0394632017703274,Chao Wang,2017,2021,4,Exact
A5100407027,Chao Wang,doi:10.1042/bsr20160290,10.1042/bsr20160290,Chao Wang,2016,2024,8,Exact
A5100407045,Chao Wang,doi:10.1155/2021/8128879,10.1155/2021/8128879,Chao Wang,2021,2023,2,Exact
A5100407056,Chao Wang,doi:10.1155/2021/4000531,10.1155/2021/4000531,Chao Wang,2021,2023,2,Exact
A5100407056,Chao Wang,doi:10.1155/2022/5383146,10.1155/2022/5383146,Chao Wang,2022,2023,1,Exact
A5100407077,Chao Wang,doi:10.1155/2022/8673083,10.1155/2022/8673083,Chao Wang,2022,2023,1,Exact
A5100407113,Chao Wang,doi:10.1155/2022/2756459,10.1155/2022/2756459,Chao Wang,2022,2023,1,Exact
A5100407123,Chao Wang,doi:10.1371/journal.pone.0295784,10.1371/journal.pone.0295784,Chao Wang,2024,2025,1,Exact
A5100407133,Chao Wang,doi:10.1109/aimsec.2011.6011356,10.1109/aimsec.2011.6011356,Chao Wang,2011,2011,0,Exact
A5100407161,Chao Wang,doi:10.1093/carcin/bgy036,10.1093/carcin/bgy036,Chao Wang,2018,2019,1,Exact
A5100407177,Chao Wang,doi:10.2147/cmar.s275003,10.2147/cmar.s275003,Chao Wang,2021,2022,1,Exact
A5100407980,Bo Wang,doi:10.1016/j.omtn.2018.06.011,10.1016/j.omtn.2018.06.011,Bo Wang,2018,2022,4,Exact
A5100407980,Bo Wang,doi:10.3727/096504018x15166199939341,10.3727/096504018x15166199939341,Bo Wang,2018,2022,4,Exact
A5100407980,Bo Wang,doi:10.3727/096504018x15172747209020,10.3727/096504018x15172747209020,Bo Wang,2018,2022,4,Exact
A5100407980,Bo Wang,doi:10.1155/2022/2813521,10.1155/2022/2813521,Bo Wang,2022,2023,1,Exact
A5100407980,Bo Wang,doi:10.3892/ol.2021.12910,10.3892/ol.2021.12910,Bo Wang,2021,2024,3,Exact
A5100407985,Bo Wang,doi:10.3390/jcm11247511,10.3390/jcm11247511,Bo Wang,2022,2023,1,Exact
A5100407989,Bo Wang,doi:10.1155/2021/3506559,10.1155/2021/3506559,Bo Wang,2021,2023,2,Exact
A5100407997,Bo Wang,doi:10.1007/s11356-023-25279-z,10.1007/s11356-023-25279-z,Bo Wang,2023,2024,1,Exact
A5100407999,Bo Wang,doi:10.3233/jifs-233077,10.3233/jifs-233077,Bo Wang,2024,2024,0,Exact
A5100408002,Bo Wang,doi:10.1155/2021/6650651,10.1155/2021/6650651,Bo Wang,2021,2023,2,Exact
A5100408006,Bo Wang,doi:10.1016/j.steroids.2014.03.003,10.1016/j.steroids.2014.03.003,Bo Wang,2014,2016,2,Exact
A5100408006,Bo Wang,doi:10.1002/bab.1326,10.1002/bab.1326,Bo Wang,2014,2023,9,Exact
A5100408006,Bo Wang,doi:10.1155/2022/2056247,10.1155/2022/2056247,Bo Wang,2022,2023,1,Exact
A5100408014,Bo Wang,doi:10.1109/icebeg.2011.5887183,10.1109/icebeg.2011.5887183,Bo Wang,2011,2011,0,Exact
A5100408046,Bo Wang,doi:10.1007/s12652-021-03113-z,10.1007/s12652-021-03113-z,Bo Wang,2021,2022,1,Exact
A5100408050,Bo Wang,doi:10.1155/2021/6653793,10.1155/2021/6653793,Bo Wang,2021,2023,2,Exact
A5100408058,Bo Wang,doi:10.1371/journal.pone.0054303,10.1371/journal.pone.0054303,Bo Wang,2013,2019,6,Exact
A5100408080,Bo Wang,doi:10.3233/jifs-213536,10.3233/jifs-213536,Bo Wang,2022,2024,2,Exact
A5100408085,Bo Wang,doi:10.1155/2021/5599272,10.1155/2021/5599272,Bo Wang,2021,2023,2,Exact
A5100408086,Bo Wang,doi:10.1097/md.0000000000008414,10.1097/md.0000000000008414,Bo Wang,2017,2018,1,Exact
A5100408152,Bo Wang,doi:10.1155/2023/7489283,10.1155/2023/7489283,Bo Wang,2023,2023,0,Exact
A5100408154,Bo Wang,doi:10.1155/2021/5559187,10.1155/2021/5559187,Bo Wang,2021,2024,3,Exact
A5100408156,Bo Wang,doi:10.1155/2022/4288748,10.1155/2022/4288748,Bo Wang,2022,2023,1,Exact
A5100408158,Bo Wang,doi:10.1155/2021/7625585,10.1155/2021/7625585,Bo Wang,2021,2023,2,Exact
A5100408160,Bo Wang,doi:10.1007/s11596-013-1213-9,10.1007/s11596-013-1213-9,Bo Wang,2013,2013,0,Exact
A5100408160,Bo Wang,doi:10.1155/2021/5629067,10.1155/2021/5629067,Bo Wang,2021,2023,2,Exact
A5100408160,Bo Wang,doi:10.3233/jifs-213501,10.3233/jifs-213501,Bo Wang,2023,2024,1,Exact
A5100408164,Bo Wang,doi:10.1109/iccet.2010.5485713,10.1109/iccet.2010.5485713,Bo Wang,2010,2010,0,Exact
A5100408177,Bo Wang,doi:10.14348/molcells.2015.2327,10.14348/molcells.2015.2327,Bo Wang,2015,2020,5,Exact
A5100408177,Bo Wang,doi:10.1016/j.omtn.2017.12.022,10.1016/j.omtn.2017.12.022,Bo Wang,2018,2022,4,Exact
A5100408183,Bo Wang,doi:10.4028/www.scientific.net/amm.596.903,10.4028/www.scientific.net/amm.596.903,Bo Wang,2014,2021,7,Exact
A5100408189,Bo Wang,doi:10.1159/000443111,10.1159/000443111,Bo Wang,2016,2016,0,Exact
A5100408193,Bo Wang,doi:10.1109/icise.2009.1303,10.1109/icise.2009.1303,Bo Wang,2009,2010,1,Exact
A5100408209,Bo Wang,doi:10.1161/circresaha.112.272567,10.1161/circresaha.112.272567,Bo Wang,2012,2013,1,Exact
A5100408222,Bo Wang,doi:10.1074/jbc.m804788200,10.1074/jbc.m804788200,Bo Wang,2008,2018,10,Exact
A5100408943,Ping Li,doi:10.12659/msm.920537,10.12659/msm.920537,Ping Li,2020,2022,2,Exact
A5100408943,Ping Li,doi:10.1002/jcp.26777,10.1002/jcp.26777,Ping Li,2018,2024,6,Exact
A5100408949,Ping Li,doi:10.1007/s00432-019-03003-0,10.1007/s00432-019-03003-0,Ping Li,2019,2024,5,Exact
A5100409199,Gang Li,doi:10.1038/s41586-020-2068-4,10.1038/s41586-020-2068-4,Gang Li,2020,2020,0,Exact
A5100409203,Gang Li,doi:10.1109/icetce.2011.5775762,10.1109/icetce.2011.5775762,Gang Li,2011,2011,0,Exact
A5100409238,Wei Zhao,doi:10.1007/s12032-014-0175-5,10.1007/s12032-014-0175-5,Wei Zhao,2014,2014,0,Exact
A5100409238,Wei Zhao,doi:10.1074/jbc.m110.110312,10.1074/jbc.m110.110312,Wei Zhao,2010,2015,5,Exact
A5100409238,Wei Zhao,doi:10.1155/2022/7595230,10.1155/2022/7595230,Wei Zhao,2022,2023,1,Exact
A5100409246,Wei Zhao,doi:10.1258/ar.2011.100462,10.1258/ar.2011.100462,Wei Zhao,2012,2012,0,Exact
A5100409248,Wei Zhao,doi:10.1155/2019/7192798,10.1155/2019/7192798,Wei Zhao,2019,2024,5,Exact
A5100409861,Jian Zhang,doi:10.1109/qr2mse.2013.6625792,10.1109/qr2mse.2013.6625792,Jian Zhang,2013,2013,0,Exact
A5100409879,Jian Zhang,doi:10.3892/mmr.2014.1885,10.3892/mmr.2014.1885,Jian Zhang,2014,2014,0,Exact
A5100409879,Jian Zhang,doi:10.1371/journal.pone.0064707,10.1371/journal.pone.0064707,Jian Zhang,2013,2020,7,Exact
A5100409879,Jian Zhang,doi:10.1042/bsr20170944,10.1042/bsr20170944,Jian Zhang,2018,2021,3,Exact
A5100409879,Jian Zhang,doi:10.12659/msm.908652,10.12659/msm.908652,Jian Zhang,2018,2021,3,Exact
A5100409879,Jian Zhang,doi:10.2147/cmar.s254815,10.2147/cmar.s254815,Jian Zhang,2020,2021,1,Exact
A5100409879,Jian Zhang,doi:10.1016/j.yexmp.2019.104285,10.1016/j.yexmp.2019.104285,Jian Zhang,2019,2022,3,Exact
A5100409879,Jian Zhang,doi:10.1016/j.ymthe.2021.11.003,10.1016/j.ymthe.2021.11.003,Jian Zhang,2021,2022,1,Exact
A5100409879,Jian Zhang,doi:10.1042/bsr20191348,10.1042/bsr20191348,Jian Zhang,2019,2022,3,Exact
A5100409879,Jian Zhang,doi:10.1158/0008-5472.can-08-2780,10.1158/0008-5472.can-08-2780,Jian Zhang,2008,2022,14,Exact
A5100409879,Jian Zhang,doi:10.1155/2022/2935992,10.1155/2022/2935992,Jian Zhang,2022,2023,1,Exact
A5100409879,Jian Zhang,doi:10.1155/2022/6108241,10.1155/2022/6108241,Jian Zhang,2022,2023,1,Exact
A5100409879,Jian Zhang,doi:10.1155/2022/6957580,10.1155/2022/6957580,Jian Zhang,2022,2023,1,Exact
A5100409879,Jian Zhang,doi:10.3892/mmr.2017.7552,10.3892/mmr.2017.7552,Jian Zhang,2017,2023,6,Exact
A5100409879,Jian Zhang,doi:10.1186/s13568-020-01072-w,10.1186/s13568-020-01072-w,Jian Zhang,2020,2024,4,Exact
A5100409892,Jian Zhang,doi:10.1371/journal.pone.0061079,10.1371/journal.pone.0061079,Jian Zhang,2013,2020,7,Exact
A5100409892,Jian Zhang,doi:10.1371/journal.pone.0066275,10.1371/journal.pone.0066275,Jian Zhang,2013,2020,7,Exact
A5100409899,Jian Zhang,doi:10.1021/acs.orglett.0c01983,10.1021/acs.orglett.0c01983,Jian Zhang,2020,2023,3,Exact
A5100409939,Jian Zhang,doi:10.1002/kjm2.12145,10.1002/kjm2.12145,Jian Zhang,2019,2025,6,Exact
A5100409969,Jian Zhang,doi:10.1007/s11033-014-3509-7,10.1007/s11033-014-3509-7,Jian Zhang,2014,2015,1,Exact
A5100409969,Jian Zhang,doi:10.1111/iwj.14348,10.1111/iwj.14348,Jian Zhang,2023,2025,2,Exact
A5100409975,Jian Zhang,doi:10.1109/icnidc.2009.5360902,10.1109/icnidc.2009.5360902,Jian Zhang,2009,2009,0,Exact
A5100409987,Jian Zhang,doi:10.1155/2022/9110676,10.1155/2022/9110676,Jian Zhang,2022,2023,1,Exact
A5100409987,Jian Zhang,doi:10.2147/ott.s274092,10.2147/ott.s274092,Jian Zhang,2020,2023,3,Exact
A5100410040,Jian Zhang,doi:10.5004/dwt.2010.1773,10.5004/dwt.2010.1773,Jian Zhang,2010,2017,7,Exact
A5100410059,Jian Zhang,doi:10.1155/2021/4238125,10.1155/2021/4238125,Jian Zhang,2021,2023,2,Exact
A5100410059,Jian Zhang,doi:10.1155/2021/7331894,10.1155/2021/7331894,Jian Zhang,2021,2023,2,Exact
A5100410082,Jian Zhang,doi:10.1371/journal.pone.0094343,10.1371/journal.pone.0094343,Jian Zhang,2014,2022,8,Exact
A5100410090,Jian Zhang,doi:10.1097/md.0000000000022697,10.1097/md.0000000000022697,Jian Zhang,2020,2021,1,Exact
A5100410099,Jian Zhang,doi:10.1155/2022/2877679,10.1155/2022/2877679,Jian Zhang,2022,2023,1,Exact
A5100410107,Jian Zhang,doi:10.1109/itcs.2010.63,10.1109/itcs.2010.63,Jian Zhang,2010,2010,0,Exact
A5100410108,Jian Zhang,doi:10.1155/2022/6293908,10.1155/2022/6293908,Jian Zhang,2022,2023,1,Exact
A5100410263,Hong Li,doi:10.1111/iwj.14842,10.1111/iwj.14842,Hong Li,2024,2025,1,Exact
A5100410576,Yang Liu,doi:10.1186/s13045-020-00857-7,10.1186/s13045-020-00857-7,Yang Liu,2020,2023,3,Exact
A5100410576,Yang Liu,doi:10.18632/oncotarget.3118,10.18632/oncotarget.3118,Yang Liu,2015,2026,11,Exact
A5100410602,Yu Zhang,doi:10.3233/jifs-191096,10.3233/jifs-191096,Yu Zhang,2020,2025,5,Exact
A5100411784,Dan Wang,doi:10.1080/21655979.2022.2061296,10.1080/21655979.2022.2061296,Dan Wang,2022,2023,1,Exact
A5100411792,Dan Wang,doi:10.1097/fjc.0000000000000679,10.1097/fjc.0000000000000679,Dan Wang,2019,2020,1,Exact
A5100411794,Dan Wang,doi:10.1109/cicc-itoe.2010.36,10.1109/cicc-itoe.2010.36,Dan Wang,2010,2010,0,Exact
A5100411794,Dan Wang,doi:10.1016/j.patcog.2017.07.033,10.1016/j.patcog.2017.07.033,Dan Wang,2017,2018,1,Exact
A5100411794,Dan Wang,doi:10.1155/2022/6100702,10.1155/2022/6100702,Dan Wang,2022,2022,0,Exact
A5100411794,Dan Wang,doi:10.1155/2022/1104633,10.1155/2022/1104633,Dan Wang,2022,2023,1,Exact
A5100411794,Dan Wang,doi:10.1155/2022/9689769,10.1155/2022/9689769,Dan Wang,2022,2023,1,Exact
A5100411794,Dan Wang,doi:10.1007/s00500-023-08169-x,10.1007/s00500-023-08169-x,Dan Wang,2023,2026,3,Exact
A5100411797,Dan Wang,doi:10.1109/icbbe.2011.5780238,10.1109/icbbe.2011.5780238,Dan Wang,2011,2011,0,Exact
A5100411812,Dan Wang,doi:10.1038/srep21884,10.1038/srep21884,Dan Wang,2016,2022,6,Exact
A5100411814,Dan Wang,doi:10.1186/1746-1596-8-172,10.1186/1746-1596-8-172,Dan Wang,2013,2015,2,Exact
A5100411814,Dan Wang,doi:10.1002/jcb.26720,10.1002/jcb.26720,Dan Wang,2018,2021,3,Exact
A5100411814,Dan Wang,doi:10.1097/md.0000000000006746,10.1097/md.0000000000006746,Dan Wang,2017,2021,4,Exact
A5100411814,Dan Wang,doi:10.1007/s00774-018-0961-9,10.1007/s00774-018-0961-9,Dan Wang,2018,2022,4,Exact
A5100411814,Dan Wang,doi:10.1042/bsr20180668,10.1042/bsr20180668,Dan Wang,2018,2024,6,Exact
A5100411814,Dan Wang,doi:10.1371/journal.pone.0177843,10.1371/journal.pone.0177843,Dan Wang,2017,2026,9,Exact
A5100411815,Dan Wang,doi:10.1111/srt.13853,10.1111/srt.13853,Dan Wang,2024,2025,1,Exact
A5100411817,Dan Wang,doi:10.18632/oncotarget.14468,10.18632/oncotarget.14468,Dan Wang,2017,2025,8,Exact
A5100411823,Dan Wang,doi:10.1155/2022/4278058,10.1155/2022/4278058,Dan Wang,2022,2023,1,Exact
A5100411823,Dan Wang,doi:10.3233/jifs-233826,10.3233/jifs-233826,Dan Wang,2024,2024,0,Exact
A5100411823,Dan Wang,doi:10.1016/j.fuel.2022.127126,10.1016/j.fuel.2022.127126,Dan Wang,2022,2025,3,Exact
A5100411831,Dan Wang,doi:10.1016/j.diabres.2015.01.042,10.1016/j.diabres.2015.01.042,Dan Wang,2015,2015,0,Exact
A5100411833,Dan Wang,doi:10.1155/2021/1234003,10.1155/2021/1234003,Dan Wang,2021,2023,2,Exact
A5100411839,Dan Wang,doi:10.1038/s41598-021-83145-9,10.1038/s41598-021-83145-9,Dan Wang,2021,2022,1,Exact
A5100411848,Dan Wang,doi:10.3390/biom9070275,10.3390/biom9070275,Dan Wang,2019,2020,1,Exact
A5100411848,Dan Wang,doi:10.1038/s41598-017-09668-2,10.1038/s41598-017-09668-2,Dan Wang,2017,2024,7,Exact
A5100411850,Dan Wang,doi:10.1371/journal.pgen.1008592,10.1371/journal.pgen.1008592,Dan Wang,2020,2024,4,Exact
A5100411859,Dan Wang,doi:10.1109/icbbe.2011.5780694,10.1109/icbbe.2011.5780694,Dan Wang,2011,2011,0,Exact
A5100411862,Dan Wang,doi:10.1080/1206212x.2020.1735764,10.1080/1206212x.2020.1735764,Dan Wang,2020,2021,1,Exact
A5100411866,Dan Wang,doi:10.3892/ijmm.2016.2614,10.3892/ijmm.2016.2614,Dan Wang,2016,2024,8,Exact
A5100411886,Dan Wang,doi:10.1007/s10876-021-02201-6,10.1007/s10876-021-02201-6,Dan Wang,2021,2024,3,Exact
A5100411888,Dan Wang,doi:10.1192/bjo.2021.46,10.1192/bjo.2021.46,Dan Wang,2021,2024,3,Exact
A5100411904,Dan Wang,doi:10.1007/s00500-023-08162-4,10.1007/s00500-023-08162-4,Dan Wang,2023,2024,1,Exact
A5100413042,Ping Wang,doi:10.1109/icbbe.2011.5780138,10.1109/icbbe.2011.5780138,Ping Wang,2011,2011,0,Exact
A5100413042,Ping Wang,doi:10.1155/2022/6469380,10.1155/2022/6469380,Ping Wang,2022,2023,1,Exact
A5100413406,Jing Liu,doi:10.1007/s12517-021-07201-4,10.1007/s12517-021-07201-4,Jing Liu,2021,2021,0,Exact
A5100414003,Ying Li,doi:10.1155/2022/5481552,10.1155/2022/5481552,Ying Li,2022,2023,1,Exact
A5100414021,Ying Liu,doi:10.1109/esiat.2010.5568349,10.1109/esiat.2010.5568349,Ying Liu,2010,2010,0,Exact
A5100414025,Ying Li,doi:10.1155/2022/4350703,10.1155/2022/4350703,Ying Li,2022,2023,1,Exact
A5100414034,Ying Li,doi:10.1097/md.0000000000030281,10.1097/md.0000000000030281,Ying Li,2022,2022,0,Exact
A5100414044,Ying Liu,doi:10.1016/j.jphs.2018.07.008,10.1016/j.jphs.2018.07.008,Ying Liu,2018,2025,7,Exact
A5100414049,Ying Li,doi:10.1177/2058738419857550,10.1177/2058738419857550,Ying Li,2019,2021,2,Exact
A5100414057,Ying Liu,doi:10.1155/2022/1645204,10.1155/2022/1645204,Ying Liu,2022,2023,1,Exact
A5100414057,Ying Liu,doi:10.1371/journal.pone.0089097,10.1371/journal.pone.0089097,Ying Liu,2014,2023,9,Exact
A5100414090,Ying Liu,doi:10.1186/s12943-020-01206-5,10.1186/s12943-020-01206-5,Ying Liu,2020,2022,2,Exact
A5100414092,Ying Liu,doi:10.1155/2022/1993281,10.1155/2022/1993281,Ying Liu,2022,2023,1,Exact
A5100414092,Ying Liu,doi:10.1155/2022/9883144,10.1155/2022/9883144,Ying Liu,2022,2023,1,Exact
A5100414092,Ying Liu,doi:10.3233/jifs-179081,10.3233/jifs-179081,Ying Liu,2019,2025,6,Exact
A5100414097,Ying Liu,doi:10.1155/2014/827989,10.1155/2014/827989,Ying Liu,2014,2020,6,Exact
A5100414133,Ying Li,doi:10.1155/2022/6737202,10.1155/2022/6737202,Ying Li,2022,2023,1,Exact
A5100414136,Ying Li,doi:10.1155/2021/4990941,10.1155/2021/4990941,Ying Li,2021,2023,2,Exact
A5100414136,Ying Li,doi:10.1155/2021/6702965,10.1155/2021/6702965,Ying Li,2021,2023,2,Exact
A5100414148,Ying Li,doi:10.1016/j.heliyon.2024.e24396,10.1016/j.heliyon.2024.e24396,Ying Li,2024,2025,1,Exact
A5100414156,Ying Li,doi:10.2147/ijn.s113882,10.2147/ijn.s113882,Ying Li,2016,2024,8,Exact
A5100414175,Ying Li,doi:10.1109/icbbe.2011.5780861,10.1109/icbbe.2011.5780861,Ying Li,2011,2011,0,Exact
A5100414179,Ying Li,doi:10.2147/cmar.s246691,10.2147/cmar.s246691,Ying Li,2020,2020,0,Exact
A5100414179,Ying Li,doi:10.1111/iwj.14589,10.1111/iwj.14589,Ying Li,2023,2025,2,Exact
A5100414192,Ying Li,doi:10.1590/1414-431x20186555,10.1590/1414-431x20186555,Ying Li,2018,2021,3,Exact
A5100414193,Ying Liu,doi:10.1109/ifita.2009.262,10.1109/ifita.2009.262,Ying Liu,2009,2009,0,Exact
A5100414208,Ying Li,doi:10.1080/24701556.2020.1729190,10.1080/24701556.2020.1729190,Ying Li,2020,2024,4,Exact
A5100414212,Ying Liu,doi:10.3233/jifs-189355,10.3233/jifs-189355,Ying Liu,2020,2025,5,Exact
A5100414223,Ying Liu,doi:10.1109/qr2mse.2013.6625747,10.1109/qr2mse.2013.6625747,Ying Liu,2013,2013,0,Exact
A5100414228,Ying Li,doi:10.3233/cbm-170388,10.3233/cbm-170388,Ying Li,2017,2022,5,Exact
A5100414228,Ying Li,doi:10.3389/fcvm.2021.645378,10.3389/fcvm.2021.645378,Ying Li,2021,2023,2,Exact
A5100414228,Ying Li,doi:10.1155/2021/1040171,10.1155/2021/1040171,Ying Li,2021,2024,3,Exact
A5100414249,Ying Liu,doi:10.18632/oncotarget.19845,10.18632/oncotarget.19845,Ying Liu,2017,2026,9,Exact
A5100414283,Ying Liu,doi:10.1155/2022/7153456,10.1155/2022/7153456,Ying Liu,2022,2023,1,Exact
A5100414285,Ying Liu,doi:10.1002/jcb.26729,10.1002/jcb.26729,Ying Liu,2018,2021,3,Exact
A5100414285,Ying Liu,doi:10.1039/c9nr05791a,10.1039/c9nr05791a,Ying Liu,2019,2022,3,Exact
A5100414285,Ying Liu,doi:10.1039/d1nr05353a,10.1039/d1nr05353a,Ying Liu,2022,2022,0,Exact
A5100414285,Ying Liu,doi:10.1080/10717544.2019.1710622,10.1080/10717544.2019.1710622,Ying Liu,2020,2022,2,Exact
A5100414285,Ying Liu,doi:10.1186/s11671-017-1826-1,10.1186/s11671-017-1826-1,Ying Liu,2017,2022,5,Exact
A5100414285,Ying Liu,doi:10.3390/vaccines10010002,10.3390/vaccines10010002,Ying Liu,2021,2022,1,Exact
A5100414285,Ying Liu,doi:10.1155/2021/4468140,10.1155/2021/4468140,Ying Liu,2021,2023,2,Exact
A5100414285,Ying Liu,doi:10.1155/2022/3597200,10.1155/2022/3597200,Ying Liu,2022,2023,1,Exact
A5100414285,Ying Liu,doi:10.1155/2022/4552356,10.1155/2022/4552356,Ying Liu,2022,2023,1,Exact
A5100414285,Ying Liu,doi:10.1155/2022/9910049,10.1155/2022/9910049,Ying Liu,2022,2023,1,Exact
A5100414285,Ying Liu,doi:10.1159/000438546,10.1159/000438546,Ying Liu,2015,2023,8,Exact
A5100414285,Ying Liu,doi:10.1155/2022/8282624,10.1155/2022/8282624,Ying Liu,2022,2024,2,Exact
A5100414285,Ying Liu,doi:10.1016/j.heliyon.2024.e26100,10.1016/j.heliyon.2024.e26100,Ying Liu,2024,2026,2,Exact
A5100414291,Ying Liu,doi:10.1159/000490865,10.1159/000490865,Ying Liu,2018,2023,5,Exact
A5100414293,Ying Liu,doi:10.1590/1414-431x20198525,10.1590/1414-431x20198525,Ying Liu,2019,2019,0,Exact
A5100414299,Ying Li,doi:10.1016/j.watres.2006.04.009,10.1016/j.watres.2006.04.009,Ying Li,2006,2022,16,Exact
A5100414308,Ying Li,doi:10.18632/oncotarget.15255,10.18632/oncotarget.15255,Ying Li,2017,2026,9,Exact
A5100414317,Ying Liu,doi:10.1371/journal.pone.0155518,10.1371/journal.pone.0155518,Ying Liu,2016,2023,7,Exact
A5100414320,Ying Li,doi:10.1016/j.ejpb.2019.05.005,10.1016/j.ejpb.2019.05.005,Ying Li,2019,2019,0,Exact
A5100414321,Ying Li,doi:10.1002/cpe.4716,10.1002/cpe.4716,Ying Li,2018,2019,1,Exact
A5100414323,Ying Li,doi:10.3389/fpls.2020.00332,10.3389/fpls.2020.00332,Ying Li,2020,2021,1,Exact
A5100414341,Ying Liu,doi:10.1016/j.clinre.2014.07.006,10.1016/j.clinre.2014.07.006,Ying Liu,2014,2025,11,Exact
A5100414379,Ying Liu,doi:10.1177/0020720920984310,10.1177/0020720920984310,Ying Liu,2021,2023,2,Exact
A5100414387,Ying Liu,doi:10.1088/1742-6596/1168/3/032004,10.1088/1742-6596/1168/3/032004,Ying Liu,2019,2022,3,Exact
A5100414390,Ying Li,doi:10.1109/icnc.2011.6022516,10.1109/icnc.2011.6022516,Ying Li,2011,2011,0,Exact
A5100414403,Ying Liu,doi:10.1007/s00500-023-07991-7,10.1007/s00500-023-07991-7,Ying Liu,2023,2024,1,Exact
A5100414405,Ying Liu,doi:10.1002/ijc.31977,10.1002/ijc.31977,Ying Liu,2019,2022,3,Exact
A5100414405,Ying Liu,doi:10.1038/s41388-018-0619-z,10.1038/s41388-018-0619-z,Ying Liu,2018,2023,5,Exact
A5100414405,Ying Liu,doi:10.1159/000502694,10.1159/000502694,Ying Liu,2019,2023,4,Exact
A5100414426,Ying Li,doi:10.1016/j.ymthe.2021.02.009,10.1016/j.ymthe.2021.02.009,Ying Li,2021,2022,1,Exact
A5100414452,Ying Liu,doi:10.1186/s13568-020-01094-4,10.1186/s13568-020-01094-4,Ying Liu,2020,2022,2,Exact
A5100414459,Ying Liu,doi:10.4081/ejh.2020.3135,10.4081/ejh.2020.3135,Ying Liu,2020,2020,0,Exact
A5100414460,Ying Li,doi:10.1016/j.bbr.2012.08.027,10.1016/j.bbr.2012.08.027,Ying Li,2012,2020,8,Exact
A5100414460,Ying Li,doi:10.1111/j.1471-4159.2012.07717.x,10.1111/j.1471-4159.2012.07717.x,Ying Li,2012,2020,8,Exact
A5100414460,Ying Li,doi:10.1152/jn.00791.2003,10.1152/jn.00791.2003,Ying Li,2003,2022,19,Exact
A5100414460,Ying Li,doi:10.1111/j.1469-7793.2001.0431k.x,10.1111/j.1469-7793.2001.0431k.x,Ying Li,2001,2023,22,Exact
A5100414460,Ying Li,doi:10.1113/jphysiol.2004.064816,10.1113/jphysiol.2004.064816,Ying Li,2004,2023,19,Exact
A5100414460,Ying Li,doi:10.1113/jphysiol.2005.096073,10.1113/jphysiol.2005.096073,Ying Li,2005,2023,18,Exact
A5100414460,Ying Li,doi:10.1152/ajpgi.00039.2005,10.1152/ajpgi.00039.2005,Ying Li,2005,2023,18,Exact
A5100414460,Ying Li,doi:10.1152/ajpgi.00356.2010,10.1152/ajpgi.00356.2010,Ying Li,2010,2023,13,Exact
A5100414460,Ying Li,doi:10.1152/ajpgi.00452.2007,10.1152/ajpgi.00452.2007,Ying Li,2008,2023,15,Exact
A5100414460,Ying Li,doi:10.1053/j.gastro.2009.01.069,10.1053/j.gastro.2009.01.069,Ying Li,2009,2024,15,Exact
A5100414463,Ying Li,doi:10.1080/21691401.2019.1709856,10.1080/21691401.2019.1709856,Ying Li,2020,2023,3,Exact
A5100414464,Ying Li,doi:10.1371/journal.pone.0290015,10.1371/journal.pone.0290015,Ying Li,2023,2024,1,Exact
A5100414467,Ying Li,doi:10.1371/journal.pone.0053431,10.1371/journal.pone.0053431,Ying Li,2013,2021,8,Exact
A5100414473,Ying Liu,doi:10.1159/000495097,10.1159/000495097,Ying Liu,2018,2021,3,Exact
A5100414473,Ying Liu,doi:10.3892/or.2015.3986,10.3892/or.2015.3986,Ying Liu,2015,2021,6,Exact
A5100414473,Ying Liu,doi:10.1155/2022/4425680,10.1155/2022/4425680,Ying Liu,2022,2023,1,Exact
A5100414473,Ying Liu,doi:10.1155/2022/9557330,10.1155/2022/9557330,Ying Liu,2022,2023,1,Exact
A5100414483,Ying Li,doi:10.1109/qr2mse.2013.6625664,10.1109/qr2mse.2013.6625664,Ying Li,2013,2013,0,Exact
A5100414484,Ying Li,doi:10.1007/s11144-011-0330-3,10.1007/s11144-011-0330-3,Ying Li,2011,2011,0,Exact
A5100414485,Ying Li,doi:10.3233/jifs-212590,10.3233/jifs-212590,Ying Li,2022,2024,2,Exact
A5100414488,Ying Liu,doi:10.1155/2022/8809708,10.1155/2022/8809708,Ying Liu,2022,2023,1,Exact
A5100414490,Ying Liu,doi:10.1107/s1600536808038178,10.1107/s1600536808038178,Ying Liu,2008,2012,4,Exact
A5100414490,Ying Liu,doi:10.1080/24701556.2020.1841233,10.1080/24701556.2020.1841233,Ying Liu,2020,2023,3,Exact
A5100415140,Wei Zhang,doi:10.1109/ett.2009.87,10.1109/ett.2009.87,Wei Zhang,2009,2010,1,Exact
A5100415140,Wei Zhang,doi:10.1109/icbbe.2011.5781054,10.1109/icbbe.2011.5781054,Wei Zhang,2011,2011,0,Exact
A5100417894,Dan Wang,doi:10.1007/s00500-024-09640-z,10.1007/s00500-024-09640-z,Dan Wang,2024,2025,1,Exact
A5100418062,Ling Wang,doi:10.1002/tox.22493,10.1002/tox.22493,Ling Wang,2017,2018,1,Exact
A5100418063,Ling Wang,doi:10.3892/mmr.2014.2732,10.3892/mmr.2014.2732,Ling Wang,2014,2021,7,Exact
A5100418066,Wang Ling,doi:10.1002/tox.22393,10.1002/tox.22393,Ling Wang,2017,2018,1,Exact
A5100418072,Ling Wang,doi:10.1371/journal.pone.0043834,10.1371/journal.pone.0043834,Ling Wang,2012,2021,9,Exact
A5100418073,Ling Wang,doi:10.1371/journal.pone.0059378,10.1371/journal.pone.0059378,Ling Wang,2013,2024,11,Exact
A5100418073,Ling Wang,doi:10.3727/096504018x15150662230295,10.3727/096504018x15150662230295,Ling Wang,2018,2024,6,Exact
A5100418722,Li Liu,doi:10.1371/journal.pone.0219803,10.1371/journal.pone.0219803,Li Liu,2019,2025,6,Exact
A5100418746,Li Liu,doi:10.1109/qr2mse.2013.6625654,10.1109/qr2mse.2013.6625654,Li Liu,2013,2013,0,Exact
A5100418746,Li Liu,doi:10.1109/qr2mse.2013.6625752,10.1109/qr2mse.2013.6625752,Li Liu,2013,2013,0,Exact
A5100418746,Li Liu,doi:10.1155/2022/9213877,10.1155/2022/9213877,Li Liu,2022,2023,1,Exact
A5100418747,Li Liu,doi:10.1111/iwj.14451,10.1111/iwj.14451,Li Liu,2023,2025,2,Exact
A5100418765,Li Liu,doi:10.1080/15384101.2019.1657338,10.1080/15384101.2019.1657338,Li Liu,2019,2022,3,Exact
A5100418765,Li Liu,doi:10.1016/j.micpro.2021.104018,10.1016/j.micpro.2021.104018,Li Liu,2021,2023,2,Exact
A5100418768,Li Liu,doi:10.1186/s12879-020-05630-2,10.1186/s12879-020-05630-2,Li Liu,2020,2023,3,Exact
A5100418768,Li Liu,doi:10.1016/j.cellsig.2021.109982,10.1016/j.cellsig.2021.109982,Li Liu,2021,2024,3,Exact
A5100418770,Li Liu,doi:10.1007/s10876-019-01662-0,10.1007/s10876-019-01662-0,Li Liu,2019,2024,5,Exact
A5100418783,Li Liu,doi:10.1007/s10916-019-1356-8,10.1007/s10916-019-1356-8,Li Liu,2019,2023,4,Exact
A5100418789,Li Liu,doi:10.1159/000490020,10.1159/000490020,Li Liu,2018,2024,6,Exact
A5100418815,Li Liu,doi:10.1111/1755-6724.13780,10.1111/1755-6724.13780,Li Liu,2019,2020,1,Exact
A5100418815,Li Liu,doi:10.1155/2022/4755728,10.1155/2022/4755728,Li Liu,2022,2023,1,Exact
A5100418817,Li Liu,doi:10.3389/fphys.2021.646903,10.3389/fphys.2021.646903,Li Liu,2021,2022,1,Exact
A5100418822,Li Liu,doi:10.1111/j.1365-2702.2008.02689.x,10.1111/j.1365-2702.2008.02689.x,Li Liu,2009,2015,6,Exact
A5100418828,Li Liu,doi:10.1038/s41467-018-07998-x,10.1038/s41467-018-07998-x,Li Liu,2019,2023,4,Exact
A5100418828,Li Liu,doi:10.1155/2022/4632453,10.1155/2022/4632453,Li Liu,2022,2023,1,Exact
A5100418831,Li Liu,doi:10.1155/2022/1031682,10.1155/2022/1031682,Li Liu,2022,2023,1,Exact
A5100418834,Li Liu,doi:10.1155/2021/6616434,10.1155/2021/6616434,Li Liu,2021,2024,3,Exact
A5100418834,Li Liu,doi:10.1155/2021/6644827,10.1155/2021/6644827,Li Liu,2021,2024,3,Exact
A5100418834,Li Liu,doi:10.1155/2021/6653802,10.1155/2021/6653802,Li Liu,2021,2024,3,Exact
A5100418834,Li Liu,doi:10.3389/fcvm.2021.759164,10.3389/fcvm.2021.759164,Li Liu,2022,2024,2,Exact
A5100418837,Li Liu,doi:10.1109/icbbe.2011.5781184,10.1109/icbbe.2011.5781184,Li Liu,2011,2011,0,Exact
A5100418845,Li Liu,doi:10.3390/cells8060616,10.3390/cells8060616,Li Liu,2019,2020,1,Exact
A5100418848,Li Liu,doi:10.1155/2022/1385774,10.1155/2022/1385774,Li Liu,2022,2023,1,Exact
A5100418864,Li Liu,doi:10.1109/etcs.2010.21,10.1109/etcs.2010.21,Li Liu,2010,2010,0,Exact
A5100418867,Li Liu,doi:10.1016/j.yexmp.2019.104281,10.1016/j.yexmp.2019.104281,Li Liu,2019,2022,3,Exact
A5100418876,Li Liu,doi:10.1109/etcs.2010.411,10.1109/etcs.2010.411,Li Liu,2010,2010,0,Exact
A5100418876,Li Liu,doi:10.1109/qr2mse.2013.6625873,10.1109/qr2mse.2013.6625873,Li Liu,2013,2013,0,Exact
A5100418876,Li Liu,doi:10.1155/2022/4577411,10.1155/2022/4577411,Li Liu,2022,2023,1,Exact
A5100418889,Li Liu,doi:10.1016/j.apsusc.2018.10.146,10.1016/j.apsusc.2018.10.146,Li Liu,2018,2022,4,Exact
A5100418889,Li Liu,doi:10.1016/j.apt.2018.10.014,10.1016/j.apt.2018.10.014,Li Liu,2018,2022,4,Exact
A5100418899,Li Liu,doi:10.7150/jca.29953,10.7150/jca.29953,Li Liu,2019,2019,0,Exact
A5100418899,Li Liu,doi:10.1080/15384101.2019.1710912,10.1080/15384101.2019.1710912,Li Liu,2020,2022,2,Exact
A5100418899,Li Liu,doi:10.1016/j.biopha.2018.06.135,10.1016/j.biopha.2018.06.135,Li Liu,2018,2023,5,Exact
A5100418902,Li Liu,doi:10.1016/j.lfs.2019.116948,10.1016/j.lfs.2019.116948,Li Liu,2019,2022,3,Exact
A5100418903,Li Liu,doi:10.1111/j.1750-3841.2012.02959.x,10.1111/j.1750-3841.2012.02959.x,Li Liu,2012,2014,2,Exact
A5100418911,Li Liu,doi:10.1016/j.omto.2020.03.009,10.1016/j.omto.2020.03.009,Li Liu,2020,2023,3,Exact
A5100418914,Li Liu,doi:10.1016/j.cbi.2021.109760,10.1016/j.cbi.2021.109760,Li Liu,2021,2022,1,Exact
A5100418914,Li Liu,doi:10.3233/rnn-201041,10.3233/rnn-201041,Li Liu,2020,2023,3,Exact
A5100418937,Li Liu,doi:10.1109/icebeg.2011.5886908,10.1109/icebeg.2011.5886908,Li Liu,2011,2011,0,Exact
A5100418953,Zhang Li,doi:10.1109/icbbe.2011.5781586,10.1109/icbbe.2011.5781586,Li Zhang,2011,2011,0,Exact
A5100418953,Zhang Li,doi:10.3892/mmr.2017.7680,10.3892/mmr.2017.7680,Li Zhang,2017,2024,7,Exact
A5100418953,Zhang Li,doi:10.1016/j.intimp.2019.106123,10.1016/j.intimp.2019.106123,Li Zhang,2020,2025,5,Exact
A5100419713,Yong Zhang,doi:10.18632/oncotarget.20935,10.18632/oncotarget.20935,Yong Zhang,2017,2025,8,Exact
A5100419729,Yong Zhang,doi:10.1155/2022/7151414,10.1155/2022/7151414,Yong Zhang,2022,2023,1,Exact
A5100419729,Yong Zhang,doi:10.1155/2022/4757081,10.1155/2022/4757081,Yong Zhang,2022,2024,2,Exact
A5100419731,Yong Zhang,doi:10.1145/3465631.3465673,10.1145/3465631.3465673,Yong Zhang,2021,2022,1,Exact
A5100419755,Yong Zhang,doi:10.1155/2022/8735099,10.1155/2022/8735099,Yong Zhang,2022,2023,1,Exact
A5100419763,Yong Zhang,doi:10.1007/s12517-021-07943-1,10.1007/s12517-021-07943-1,Yong Zhang,2021,2021,0,Exact
A5100419785,Yong Zhang,doi:10.1073/pnas.1301810110,10.1073/pnas.1301810110,Yong Zhang,2013,2017,4,Exact
A5100419785,Yong Zhang,doi:10.1089/dna.2015.2915,10.1089/dna.2015.2915,Yong Zhang,2015,2021,6,Exact
A5100419798,Yong Zhang,doi:10.1016/j.atmosres.2012.11.008,10.1016/j.atmosres.2012.11.008,Yong Zhang,2012,2013,1,Exact
A5100419818,Yong Zhang,doi:10.1155/2022/1681038,10.1155/2022/1681038,Yong Zhang,2022,2023,1,Exact
A5100419828,Yong Zhang,doi:10.1074/jbc.m801035200,10.1074/jbc.m801035200,Yong Zhang,2008,2011,3,Exact
A5100419828,Yong Zhang,doi:10.1016/j.prp.2018.07.001,10.1016/j.prp.2018.07.001,Yong Zhang,2018,2020,2,Exact
A5100419828,Yong Zhang,doi:10.1186/s12943-018-0783-3,10.1186/s12943-018-0783-3,Yong Zhang,2018,2022,4,Exact
A5100419847,Yong Zhang,doi:10.1186/1687-1499-2012-133,10.1186/1687-1499-2012-133,Yong Zhang,2012,2012,0,Exact
A5100419847,Yong Zhang,doi:10.3233/jifs-213502,10.3233/jifs-213502,Yong Zhang,2022,2024,2,Exact
A5100419855,Yong Zhang,doi:10.1016/j.injury.2016.03.034,10.1016/j.injury.2016.03.034,Yong Zhang,2016,2016,0,Exact
A5100419855,Yong Zhang,doi:10.1371/journal.pone.0057382,10.1371/journal.pone.0057382,Yong Zhang,2013,2024,11,Exact
A5100419902,Yong Zhang,doi:10.1155/2021/3804271,10.1155/2021/3804271,Yong Zhang,2021,2023,2,Exact
A5100420940,Jun Li,doi:10.1155/2022/2177176,10.1155/2022/2177176,Jun Li,2022,2023,1,Exact
A5100420981,Juan Li,doi:10.1039/c9ra06107j,10.1039/c9ra06107j,Juan Li,2019,2021,2,Exact
A5100420981,Juan Li,doi:10.1186/s12943-019-0947-9,10.1186/s12943-019-0947-9,Juan Li,2019,2025,6,Exact
A5100420982,Juan Li,doi:10.1080/1206212x.2020.1733791,10.1080/1206212x.2020.1733791,Juan Li,2020,2022,2,Exact
A5100420987,Juan Li,doi:10.1109/icbbe.2011.5780751,10.1109/icbbe.2011.5780751,Juan Li,2011,2011,0,Exact
A5100420987,Juan Li,doi:10.1007/s12035-016-9867-5,10.1007/s12035-016-9867-5,Juan Li,2016,2017,1,Exact
A5100420987,Juan Li,doi:10.1371/journal.pone.0090952,10.1371/journal.pone.0090952,Juan Li,2014,2020,6,Exact
A5100420987,Juan Li,doi:10.1371/journal.pone.0116170,10.1371/journal.pone.0116170,Juan Li,2015,2020,5,Exact
A5100420987,Juan Li,doi:10.1155/2022/6193110,10.1155/2022/6193110,Juan Li,2022,2023,1,Exact
A5100421009,Juan Li,doi:10.2147/cmar.s184381,10.2147/cmar.s184381,Juan Li,2018,2023,5,Exact
A5100421013,Juan Li,doi:10.1016/j.lfs.2018.11.046,10.1016/j.lfs.2018.11.046,Juan Li,2018,2020,2,Exact
A5100421017,Juan Li,doi:10.1155/2022/4746121,10.1155/2022/4746121,Juan Li,2022,2023,1,Exact
A5100421024,Juan Li,doi:10.18632/aging.102756,10.18632/aging.102756,Juan Li,2020,2024,4,Exact
A5100421027,Juan Li,doi:10.1109/icbbe.2011.5781140,10.1109/icbbe.2011.5781140,Juan Li,2011,2011,0,Exact
A5100421045,Juan Li,doi:10.1109/icmss.2009.5303158,10.1109/icmss.2009.5303158,Juan Li,2009,2009,0,Exact
A5100421057,Juan Li,doi:10.1267/ahc.21-00040,10.1267/ahc.21-00040,Juan Li,2021,2023,2,Exact
A5100421060,Juan Li,doi:10.1371/journal.pone.0150790,10.1371/journal.pone.0150790,Juan Li,2016,2021,5,Exact
A5100421078,Juan Li,doi:10.1016/j.transproceed.2019.02.036,10.1016/j.transproceed.2019.02.036,Juan Li,2020,2020,0,Exact
A5100421080,Juan Li,doi:10.1021/acs.analchem.9b03539,10.1021/acs.analchem.9b03539,Juan Li,2019,2019,0,Exact
A5100421080,Juan Li,doi:10.1080/15384101.2020.1749465,10.1080/15384101.2020.1749465,Juan Li,2020,2021,1,Exact
A5100421080,Juan Li,doi:10.1155/2021/8032978,10.1155/2021/8032978,Juan Li,2021,2024,3,Exact
A5100421250,Yang Li,doi:10.1631/jzus.b1800530,10.1631/jzus.b1800530,Yang Li,2019,2019,0,Exact
A5100421250,Yang Li,doi:10.1016/j.jwpe.2019.101072,10.1016/j.jwpe.2019.101072,Yang Li,2019,2020,1,Exact
A5100421258,Yang Li,doi:10.1155/2022/8717950,10.1155/2022/8717950,Yang Li,2022,2023,1,Exact
A5100421277,Yang Li,doi:10.1520/jte20230019,10.1520/jte20230019,Yang Li,2024,2026,2,Exact
A5100421314,Yang Li,doi:10.7554/elife.44594,10.7554/elife.44594,Yang Li,2019,2020,1,Exact
A5100421320,Yang Li,doi:10.29333/ejmste/86214,10.29333/ejmste/86214,Yang Li,2018,2019,1,Exact
A5100421326,Yang Li,doi:10.1155/2022/1758113,10.1155/2022/1758113,Yang Li,2022,2023,1,Exact
A5100421336,Yang Li,doi:10.1155/2021/6101078,10.1155/2021/6101078,Yang Li,2021,2023,2,Exact
A5100421383,Yang Li,doi:10.3892/or.2014.2991,10.3892/or.2014.2991,Yang Li,2014,2020,6,Exact
A5100421383,Yang Li,doi:10.1007/s13277-015-4674-6,10.1007/s13277-015-4674-6,Yang Li,2015,2021,6,Exact
A5100421383,Yang Li,doi:10.3892/mmr.2015.3991,10.3892/mmr.2015.3991,Yang Li,2015,2024,9,Exact
A5100421472,Yang Li,doi:10.1109/iciecs.2010.5678220,10.1109/iciecs.2010.5678220,Yang Li,2010,2010,0,Exact
A5100421479,Yang Li,doi:10.1109/icbbe.2011.5781173,10.1109/icbbe.2011.5781173,Yang Li,2011,2011,0,Exact
A5100421485,Yang Li,doi:10.1177/0020720920931067,10.1177/0020720920931067,Yang Li,2020,2023,3,Exact
A5100421521,Yang Li,doi:10.1016/j.omtn.2020.09.025,10.1016/j.omtn.2020.09.025,Yang Li,2020,2023,3,Exact
A5100421591,Yang Li,doi:10.2147/ott.s168654,10.2147/ott.s168654,Yang Li,2021,2021,0,Exact
A5100421591,Yang Li,doi:10.1371/journal.pone.0232433,10.1371/journal.pone.0232433,Yang Li,2020,2025,5,Exact
A5100421604,Yang Li,doi:10.3892/ijmm.2016.2685,10.3892/ijmm.2016.2685,Yang Li,2016,2024,8,Exact
A5100421612,Yang Li,doi:10.1155/2022/8721654,10.1155/2022/8721654,Yang Li,2022,2023,1,Exact
A5100421619,Yang Li,doi:10.29333/ejmste/91730,10.29333/ejmste/91730,Yang Li,2018,2019,1,Exact
A5100421627,Yang Li,doi:10.1155/2021/6627925,10.1155/2021/6627925,Yang Li,2021,2024,3,Exact
A5100421656,Yang Li,doi:10.1016/j.exis.2025.101628,10.1016/j.exis.2025.101628,Yang Li,2025,2025,0,Exact
A5100421668,Yang Li,doi:10.1109/cise.2009.5367044,10.1109/cise.2009.5367044,Yang Li,2009,2009,0,Exact
A5100421672,Yang Li,doi:10.1021/acs.jpclett.0c01062,10.1021/acs.jpclett.0c01062,Yang Li,2020,2020,0,Exact
A5100421729,Yang Li,doi:10.1038/cddis.2017.223,10.1038/cddis.2017.223,Yang Li,2017,2020,3,Exact
A5100421729,Yang Li,doi:10.1155/2022/3708547,10.1155/2022/3708547,Yang Li,2022,2023,1,Exact
A5100421742,Yang Li,doi:10.3892/ijo.2013.2046,10.3892/ijo.2013.2046,Yang Li,2013,2023,10,Exact
A5100421742,Yang Li,doi:10.3892/mmr.2015.4511,10.3892/mmr.2015.4511,Yang Li,2015,2023,8,Exact
A5100421770,Yang Li,doi:10.1155/2022/9785584,10.1155/2022/9785584,Yang Li,2022,2023,1,Exact
A5100421779,Yang Li,doi:10.1002/cnr2.1190,10.1002/cnr2.1190,Yang Li,2019,2019,0,Exact
A5100421802,Yang Li,doi:10.1007/s13277-015-4447-2,10.1007/s13277-015-4447-2,Yang Li,2015,2017,2,Exact
A5100421802,Yang Li,doi:10.1002/jcb.26381,10.1002/jcb.26381,Yang Li,2017,2019,2,Exact
A5100421802,Yang Li,doi:10.1155/2022/5740181,10.1155/2022/5740181,Yang Li,2022,2022,0,Exact
A5100421802,Yang Li,doi:10.2147/cmar.s244573,10.2147/cmar.s244573,Yang Li,2020,2024,4,Exact
A5100421808,Yang Li,doi:10.1007/s10772-020-09719-6,10.1007/s10772-020-09719-6,Yang Li,2020,2022,2,Exact
A5100421809,Yang Li,doi:10.1039/c9ra06136c,10.1039/c9ra06136c,Yang Li,2019,2021,2,Exact
A5100421809,Yang Li,doi:10.1016/j.biopha.2018.06.073,10.1016/j.biopha.2018.06.073,Yang Li,2018,2023,5,Exact
A5100421839,Yang Li,doi:10.1016/j.biopha.2019.109622,10.1016/j.biopha.2019.109622,Yang Li,2019,2023,4,Exact
A5100421941,Rui Zhang,doi:10.1109/icbbe.2011.5781430,10.1109/icbbe.2011.5781430,Rui Zhang,2011,2011,0,Exact
A5100421943,Rui Zhang,doi:10.2147/dddt.s209694,10.2147/dddt.s209694,Rui Zhang,2019,2023,4,Exact
A5100421967,Rui Zhang,doi:10.12659/msm.910955,10.12659/msm.910955,Rui Zhang,2018,2021,3,Exact
A5100421978,Rui Zhang,doi:10.1109/icmss.2009.5301787,10.1109/icmss.2009.5301787,Rui Zhang,2009,2009,0,Exact
A5100421978,Rui Zhang,doi:10.1007/s10586-017-1472-5,10.1007/s10586-017-1472-5,Rui Zhang,2017,2022,5,Exact
A5100421978,Rui Zhang,doi:10.3233/jifs-235967,10.3233/jifs-235967,Rui Zhang,2024,2024,0,Exact
A5100422027,Rui Zhang,doi:10.1155/2022/3483390,10.1155/2022/3483390,Rui Zhang,2022,2023,1,Exact
A5100422057,Rui Zhang,doi:10.1111/j.1744-7402.2008.02181.x,10.1111/j.1744-7402.2008.02181.x,Rui Zhang,2008,2008,0,Exact
A5100422067,Rui Zhang,doi:10.14348/molcells.2015.2327,10.14348/molcells.2015.2327,Rui Zhang,2015,2020,5,Exact
A5100422067,Rui Zhang,doi:10.1089/dna.2015.2915,10.1089/dna.2015.2915,Rui Zhang,2015,2021,6,Exact
A5100422067,Rui Zhang,doi:10.1159/000495168,10.1159/000495168,Rui Zhang,2018,2021,3,Exact
A5100422067,Rui Zhang,doi:10.3892/or.2018.6449,10.3892/or.2018.6449,Rui Zhang,2018,2022,4,Exact
A5100422067,Rui Zhang,doi:10.1016/j.toxrep.2020.08.020,10.1016/j.toxrep.2020.08.020,Rui Zhang,2020,2023,3,Exact
A5100422067,Rui Zhang,doi:10.2147/ott.s232839,10.2147/ott.s232839,Rui Zhang,2020,2023,3,Exact
A5100422067,Rui Zhang,doi:10.3892/ol.2018.8645,10.3892/ol.2018.8645,Rui Zhang,2018,2024,6,Exact
A5100422095,Rui Zhang,doi:10.1371/journal.pone.0257582,10.1371/journal.pone.0257582,Rui Zhang,2021,2023,2,Exact
A5100422099,Rui Zhang,doi:10.1039/d2ce00562j,10.1039/d2ce00562j,Rui Zhang,2022,2023,1,Exact
A5100422101,Rui Zhang,doi:10.1177/1533033818821401,10.1177/1533033818821401,Rui Zhang,2019,2021,2,Exact
A5100422101,Rui Zhang,doi:10.1155/2022/4620254,10.1155/2022/4620254,Rui Zhang,2022,2024,2,Exact
A5100422101,Rui Zhang,doi:10.1016/j.heliyon.2023.e18682,10.1016/j.heliyon.2023.e18682,Rui Zhang,2023,2025,2,Exact
A5100422102,Rui Zhang,doi:10.1155/2023/9304934,10.1155/2023/9304934,Rui Zhang,2023,2023,0,Exact
A5100422113,Rui Zhang,doi:10.1002/vms3.573,10.1002/vms3.573,Rui Zhang,2021,2024,3,Exact
A5100422157,Rui Zhang,doi:10.1016/j.jssc.2021.122223,10.1016/j.jssc.2021.122223,Rui Zhang,2021,2021,0,Exact
A5100422164,Rui Zhang,doi:10.1155/2022/2138826,10.1155/2022/2138826,Rui Zhang,2022,2023,1,Exact
A5100422178,Rui Zhang,doi:10.1007/s10479-021-04256-0,10.1007/s10479-021-04256-0,Rui Zhang,2022,2023,1,Exact
A5100422186,Rui Zhang,doi:10.1016/j.gca.2016.02.012,10.1016/j.gca.2016.02.012,Rui Zhang,2016,2020,4,Exact
A5100422187,Rui Zhang,doi:10.1155/2022/3117805,10.1155/2022/3117805,Rui Zhang,2022,2023,1,Exact
A5100422203,Rui Zhang,doi:10.1039/c5nr04587h,10.1039/c5nr04587h,Rui Zhang,2015,2023,8,Exact
A5100422247,Feng Wang,doi:10.1155/2021/2280205,10.1155/2021/2280205,Feng Wang,2021,2023,2,Exact
A5100422247,Feng Wang,doi:10.1155/2021/6607539,10.1155/2021/6607539,Feng Wang,2021,2023,2,Exact
A5100422786,Qian Wang,doi:10.1109/icetc.2010.5529593,10.1109/icetc.2010.5529593,Qian Wang,2010,2010,0,Exact
A5100422786,Qian Wang,doi:10.1155/2022/4893859,10.1155/2022/4893859,Qian Wang,2022,2024,2,Exact
A5100423359,Yang Wang,doi:10.3892/ol.2022.13455,10.3892/ol.2022.13455,Yang Wang,2022,2025,3,Exact
A5100423803,Hui Li,doi:10.1155/2022/5450575,10.1155/2022/5450575,Hui Li,2022,2023,1,Exact
A5100423818,Hui Li,doi:10.1155/2022/4235316,10.1155/2022/4235316,Hui Li,2022,2023,1,Exact
A5100423834,Hui Li,doi:10.1002/adma.201705796,10.1002/adma.201705796,Hui Li,2018,2023,5,Exact
A5100423847,Hui Li,doi:10.1093/jb/mvaa001,10.1093/jb/mvaa001,Hui Li,2020,2020,0,Exact
A5100423847,Hui Li,doi:10.1007/s10142-023-01020-4,10.1007/s10142-023-01020-4,Hui Li,2023,2024,1,Exact
A5100423851,Hui Li,doi:10.1155/2022/9943598,10.1155/2022/9943598,Hui Li,2022,2023,1,Exact
A5100423886,Hui Li,doi:10.1002/jcb.26313,10.1002/jcb.26313,Hui Li,2017,2021,4,Exact
A5100423886,Hui Li,doi:10.1155/2022/4064733,10.1155/2022/4064733,Hui Li,2022,2023,1,Exact
A5100423889,Hui Li,doi:10.1039/c8ra07852a,10.1039/c8ra07852a,Hui Li,2018,2021,3,Exact
A5100423891,Hui Li,doi:10.1155/2022/3305773,10.1155/2022/3305773,Hui Li,2022,2023,1,Exact
A5100423905,Hui Li,doi:10.1016/j.burns.2015.10.008,10.1016/j.burns.2015.10.008,Hui Li,2015,2015,0,Exact
A5100423905,Hui Li,doi:10.3892/etm.2017.4435,10.3892/etm.2017.4435,Hui Li,2017,2021,4,Exact
A5100423905,Hui Li,doi:10.3892/mmr.2015.3937,10.3892/mmr.2015.3937,Hui Li,2015,2021,6,Exact
A5100423905,Hui Li,doi:10.1186/s12906-018-2118-8,10.1186/s12906-018-2118-8,Hui Li,2018,2022,4,Exact
A5100423905,Hui Li,doi:10.1155/2022/2175913,10.1155/2022/2175913,Hui Li,2022,2023,1,Exact
A5100423905,Hui Li,doi:10.1155/2022/6560816,10.1155/2022/6560816,Hui Li,2022,2023,1,Exact
A5100423922,Hui Li,doi:10.1016/j.omtn.2019.12.029,10.1016/j.omtn.2019.12.029,Hui Li,2020,2022,2,Exact
A5100423922,Hui Li,doi:10.3892/etm.2014.2074,10.3892/etm.2014.2074,Hui Li,2014,2023,9,Exact
A5100423922,Hui Li,doi:10.1155/2022/3528915,10.1155/2022/3528915,Hui Li,2022,2024,2,Exact
A5100423951,Hui Li,doi:10.1016/j.gene.2016.03.012,10.1016/j.gene.2016.03.012,Hui Li,2016,2019,3,Exact
A5100423958,Hui Li,doi:10.3233/jifs-230629,10.3233/jifs-230629,Hui Li,2023,2025,2,Exact
A5100423962,Hui Li,doi:10.1007/s13277-016-5451-x,10.1007/s13277-016-5451-x,Hui Li,2016,2022,6,Exact
A5100423962,Hui Li,doi:10.3892/mmr.2017.6136,10.3892/mmr.2017.6136,Hui Li,2017,2025,8,Exact
A5100423970,Hui Li,doi:10.1093/infdis/jiy116,10.1093/infdis/jiy116,Hui Li,2018,2019,1,Exact
A5100423976,Hui Li,doi:10.1016/j.wneu.2018.05.127,10.1016/j.wneu.2018.05.127,Hui Li,2018,2021,3,Exact
A5100423976,Hui Li,doi:10.1088/1742-6596/1915/2/022015,10.1088/1742-6596/1915/2/022015,Hui Li,2021,2022,1,Exact
A5100423976,Hui Li,doi:10.1007/s11082-023-05766-w,10.1007/s11082-023-05766-w,Hui Li,2023,2024,1,Exact
A5100423976,Hui Li,doi:10.1371/journal.pone.0235447,10.1371/journal.pone.0235447,Hui Li,2020,2024,4,Exact
A5100423990,Hui Li,doi:10.3892/mmr.2015.3749,10.3892/mmr.2015.3749,Hui Li,2015,2023,8,Exact
A5100423990,Hui Li,doi:10.3892/etm.2019.7644,10.3892/etm.2019.7644,Hui Li,2019,2024,5,Exact
A5100423995,Hui Li,doi:10.1038/s41419-018-0536-7,10.1038/s41419-018-0536-7,Hui Li,2018,2019,1,Exact
A5100423995,Hui Li,doi:10.1016/j.colsurfb.2020.111259,10.1016/j.colsurfb.2020.111259,Hui Li,2020,2022,2,Exact
A5100424342,Yong Wang,doi:10.1109/icbbe.2011.5780238,10.1109/icbbe.2011.5780238,Yong Wang,2011,2011,0,Exact
A5100424345,Yong Wang,doi:10.1109/icebeg.2011.5881404,10.1109/icebeg.2011.5881404,Yong Wang,2011,2011,0,Exact
A5100424345,Yong Wang,doi:10.2147/dddt.s52809,10.2147/dddt.s52809,Yong Wang,2013,2014,1,Exact
A5100424356,Yong Wang,doi:10.18632/oncotarget.20768,10.18632/oncotarget.20768,Yong Wang,2017,2026,9,Exact
A5100424372,Yong Wang,doi:10.1007/s11033-014-3199-1,10.1007/s11033-014-3199-1,Yong Wang,2014,2015,1,Exact
A5100424406,Yong Wang,doi:10.1155/2022/7408136,10.1155/2022/7408136,Yong Wang,2022,2024,2,Exact
A5100424416,Yong Wang,doi:10.1371/journal.pone.0276495,10.1371/journal.pone.0276495,Yong Wang,2023,2023,0,Exact
A5100424421,Yong Wang,doi:10.1042/bsr20194030,10.1042/bsr20194030,Yong Wang,2020,2022,2,Exact
A5100424423,Wang Yong,doi:10.1177/0020720921997059,10.1177/0020720921997059,Yong Wang,2021,2023,2,Exact
A5100424435,Yong Wang,doi:10.1038/srep19070,10.1038/srep19070,Yong Wang,2016,2023,7,Exact
A5100424435,Yong Wang,doi:10.3892/ol.2019.10690,10.3892/ol.2019.10690,Yong Wang,2019,2024,5,Exact
A5100424435,Yong Wang,doi:10.3892/ol.2019.9901,10.3892/ol.2019.9901,Yong Wang,2019,2024,5,Exact
A5100424451,Yong Wang,doi:10.1007/s12517-021-08080-5,10.1007/s12517-021-08080-5,Yong Wang,2021,2021,0,Exact
A5100424459,Yong Wang,doi:10.1109/icebeg.2011.5887228,10.1109/icebeg.2011.5887228,Yong Wang,2011,2011,0,Exact
A5100424487,Yong Wang,doi:10.3892/or.2017.6150,10.3892/or.2017.6150,Yong Wang,2017,2023,6,Exact
A5100424505,Yong Wang,doi:10.1186/s13660-018-1691-1,10.1186/s13660-018-1691-1,Yong Wang,2018,2021,3,Exact
A5100424507,Yong Wang,doi:10.1186/2045-9912-1-8,10.1186/2045-9912-1-8,Yong Wang,2011,2023,12,Exact
A5100424516,Yong Wang,doi:10.1007/s00542-021-05218-z,10.1007/s00542-021-05218-z,Yong Wang,2021,2023,2,Exact
A5100424528,Yong Wang,doi:10.1109/icbmei.2011.5916983,10.1109/icbmei.2011.5916983,Yong Wang,2011,2011,0,Exact
A5100424546,Yong Wang,doi:10.1128/mcb.25.11.4742-4751.2005,10.1128/mcb.25.11.4742-4751.2005,Yong Wang,2023,2024,1,Exact
A5100424547,Yong Wang,doi:10.2147/ott.s242441,10.2147/ott.s242441,Yong Wang,2020,2023,3,Exact
A5100424547,Yong Wang,doi:10.1042/bsr20180941,10.1042/bsr20180941,Yong Wang,2019,2024,5,Exact
A5100424549,Yong Wang,doi:10.1155/2022/3097521,10.1155/2022/3097521,Yong Wang,2022,2024,2,Exact
A5100424560,Yong Wang,doi:10.18632/oncotarget.19766,10.18632/oncotarget.19766,Yong Wang,2017,2019,2,Exact
A5100425402,Li Zhang,doi:10.1155/2022/5832543,10.1155/2022/5832543,Li Zhang,2022,2024,2,Exact
A5100425408,Li Zhang,doi:10.1002/chem.200901098,10.1002/chem.200901098,Li Zhang,2009,2019,10,Exact
A5100425431,Li Zhang,doi:10.1145/3465631.3465988,10.1145/3465631.3465988,Li Zhang,2021,2022,1,Exact
A5100425444,Li Zhang,doi:10.3892/ijo.2017.4216,10.3892/ijo.2017.4216,Li Zhang,2017,2024,7,Exact
A5100425444,Li Zhang,doi:10.3892/or.2018.6252,10.3892/or.2018.6252,Li Zhang,2018,2024,6,Exact
A5100425448,Li Zhang,doi:10.1155/2022/2998448,10.1155/2022/2998448,Li Zhang,2022,2023,1,Exact
A5100425454,Li Zhang,doi:10.1016/j.yjmcc.2021.03.013,10.1016/j.yjmcc.2021.03.013,Li Zhang,2021,2021,0,Exact
A5100425469,Li Zhang,doi:10.1007/s12517-021-07903-9,10.1007/s12517-021-07903-9,Li Zhang,2021,2021,0,Exact
A5100425484,Li Zhang,doi:10.1155/2022/7646361,10.1155/2022/7646361,Li Zhang,2022,2023,1,Exact
A5100425493,Li Zhang,doi:10.1155/2021/9993247,10.1155/2021/9993247,Li Zhang,2021,2024,3,Exact
A5100425496,Li Zhang,doi:10.1002/cam4.2815,10.1002/cam4.2815,Li Zhang,2020,2023,3,Exact
A5100425496,Li Zhang,doi:10.1186/s12935-020-01365-x,10.1186/s12935-020-01365-x,Li Zhang,2020,2024,4,Exact
A5100425505,Li Zhang,doi:10.1155/2021/9935621,10.1155/2021/9935621,Li Zhang,2021,2024,3,Exact
A5100425518,Li Zhang,doi:10.1145/3465631.3465646,10.1145/3465631.3465646,Li Zhang,2021,2022,1,Exact
A5100425519,Li Zhang,doi:10.3892/etm.2019.8036,10.3892/etm.2019.8036,Li Zhang,2019,2024,5,Exact
A5100425523,Li Zhang,doi:10.1007/s00170-019-04310-z,10.1007/s00170-019-04310-z,Li Zhang,2019,2025,6,Exact
A5100425537,Li Zhang,doi:10.1351/pac-con-08-12-06,10.1351/pac-con-08-12-06,Li Zhang,2010,2011,1,Exact
A5100425543,Li Zhang,doi:10.2147/ott.s205869,10.2147/ott.s205869,Li Zhang,2019,2022,3,Exact
A5100425546,Li Zhang,doi:10.1155/2023/6211780,10.1155/2023/6211780,Li Zhang,2023,2023,0,Exact
A5100425549,Li Zhang,doi:10.1155/2022/6735100,10.1155/2022/6735100,Li Zhang,2022,2023,1,Exact
A5100425554,Li Zhang,doi:10.1007/s13277-014-1754-y,10.1007/s13277-014-1754-y,Li Zhang,2014,2017,3,Exact
A5100425554,Li Zhang,doi:10.1038/s41388-020-01486-7,10.1038/s41388-020-01486-7,Li Zhang,2020,2023,3,Exact
A5100425554,Li Zhang,doi:10.1080/15384101.2018.1502574,10.1080/15384101.2018.1502574,Li Zhang,2018,2023,5,Exact
A5100425554,Li Zhang,doi:10.1155/2022/1898610,10.1155/2022/1898610,Li Zhang,2022,2023,1,Exact
A5100425554,Li Zhang,doi:10.1155/2022/6344064,10.1155/2022/6344064,Li Zhang,2022,2023,1,Exact
A5100425554,Li Zhang,doi:10.1155/2022/8920861,10.1155/2022/8920861,Li Zhang,2022,2023,1,Exact
A5100425554,Li Zhang,doi:10.1155/2022/9133777,10.1155/2022/9133777,Li Zhang,2022,2023,1,Exact
A5100425554,Li Zhang,doi:10.7150/ijbs.46986,10.7150/ijbs.46986,Li Zhang,2020,2023,3,Exact
A5100425554,Li Zhang,doi:10.3892/ijmm.2020.4671,10.3892/ijmm.2020.4671,Li Zhang,2020,2024,4,Exact
A5100425564,Li Zhang,doi:10.1109/appeec.2010.5449514,10.1109/appeec.2010.5449514,Li Zhang,2010,2010,0,Exact
A5100425574,Li Zhang,doi:10.1155/2021/2709461,10.1155/2021/2709461,Li Zhang,2021,2023,2,Exact
A5100425579,Li Zhang,doi:10.1155/2021/1058671,10.1155/2021/1058671,Li Zhang,2021,2023,2,Exact
A5100425585,Li Zhang,doi:10.1039/c2ra01321e,10.1039/c2ra01321e,Li Zhang,2012,2020,8,Exact
A5100425585,Li Zhang,doi:10.1039/c2ta00015f,10.1039/c2ta00015f,Li Zhang,2012,2020,8,Exact
A5100425585,Li Zhang,doi:10.1149/1945-7111/ab6cf3,10.1149/1945-7111/ab6cf3,Li Zhang,2020,2024,4,Exact
A5100425588,Li Zhang,doi:10.1186/s12885-018-4559-3,10.1186/s12885-018-4559-3,Li Zhang,2018,2023,5,Exact
A5100425590,Li Zhang,doi:10.1139/cjas-2018-0138,10.1139/cjas-2018-0138,Li Zhang,2019,2020,1,Exact
A5100425605,Li Zhang,doi:10.1088/1742-6596/2364/1/012045,10.1088/1742-6596/2364/1/012045,Li Zhang,2022,2023,1,Exact
A5100425644,Li Zhang,doi:10.1080/00268970600909205,10.1080/00268970600909205,Li Zhang,2006,2016,10,Exact
A5100425671,Li Zhang,doi:10.1097/fjc.0000000000000127,10.1097/fjc.0000000000000127,Li Zhang,2014,2015,1,Exact
A5100425671,Li Zhang,doi:10.1164/rccm.200903-0324oc,10.1164/rccm.200903-0324oc,Li Zhang,2009,2016,7,Exact
A5100425671,Li Zhang,doi:10.1002/jbt.22411,10.1002/jbt.22411,Li Zhang,2019,2022,3,Exact
A5100425671,Li Zhang,doi:10.1038/cddis.2017.54,10.1038/cddis.2017.54,Li Zhang,2017,2022,5,Exact
A5100425671,Li Zhang,doi:10.3892/etm.2017.5528,10.3892/etm.2017.5528,Li Zhang,2017,2022,5,Exact
A5100425671,Li Zhang,doi:10.3892/mmr.2017.6841,10.3892/mmr.2017.6841,Li Zhang,2017,2022,5,Exact
A5100425671,Li Zhang,doi:10.1016/j.biopha.2017.01.106,10.1016/j.biopha.2017.01.106,Li Zhang,2017,2023,6,Exact
A5100425671,Li Zhang,doi:10.1139/bcb-2017-0126,10.1139/bcb-2017-0126,Li Zhang,2017,2023,6,Exact
A5100425671,Li Zhang,doi:10.1155/2022/9800993,10.1155/2022/9800993,Li Zhang,2022,2023,1,Exact
A5100425671,Li Zhang,doi:10.2147/ott.s213994,10.2147/ott.s213994,Li Zhang,2019,2023,4,Exact
A5100425671,Li Zhang,doi:10.3892/etm.2016.3959,10.3892/etm.2016.3959,Li Zhang,2016,2025,9,Exact
A5100425671,Li Zhang,doi:10.3892/etm.2021.9845,10.3892/etm.2021.9845,Li Zhang,2021,2025,4,Exact
A5100425672,Li Zhang,doi:10.3892/or.2015.4443,10.3892/or.2015.4443,Li Zhang,2015,2025,10,Exact
A5100425675,Li Zhang,doi:10.1080/24701556.2020.1727514,10.1080/24701556.2020.1727514,Li Zhang,2020,2023,3,Exact
A5100425690,Lı Zhang,doi:10.1007/s11105-012-0415-9,10.1007/s11105-012-0415-9,Li Zhang,2012,2012,0,Exact
A5100425695,Li Zhang,doi:10.1371/journal.pone.0050919,10.1371/journal.pone.0050919,Li Zhang,2012,2019,7,Exact
A5100425706,Li Zhang,doi:10.1371/journal.pone.0132998,10.1371/journal.pone.0132998,Li Zhang,2015,2020,5,Exact
A5100425706,Li Zhang,doi:10.1038/s41586-022-05487-2,10.1038/s41586-022-05487-2,Li Zhang,2022,2025,3,Exact
A5100425709,Li Zhang,doi:10.1109/icbbe.2011.5781592,10.1109/icbbe.2011.5781592,Li Zhang,2011,2011,0,Exact
A5100425714,Li Zhang,doi:10.1155/2022/6862463,10.1155/2022/6862463,Li Zhang,2022,2023,1,Exact
A5100425717,Li Zhang,doi:10.1155/2022/6410103,10.1155/2022/6410103,Li Zhang,2022,2023,1,Exact
A5100425733,Li Zhang,doi:10.1016/j.jddst.2021.102753,10.1016/j.jddst.2021.102753,Li Zhang,2021,2022,1,Exact
A5100425738,Li Zhang,doi:10.1007/s12035-014-8935-y,10.1007/s12035-014-8935-y,Li Zhang,2015,2017,2,Exact
A5100425738,Li Zhang,doi:10.1186/s10020-020-00150-w,10.1186/s10020-020-00150-w,Li Zhang,2020,2023,3,Exact
A5100425738,Li Zhang,doi:10.1186/s12906-022-03629-7,10.1186/s12906-022-03629-7,Li Zhang,2022,2023,1,Exact
A5100425743,Li Zhang,doi:10.1155/2022/7503380,10.1155/2022/7503380,Li Zhang,2022,2023,1,Exact
A5100425745,Li Zhang,doi:10.1155/2021/5058899,10.1155/2021/5058899,Li Zhang,2021,2024,3,Exact
A5100425752,Li Zhang,doi:10.1177/2058739219845534,10.1177/2058739219845534,Li Zhang,2019,2025,6,Exact
A5100425772,Li Zhang,doi:10.1109/iceit.2010.5608372,10.1109/iceit.2010.5608372,Li Zhang,2010,2010,0,Exact
A5100425776,Li Zhang,doi:10.1155/2021/8666498,10.1155/2021/8666498,Li Zhang,2021,2023,2,Exact
A5100427615,Hui Li,doi:10.1371/journal.pone.0234068,10.1371/journal.pone.0234068,Hui Li,2020,2025,5,Exact
A5100427618,Hui Li,doi:10.1155/2021/6644107,10.1155/2021/6644107,Hui Li,2021,2023,2,Exact
A5100428173,Jie Li,doi:10.1259/bjr.20190790,10.1259/bjr.20190790,Jie Li,2019,2021,2,Exact
A5100428176,Jie Li,doi:10.1039/c5ta09132b,10.1039/c5ta09132b,Jie Li,2015,2022,7,Exact
A5100428187,Jie Li,doi:10.1242/jcs.147223,10.1242/jcs.147223,Jie Li,2014,2015,1,Exact
A5100428220,Jie Li,doi:10.1002/jcp.29146,10.1002/jcp.29146,Jie Li,2019,2020,1,Exact
A5100428220,Jie Li,doi:10.1002/jcp.26960,10.1002/jcp.26960,Jie Li,2018,2021,3,Exact
A5100428226,Jie Li,doi:10.1177/0271678x16648712,10.1177/0271678x16648712,Jie Li,2016,2022,6,Exact
A5100428245,Jie Li,doi:10.1002/jcp.29306,10.1002/jcp.29306,Jie Li,2019,2025,6,Exact
A5100428255,Jie Li,doi:10.1109/iis.2009.103,10.1109/iis.2009.103,Jie Li,2009,2009,0,Exact
A5100428260,Jie Li,doi:10.1109/icbbe.2011.5780970,10.1109/icbbe.2011.5780970,Jie Li,2011,2011,0,Exact
A5100428314,Jie Li,doi:10.12659/msm.914029,10.12659/msm.914029,Jie Li,2019,2021,2,Exact
A5100428322,Jie Li,doi:10.3892/ol.2018.7769,10.3892/ol.2018.7769,Jie Li,2018,2022,4,Exact
A5100428322,Jie Li,doi:10.1155/2021/1142638,10.1155/2021/1142638,Jie Li,2021,2023,2,Exact
A5100428322,Jie Li,doi:10.1155/2022/7378403,10.1155/2022/7378403,Jie Li,2022,2023,1,Exact
A5100428322,Jie Li,doi:10.3892/ol.2017.6114,10.3892/ol.2017.6114,Jie Li,2017,2023,6,Exact
A5100428322,Jie Li,doi:10.1016/j.jcis.2024.09.068,10.1016/j.jcis.2024.09.068,Jie Li,2024,2025,1,Exact
A5100428326,Jie Li,doi:10.3389/fonc.2022.821484,10.3389/fonc.2022.821484,Jie Li,2022,2024,2,Exact
A5100428354,Jie Li,doi:10.1155/2022/2701748,10.1155/2022/2701748,Jie Li,2022,2023,1,Exact
A5100428355,Jie Li,doi:10.1155/2022/3977289,10.1155/2022/3977289,Jie Li,2022,2023,1,Exact
A5100428524,Ying Zhang,doi:10.2147/ott.s124118,10.2147/ott.s124118,Ying Zhang,2016,2020,4,Exact
A5100428524,Ying Zhang,doi:10.1159/000491741,10.1159/000491741,Ying Zhang,2018,2021,3,Exact
A5100428524,Ying Zhang,doi:10.3389/fcell.2021.636553,10.3389/fcell.2021.636553,Ying Zhang,2021,2022,1,Exact
A5100428821,Jie Chen,doi:10.1109/appeec.2011.5748994,10.1109/appeec.2011.5748994,Jie Chen,2011,2011,0,Exact
A5100428821,Jie Chen,doi:10.3233/jifs-234218,10.3233/jifs-234218,Jie Chen,2024,2025,1,Exact
A5100429872,Qiang Li,doi:10.3969/j.issn.1673-5374.2013.30.006,10.3969/j.issn.1673-5374.2013.30.006,Qiang Li,2013,2021,8,Exact
A5100429872,Qiang Li,doi:10.1111/cpr.12567,10.1111/cpr.12567,Qiang Li,2019,2024,5,Exact
A5100429872,Qiang Li,doi:10.1002/tox.24243,10.1002/tox.24243,Qiang Li,2024,2025,1,Exact
A5100429888,Qiang Li,doi:10.1016/j.omto.2021.12.024,10.1016/j.omto.2021.12.024,Qiang Li,2022,2022,0,Exact
A5100429898,Qiang Li,doi:10.1109/icicse.2009.56,10.1109/icicse.2009.56,Qiang Li,2009,2010,1,Exact
A5100429902,Qiang Li,doi:10.1016/j.yexmp.2019.104317,10.1016/j.yexmp.2019.104317,Qiang Li,2019,2022,3,Exact
A5100429904,Qiang Li,doi:10.3724/abbs.2023004,10.3724/abbs.2023004,Qiang Li,2023,2023,0,Exact
A5100429907,Qiang Li,doi:10.4238/2015.july.31.21,10.4238/2015.july.31.21,Qiang Li,2015,2016,1,Exact
A5100429907,Qiang Li,doi:10.3892/mmr.2013.1444,10.3892/mmr.2013.1444,Qiang Li,2013,2023,10,Exact
A5100429918,Qiang Li,doi:10.1007/s11356-023-26229-5,10.1007/s11356-023-26229-5,Qiang Li,2023,2024,1,Exact
A5100429921,Qiang Li,doi:10.1155/2022/4250013,10.1155/2022/4250013,Qiang Li,2022,2023,1,Exact
A5100429934,Qiang Li,doi:10.1155/2021/3210494,10.1155/2021/3210494,Qiang Li,2021,2023,2,Exact
A5100429940,Qiang Li,doi:10.1155/2022/5165203,10.1155/2022/5165203,Qiang Li,2022,2023,1,Exact
A5100429945,Qiang Li,doi:10.1007/s13277-015-3351-0,10.1007/s13277-015-3351-0,Qiang Li,2015,2021,6,Exact
A5100429967,Qiang Li,doi:10.1016/j.biopha.2019.108927,10.1016/j.biopha.2019.108927,Qiang Li,2019,2021,2,Exact
A5100429975,Qiang Li,doi:10.1111/j.1600-0463.2006.apm_372.x,10.1111/j.1600-0463.2006.apm_372.x,Qiang Li,2006,2009,3,Exact
A5100429975,Qiang Li,doi:10.1155/2021/5020622,10.1155/2021/5020622,Qiang Li,2021,2023,2,Exact
A5100429975,Qiang Li,doi:10.1155/2022/4278048,10.1155/2022/4278048,Qiang Li,2022,2023,1,Exact
A5100429975,Qiang Li,doi:10.1155/2022/9082946,10.1155/2022/9082946,Qiang Li,2022,2023,1,Exact
A5100429976,Qiang Li,doi:10.1016/j.jnutbio.2017.02.001,10.1016/j.jnutbio.2017.02.001,Qiang Li,2017,2017,0,Exact
A5100429976,Qiang Li,doi:10.1155/2014/827989,10.1155/2014/827989,Qiang Li,2014,2020,6,Exact
A5100429992,Qiang Li,doi:10.1155/2022/7988880,10.1155/2022/7988880,Qiang Li,2022,2023,1,Exact
A5100430014,Qiang Li,doi:10.1109/wicom.2007.1041,10.1109/wicom.2007.1041,Qiang Li,2007,2007,0,Exact
A5100430024,Qiang Li,doi:10.1155/2022/6963630,10.1155/2022/6963630,Qiang Li,2022,2023,1,Exact
A5100430036,Qiang Li,doi:10.1016/j.scitotenv.2024.176944,10.1016/j.scitotenv.2024.176944,Qiang Li,2024,2024,0,Exact
A5100430040,Qiang Li,doi:10.1155/2022/1211602,10.1155/2022/1211602,Qiang Li,2022,2023,1,Exact
A5100430040,Qiang Li,doi:10.1155/2022/4548922,10.1155/2022/4548922,Qiang Li,2022,2023,1,Exact
A5100430041,Qiang Li,doi:10.1159/000495876,10.1159/000495876,Qiang Li,2018,2023,5,Exact
A5100430070,Qiang Li,doi:10.1080/21655979.2021.2021686,10.1080/21655979.2021.2021686,Qiang Li,2022,2024,2,Exact
A5100430074,Qiang Li,doi:10.1109/iccsit.2010.5564597,10.1109/iccsit.2010.5564597,Qiang Li,2010,2010,0,Exact
A5100430232,Hong Zhang,doi:10.1155/2022/9112479,10.1155/2022/9112479,Hong Zhang,2022,2023,1,Exact
A5100430234,Hong Zhang,doi:10.1095/biolreprod.105.043331,10.1095/biolreprod.105.043331,Hong Zhang,2006,2006,0,Exact
A5100430234,Hong Zhang,doi:10.1016/j.pharep.2017.06.005,10.1016/j.pharep.2017.06.005,Hong Zhang,2017,2020,3,Exact
A5100430234,Hong Zhang,doi:10.3892/mmr.2019.10809,10.3892/mmr.2019.10809,Hong Zhang,2019,2024,5,Exact
A5100430241,Hong Zhang,doi:10.1007/s00280-015-2802-z,10.1007/s00280-015-2802-z,Hong Zhang,2015,2015,0,Exact
A5100430241,Hong Zhang,doi:10.3389/fonc.2020.595718,10.3389/fonc.2020.595718,Hong Zhang,2020,2024,4,Exact
A5100430243,Hong Zhang,doi:10.3892/or.2019.7061,10.3892/or.2019.7061,Hong Zhang,2019,2022,3,Exact
A5100430253,Hong Zhang,doi:10.1371/journal.pone.0000414,10.1371/journal.pone.0000414,Hong Zhang,2007,2023,16,Exact
A5100430253,Hong Zhang,doi:10.1186/s12890-023-02673-4,10.1186/s12890-023-02673-4,Hong Zhang,2023,2024,1,Exact
A5100430256,Hong Zhang,doi:10.1007/s13277-015-4150-3,10.1007/s13277-015-4150-3,Hong Zhang,2015,2021,6,Exact
A5100430256,Hong Zhang,doi:10.3892/mmr.2017.6658,10.3892/mmr.2017.6658,Hong Zhang,2017,2023,6,Exact
A5100430282,Hong Zhang,doi:10.1007/s11060-007-9387-2,10.1007/s11060-007-9387-2,Hong Zhang,2007,2010,3,Exact
A5100430306,Hong Zhang,doi:10.1007/s10495-010-0540-6,10.1007/s10495-010-0540-6,Hong Zhang,2010,2010,0,Exact
A5100430306,Hong Zhang,doi:10.1109/icbbe.2011.5780084,10.1109/icbbe.2011.5780084,Hong Zhang,2011,2011,0,Exact
A5100430306,Hong Zhang,doi:10.1007/s13277-014-2095-6,10.1007/s13277-014-2095-6,Hong Zhang,2014,2017,3,Exact
A5100430306,Hong Zhang,doi:10.1002/jcb.26141,10.1002/jcb.26141,Hong Zhang,2017,2021,4,Exact
A5100430306,Hong Zhang,doi:10.1007/s10529-017-2392-4,10.1007/s10529-017-2392-4,Hong Zhang,2017,2023,6,Exact
A5100430306,Hong Zhang,doi:10.3389/fphar.2019.00224,10.3389/fphar.2019.00224,Hong Zhang,2019,2024,5,Exact
A5100430306,Hong Zhang,doi:10.3389/fphar.2019.01596,10.3389/fphar.2019.01596,Hong Zhang,2020,2024,4,Exact
A5100430306,Hong Zhang,doi:10.3389/fcimb.2021.693981,10.3389/fcimb.2021.693981,Hong Zhang,2021,2025,4,Exact
A5100430317,Hong Zhang,doi:10.3892/or.2018.6804,10.3892/or.2018.6804,Hong Zhang,2018,2022,4,Exact
A5100430322,Hong Zhang,doi:10.4318/tjg.2012.0589,10.4318/tjg.2012.0589,Hong Zhang,2012,2021,9,Exact
A5100430323,Hong Zhang,doi:10.1016/j.jssc.2021.121959,10.1016/j.jssc.2021.121959,Hong Zhang,2021,2021,0,Exact
A5100430333,Hong Zhang,doi:10.1159/000490141,10.1159/000490141,Hong Zhang,2018,2022,4,Exact
A5100430333,Hong Zhang,doi:10.1016/j.biopha.2018.06.135,10.1016/j.biopha.2018.06.135,Hong Zhang,2018,2023,5,Exact
A5100430342,Hong Zhang,doi:10.1371/journal.pone.0158433,10.1371/journal.pone.0158433,Hong Zhang,2016,2021,5,Exact
A5100430342,Hong Zhang,doi:10.2147/ott.s198750,10.2147/ott.s198750,Hong Zhang,2019,2021,2,Exact
A5100430359,Hong Zhang,doi:10.1186/s12885-020-07670-y,10.1186/s12885-020-07670-y,Hong Zhang,2021,2023,2,Exact
A5100430364,Hong Zhang,doi:10.1155/2022/3977289,10.1155/2022/3977289,Hong Zhang,2022,2023,1,Exact
A5100430367,Hong Zhang,doi:10.1155/2022/9944847,10.1155/2022/9944847,Hong Zhang,2022,2023,1,Exact
A5100430372,Hong Zhang,doi:10.1016/j.ymthe.2017.03.031,10.1016/j.ymthe.2017.03.031,Hong Zhang,2017,2024,7,Exact
A5100430719,Ying Liu,doi:10.1155/2021/4828102,10.1155/2021/4828102,Ying Liu,2021,2023,2,Exact
A5100431122,Rui Wang,doi:10.1109/appeec.2010.5449110,10.1109/appeec.2010.5449110,Rui Wang,2010,2010,0,Exact
A5100431147,Rui Wang,doi:10.1038/s41598-017-04113-w,10.1038/s41598-017-04113-w,Rui Wang,2017,2023,6,Exact
A5100431152,Rui Wang,doi:10.3892/ol.2018.9704,10.3892/ol.2018.9704,Rui Wang,2018,2025,7,Exact
A5100431163,Rui Wang,doi:10.1109/icbbe.2007.140,10.1109/icbbe.2007.140,Rui Wang,2007,2007,0,Exact
A5100431163,Rui Wang,doi:10.1109/qr2mse.2013.6625893,10.1109/qr2mse.2013.6625893,Rui Wang,2013,2013,0,Exact
A5100431163,Rui Wang,doi:10.1155/2022/6293908,10.1155/2022/6293908,Rui Wang,2022,2023,1,Exact
A5100431169,Feng Wang,doi:10.1109/iccsit.2009.5234844,10.1109/iccsit.2009.5234844,Feng Wang,2009,2009,0,Exact
A5100431194,Rui Wang,doi:10.1155/2022/2937925,10.1155/2022/2937925,Rui Wang,2022,2024,2,Exact
A5100431213,Rui Wang,doi:10.1016/j.porgcoat.2019.03.041,10.1016/j.porgcoat.2019.03.041,Rui Wang,2019,2019,0,Exact
A5100431239,Rui Wang,doi:10.1080/10717544.2020.1726526,10.1080/10717544.2020.1726526,Rui Wang,2020,2024,4,Exact
A5100431252,Feng Wang,doi:10.18632/aging.204453,10.18632/aging.204453,Feng Wang,2022,2023,1,Exact
A5100431254,Rui Wang,doi:10.1016/j.jddst.2020.101964,10.1016/j.jddst.2020.101964,Rui Wang,2020,2023,3,Exact
A5100431254,Rui Wang,doi:10.1080/24701556.2019.1706567,10.1080/24701556.2019.1706567,Rui Wang,2019,2024,5,Exact
A5100431279,Rui Wang,doi:10.1155/2022/1505655,10.1155/2022/1505655,Rui Wang,2022,2023,1,Exact
A5100431330,Feng Wang,doi:10.1016/j.omtn.2020.10.038,10.1016/j.omtn.2020.10.038,Feng Wang,2020,2021,1,Exact
A5100431366,Rui Wang,doi:10.3389/fonc.2021.630241,10.3389/fonc.2021.630241,Rui Wang,2021,2021,0,Exact
A5100431366,Rui Wang,doi:10.1016/j.ajg.2023.11.005,10.1016/j.ajg.2023.11.005,Feng Wang,2024,2025,1,Exact
A5100431387,Rui Wang,doi:10.1155/2022/1513129,10.1155/2022/1513129,Rui Wang,2022,2023,1,Exact
A5100431391,Feng Wang,doi:10.1186/s12906-022-03629-7,10.1186/s12906-022-03629-7,Feng Wang,2022,2023,1,Exact
A5100431408,Rui Wang,doi:10.1021/acsabm.9b00490,10.1021/acsabm.9b00490,Rui Wang,2019,2023,4,Exact
A5100431408,Rui Wang,doi:10.1155/2022/1055160,10.1155/2022/1055160,Rui Wang,2022,2023,1,Exact
A5100431408,Rui Wang,doi:10.1007/s11255-021-02836-4,10.1007/s11255-021-02836-4,Rui Wang,2021,2025,4,Exact
A5100431408,Rui Wang,doi:10.3233/ch-231858,10.3233/ch-231858,Rui Wang,2023,2025,2,Exact
A5100431409,Rui Wang,doi:10.1155/2021/6622342,10.1155/2021/6622342,Rui Wang,2021,2024,3,Exact
A5100431409,Rui Wang,doi:10.3389/fphar.2018.00881,10.3389/fphar.2018.00881,Rui Wang,2018,2025,7,Exact
A5100431409,Rui Wang,doi:10.18632/oncotarget.5352,10.18632/oncotarget.5352,Rui Wang,2015,2026,11,Exact
A5100431428,Rui Wang,doi:10.1155/2022/1077980,10.1155/2022/1077980,Rui Wang,2022,2023,1,Exact
A5100431441,Feng Wang,doi:10.1016/j.toxrep.2020.08.020,10.1016/j.toxrep.2020.08.020,Feng Wang,2020,2023,3,Exact
A5100431442,Rui Wang,doi:10.1007/s12517-021-08127-7,10.1007/s12517-021-08127-7,Rui Wang,2021,2021,0,Exact
A5100431623,Wei Liu,doi:10.2337/db07-0339,10.2337/db07-0339,Wei Liu,2008,2014,6,Exact
A5100431623,Wei Liu,doi:10.2337/db08-1287,10.2337/db08-1287,Wei Liu,2009,2014,5,Exact
A5100431623,Wei Liu,doi:10.1155/2022/8517802,10.1155/2022/8517802,Wei Liu,2022,2023,1,Exact
A5100431678,Wei Liu,doi:10.1007/s13577-021-00604-1,10.1007/s13577-021-00604-1,Wei Liu,2021,2022,1,Exact
A5100431687,Wei Liu,doi:10.1016/j.omtn.2020.10.024,10.1016/j.omtn.2020.10.024,Wei Liu,2020,2022,2,Exact
A5100431688,Wei Liu,doi:10.1155/2022/3209804,10.1155/2022/3209804,Wei Liu,2022,2023,1,Exact
A5100431706,Wei Liu,doi:10.1007/s00705-010-0733-x,10.1007/s00705-010-0733-x,Wei Liu,2010,2011,1,Exact
A5100431706,Wei Liu,doi:10.7150/jca.28532,10.7150/jca.28532,Wei Liu,2018,2021,3,Exact
A5100431723,Wei Liu,doi:10.1007/s10616-012-9475-9,10.1007/s10616-012-9475-9,Wei Liu,2013,2015,2,Exact
A5100431723,Wei Liu,doi:10.1038/s41388-018-0416-8,10.1038/s41388-018-0416-8,Wei Liu,2018,2023,5,Exact
A5100431723,Wei Liu,doi:10.1080/15384101.2021.2022845,10.1080/15384101.2021.2022845,Wei Liu,2022,2023,1,Exact
A5100431730,Wei Liu,doi:10.1371/journal.pone.0030980,10.1371/journal.pone.0030980,Wei Liu,2012,2012,0,Exact
A5100431734,Wei Liu,doi:10.1152/ajpcell.00310.2017,10.1152/ajpcell.00310.2017,Wei Liu,2018,2021,3,Exact
A5100431738,Wei Liu,doi:10.1016/j.lfs.2019.116826,10.1016/j.lfs.2019.116826,Wei Liu,2019,2022,3,Exact
A5100431738,Wei Liu,doi:10.1080/21655979.2021.2012952,10.1080/21655979.2021.2012952,Wei Liu,2022,2023,1,Exact
A5100431774,Wei Liu,doi:10.1007/s10479-023-05612-y,10.1007/s10479-023-05612-y,Wei Liu,2023,2024,1,Exact
A5100431782,Wei Liu,doi:10.12659/msm.908021,10.12659/msm.908021,Wei Liu,2018,2021,3,Exact
A5100431798,Wei Liu,doi:10.12659/msm.915387,10.12659/msm.915387,Wei Liu,2019,2021,2,Exact
A5100431810,Wei Liu,doi:10.1155/2022/2257304,10.1155/2022/2257304,Wei Liu,2022,2023,1,Exact
A5100431810,Wei Liu,doi:10.1080/24701556.2019.1705341,10.1080/24701556.2019.1705341,Wei Liu,2019,2024,5,Exact
A5100431816,Wei Liu,doi:10.1039/c9ra05039f,10.1039/c9ra05039f,Wei Liu,2019,2021,2,Exact
A5100431816,Wei Liu,doi:10.2147/cmar.s229083,10.2147/cmar.s229083,Wei Liu,2020,2024,4,Exact
A5100431816,Wei Liu,doi:10.3389/fmolb.2022.983410,10.3389/fmolb.2022.983410,Wei Liu,2022,2025,3,Exact
A5100431816,Wei Liu,doi:10.3892/etm.2015.2240,10.3892/etm.2015.2240,Wei Liu,2015,2025,10,Exact
A5100431817,Wei Liu,doi:10.1007/s13277-015-4094-7,10.1007/s13277-015-4094-7,Wei Liu,2015,2017,2,Exact
A5100431817,Wei Liu,doi:10.1038/s41417-020-00289-y,10.1038/s41417-020-00289-y,Wei Liu,2021,2023,2,Exact
A5100431817,Wei Liu,doi:10.3892/ijo.2015.3117,10.3892/ijo.2015.3117,Wei Liu,2015,2023,8,Exact
A5100431845,Wei Liu,doi:10.1016/j.molstruc.2020.129673,10.1016/j.molstruc.2020.129673,Wei Liu,2020,2023,3,Exact
A5100431848,Wei Liu,doi:10.1109/icbbe.2011.5781523,10.1109/icbbe.2011.5781523,Wei Liu,2011,2011,0,Exact
A5100431884,Wei Liu,doi:10.1530/ec-13-0080,10.1530/ec-13-0080,Wei Liu,2013,2014,1,Exact
A5100431895,Wei Liu,doi:10.1101/2020.02.10.20021675,10.1101/2020.02.10.20021675,Wei Liu,2020,2020,0,Exact
A5100431895,Wei Liu,doi:10.1155/2021/5979514,10.1155/2021/5979514,Wei Liu,2021,2023,2,Exact
A5100431895,Wei Liu,doi:10.1155/2022/3835545,10.1155/2022/3835545,Wei Liu,2022,2023,1,Exact
A5100431918,Wei Liu,doi:10.1155/2022/7859287,10.1155/2022/7859287,Wei Liu,2022,2023,1,Exact
A5100431923,Wei Liu,doi:10.1155/2021/2791142,10.1155/2021/2791142,Wei Liu,2021,2023,2,Exact
A5100431941,Wei Liu,doi:10.1016/j.lfs.2018.05.051,10.1016/j.lfs.2018.05.051,Wei Liu,2018,2025,7,Exact
A5100431943,Wei Liu,doi:10.1128/mcb.00935-12,10.1128/mcb.00935-12,Wei Liu,2012,2018,6,Exact
A5100431943,Wei Liu,doi:10.18632/aging.102286,10.18632/aging.102286,Wei Liu,2019,2024,5,Exact
A5100431945,Wei Liu,doi:10.1155/2023/4184425,10.1155/2023/4184425,Wei Liu,2023,2023,0,Exact
A5100431954,Wei Liu,doi:10.3892/or.2017.6150,10.3892/or.2017.6150,Wei Liu,2017,2023,6,Exact
A5100431965,Wei Liu,doi:10.1093/gji/ggy267,10.1093/gji/ggy267,Wei Liu,2018,2020,2,Exact
A5100431965,Wei Liu,doi:10.1093/jge/aa6b28,10.1093/jge/aa6b28,Wei Liu,2017,2020,3,Exact
A5100431965,Wei Liu,doi:10.1007/s12517-021-07335-5,10.1007/s12517-021-07335-5,Wei Liu,2021,2021,0,Exact
A5100431977,Wei Liu,doi:10.1088/1742-6596/1314/1/012208,10.1088/1742-6596/1314/1/012208,Wei Liu,2019,2022,3,Exact
A5100431998,Wei Liu,doi:10.1155/2022/1179321,10.1155/2022/1179321,Wei Liu,2022,2023,1,Exact
A5100432002,Wei Liu,doi:10.1042/bsr20191221,10.1042/bsr20191221,Wei Liu,2019,2021,2,Exact
A5100432003,Wei Liu,doi:10.1038/srep12723,10.1038/srep12723,Wei Liu,2015,2023,8,Exact
A5100432006,Wei Liu,doi:10.1109/ieec.2009.68,10.1109/ieec.2009.68,Wei Liu,2009,2009,0,Exact
A5100432006,Wei Liu,doi:10.1186/s12951-022-01520-8,10.1186/s12951-022-01520-8,Wei Liu,2022,2024,2,Exact
A5100432026,Wei Liu,doi:10.1016/j.micpro.2021.103910,10.1016/j.micpro.2021.103910,Wei Liu,2021,2023,2,Exact
A5100432027,Wei Liu,doi:10.1098/rsob.150258,10.1098/rsob.150258,Wei Liu,2016,2023,7,Exact
A5100432606,Wei Chen,doi:10.1109/edt.2010.5496420,10.1109/edt.2010.5496420,Wei Chen,2010,2010,0,Exact
A5100432613,Peng Li,doi:10.1155/2022/7396185,10.1155/2022/7396185,Peng Li,2022,2023,1,Exact
A5100432619,Peng Li,doi:10.3233/jifs-201866,10.3233/jifs-201866,Peng Li,2021,2025,4,Exact
A5100432619,Peng Li,doi:10.3233/jifs-220181,10.3233/jifs-220181,Peng Li,2022,2025,3,Exact
A5100432627,Peng Li,doi:10.1155/2021/1458621,10.1155/2021/1458621,Peng Li,2021,2023,2,Exact
A5100432665,Peng Li,doi:10.1155/2021/2689878,10.1155/2021/2689878,Peng Li,2021,2023,2,Exact
A5100432665,Peng Li,doi:10.1155/2021/3410844,10.1155/2021/3410844,Peng Li,2021,2023,2,Exact
A5100432667,Peng Li,doi:10.1109/icbbe.2011.5780944,10.1109/icbbe.2011.5780944,Peng Li,2011,2011,0,Exact
A5100432672,Peng Li,doi:10.1186/s12935-019-0812-3,10.1186/s12935-019-0812-3,Peng Li,2019,2023,4,Exact
A5100432714,Peng Li,doi:10.1016/j.yexcr.2015.01.008,10.1016/j.yexcr.2015.01.008,Peng Li,2015,2015,0,Exact
A5100432714,Peng Li,doi:10.1039/c9ra05176g,10.1039/c9ra05176g,Peng Li,2019,2021,2,Exact
A5100432719,Peng Li,doi:10.1002/app.34819,10.1002/app.34819,Peng Li,2011,2011,0,Exact
A5100432721,Peng Li,doi:10.1016/j.actbio.2017.06.010,10.1016/j.actbio.2017.06.010,Peng Li,2017,2021,4,Exact
A5100432734,Peng Li,doi:10.3389/fonc.2022.807597,10.3389/fonc.2022.807597,Peng Li,2022,2025,3,Exact
A5100432747,Peng Li,doi:10.1155/2022/8139963,10.1155/2022/8139963,Peng Li,2022,2023,1,Exact
A5100432748,Peng Li,doi:10.1007/s00500-023-09352-w,10.1007/s00500-023-09352-w,Peng Li,2023,2026,3,Exact
A5100432770,Peng Li,doi:10.1109/icbbe.2011.5780776,10.1109/icbbe.2011.5780776,Peng Li,2011,2011,0,Exact
A5100432770,Peng Li,doi:10.1109/icebeg.2011.5881388,10.1109/icebeg.2011.5881388,Peng Li,2011,2011,0,Exact
A5100432770,Peng Li,doi:10.1109/icebeg.2011.5882754,10.1109/icebeg.2011.5882754,Peng Li,2011,2011,0,Exact
A5100432772,Peng Li,doi:10.3389/fbioe.2021.673327,10.3389/fbioe.2021.673327,Peng Li,2021,2024,3,Exact
A5100432772,Peng Li,doi:10.3892/mmr.2019.10393,10.3892/mmr.2019.10393,Peng Li,2019,2024,5,Exact
A5100432784,Peng Li,doi:10.1093/jaoacint/qsad001,10.1093/jaoacint/qsad001,Peng Li,2023,2025,2,Exact
A5100432789,Peng Li,doi:10.1016/j.bbadis.2014.06.014,10.1016/j.bbadis.2014.06.014,Peng Li,2014,2014,0,Exact
A5100432789,Peng Li,doi:10.12659/msm.909125,10.12659/msm.909125,Peng Li,2018,2021,3,Exact
A5100432795,Peng Li,doi:10.1007/s00500-023-08148-2,10.1007/s00500-023-08148-2,Peng Li,2023,2024,1,Exact
A5100433054,Jun Zhang,doi:10.3389/fimmu.2018.03102,10.3389/fimmu.2018.03102,Jun Zhang,2019,2020,1,Exact
A5100433063,Jun Zhang,doi:10.1109/icise.2009.886,10.1109/icise.2009.886,Jun Zhang,2009,2010,1,Exact
A5100433067,Jun Zhang,doi:10.1002/jcb.29574,10.1002/jcb.29574,Jun Zhang,2020,2022,2,Exact
A5100433067,Jun Zhang,doi:10.1155/2021/3130747,10.1155/2021/3130747,Jun Zhang,2021,2023,2,Exact
A5100433068,Jun Zhang,doi:10.1155/2022/4448993,10.1155/2022/4448993,Jun Zhang,2022,2023,1,Exact
A5100433106,Jun Zhang,doi:10.1007/s12517-021-07603-4,10.1007/s12517-021-07603-4,Jun Zhang,2021,2021,0,Exact
A5100433112,Jun Zhang,doi:10.1155/2022/4829750,10.1155/2022/4829750,Jun Zhang,2022,2023,1,Exact
A5100433120,Jun Zhang,doi:10.1109/icbbe.2011.5780776,10.1109/icbbe.2011.5780776,Jun Zhang,2011,2011,0,Exact
A5100433127,Jun Zhang,doi:10.1155/2022/1132452,10.1155/2022/1132452,Jun Zhang,2022,2023,1,Exact
A5100433138,Jun Zhang,doi:10.1007/s11064-018-2475-1,10.1007/s11064-018-2475-1,Jun Zhang,2018,2020,2,Exact
A5100433138,Jun Zhang,doi:10.1155/2022/1286419,10.1155/2022/1286419,Jun Zhang,2022,2023,1,Exact
A5100433142,Jun Zhang,doi:10.1007/s11033-014-3479-9,10.1007/s11033-014-3479-9,Jun Zhang,2014,2015,1,Exact
A5100433153,Jun Zhang,doi:10.1002/jgm.983,10.1002/jgm.983,Jun Zhang,2006,2007,1,Exact
A5100433174,Jun Zhang,doi:10.1186/s13046-017-0661-7,10.1186/s13046-017-0661-7,Jun Zhang,2017,2022,5,Exact
A5100433187,Jun Zhang,doi:10.3892/or.2016.4941,10.3892/or.2016.4941,Jun Zhang,2016,2025,9,Exact
A5100433188,Jun Zhang,doi:10.1109/etcs.2010.11,10.1109/etcs.2010.11,Jun Zhang,2010,2010,0,Exact
A5100433198,Jun Zhang,doi:10.1109/icbbe.2011.5781333,10.1109/icbbe.2011.5781333,Jun Zhang,2011,2011,0,Exact
A5100433230,Jun Zhang,doi:10.1155/2022/4022896,10.1155/2022/4022896,Jun Zhang,2022,2024,2,Exact
A5100433245,Zhang Jun,doi:10.1155/2022/2802636,10.1155/2022/2802636,Jun Zhang,2022,2023,1,Exact
A5100433246,Jun Zhang,doi:10.1109/iceice.2011.5777419,10.1109/iceice.2011.5777419,Jun Zhang,2011,2011,0,Exact
A5100433248,Jun Zhang,doi:10.1016/j.biopha.2015.12.018,10.1016/j.biopha.2015.12.018,Jun Zhang,2015,2023,8,Exact
A5100433248,Jun Zhang,doi:10.1155/2022/5873479,10.1155/2022/5873479,Jun Zhang,2022,2023,1,Exact
A5100433248,Jun Zhang,doi:10.2147/ott.s101853,10.2147/ott.s101853,Jun Zhang,2016,2023,7,Exact
A5100433259,Jun Zhang,doi:10.1109/icbbe.2011.5780990,10.1109/icbbe.2011.5780990,Jun Zhang,2011,2011,0,Exact
A5100433266,Jun Zhang,doi:10.1109/esiat.2010.5568403,10.1109/esiat.2010.5568403,Jun Zhang,2010,2010,0,Exact
A5100433276,Jun Zhang,doi:10.1080/24701556.2020.1793356,10.1080/24701556.2020.1793356,Jun Zhang,2020,2024,4,Exact
A5100433289,Jun Zhang,doi:10.1016/j.heliyon.2022.e12343,10.1016/j.heliyon.2022.e12343,Jun Zhang,2022,2025,3,Exact
A5100433301,Jun Zhang,doi:10.1016/j.catcom.2012.11.012,10.1016/j.catcom.2012.11.012,Jun Zhang,2013,2013,0,Exact
A5100433374,Yu Zhang,doi:10.1007/s11033-014-3319-y,10.1007/s11033-014-3319-y,Yu Zhang,2014,2015,1,Exact
A5100433374,Yu Zhang,doi:10.1111/ahg.12059,10.1111/ahg.12059,Yu Zhang,2014,2016,2,Exact
A5100433385,Yu Zhang,doi:10.1109/qr2mse.2013.6625647,10.1109/qr2mse.2013.6625647,Yu Zhang,2013,2013,0,Exact
A5100433388,Yu Zhang,doi:10.1155/2020/8032718,10.1155/2020/8032718,Yu Zhang,2020,2024,4,Exact
A5100433396,Yu Zhang,doi:10.1155/2022/3594462,10.1155/2022/3594462,Yu Zhang,2022,2023,1,Exact
A5100433400,Yu Zhang,doi:10.1155/2022/5165203,10.1155/2022/5165203,Yu Zhang,2022,2023,1,Exact
A5100433406,Yu Zhang,doi:10.1080/15384101.2020.1717033,10.1080/15384101.2020.1717033,Yu Zhang,2020,2022,2,Exact
A5100433406,Yu Zhang,doi:10.1155/2022/1948092,10.1155/2022/1948092,Yu Zhang,2022,2023,1,Exact
A5100433408,Yu Zhang,doi:10.1155/2021/6611196,10.1155/2021/6611196,Yu Zhang,2021,2023,2,Exact
A5100433410,Yu Zhang,doi:10.3389/fcell.2021.660571,10.3389/fcell.2021.660571,Yu Zhang,2021,2022,1,Exact
A5100433411,Yu Zhang,doi:10.1007/s11082-024-06560-y,10.1007/s11082-024-06560-y,Yu Zhang,2024,2024,0,Exact
A5100433414,Yu Zhang,doi:10.1088/1742-6596/1648/4/042052,10.1088/1742-6596/1648/4/042052,Yu Zhang,2020,2022,2,Exact
A5100433414,Yu Zhang,doi:10.1007/s13132-023-01451-1,10.1007/s13132-023-01451-1,Yu Zhang,2023,2024,1,Exact
A5100433418,Yu Zhang,doi:10.1371/journal.pone.0068905,10.1371/journal.pone.0068905,Yu Zhang,2013,2025,12,Exact
A5100433424,Yu Zhang,doi:10.1109/icbbe.2011.5781043,10.1109/icbbe.2011.5781043,Yu Zhang,2011,2011,0,Exact
A5100433435,Yu Zhang,doi:10.1007/s11064-015-1706-y,10.1007/s11064-015-1706-y,Yu Zhang,2015,2016,1,Exact
A5100433452,Yu Zhang,doi:10.1111/srt.13845,10.1111/srt.13845,Yu Zhang,2024,2025,1,Exact
A5100433470,Yu Zhang,doi:10.1155/2022/1459232,10.1155/2022/1459232,Yu Zhang,2022,2023,1,Exact
A5100433479,Yu Zhang,doi:10.12659/msm.928837,10.12659/msm.928837,Yu Zhang,2021,2021,0,Exact
A5100433516,Yu Zhang,doi:10.1109/icbbe.2011.5781277,10.1109/icbbe.2011.5781277,Yu Zhang,2011,2011,0,Exact
A5100433532,Yu Zhang,doi:10.1515/hsz-2015-0153,10.1515/hsz-2015-0153,Yu Zhang,2015,2015,0,Exact
A5100433539,Yu Zhang,doi:10.7554/elife.57617,10.7554/elife.57617,Yu Zhang,2020,2021,1,Exact
A5100433546,Yu Zhang,doi:10.1016/j.ymthe.2017.03.031,10.1016/j.ymthe.2017.03.031,Yu Zhang,2017,2024,7,Exact
A5100433561,Yu Zhang,doi:10.1186/s12885-023-11221-6,10.1186/s12885-023-11221-6,Yu Zhang,2023,2024,1,Exact
A5100433564,Yu Zhang,doi:10.1155/2022/4082381,10.1155/2022/4082381,Yu Zhang,2022,2023,1,Exact
A5100433581,Yu Zhang,doi:10.1155/2021/1048309,10.1155/2021/1048309,Yu Zhang,2021,2024,3,Exact
A5100433592,Yu Zhang,doi:10.2991/3ca-13.2013.70,10.2991/3ca-13.2013.70,Yu Zhang,2013,2020,7,Exact
A5100433614,Yu Zhang,doi:10.1155/2022/9800993,10.1155/2022/9800993,Yu Zhang,2022,2023,1,Exact
A5100433617,Yu Zhang,doi:10.1186/s40644-018-0139-7,10.1186/s40644-018-0139-7,Yu Zhang,2018,2018,0,Exact
A5100433638,Yu Zhang,doi:10.2147/cmar.s176887,10.2147/cmar.s176887,Yu Zhang,2018,2020,2,Exact
A5100433658,Yu Zhang,doi:10.1155/2022/8180013,10.1155/2022/8180013,Yu Zhang,2022,2023,1,Exact
A5100433668,Yu Zhang,doi:10.1158/0008-5472.can-17-0579,10.1158/0008-5472.can-17-0579,Yu Zhang,2017,2022,5,Exact
A5100433684,Yu Zhang,doi:10.1155/2022/1534142,10.1155/2022/1534142,Yu Zhang,2022,2023,1,Exact
A5100433684,Yu Zhang,doi:10.1155/2022/4622877,10.1155/2022/4622877,Yu Zhang,2022,2023,1,Exact
A5100433685,Yu Zhang,doi:10.3892/ijo.2018.4467,10.3892/ijo.2018.4467,Yu Zhang,2018,2022,4,Exact
A5100433687,Yu Zhang,doi:10.1016/j.jnutbio.2017.02.001,10.1016/j.jnutbio.2017.02.001,Yu Zhang,2017,2017,0,Exact
A5100433692,Yu Zhang,doi:10.1155/2022/6701519,10.1155/2022/6701519,Yu Zhang,2022,2023,1,Exact
A5100433702,Yu Zhang,doi:10.1080/15384101.2019.1618120,10.1080/15384101.2019.1618120,Yu Zhang,2019,2022,3,Exact
A5100433702,Yu Zhang,doi:10.1007/s00335-021-09900-5,10.1007/s00335-021-09900-5,Yu Zhang,2021,2023,2,Exact
A5100433712,Yu Zhang,doi:10.1155/2022/4147217,10.1155/2022/4147217,Yu Zhang,2022,2023,1,Exact
A5100433719,Yu Zhang,doi:10.1128/mra.00223-21,10.1128/mra.00223-21,Yu Zhang,2021,2023,2,Exact
A5100433731,Yu Zhang,doi:10.1007/s10479-021-04412-6,10.1007/s10479-021-04412-6,Yu Zhang,2021,2023,2,Exact
A5100433732,Yu Zhang,doi:10.2147/ott.s205853,10.2147/ott.s205853,Yu Zhang,2019,2020,1,Exact
A5100433732,Yu Zhang,doi:10.1155/2022/5873479,10.1155/2022/5873479,Yu Zhang,2022,2023,1,Exact
A5100433732,Yu Zhang,doi:10.1155/2022/9719671,10.1155/2022/9719671,Yu Zhang,2022,2023,1,Exact
A5100433732,Yu Zhang,doi:10.1111/cas.12351,10.1111/cas.12351,Yu Zhang,2014,2024,10,Exact
A5100433737,Yu Zhang,doi:10.3892/etm.2019.8036,10.3892/etm.2019.8036,Yu Zhang,2019,2024,5,Exact
A5100433740,Yu Zhang,doi:10.1155/2022/2992939,10.1155/2022/2992939,Yu Zhang,2022,2023,1,Exact
A5100433740,Yu Zhang,doi:10.1371/journal.pone.0157599,10.1371/journal.pone.0157599,Yu Zhang,2016,2026,10,Exact
A5100433763,Yu Zhang,doi:10.1155/2022/4272525,10.1155/2022/4272525,Yu Zhang,2022,2023,1,Exact
A5100433763,Yu Zhang,doi:10.1155/2022/4835417,10.1155/2022/4835417,Yu Zhang,2022,2023,1,Exact
A5100433763,Yu Zhang,doi:10.1186/s13046-019-1134-y,10.1186/s13046-019-1134-y,Yu Zhang,2019,2023,4,Exact
A5100433793,Lei Zhang,doi:10.1016/j.yexmp.2019.104355,10.1016/j.yexmp.2019.104355,Lei Zhang,2019,2022,3,Exact
A5100433814,Lei Zhang,doi:10.1016/j.molstruc.2020.129697,10.1016/j.molstruc.2020.129697,Lei Zhang,2020,2023,3,Exact
A5100433814,Lei Zhang,doi:10.1111/iwj.14291,10.1111/iwj.14291,Lei Zhang,2023,2025,2,Exact
A5100433831,Lei Zhang,doi:10.1042/bsr20180562,10.1042/bsr20180562,Lei Zhang,2018,2021,3,Exact
A5100433842,Lei Zhang,doi:10.1016/j.ijbiomac.2023.123169,10.1016/j.ijbiomac.2023.123169,Lei Zhang,2023,2023,0,Exact
A5100433858,Lei Zhang,doi:10.1042/bsr20170021,10.1042/bsr20170021,Lei Zhang,2017,2020,3,Exact
A5100433880,Lei Zhang,doi:10.1155/2021/9959077,10.1155/2021/9959077,Lei Zhang,2021,2023,2,Exact
A5100433894,Lei Zhang,doi:10.1109/icbbe.2011.5780734,10.1109/icbbe.2011.5780734,Lei Zhang,2011,2011,0,Exact
A5100433894,Lei Zhang,doi:10.1109/icbbe.2011.5780835,10.1109/icbbe.2011.5780835,Lei Zhang,2011,2011,0,Exact
A5100433899,Lei Zhang,doi:10.1155/2021/8964433,10.1155/2021/8964433,Lei Zhang,2021,2023,2,Exact
A5100433899,Lei Zhang,doi:10.1155/2022/5403681,10.1155/2022/5403681,Lei Zhang,2022,2023,1,Exact
A5100433899,Lei Zhang,doi:10.1155/2021/2049646,10.1155/2021/2049646,Lei Zhang,2021,2024,3,Exact
A5100433917,Lei Zhang,doi:10.3233/rnn-180876,10.3233/rnn-180876,Lei Zhang,2019,2023,4,Exact
A5100433917,Lei Zhang,doi:10.1155/2021/7915670,10.1155/2021/7915670,Lei Zhang,2021,2024,3,Exact
A5100433946,Lei Zhang,doi:10.1155/2021/2228803,10.1155/2021/2228803,Lei Zhang,2021,2023,2,Exact
A5100433953,Lei Zhang,doi:10.1109/icicci.2010.126,10.1109/icicci.2010.126,Lei Zhang,2010,2010,0,Exact
A5100433983,Lei Zhang,doi:10.3389/fonc.2020.588533,10.3389/fonc.2020.588533,Lei Zhang,2021,2023,2,Exact
A5100433985,Lei Zhang,doi:10.1109/icebeg.2011.5882591,10.1109/icebeg.2011.5882591,Lei Zhang,2011,2011,0,Exact
A5100433988,Lei Zhang,doi:10.1109/icacc.2010.5487165,10.1109/icacc.2010.5487165,Lei Zhang,2010,2010,0,Exact
A5100433989,Lei Zhang,doi:10.1155/2021/7552510,10.1155/2021/7552510,Lei Zhang,2021,2023,2,Exact
A5100433999,Lei Zhang,doi:10.1155/2022/1948092,10.1155/2022/1948092,Lei Zhang,2022,2023,1,Exact
A5100434028,Lei Zhang,doi:10.1109/paccs.2011.5990211,10.1109/paccs.2011.5990211,Lei Zhang,2011,2011,0,Exact
A5100434028,Lei Zhang,doi:10.1101/2020.04.27.20081349,10.1101/2020.04.27.20081349,Lei Zhang,2020,2020,0,Exact
A5100434028,Lei Zhang,doi:10.1145/3465631.3465862,10.1145/3465631.3465862,Lei Zhang,2021,2022,1,Exact
A5100434028,Lei Zhang,doi:10.1155/2021/7690902,10.1155/2021/7690902,Lei Zhang,2021,2022,1,Exact
A5100434028,Lei Zhang,doi:10.1155/2021/6684818,10.1155/2021/6684818,Lei Zhang,2021,2023,2,Exact
A5100434028,Lei Zhang,doi:10.1155/2022/4903265,10.1155/2022/4903265,Lei Zhang,2022,2023,1,Exact
A5100434028,Lei Zhang,doi:10.1155/2022/1394042,10.1155/2022/1394042,Lei Zhang,2022,2024,2,Exact
A5100434031,Lei Zhang,doi:10.1155/2022/6245647,10.1155/2022/6245647,Lei Zhang,2022,2023,1,Exact
A5100434056,Lei Zhang,doi:10.3389/fonc.2021.600451,10.3389/fonc.2021.600451,Lei Zhang,2021,2021,0,Exact
A5100434072,Lei Zhang,doi:10.1109/icbmei.2011.5914486,10.1109/icbmei.2011.5914486,Lei Zhang,2011,2011,0,Exact
A5100434072,Lei Zhang,doi:10.1159/000488739,10.1159/000488739,Lei Zhang,2018,2022,4,Exact
A5100434072,Lei Zhang,doi:10.3389/fimmu.2021.646775,10.3389/fimmu.2021.646775,Lei Zhang,2021,2024,3,Exact
A5100434336,Liu Li,doi:10.1155/2022/4997616,10.1155/2022/4997616,Li Liu,2022,2023,1,Exact
A5100434525,Wei Zhao,doi:10.1007/s11120-020-00732-z,10.1007/s11120-020-00732-z,Wei Zhao,2020,2022,2,Exact
A5100434730,Jun Li,doi:10.1155/2021/3303160,10.1155/2021/3303160,Jun Li,2021,2023,2,Exact
A5100435466,Ping Li,doi:10.1016/j.midw.2006.05.005,10.1016/j.midw.2006.05.005,Ping Li,2007,2007,0,Exact
A5100435466,Ping Li,doi:10.1111/j.1365-2702.2008.02689.x,10.1111/j.1365-2702.2008.02689.x,Ping Li,2009,2015,6,Exact
A5100435468,Ping Li,doi:10.3233/jifs-220703,10.3233/jifs-220703,Ping Li,2022,2025,3,Exact
A5100435469,Ping Li,doi:10.1088/1742-6596/1574/1/012099,10.1088/1742-6596/1574/1/012099,Ping Li,2020,2022,2,Exact
A5100435475,Ping Li,doi:10.1109/icsess.2011.5982320,10.1109/icsess.2011.5982320,Ping Li,2011,2011,0,Exact
A5100435491,Ping Li,doi:10.1042/cs20171588,10.1042/cs20171588,Ping Li,2018,2024,6,Exact
A5100435494,Ping Li,doi:10.1109/icbbe.2007.146,10.1109/icbbe.2007.146,Ping Li,2007,2007,0,Exact
A5100435494,Ping Li,doi:10.1109/peits.2009.5406876,10.1109/peits.2009.5406876,Ping Li,2009,2010,1,Exact
A5100435494,Ping Li,doi:10.1155/2021/3018285,10.1155/2021/3018285,Ping Li,2021,2023,2,Exact
A5100435501,Ping Li,doi:10.3892/etm.2013.1265,10.3892/etm.2013.1265,Ping Li,2013,2023,10,Exact
A5100435503,Ping Li,doi:10.1109/peits.2009.5406875,10.1109/peits.2009.5406875,Ping Li,2009,2010,1,Exact
A5100435517,Ping Li,doi:10.1155/2022/3654181,10.1155/2022/3654181,Ping Li,2022,2022,0,Exact
A5100435517,Ping Li,doi:10.1155/2022/4456987,10.1155/2022/4456987,Ping Li,2022,2023,1,Exact
A5100435518,Ping Li,doi:10.1007/s11033-014-3509-7,10.1007/s11033-014-3509-7,Ping Li,2014,2015,1,Exact
A5100435518,Ping Li,doi:10.1371/journal.pone.0150790,10.1371/journal.pone.0150790,Ping Li,2016,2021,5,Exact
A5100435520,Ping Li,doi:10.1097/md.0000000000009783,10.1097/md.0000000000009783,Ping Li,2018,2018,0,Exact
A5100435520,Ping Li,doi:10.1186/1479-5876-11-301,10.1186/1479-5876-11-301,Ping Li,2013,2020,7,Exact
A5100435520,Ping Li,doi:10.3389/fimmu.2019.02862,10.3389/fimmu.2019.02862,Ping Li,2019,2020,1,Exact
A5100435520,Ping Li,doi:10.1155/2022/3335581,10.1155/2022/3335581,Ping Li,2022,2023,1,Exact
A5100435520,Ping Li,doi:10.3892/or.2014.3626,10.3892/or.2014.3626,Ping Li,2014,2023,9,Exact
A5100435520,Ping Li,doi:10.18632/aging.103635,10.18632/aging.103635,Ping Li,2020,2024,4,Exact
A5100435530,Ping Li,doi:10.1155/2021/5058899,10.1155/2021/5058899,Ping Li,2021,2024,3,Exact
A5100435536,Ping Li,doi:10.1016/j.pharep.2017.06.005,10.1016/j.pharep.2017.06.005,Ping Li,2017,2020,3,Exact
A5100435550,Ping Li,doi:10.1111/iwj.14540,10.1111/iwj.14540,Ping Li,2023,2025,2,Exact
A5100435558,Ping Li,doi:10.1007/s13277-015-4369-z,10.1007/s13277-015-4369-z,Ping Li,2015,2021,6,Exact
A5100435558,Ping Li,doi:10.1159/000477389,10.1159/000477389,Ping Li,2017,2023,6,Exact
A5100435558,Ping Li,doi:10.1016/j.ymthe.2021.09.009,10.1016/j.ymthe.2021.09.009,Ping Li,2021,2024,3,Exact
A5100435573,Ping Li,doi:10.3892/etm.2017.4685,10.3892/etm.2017.4685,Ping Li,2017,2021,4,Exact
A5100435573,Ping Li,doi:10.3389/fimmu.2020.00907,10.3389/fimmu.2020.00907,Ping Li,2020,2024,4,Exact
A5100435573,Ping Li,doi:10.3892/ijmm.2018.4044,10.3892/ijmm.2018.4044,Ping Li,2018,2024,6,Exact
A5100435575,Ping Li,doi:10.1155/2022/7297499,10.1155/2022/7297499,Ping Li,2022,2023,1,Exact
A5100435590,Ping Li,doi:10.1038/s41417-020-00220-5,10.1038/s41417-020-00220-5,Ping Li,2020,2023,3,Exact
A5100435590,Ping Li,doi:10.1159/000477121,10.1159/000477121,Ping Li,2017,2023,6,Exact
A5100435653,Dan Wang,doi:10.1155/2022/2894426,10.1155/2022/2894426,Dan Wang,2022,2023,1,Exact
A5100435715,Lei Wang,doi:10.3892/ijo.2018.4576,10.3892/ijo.2018.4576,Lei Wang,2018,2022,4,Exact
A5100435716,Lei Wang,doi:10.3233/cbm-201518,10.3233/cbm-201518,Lei Wang,2020,2022,2,Exact
A5100435721,Lei Wang,doi:10.1186/s12906-017-1642-2,10.1186/s12906-017-1642-2,Lei Wang,2017,2023,6,Exact
A5100435726,Lei Wang,doi:10.1074/jbc.m116.715797,10.1074/jbc.m116.715797,Lei Wang,2016,2019,3,Exact
A5100435726,Lei Wang,doi:10.2147/ott.s183847,10.2147/ott.s183847,Lei Wang,2018,2021,3,Exact
A5100435728,Lei Wang,doi:10.1007/s00371-011-0635-2,10.1007/s00371-011-0635-2,Lei Wang,2011,2014,3,Exact
A5100435738,Lei Wang,doi:10.1155/2022/5435207,10.1155/2022/5435207,Lei Wang,2022,2023,1,Exact
A5100435745,Lei Wang,doi:10.1002/adsc.201801165,10.1002/adsc.201801165,Lei Wang,2018,2020,2,Exact
A5100435752,Wang Lei,doi:10.1109/icams.2010.5553008,10.1109/icams.2010.5553008,Lei Wang,2010,2010,0,Exact
A5100435763,Lei Wang,doi:10.1155/2022/2756459,10.1155/2022/2756459,Lei Wang,2022,2023,1,Exact
A5100435797,Lei Wang,doi:10.1186/s40035-018-0128-6,10.1186/s40035-018-0128-6,Lei Wang,2018,2022,4,Exact
A5100435801,Lei Wang,doi:10.1155/2021/4468140,10.1155/2021/4468140,Lei Wang,2021,2023,2,Exact
A5100435801,Lei Wang,doi:10.1371/journal.pone.0166172,10.1371/journal.pone.0166172,Lei Wang,2016,2023,7,Exact
A5100435801,Lei Wang,doi:10.3892/mmr.2016.5571,10.3892/mmr.2016.5571,Lei Wang,2016,2023,7,Exact
A5100435829,Lei Wang,doi:10.1155/2022/9368920,10.1155/2022/9368920,Lei Wang,2022,2023,1,Exact
A5100435829,Lei Wang,doi:10.1155/2020/7278085,10.1155/2020/7278085,Lei Wang,2020,2024,4,Exact
A5100435832,Lei Wang,doi:10.1093/toxsci/kfs242,10.1093/toxsci/kfs242,Lei Wang,2012,2020,8,Exact
A5100435832,Lei Wang,doi:10.1155/2021/6656948,10.1155/2021/6656948,Lei Wang,2021,2022,1,Exact
A5100435848,Lei Wang,doi:10.1007/s00500-024-09635-w,10.1007/s00500-024-09635-w,Lei Wang,2024,2025,1,Exact
A5100435864,Lei Wang,doi:10.1109/etcs.2010.549,10.1109/etcs.2010.549,Lei Wang,2010,2010,0,Exact
A5100435871,Lei Wang,doi:10.1155/2022/6202457,10.1155/2022/6202457,Lei Wang,2022,2023,1,Exact
A5100435890,Lei Wang,doi:10.1124/mol.118.113407,10.1124/mol.118.113407,Lei Wang,2018,2019,1,Exact
A5100435903,Lei Wang,doi:10.3892/ijmm.2019.4245,10.3892/ijmm.2019.4245,Lei Wang,2019,2021,2,Exact
A5100435903,Lei Wang,doi:10.2147/ott.s278582,10.2147/ott.s278582,Lei Wang,2020,2022,2,Exact
A5100435903,Lei Wang,doi:10.3892/mmr.2018.9403,10.3892/mmr.2018.9403,Lei Wang,2018,2024,6,Exact
A5100435904,Lei Wang,doi:10.1002/14651858.cd008978,10.1002/14651858.cd008978,Lei Wang,2011,2014,3,Exact
A5100435904,Lei Wang,doi:10.2147/ott.s79727,10.2147/ott.s79727,Lei Wang,2017,2017,0,Exact
A5100435904,Lei Wang,doi:10.1109/access.2020.3021490,10.1109/access.2020.3021490,Lei Wang,2020,2020,0,Exact
A5100435914,Lei Wang,doi:10.1002/jcb.29170,10.1002/jcb.29170,Lei Wang,2019,2021,2,Exact
A5100435917,Lei Wang,doi:10.1074/jbc.m115.675371,10.1074/jbc.m115.675371,Lei Wang,2015,2018,3,Exact
A5100435927,Lei Wang,doi:10.2147/ndt.s82864,10.2147/ndt.s82864,Lei Wang,2015,2016,1,Exact
A5100435927,Lei Wang,doi:10.1155/2021/1300920,10.1155/2021/1300920,Lei Wang,2021,2023,2,Exact
A5100435955,Lei Wang,doi:10.3727/096504018x15199511344806,10.3727/096504018x15199511344806,Lei Wang,2018,2024,6,Exact
A5100435976,Lei Wang,doi:10.1007/s10803-023-06081-9,10.1007/s10803-023-06081-9,Lei Wang,2023,2024,1,Exact
A5100435992,Lei Wang,doi:10.1016/s1995-7645(14)60139-5,10.1016/s1995-7645(14)60139-5,Lei Wang,2014,2014,0,Exact
A5100435994,Lei Wang,doi:10.1109/icmss.2009.5301007,10.1109/icmss.2009.5301007,Lei Wang,2009,2009,0,Exact
A5100436005,Lei Wang,doi:10.1002/jcb.26886,10.1002/jcb.26886,Lei Wang,2018,2021,3,Exact
A5100436005,Lei Wang,doi:10.1038/s41467-018-07998-x,10.1038/s41467-018-07998-x,Lei Wang,2019,2023,4,Exact
A5100436011,Lei Wang,doi:10.1007/s11227-022-04516-1,10.1007/s11227-022-04516-1,Lei Wang,2022,2023,1,Exact
A5100436028,Lei Wang,doi:10.2174/1874149501509010923,10.2174/1874149501509010923,Lei Wang,2015,2016,1,Exact
A5100436052,Lei Wang,doi:10.2147/ott.s168807,10.2147/ott.s168807,Lei Wang,2018,2021,3,Exact
A5100436058,Lei Wang,doi:10.1155/2022/2600755,10.1155/2022/2600755,Lei Wang,2022,2023,1,Exact
A5100436059,Lei Wang,doi:10.1155/2015/108458,10.1155/2015/108458,Lei Wang,2014,2017,3,Exact
A5100436059,Lei Wang,doi:10.3892/ol.2016.5230,10.3892/ol.2016.5230,Lei Wang,2016,2024,8,Exact
A5100436067,Lei Wang,doi:10.1007/s11274-011-0825-0,10.1007/s11274-011-0825-0,Lei Wang,2011,2015,4,Exact
A5100436067,Lei Wang,doi:10.1089/gtmb.2016.0194,10.1089/gtmb.2016.0194,Lei Wang,2017,2021,4,Exact
A5100436090,Lei Wang,doi:10.1002/pros.23483,10.1002/pros.23483,Lei Wang,2018,2019,1,Exact
A5100436090,Lei Wang,doi:10.1155/2022/4813571,10.1155/2022/4813571,Lei Wang,2022,2023,1,Exact
A5100436090,Lei Wang,doi:10.1155/2022/7848143,10.1155/2022/7848143,Lei Wang,2022,2023,1,Exact
A5100436098,Lei Wang,doi:10.1007/s11033-014-3474-1,10.1007/s11033-014-3474-1,Lei Wang,2014,2015,1,Exact
A5100436098,Lei Wang,doi:10.1186/s13046-019-1098-y,10.1186/s13046-019-1098-y,Lei Wang,2019,2022,3,Exact
A5100436099,Lei Wang,doi:10.1155/2022/7130419,10.1155/2022/7130419,Lei Wang,2022,2023,1,Exact
A5100436111,Lei Wang,doi:10.1155/2022/8094732,10.1155/2022/8094732,Lei Wang,2022,2023,1,Exact
A5100436130,Lei Wang,doi:10.1155/2021/5657284,10.1155/2021/5657284,Lei Wang,2021,2023,2,Exact
A5100436140,Lei Wang,doi:10.1109/wicom.2007.1484,10.1109/wicom.2007.1484,Lei Wang,2007,2007,0,Exact
A5100436146,Lei Wang,doi:10.1042/bsr20171184,10.1042/bsr20171184,Lei Wang,2018,2020,2,Exact
A5100436155,Lei Wang,doi:10.1186/s12935-018-0665-1,10.1186/s12935-018-0665-1,Lei Wang,2018,2019,1,Exact
A5100436159,Lei Wang,doi:10.1007/s00439-017-1759-x,10.1007/s00439-017-1759-x,Lei Wang,2017,2021,4,Exact
A5100436162,Lei Wang,doi:10.1186/1472-6882-13-309,10.1186/1472-6882-13-309,Lei Wang,2013,2022,9,Exact
A5100436164,Lei Wang,doi:10.1109/icebeg.2011.5881312,10.1109/icebeg.2011.5881312,Lei Wang,2011,2011,0,Exact
A5100436175,Lei Wang,doi:10.1002/14651858.cd005052.pub2,10.1002/14651858.cd005052.pub2,Lei Wang,2007,2016,9,Exact
A5100436175,Lei Wang,doi:10.1038/srep37227,10.1038/srep37227,Lei Wang,2016,2019,3,Exact
A5100436175,Lei Wang,doi:10.1155/2022/4259499,10.1155/2022/4259499,Lei Wang,2022,2023,1,Exact
A5100436176,Lei Wang,doi:10.1155/2022/1353724,10.1155/2022/1353724,Lei Wang,2022,2023,1,Exact
A5100436455,Yang Zhang,doi:10.3892/etm.2017.4608,10.3892/etm.2017.4608,Yang Zhang,2017,2021,4,Exact
A5100436455,Yang Zhang,doi:10.3892/mmr.2015.4180,10.3892/mmr.2015.4180,Yang Zhang,2015,2021,6,Exact
A5100436606,Jie Zhang,doi:10.1155/2022/6131971,10.1155/2022/6131971,Jie Zhang,2022,2023,1,Exact
A5100436618,Jie Zhang,doi:10.1002/jcp.24069,10.1002/jcp.24069,Jie Zhang,2012,2015,3,Exact
A5100436618,Jie Zhang,doi:10.1016/j.ygyno.2012.03.051,10.1016/j.ygyno.2012.03.051,Jie Zhang,2011,2015,4,Exact
A5100436618,Jie Zhang,doi:10.3389/fcvm.2021.759164,10.3389/fcvm.2021.759164,Jie Zhang,2022,2024,2,Exact
A5100436620,Jie Zhang,doi:10.1371/journal.pgen.1008592,10.1371/journal.pgen.1008592,Jie Zhang,2020,2024,4,Exact
A5100436622,Jie Zhang,doi:10.2147/cmar.s234620,10.2147/cmar.s234620,Jie Zhang,2020,2020,0,Exact
A5100436631,Jie Zhang,doi:10.1155/2021/2002307,10.1155/2021/2002307,Jie Zhang,2021,2023,2,Exact
A5100436631,Jie Zhang,doi:10.1155/2021/4379623,10.1155/2021/4379623,Jie Zhang,2021,2023,2,Exact
A5100436631,Jie Zhang,doi:10.1155/2022/9566927,10.1155/2022/9566927,Jie Zhang,2022,2023,1,Exact
A5100436638,Jie Zhang,doi:10.1109/iccasm.2010.5623192,10.1109/iccasm.2010.5623192,Jie Zhang,2010,2010,0,Exact
A5100436684,Jie Zhang,doi:10.1186/s12879-021-05993-0,10.1186/s12879-021-05993-0,Jie Zhang,2021,2021,0,Exact
A5100436684,Jie Zhang,doi:10.3389/fphar.2019.01071,10.3389/fphar.2019.01071,Jie Zhang,2019,2025,6,Exact
A5100436699,Jie Zhang,doi:10.1007/s13277-012-0340-4,10.1007/s13277-012-0340-4,Jie Zhang,2012,2017,5,Exact
A5100436703,Jie Zhang,doi:10.1155/2022/1620802,10.1155/2022/1620802,Jie Zhang,2022,2023,1,Exact
A5100436704,Jie Zhang,doi:10.1016/j.neulet.2019.03.053,10.1016/j.neulet.2019.03.053,Jie Zhang,2019,2019,0,Exact
A5100436704,Jie Zhang,doi:10.32604/chd.2023.028979,10.32604/chd.2023.028979,Jie Zhang,2023,2023,0,Exact
A5100436712,Jie Zhang,doi:10.1155/2022/1275250,10.1155/2022/1275250,Jie Zhang,2022,2023,1,Exact
A5100436712,Jie Zhang,doi:10.1155/2022/5682599,10.1155/2022/5682599,Jie Zhang,2022,2023,1,Exact
A5100436719,Jie Zhang,doi:10.1016/j.gene.2019.144143,10.1016/j.gene.2019.144143,Jie Zhang,2019,2020,1,Exact
A5100436719,Jie Zhang,doi:10.1016/j.omtn.2019.06.010,10.1016/j.omtn.2019.06.010,Jie Zhang,2019,2022,3,Exact
A5100436719,Jie Zhang,doi:10.1371/journal.pone.0114585,10.1371/journal.pone.0114585,Jie Zhang,2014,2022,8,Exact
A5100436719,Jie Zhang,doi:10.3892/mmr.2017.7814,10.3892/mmr.2017.7814,Jie Zhang,2017,2022,5,Exact
A5100436719,Jie Zhang,doi:10.1371/journal.pgen.1007790,10.1371/journal.pgen.1007790,Jie Zhang,2018,2024,6,Exact
A5100436756,Jie Zhang,doi:10.3892/or.2019.7098,10.3892/or.2019.7098,Jie Zhang,2019,2025,6,Exact
A5100436760,Jie Zhang,doi:10.3389/fenvs.2022.1001135,10.3389/fenvs.2022.1001135,Jie Zhang,2022,2023,1,Exact
A5100436762,Jie Zhang,doi:10.1155/2022/7240936,10.1155/2022/7240936,Jie Zhang,2022,2024,2,Exact
A5100436791,Jie Zhang,doi:10.1016/j.biopha.2016.06.045,10.1016/j.biopha.2016.06.045,Jie Zhang,2016,2020,4,Exact
A5100436791,Jie Zhang,doi:10.1177/0394632017703274,10.1177/0394632017703274,Jie Zhang,2017,2021,4,Exact
A5100436791,Jie Zhang,doi:10.1371/journal.pone.0158433,10.1371/journal.pone.0158433,Jie Zhang,2016,2021,5,Exact
A5100436808,Jie Zhang,doi:10.1016/j.plaphy.2022.08.011,10.1016/j.plaphy.2022.08.011,Jie Zhang,2022,2022,0,Exact
A5100436831,Jie Zhang,doi:10.1155/2021/8174600,10.1155/2021/8174600,Jie Zhang,2021,2023,2,Exact
A5100436833,Jie Zhang,doi:10.1042/bsr20181635,10.1042/bsr20181635,Jie Zhang,2019,2021,2,Exact
A5100436834,Jie Zhang,doi:10.1109/icmlc.2011.6017020,10.1109/icmlc.2011.6017020,Jie Zhang,2011,2011,0,Exact
A5100436834,Jie Zhang,doi:10.1016/j.biopha.2018.05.013,10.1016/j.biopha.2018.05.013,Jie Zhang,2018,2020,2,Exact
A5100436834,Jie Zhang,doi:10.1155/2013/617243,10.1155/2013/617243,Jie Zhang,2013,2020,7,Exact
A5100436834,Jie Zhang,doi:10.2147/ott.s233906,10.2147/ott.s233906,Jie Zhang,2020,2024,4,Exact
A5100436834,Jie Zhang,doi:10.3389/fimmu.2019.02819,10.3389/fimmu.2019.02819,Jie Zhang,2019,2024,5,Exact
A5100436834,Jie Zhang,doi:10.3389/fimmu.2020.00277,10.3389/fimmu.2020.00277,Jie Zhang,2019,2024,5,Exact
A5100436846,Jie Zhang,doi:10.3390/electronics10212700,10.3390/electronics10212700,Jie Zhang,2021,2024,3,Exact
A5100437917,Li Yang,doi:10.1155/2021/6389001,10.1155/2021/6389001,Yang Li,2021,2023,2,Exact
A5100438621,Gang Li,doi:10.1021/jacs.3c13085,10.1021/jacs.3c13085,Gang Li,2024,2025,1,Exact
A5100438621,Gang Li,doi:10.1021/jacs.3c14481,10.1021/jacs.3c14481,Gang Li,2024,2025,1,Exact
A5100438631,Gang Li,doi:10.1016/j.anireprosci.2008.04.009,10.1016/j.anireprosci.2008.04.009,Gang Li,2009,2010,1,Exact
A5100438635,Gang Li,doi:10.1159/000490473,10.1159/000490473,Gang Li,2018,2023,5,Exact
A5100438635,Gang Li,doi:10.1155/2021/6624245,10.1155/2021/6624245,Gang Li,2021,2024,3,Exact
A5100438640,Gang Li,doi:10.1109/ieec.2009.79,10.1109/ieec.2009.79,Gang Li,2009,2009,0,Exact
A5100438669,Gang Li,doi:10.2147/ott.s241816,10.2147/ott.s241816,Gang Li,2020,2024,4,Exact
A5100438676,Gang Li,doi:10.1109/icebeg.2011.5882333,10.1109/icebeg.2011.5882333,Gang Li,2011,2011,0,Exact
A5100438676,Gang Li,doi:10.3233/jifs-212780,10.3233/jifs-212780,Gang Li,2022,2024,2,Exact
A5100438687,Gang Li,doi:10.1007/s13277-014-2661-y,10.1007/s13277-014-2661-y,Gang Li,2014,2017,3,Exact
A5100438687,Gang Li,doi:10.2147/ott.s118346,10.2147/ott.s118346,Gang Li,2016,2017,1,Exact
A5100438687,Gang Li,doi:10.1002/jcb.26330,10.1002/jcb.26330,Gang Li,2017,2021,4,Exact
A5100438687,Gang Li,doi:10.1186/s12920-022-01182-3,10.1186/s12920-022-01182-3,Gang Li,2022,2024,2,Exact
A5100438690,Gang Li,doi:10.1080/21655979.2021.2013722,10.1080/21655979.2021.2013722,Gang Li,2021,2024,3,Exact
A5100438696,Gang Li,doi:10.1016/j.bbrc.2020.02.061,10.1016/j.bbrc.2020.02.061,Gang Li,2020,2021,1,Exact
A5100438696,Gang Li,doi:10.1111/iwj.14091,10.1111/iwj.14091,Gang Li,2023,2025,2,Exact
A5100438698,Gang Li,doi:10.1002/jcb.26729,10.1002/jcb.26729,Gang Li,2018,2021,3,Exact
A5100438708,Gang Li,doi:10.1080/15384101.2019.1667707,10.1080/15384101.2019.1667707,Gang Li,2019,2022,3,Exact
A5100438749,Gang Li,doi:10.1155/2021/5574207,10.1155/2021/5574207,Gang Li,2021,2024,3,Exact
A5100438769,Gang Li,doi:10.1007/s10586-018-2119-x,10.1007/s10586-018-2119-x,Gang Li,2018,2022,4,Exact
A5100438769,Gang Li,doi:10.1155/2022/4761230,10.1155/2022/4761230,Gang Li,2022,2023,1,Exact
A5100438784,Gang Li,doi:10.1155/2022/3689895,10.1155/2022/3689895,Gang Li,2022,2023,1,Exact
A5100438788,Gang� Li,doi:10.1016/j.yexmp.2020.104529,10.1016/j.yexmp.2020.104529,Gang Li,2020,2021,1,Exact
A5100438788,Gang� Li,doi:10.1080/15384101.2020.1856498,10.1080/15384101.2020.1856498,Gang Li,2020,2022,2,Exact
A5100438788,Gang� Li,doi:10.1016/j.biopha.2018.05.042,10.1016/j.biopha.2018.05.042,Gang Li,2018,2023,5,Exact
A5100439149,Yan Li,doi:10.3389/fnmol.2017.00194,10.3389/fnmol.2017.00194,Yan Li,2017,2023,6,Exact
A5100439965,Jing Li,doi:10.1007/s13277-015-3998-6,10.1007/s13277-015-3998-6,Jing Li,2015,2021,6,Exact
A5100439986,Jie Wang,doi:10.1155/2018/9420745,10.1155/2018/9420745,Jie Wang,2018,2020,2,Exact
A5100439986,Jie Wang,doi:10.1159/000490136,10.1159/000490136,Jie Wang,2018,2022,4,Exact
A5100439986,Jie Wang,doi:10.1155/2022/5406649,10.1155/2022/5406649,Jie Wang,2022,2023,1,Exact
A5100439994,Jie Wang,doi:10.3233/jifs-179223,10.3233/jifs-179223,Jie Wang,2019,2024,5,Exact
A5100439994,Jie Wang,doi:10.3233/jifs-179235,10.3233/jifs-179235,Jie Wang,2019,2025,6,Exact
A5100439998,Jie Wang,doi:10.1155/2021/4356770,10.1155/2021/4356770,Jie Wang,2021,2023,2,Exact
A5100440013,Jie Wang,doi:10.1371/journal.pone.0094855,10.1371/journal.pone.0094855,Jie Wang,2014,2018,4,Exact
A5100440013,Jie Wang,doi:10.21037/jtd.2018.11.37,10.21037/jtd.2018.11.37,Jie Wang,2018,2021,3,Exact
A5100440013,Jie Wang,doi:10.1155/2022/7497555,10.1155/2022/7497555,Jie Wang,2022,2023,1,Exact
A5100440013,Jie Wang,doi:10.1042/bsr20191711,10.1042/bsr20191711,Jie Wang,2019,2024,5,Exact
A5100440014,Jie Wang,doi:10.21037/tcr-22-346,10.21037/tcr-22-346,Jie Wang,2022,2024,2,Exact
A5100440056,Jie Wang,doi:10.3892/etm.2021.10440,10.3892/etm.2021.10440,Jie Wang,2021,2024,3,Exact
A5100440069,Jie Wang,doi:10.3390/coatings11020234,10.3390/coatings11020234,Jie Wang,2021,2025,4,Exact
A5100440080,Jie Wang,doi:10.1155/2022/2467887,10.1155/2022/2467887,Jie Wang,2022,2023,1,Exact
A5100440086,Jie Wang,doi:10.1371/journal.pone.0202987,10.1371/journal.pone.0202987,Jie Wang,2018,2022,4,Exact
A5100440113,Jie Wang,doi:10.1021/acsmacrolett.9b00296,10.1021/acsmacrolett.9b00296,Jie Wang,2019,2021,2,Exact
A5100440119,Jie Wang,doi:10.1109/aimsec.2011.6011007,10.1109/aimsec.2011.6011007,Jie Wang,2011,2011,0,Exact
A5100440120,Jie Wang,doi:10.1159/000453140,10.1159/000453140,Jie Wang,2016,2021,5,Exact
A5100440120,Jie Wang,doi:10.1016/j.omtn.2018.07.001,10.1016/j.omtn.2018.07.001,Jie Wang,2018,2022,4,Exact
A5100440139,Jie Wang,doi:10.1016/j.intimp.2021.107740,10.1016/j.intimp.2021.107740,Jie Wang,2021,2021,0,Exact
A5100440164,Jie Wang,doi:10.3970/cmc.2018.03687,10.3970/cmc.2018.03687,Jie Wang,2018,2018,0,Exact
A5100440167,Jie Wang,doi:10.1109/apccas.2000.913405,10.1109/apccas.2000.913405,Jie Wang,2000,2022,22,Exact
A5100440179,Jie Wang,doi:10.1155/2022/2235025,10.1155/2022/2235025,Jie Wang,2022,2023,1,Exact
A5100440182,Jie Wang,doi:10.1109/icbbe.2011.5781040,10.1109/icbbe.2011.5781040,Jie Wang,2011,2011,0,Exact
A5100440186,Jie Wang,doi:10.1155/2019/5949485,10.1155/2019/5949485,Jie Wang,2019,2024,5,Exact
A5100440252,Lei Li,doi:10.1088/1742-6596/2066/1/012045,10.1088/1742-6596/2066/1/012045,Lei Li,2021,2022,1,Exact
A5100440256,Lei Li,doi:10.1002/2211-5463.13025,10.1002/2211-5463.13025,Lei Li,2020,2022,2,Exact
A5100440257,Lei Li,doi:10.1007/s00784-012-0717-1,10.1007/s00784-012-0717-1,Lei Li,2012,2012,0,Exact
A5100440258,Lei Li,doi:10.1186/s40359-023-01501-y,10.1186/s40359-023-01501-y,Lei Li,2024,2025,1,Exact
A5100440268,Lei Li,doi:10.1155/2022/1475871,10.1155/2022/1475871,Lei Li,2022,2023,1,Exact
A5100440268,Lei Li,doi:10.1371/journal.pone.0057818,10.1371/journal.pone.0057818,Lei Li,2013,2024,11,Exact
A5100440274,Lei Li,doi:10.1016/j.jallcom.2015.06.194,10.1016/j.jallcom.2015.06.194,Lei Li,2015,2016,1,Exact
A5100440283,Lei Li,doi:10.1155/2021/4604883,10.1155/2021/4604883,Lei Li,2021,2024,3,Exact
A5100440288,Lei Li,doi:10.1016/j.ymthe.2021.02.009,10.1016/j.ymthe.2021.02.009,Lei Li,2021,2022,1,Exact
A5100440299,Lei Li,doi:10.1038/s41419-022-04678-z,10.1038/s41419-022-04678-z,Lei Li,2022,2022,0,Exact
A5100440302,Lei Li,doi:10.1155/2022/1293821,10.1155/2022/1293821,Lei Li,2022,2023,1,Exact
A5100440304,Lei Li,doi:10.1109/icbbe.2011.5780186,10.1109/icbbe.2011.5780186,Lei Li,2011,2011,0,Exact
A5100440311,Lei Li,doi:10.1155/2022/7718248,10.1155/2022/7718248,Lei Li,2022,2023,1,Exact
A5100440315,Lei Li,doi:10.1002/cam4.1329,10.1002/cam4.1329,Lei Li,2018,2021,3,Exact
A5100440316,Lei Li,doi:10.1155/2022/6471437,10.1155/2022/6471437,Lei Li,2022,2023,1,Exact
A5100440326,Lei Li,doi:10.1109/icams.2010.5553104,10.1109/icams.2010.5553104,Lei Li,2010,2010,0,Exact
A5100440326,Lei Li,doi:10.1109/icams.2010.5553105,10.1109/icams.2010.5553105,Lei Li,2010,2010,0,Exact
A5100440326,Lei Li,doi:10.1109/wmsvm.2010.59,10.1109/wmsvm.2010.59,Lei Li,2010,2010,0,Exact
A5100440340,Lei Li,doi:10.1371/journal.pone.0064373,10.1371/journal.pone.0064373,Lei Li,2013,2019,6,Exact
A5100440352,Lei Li,doi:10.1155/2022/6390812,10.1155/2022/6390812,Lei Li,2022,2023,1,Exact
A5100440352,Lei Li,doi:10.3389/fendo.2019.00073,10.3389/fendo.2019.00073,Lei Li,2019,2025,6,Exact
A5100440367,Lei Li,doi:10.1111/jcmm.13557,10.1111/jcmm.13557,Lei Li,2018,2021,3,Exact
A5100440367,Lei Li,doi:10.1016/j.heliyon.2024.e24394,10.1016/j.heliyon.2024.e24394,Lei Li,2024,2025,1,Exact
A5100440407,Lei Li,doi:10.1155/2022/5473153,10.1155/2022/5473153,Lei Li,2022,2023,1,Exact
A5100440418,Lei Li,doi:10.1186/s13046-021-01889-8,10.1186/s13046-021-01889-8,Lei Li,2021,2023,2,Exact
A5100440423,Lei Li,doi:10.1109/icbbe.2011.5781185,10.1109/icbbe.2011.5781185,Lei Li,2011,2011,0,Exact
A5100440426,Lei Li,doi:10.1109/esiat.2010.5568389,10.1109/esiat.2010.5568389,Lei Li,2010,2010,0,Exact
A5100440800,Tao Li,doi:10.1145/3307650.3322260,10.1145/3307650.3322260,Tao Li,2019,2021,2,Exact
A5100440812,Tao Li,doi:10.1155/2021/5972962,10.1155/2021/5972962,Tao Li,2021,2023,2,Exact
A5100441462,Wei Zhang,doi:10.1088/2053-1591/ac1f4a,10.1088/2053-1591/ac1f4a,Wei Zhang,2021,2022,1,Exact
A5100441521,Wei Zhang,doi:10.1016/j.jsps.2017.04.013,10.1016/j.jsps.2017.04.013,Wei Zhang,2017,2020,3,Exact
A5100441526,Wei Zhang,doi:10.1155/2022/8323017,10.1155/2022/8323017,Wei Zhang,2022,2023,1,Exact
A5100441545,Wei Zhang,doi:10.1155/2021/1436088,10.1155/2021/1436088,Wei Zhang,2021,2023,2,Exact
A5100441562,Wei Zhang,doi:10.1155/2022/4539125,10.1155/2022/4539125,Wei Zhang,2022,2023,1,Exact
A5100441570,Wěi Zhāng,doi:10.3233/jifs-239569,10.3233/jifs-239569,Wei Zhang,2023,2025,2,Exact
A5100441581,Wei Zhang,doi:10.3892/or.2017.6018,10.3892/or.2017.6018,Wei Zhang,2017,2021,4,Exact
A5100441581,Wei Zhang,doi:10.3892/or.2018.6774,10.3892/or.2018.6774,Wei Zhang,2018,2022,4,Exact
A5100441581,Wei Zhang,doi:10.1155/2022/3611540,10.1155/2022/3611540,Wei Zhang,2022,2023,1,Exact
A5100441583,Wei Zhang,doi:10.12659/msm.907816,10.12659/msm.907816,Wei Zhang,2018,2018,0,Exact
A5100441583,Wei Zhang,doi:10.1016/j.ymthe.2019.09.024,10.1016/j.ymthe.2019.09.024,Wei Zhang,2019,2023,4,Exact
A5100441631,Wei Zhang,doi:10.1186/1471-2474-10-141,10.1186/1471-2474-10-141,Wei Zhang,2009,2015,6,Exact
A5100441631,Wei Zhang,doi:10.1042/bsr20180941,10.1042/bsr20180941,Wei Zhang,2019,2024,5,Exact
A5100441642,Wei Zhang,doi:10.1155/2022/1191419,10.1155/2022/1191419,Wei Zhang,2022,2023,1,Exact
A5100441647,Wei Zhang,doi:10.4028/www.scientific.net/amm.341-342.204,10.4028/www.scientific.net/amm.341-342.204,Wei Zhang,2013,2013,0,Exact
A5100441649,Wei Zhang,doi:10.1155/2021/3097432,10.1155/2021/3097432,Wei Zhang,2021,2023,2,Exact
A5100441650,Wei Zhang,doi:10.1111/bph.12725,10.1111/bph.12725,Wei Zhang,2014,2015,1,Exact
A5100441650,Wei Zhang,doi:10.1002/psc.2484,10.1002/psc.2484,Wei Zhang,2013,2016,3,Exact
A5100441683,Wei Zhang,doi:10.1109/icmss.2010.5576750,10.1109/icmss.2010.5576750,Wei Zhang,2010,2010,0,Exact
A5100441686,Wei Zhang,doi:10.1016/j.yexcr.2021.112661,10.1016/j.yexcr.2021.112661,Wei Zhang,2021,2023,2,Exact
A5100441686,Wei Zhang,doi:10.1186/s13046-019-1134-y,10.1186/s13046-019-1134-y,Wei Zhang,2019,2023,4,Exact
A5100441686,Wei Zhang,doi:10.3892/ijo.2014.2527,10.3892/ijo.2014.2527,Wei Zhang,2014,2025,11,Exact
A5100441688,Wei Zhang,doi:10.1080/24701556.2020.1811327,10.1080/24701556.2020.1811327,Wei Zhang,2020,2024,4,Exact
A5100441706,Wei Zhang,doi:10.1155/2022/2097422,10.1155/2022/2097422,Wei Zhang,2022,2023,1,Exact
A5100441706,Wei Zhang,doi:10.1155/2022/7564988,10.1155/2022/7564988,Wei Zhang,2022,2023,1,Exact
A5100441726,Wei Zhang,doi:10.1109/aimsec.2011.6009970,10.1109/aimsec.2011.6009970,Wei Zhang,2011,2011,0,Exact
A5100441730,Wei Zhang,doi:10.4028/www.scientific.net/amr.760-762.45,10.4028/www.scientific.net/amr.760-762.45,Wei Zhang,2013,2013,0,Exact
A5100441730,Wei Zhang,doi:10.3978/j.issn.2072-1439.2014.09.03,10.3978/j.issn.2072-1439.2014.09.03,Wei Zhang,2014,2015,1,Exact
A5100441730,Wei Zhang,doi:10.1016/j.molstruc.2019.127439,10.1016/j.molstruc.2019.127439,Wei Zhang,2019,2023,4,Exact
A5100441730,Wei Zhang,doi:10.1016/j.molstruc.2020.129673,10.1016/j.molstruc.2020.129673,Wei Zhang,2020,2023,3,Exact
A5100441739,Wei Zhang,doi:10.1155/2022/6890790,10.1155/2022/6890790,Wei Zhang,2022,2023,1,Exact
A5100441748,Wei Zhang,doi:10.3892/ijo.2014.2577,10.3892/ijo.2014.2577,Wei Zhang,2014,2021,7,Exact
A5100441749,Wei Zhang,doi:10.1155/2021/6902998,10.1155/2021/6902998,Wei Zhang,2021,2023,2,Exact
A5100441765,Wei Zhang,doi:10.1016/j.ymthe.2021.02.008,10.1016/j.ymthe.2021.02.008,Wei Zhang,2021,2022,1,Exact
A5100441775,Wei Zhang,doi:10.1371/journal.pone.0051549,10.1371/journal.pone.0051549,Wei Zhang,2012,2014,2,Exact
A5100441781,Wei Zhang,doi:10.1007/s10238-021-00721-z,10.1007/s10238-021-00721-z,Wei Zhang,2021,2023,2,Exact
A5100441786,Wei Zhang,doi:10.1002/jcb.27580,10.1002/jcb.27580,Wei Zhang,2018,2021,3,Exact
A5100441786,Wei Zhang,doi:10.18632/oncotarget.9480,10.18632/oncotarget.9480,Wei Zhang,2016,2024,8,Exact
A5100441816,Wei Zhang,doi:10.3389/fphar.2019.00936,10.3389/fphar.2019.00936,Wei Zhang,2019,2022,3,Exact
A5100445061,Yu Wang,doi:10.1088/1742-6596/1915/3/032004,10.1088/1742-6596/1915/3/032004,Yu Wang,2021,2022,1,Exact
A5100445094,Yu Wang,doi:10.3389/fnins.2020.616258,10.3389/fnins.2020.616258,Yu Wang,2021,2025,4,Exact
A5100445097,Yu Wang,doi:10.12659/msm.902374,10.12659/msm.902374,Yu Wang,2017,2019,2,Exact
A5100445098,Yu Wang,doi:10.1016/j.msard.2020.102277,10.1016/j.msard.2020.102277,Yu Wang,2020,2020,0,Exact
A5100445121,Yu Wang,doi:10.1016/j.avb.2021.101700,10.1016/j.avb.2021.101700,Yu Wang,2021,2023,2,Exact
A5100445130,Yu Wang,doi:10.1155/2021/8180154,10.1155/2021/8180154,Yu Wang,2021,2024,3,Exact
A5100445154,Yu Wang,doi:10.1097/brs.0000000000000773,10.1097/brs.0000000000000773,Yu Wang,2015,2015,0,Exact
A5100445155,Yu Wang,doi:10.1002/jcb.27150,10.1002/jcb.27150,Yu Wang,2018,2021,3,Exact
A5100445163,Yu Wang,doi:10.1186/s13046-019-1046-x,10.1186/s13046-019-1046-x,Yu Wang,2019,2022,3,Exact
A5100445170,Yu Wang,doi:10.3389/fendo.2020.613879,10.3389/fendo.2020.613879,Yu Wang,2021,2024,3,Exact
A5100445193,Yu Wang,doi:10.1159/000491539,10.1159/000491539,Yu Wang,2018,2021,3,Exact
A5100445193,Yu Wang,doi:10.1016/j.yexmp.2022.104775,10.1016/j.yexmp.2022.104775,Yu Wang,2019,2022,3,Exact
A5100445193,Yu Wang,doi:10.1155/2022/8366569,10.1155/2022/8366569,Yu Wang,2022,2023,1,Exact
A5100445193,Yu Wang,doi:10.3892/mmr.2017.8131,10.3892/mmr.2017.8131,Yu Wang,2017,2023,6,Exact
A5100445218,Yu Wang,doi:10.3233/ifs-179199,10.3233/ifs-179199,Yu Wang,2019,2025,6,Exact
A5100445227,Yu Wang,doi:10.1109/icbbe.2011.5781583,10.1109/icbbe.2011.5781583,Yu Wang,2011,2011,0,Exact
A5100445230,Yu Wang,doi:10.1007/s00432-013-1466-5,10.1007/s00432-013-1466-5,Yu Wang,2013,2015,2,Exact
A5100445244,Yu Wang,doi:10.1155/2022/9640326,10.1155/2022/9640326,Yu Wang,2022,2023,1,Exact
A5100445247,Yu Wang,doi:10.1016/j.taap.2020.115208,10.1016/j.taap.2020.115208,Yu Wang,2020,2020,0,Exact
A5100445255,Yu Wang,doi:10.1158/0008-5472.can-06-2971,10.1158/0008-5472.can-06-2971,Yu Wang,2007,2021,14,Exact
A5100445255,Yu Wang,doi:10.1074/jbc.m707465200,10.1074/jbc.m707465200,Yu Wang,2007,2022,15,Exact
A5100445287,Yu Wang,doi:10.1016/j.neucom.2013.08.027,10.1016/j.neucom.2013.08.027,Yu Wang,2013,2018,5,Exact
A5100445290,Yu Wang,doi:10.3233/ch-221551,10.3233/ch-221551,Yu Wang,2022,2025,3,Exact
A5100445300,Yu Wang,doi:10.1002/zaac.201800280,10.1002/zaac.201800280,Yu Wang,2018,2024,6,Exact
A5100445312,Yu Wang,doi:10.1155/2022/1801037,10.1155/2022/1801037,Yu Wang,2022,2023,1,Exact
A5100445334,Yu Wang,doi:10.2478/s13536-014-0221-1,10.2478/s13536-014-0221-1,Yu Wang,2014,2016,2,Exact
A5100445337,Yu Wang,doi:10.1002/ajh.27090,10.1002/ajh.27090,Yu Wang,2023,2024,1,Exact
A5100445337,Yu Wang,doi:10.3892/ijo.2018.4293,10.3892/ijo.2018.4293,Yu Wang,2018,2025,7,Exact
A5100445346,Yu Wang,doi:10.1089/dna.2017.3798,10.1089/dna.2017.3798,Yu Wang,2017,2017,0,Exact
A5100445346,Yu Wang,doi:10.1016/j.prp.2020.152903,10.1016/j.prp.2020.152903,Yu Wang,2020,2022,2,Exact
A5100445346,Yu Wang,doi:10.1002/jcp.29881,10.1002/jcp.29881,Yu Wang,2020,2023,3,Exact
A5100445351,Yu Wang,doi:10.1186/2047-783x-18-26,10.1186/2047-783x-18-26,Yu Wang,2013,2015,2,Exact
A5100445386,Yu Wang,doi:10.1186/1471-230x-11-60,10.1186/1471-230x-11-60,Yu Wang,2011,2021,10,Exact
A5100445392,Yu Wang,doi:10.1109/icbbe.2011.5781596,10.1109/icbbe.2011.5781596,Yu Wang,2011,2011,0,Exact
A5100446027,Hao Wang,doi:10.1159/000485360,10.1159/000485360,Hao Wang,2017,2021,4,Exact
A5100446035,Hao Wang,doi:10.1093/jb/mvaa001,10.1093/jb/mvaa001,Hao Wang,2020,2020,0,Exact
A5100446035,Hao Wang,doi:10.1038/s41467-018-07998-x,10.1038/s41467-018-07998-x,Hao Wang,2019,2023,4,Exact
A5100446035,Hao Wang,doi:10.1155/2021/7773163,10.1155/2021/7773163,Hao Wang,2021,2023,2,Exact
A5100446043,Hao Wang,doi:10.1155/2022/5358030,10.1155/2022/5358030,Hao Wang,2022,2023,1,Exact
A5100446062,Hao Wang,doi:10.1007/s11051-013-1947-0,10.1007/s11051-013-1947-0,Hao Wang,2013,2013,0,Exact
A5100446064,Hao Wang,doi:10.1155/2022/1466261,10.1155/2022/1466261,Hao Wang,2022,2023,1,Exact
A5100446064,Hao Wang,doi:10.1155/2022/7196599,10.1155/2022/7196599,Hao Wang,2022,2023,1,Exact
A5100446065,Hao Wang,doi:10.1155/2023/9910542,10.1155/2023/9910542,Hao Wang,2023,2023,0,Exact
A5100446072,Hao Wang,doi:10.3727/096504016x14719078133366,10.3727/096504016x14719078133366,Hao Wang,2017,2024,7,Exact
A5100446081,Hao Wang,doi:10.1155/2022/2549845,10.1155/2022/2549845,Hao Wang,2022,2023,1,Exact
A5100446090,Hao Wang,doi:10.1155/2022/9197369,10.1155/2022/9197369,Hao Wang,2022,2023,1,Exact
A5100446100,Hao Wang,doi:10.1155/2022/6732914,10.1155/2022/6732914,Hao Wang,2022,2023,1,Exact
A5100446107,Hao Wang,doi:10.1155/2021/6103092,10.1155/2021/6103092,Hao Wang,2021,2023,2,Exact
A5100446107,Hao Wang,doi:10.1007/s10616-021-00472-5,10.1007/s10616-021-00472-5,Hao Wang,2021,2024,3,Exact
A5100446107,Hao Wang,doi:10.3892/etm.2017.5664,10.3892/etm.2017.5664,Hao Wang,2017,2024,7,Exact
A5100446142,Hao Wang,doi:10.3892/etm.2018.5724,10.3892/etm.2018.5724,Hao Wang,2018,2023,5,Exact
A5100446146,Hao Wang,doi:10.1155/2022/1938325,10.1155/2022/1938325,Hao Wang,2022,2023,1,Exact
A5100446167,Hao Wang,doi:10.1155/2021/2105176,10.1155/2021/2105176,Hao Wang,2021,2023,2,Exact
A5100446222,Hao Wang,doi:10.1109/icbbe.2011.5780998,10.1109/icbbe.2011.5780998,Hao Wang,2011,2011,0,Exact
A5100446222,Hao Wang,doi:10.1109/icbbe.2011.5781106,10.1109/icbbe.2011.5781106,Hao Wang,2011,2011,0,Exact
A5100446222,Hao Wang,doi:10.1109/icbbe.2011.5781107,10.1109/icbbe.2011.5781107,Hao Wang,2011,2011,0,Exact
A5100448816,Feng Li,doi:10.1155/2022/9644466,10.1155/2022/9644466,Feng Li,2022,2023,1,Exact
A5100448816,Feng Li,doi:10.3892/or.2016.4594,10.3892/or.2016.4594,Feng Li,2016,2025,9,Exact
A5100448822,Feng Li,doi:10.1016/j.jstrokecerebrovasdis.2018.11.028,10.1016/j.jstrokecerebrovasdis.2018.11.028,Feng Li,2018,2022,4,Exact
A5100448825,Feng Li,doi:10.1159/000487455,10.1159/000487455,Feng Li,2018,2024,6,Exact
A5100448832,Feng Li,doi:10.1007/s10876-018-1431-1,10.1007/s10876-018-1431-1,Feng Li,2018,2024,6,Exact
A5100448854,Feng Li,doi:10.1016/j.solener.2019.11.046,10.1016/j.solener.2019.11.046,Feng Li,2019,2021,2,Exact
A5100448921,Feng Li,doi:10.3233/jifs-232272,10.3233/jifs-232272,Feng Li,2023,2025,2,Exact
A5100448933,Feng Li,doi:10.3233/jifs-234686,10.3233/jifs-234686,Feng Li,2024,2024,0,Exact
A5100448936,Feng Li,doi:10.1016/j.jbc.2022.101775,10.1016/j.jbc.2022.101775,Feng Li,2022,2022,0,Exact
A5100448936,Feng Li,doi:10.3892/or.2017.5794,10.3892/or.2017.5794,Feng Li,2017,2023,6,Exact
A5100448936,Feng Li,doi:10.1002/jcb.27154,10.1002/jcb.27154,Feng Li,2018,2024,6,Exact
A5100448936,Feng Li,doi:10.1155/2022/8131531,10.1155/2022/8131531,Feng Li,2022,2024,2,Exact
A5100448945,Feng Li,doi:10.3181/0806-rm-197,10.3181/0806-rm-197,Feng Li,2008,2022,14,Exact
A5100448982,Feng Li,doi:10.1155/2022/5935102,10.1155/2022/5935102,Feng Li,2022,2022,0,Exact
A5100448982,Feng Li,doi:10.7754/clin.lab.2020.200519,10.7754/clin.lab.2020.200519,Feng Li,2021,2023,2,Exact
A5100448990,Feng Li,doi:10.1016/j.ceramint.2020.09.239,10.1016/j.ceramint.2020.09.239,Feng Li,2021,2024,3,Exact
A5100448999,Feng Li,doi:10.1155/2022/3127899,10.1155/2022/3127899,Feng Li,2022,2023,1,Exact
A5100449076,Bin Wang,doi:10.1155/2021/5920035,10.1155/2021/5920035,Bin Wang,2021,2023,2,Exact
A5100449591,Jing Yang,doi:10.1177/0300060518819372,10.1177/0300060518819372,Jing Yang,2019,2024,5,Exact
A5100449592,Jing Yang,doi:10.2147/ijn.s56756,10.2147/ijn.s56756,Jing Yang,2014,2023,9,Exact
A5100450126,Jun Chen,doi:10.3892/or.2017.5781,10.3892/or.2017.5781,Jun Chen,2017,2022,5,Exact
A5100450146,Jun Chen,doi:10.1016/j.jics.2021.100252,10.1016/j.jics.2021.100252,Jun Chen,2021,2023,2,Exact
A5100450147,Jun Chen,doi:10.1371/journal.pone.0172470,10.1371/journal.pone.0172470,Jun Chen,2017,2017,0,Exact
A5100450173,Jun Chen,doi:10.1002/jcp.28071,10.1002/jcp.28071,Jun Chen,2019,2022,3,Exact
A5100450174,Jun Chen,doi:10.1074/jbc.m109.094060,10.1074/jbc.m109.094060,Jun Chen,2010,2016,6,Exact
A5100450174,Jun Chen,doi:10.3233/cbm-170310,10.3233/cbm-170310,Jun Chen,2017,2020,3,Exact
A5100450174,Jun Chen,doi:10.1002/jcp.28550,10.1002/jcp.28550,Jun Chen,2019,2023,4,Exact
A5100450174,Jun Chen,doi:10.1042/bsr20160576,10.1042/bsr20160576,Jun Chen,2017,2023,6,Exact
A5100450183,Jun Chen,doi:10.1097/md.0000000000008414,10.1097/md.0000000000008414,Jun Chen,2017,2018,1,Exact
A5100450187,Jun Chen,doi:10.3892/ijo.2018.4637,10.3892/ijo.2018.4637,Jun Chen,2018,2024,6,Exact
A5100450196,Jun Chen,doi:10.1007/s12026-014-8613-1,10.1007/s12026-014-8613-1,Jun Chen,2014,2015,1,Exact
A5100450200,Jun Chen,doi:10.3390/app122412818,10.3390/app122412818,Jun Chen,2022,2024,2,Exact
A5100450204,Jun Chen,doi:10.1155/2022/6776050,10.1155/2022/6776050,Jun Chen,2022,2024,2,Exact
A5100450207,Jun Chen,doi:10.1155/2021/2993870,10.1155/2021/2993870,Jun Chen,2021,2023,2,Exact
A5100450217,Jun Chen,doi:10.1109/icbbe.2011.5781586,10.1109/icbbe.2011.5781586,Jun Chen,2011,2011,0,Exact
A5100450234,Jun Chen,doi:10.1186/2047-783x-18-58,10.1186/2047-783x-18-58,Jun Chen,2013,2015,2,Exact
A5100450240,Jun Chen,doi:10.1016/j.arabjc.2020.06.021,10.1016/j.arabjc.2020.06.021,Jun Chen,2020,2023,3,Exact
A5100450254,Jun Chen,doi:10.12659/msm.912470,10.12659/msm.912470,Jun Chen,2018,2021,3,Exact
A5100450261,Jun Chen,doi:10.1109/qr2mse.2013.6625869,10.1109/qr2mse.2013.6625869,Jun Chen,2013,2013,0,Exact
A5100450273,Jun Chen,doi:10.1155/2022/5509129,10.1155/2022/5509129,Jun Chen,2022,2023,1,Exact
A5100450278,Jun Chen,doi:10.1097/tp.0b013e31816b67e4,10.1097/tp.0b013e31816b67e4,Jun Chen,2008,2019,11,Exact
A5100450278,Jun Chen,doi:10.1007/s11082-024-06313-x,10.1007/s11082-024-06313-x,Jun Chen,2024,2024,0,Exact
A5100452041,Wei Zhang,doi:10.1016/j.nlm.2013.11.016,10.1016/j.nlm.2013.11.016,Wei Zhang,2014,2015,1,Exact
A5100452041,Wei Zhang,doi:10.1371/journal.pone.0137579,10.1371/journal.pone.0137579,Wei Zhang,2015,2019,4,Exact
A5100452044,Wei Zhang,doi:10.1080/21691401.2019.1640233,10.1080/21691401.2019.1640233,Wei Zhang,2019,2021,2,Exact
A5100452376,Jing Wang,doi:10.1016/j.lfs.2020.117425,10.1016/j.lfs.2020.117425,Jing Wang,2020,2024,4,Exact
A5100453004,Fang Liu,doi:10.3109/10428194.2012.754888,10.3109/10428194.2012.754888,Fang Liu,2013,2020,7,Exact
A5100453027,Fang Liu,doi:10.1155/2022/6605935,10.1155/2022/6605935,Fang Liu,2022,2023,1,Exact
A5100453027,Fang Liu,doi:10.1007/s13132-023-01498-0,10.1007/s13132-023-01498-0,Fang Liu,2023,2025,2,Exact
A5100453043,Fang Liu,doi:10.1002/mgg3.1043,10.1002/mgg3.1043,Fang Liu,2019,2022,3,Exact
A5100453051,Fang Liu,doi:10.1155/2021/9141023,10.1155/2021/9141023,Fang Liu,2021,2024,3,Exact
A5100453070,Fang Liu,doi:10.1016/j.celrep.2016.01.032,10.1016/j.celrep.2016.01.032,Fang Liu,2016,2016,0,Exact
A5100453075,Fang Liu,doi:10.1109/icnc.2011.6022233,10.1109/icnc.2011.6022233,Fang Liu,2011,2011,0,Exact
A5100453091,Fang Liu,doi:10.1080/21691401.2019.1573738,10.1080/21691401.2019.1573738,Fang Liu,2019,2021,2,Exact
A5100453099,Fang Liu,doi:10.1155/2021/6645252,10.1155/2021/6645252,Fang Liu,2021,2024,3,Exact
A5100453114,Fang Liu,doi:10.1039/c9ra01623f,10.1039/c9ra01623f,Fang Liu,2019,2022,3,Exact
A5100453114,Fang Liu,doi:10.1039/c7ra08823j,10.1039/c7ra08823j,Fang Liu,2017,2023,6,Exact
A5100453114,Fang Liu,doi:10.1165/rcmb.2006-0214oc,10.1165/rcmb.2006-0214oc,Fang Liu,2006,2023,17,Exact
A5100453114,Fang Liu,doi:10.1165/rcmb.4851,10.1165/rcmb.4851,Fang Liu,2002,2023,21,Exact
A5100453114,Fang Liu,doi:10.1111/jcmm.15167,10.1111/jcmm.15167,Fang Liu,2020,2024,4,Exact
A5100453114,Fang Liu,doi:10.3233/ch-221551,10.3233/ch-221551,Fang Liu,2022,2025,3,Exact
A5100453115,Fang Liu,doi:10.1177/00207209211003206,10.1177/00207209211003206,Fang Liu,2021,2023,2,Exact
A5100453121,Fang Liu,doi:10.1155/2022/9618193,10.1155/2022/9618193,Fang Liu,2022,2023,1,Exact
A5100453122,Fang Liu,doi:10.1109/qr2mse.2013.6625853,10.1109/qr2mse.2013.6625853,Fang Liu,2013,2013,0,Exact
A5100453122,Fang Liu,doi:10.1155/2022/1288233,10.1155/2022/1288233,Fang Liu,2022,2022,0,Exact
A5100453123,Fang Liu,doi:10.1007/s10863-018-9763-y,10.1007/s10863-018-9763-y,Fang Liu,2018,2024,6,Exact
A5100453126,Fang Liu,doi:10.1155/2022/1937714,10.1155/2022/1937714,Fang Liu,2022,2023,1,Exact
A5100453126,Fang Liu,doi:10.1155/2022/7874751,10.1155/2022/7874751,Fang Liu,2022,2023,1,Exact
A5100453381,Tao Wang,doi:10.1039/c7ta05459a,10.1039/c7ta05459a,Tao Wang,2017,2019,2,Exact
A5100453396,Tao Wang,doi:10.1016/j.bbrc.2016.05.128,10.1016/j.bbrc.2016.05.128,Tao Wang,2016,2016,0,Exact
A5100453396,Tao Wang,doi:10.1186/1746-1596-8-104,10.1186/1746-1596-8-104,Tao Wang,2013,2019,6,Exact
A5100453396,Tao Wang,doi:10.1186/1479-5876-11-301,10.1186/1479-5876-11-301,Tao Wang,2013,2020,7,Exact
A5100453396,Tao Wang,doi:10.2147/cmar.s239796,10.2147/cmar.s239796,Tao Wang,2020,2020,0,Exact
A5100453396,Tao Wang,doi:10.3892/mmr.2017.7440,10.3892/mmr.2017.7440,Tao Wang,2017,2020,3,Exact
A5100453396,Tao Wang,doi:10.1016/j.biopha.2018.08.164,10.1016/j.biopha.2018.08.164,Tao Wang,2018,2023,5,Exact
A5100453396,Tao Wang,doi:10.1186/s13046-020-01606-x,10.1186/s13046-020-01606-x,Tao Wang,2020,2023,3,Exact
A5100453405,Tao Wang,doi:10.1038/srep10412,10.1038/srep10412,Tao Wang,2015,2025,10,Exact
A5100453415,Tao Wang,doi:10.1016/j.jacbts.2019.10.006,10.1016/j.jacbts.2019.10.006,Tao Wang,2020,2022,2,Exact
A5100453429,Tao Wang,doi:10.1155/2022/4954185,10.1155/2022/4954185,Tao Wang,2022,2023,1,Exact
A5100453431,Tao Wang,doi:10.1039/c8ra03679a,10.1039/c8ra03679a,Tao Wang,2018,2021,3,Exact
A5100453450,Tao Wang,doi:10.1097/md.0000000000006042,10.1097/md.0000000000006042,Tao Wang,2017,2017,0,Exact
A5100453450,Tao Wang,doi:10.1136/bmjopen-2021-056878,10.1136/bmjopen-2021-056878,Tao Wang,2022,2024,2,Exact
A5100453455,Tao Wang,doi:10.1007/s11356-022-20358-z,10.1007/s11356-022-20358-z,Tao Wang,2022,2024,2,Exact
A5100453495,Tao Wang,doi:10.1007/s10586-019-02980-8,10.1007/s10586-019-02980-8,Tao Wang,2019,2022,3,Exact
A5100453495,Tao Wang,doi:10.3233/jifs-235903,10.3233/jifs-235903,Tao Wang,2024,2024,0,Exact
A5100453502,Tao Wang,doi:10.3892/mmr.2016.5047,10.3892/mmr.2016.5047,Tao Wang,2016,2016,0,Exact
A5100453525,Tao Wang,doi:10.1186/s12943-015-0315-3,10.1186/s12943-015-0315-3,Tao Wang,2015,2019,4,Exact
A5100453530,Tao Wang,doi:10.1186/s12906-020-03014-2,10.1186/s12906-020-03014-2,Tao Wang,2020,2024,4,Exact
A5100453570,Tao Wang,doi:10.1007/s10620-012-2395-x,10.1007/s10620-012-2395-x,Tao Wang,2012,2019,7,Exact
A5100453572,Tao Wang,doi:10.1080/23802359.2018.1483763,10.1080/23802359.2018.1483763,Tao Wang,2018,2020,2,Exact
A5100453579,Tao Wang,doi:10.1109/icnc.2011.6022350,10.1109/icnc.2011.6022350,Tao Wang,2011,2011,0,Exact
A5100453584,Tao Wang,doi:10.1155/2021/6635829,10.1155/2021/6635829,Tao Wang,2021,2023,2,Exact
A5100453599,Tao Wang,doi:10.1109/icebeg.2011.5881430,10.1109/icebeg.2011.5881430,Tao Wang,2011,2011,0,Exact
A5100453627,Tao Wang,doi:10.1186/1746-1596-8-179,10.1186/1746-1596-8-179,Tao Wang,2013,2017,4,Exact
A5100453630,Tao Wang,doi:10.1073/pnas.062010399,10.1073/pnas.062010399,Tao Wang,2002,2016,14,Exact
A5100453651,Tao Wang,doi:10.1021/acs.oprd.7b00290,10.1021/acs.oprd.7b00290,Tao Wang,2017,2018,1,Exact
A5100453659,Tao Wang,doi:10.1371/journal.pone.0056966,10.1371/journal.pone.0056966,Tao Wang,2013,2021,8,Exact
A5100453659,Tao Wang,doi:10.1007/s10142-023-01096-y,10.1007/s10142-023-01096-y,Tao Wang,2023,2024,1,Exact
A5100453670,Tao Wang,doi:10.1177/1753193418773256,10.1177/1753193418773256,Tao Wang,2018,2019,1,Exact
A5100453671,Tao Wang,doi:10.1155/2022/7095423,10.1155/2022/7095423,Tao Wang,2022,2023,1,Exact
A5100453680,Tao Wang,doi:10.1097/md.0000000000000064,10.1097/md.0000000000000064,Tao Wang,2014,2014,0,Exact
A5100453680,Tao Wang,doi:10.2147/ott.s122803,10.2147/ott.s122803,Tao Wang,2017,2022,5,Exact
A5100453682,Tao Wang,doi:10.3389/fphar.2018.00881,10.3389/fphar.2018.00881,Tao Wang,2018,2025,7,Exact
A5100453688,Tao Wang,doi:10.1159/000475915,10.1159/000475915,Tao Wang,2017,2021,4,Exact
A5100453700,Tao Wang,doi:10.1039/c9ra01785b,10.1039/c9ra01785b,Tao Wang,2019,2021,2,Exact
A5100453716,Tao Wang,doi:10.1042/bsr20192414,10.1042/bsr20192414,Tao Wang,2019,2020,1,Exact
A5100453732,Tao Wang,doi:10.1155/2021/4516133,10.1155/2021/4516133,Tao Wang,2021,2023,2,Exact
A5100453873,Wei Wang,doi:10.2147/copd.s282214,10.2147/copd.s282214,Wei Wang,2020,2021,1,Exact
A5100453999,Jie Li,doi:10.1109/icbbe.2011.5780788,10.1109/icbbe.2011.5780788,Jie Li,2011,2011,0,Exact
A5100454002,Jie Liu,doi:10.2147/dddt.s514091,10.2147/dddt.s514091,Jie Liu,2025,2025,0,Exact
A5100454004,Jie Liu,doi:10.1007/s10753-021-01441-y,10.1007/s10753-021-01441-y,Jie Liu,2021,2024,3,Exact
A5100454012,Jie Liu,doi:10.1016/j.arabjc.2022.103713,10.1016/j.arabjc.2022.103713,Jie Liu,2022,2023,1,Exact
A5100454028,Jie Liu,doi:10.1155/2022/9855770,10.1155/2022/9855770,Jie Liu,2022,2023,1,Exact
A5100454028,Jie Liu,doi:10.1371/journal.pone.0117479,10.1371/journal.pone.0117479,Jie Liu,2015,2023,8,Exact
A5100454052,Jie Liu,doi:10.1088/1742-6596/2074/1/012034,10.1088/1742-6596/2074/1/012034,Jie Liu,2021,2022,1,Exact
A5100454057,Jie Liu,doi:10.1039/c8ra09018a,10.1039/c8ra09018a,Jie Liu,2019,2022,3,Exact
A5100454057,Jie Liu,doi:10.1039/c9ra00090a,10.1039/c9ra00090a,Jie Liu,2019,2022,3,Exact
A5100454062,Jie Liu,doi:10.1039/d0ra06093c,10.1039/d0ra06093c,Jie Liu,2020,2022,2,Exact
A5100454086,Jie Liu,doi:10.1155/2022/5772509,10.1155/2022/5772509,Jie Liu,2022,2023,1,Exact
A5100454100,Jie Liu,doi:10.1109/icbbe.2011.5781114,10.1109/icbbe.2011.5781114,Jie Liu,2011,2011,0,Exact
A5100454108,Jie Liu,doi:10.1002/jcb.26704,10.1002/jcb.26704,Jie Liu,2018,2021,3,Exact
A5100454108,Jie Liu,doi:10.3389/fnmol.2017.00441,10.3389/fnmol.2017.00441,Jie Liu,2018,2024,6,Exact
A5100454119,Jie Liu,doi:10.2147/ott.s167065,10.2147/ott.s167065,Jie Liu,2018,2023,5,Exact
A5100454119,Jie Liu,doi:10.2147/ott.s130365,10.2147/ott.s130365,Jie Liu,2017,2024,7,Exact
A5100454119,Jie Liu,doi:10.18632/oncotarget.3713,10.18632/oncotarget.3713,Jie Liu,2015,2026,11,Exact
A5100454130,Jie Liu,doi:10.1155/2014/364207,10.1155/2014/364207,Jie Liu,2014,2021,7,Exact
A5100454130,Jie Liu,doi:10.2147/ott.s215012,10.2147/ott.s215012,Jie Liu,2019,2022,3,Exact
A5100454135,Jie Liu,doi:10.1155/2022/4590578,10.1155/2022/4590578,Jie Liu,2022,2023,1,Exact
A5100454138,Jie Liu,doi:10.1039/d1nr05353a,10.1039/d1nr05353a,Jie Liu,2022,2022,0,Exact
A5100454141,Jie Liu,doi:10.1159/000491979,10.1159/000491979,Jie Liu,2018,2018,0,Exact
A5100454161,Jie Liu,doi:10.1089/ten.tea.2013.0331,10.1089/ten.tea.2013.0331,Jie Liu,2014,2020,6,Exact
A5100454165,Jie Liu,doi:10.1007/s10620-009-1033-8,10.1007/s10620-009-1033-8,Jie Liu,2009,2013,4,Exact
A5100454165,Jie Liu,doi:10.1155/2022/8263986,10.1155/2022/8263986,Jie Liu,2022,2023,1,Exact
A5100454165,Jie Liu,doi:10.3892/or.2016.4941,10.3892/or.2016.4941,Jie Liu,2016,2025,9,Exact
A5100454174,Jie Liu,doi:10.1016/j.pnpbp.2009.12.013,10.1016/j.pnpbp.2009.12.013,Jie Liu,2009,2009,0,Exact
A5100454174,Jie Liu,doi:10.1038/nature11700,10.1038/nature11700,Jie Liu,2011,2014,3,Exact
A5100454174,Jie Liu,doi:10.1016/j.molliq.2022.118654,10.1016/j.molliq.2022.118654,Jie Liu,2022,2025,3,Exact
A5100454179,Jie Liu,doi:10.1155/2022/7559762,10.1155/2022/7559762,Jie Liu,2022,2023,1,Exact
A5100454183,Jie Liu,doi:10.1016/j.lfs.2021.119017,10.1016/j.lfs.2021.119017,Jie Liu,2021,2021,0,Exact
A5100454191,Jie Liu,doi:10.1109/icbbe.2011.5781156,10.1109/icbbe.2011.5781156,Jie Liu,2011,2011,0,Exact
A5100454193,Jie Liu,doi:10.1007/s13277-014-2787-y,10.1007/s13277-014-2787-y,Jie Liu,2015,2015,0,Exact
A5100454196,Jie Liu,doi:10.1177/03000605211054695,10.1177/03000605211054695,Jie Liu,2021,2025,4,Exact
A5100454199,Jie Liu,doi:10.1161/circheartfailure.117.003960,10.1161/circheartfailure.117.003960,Jie Liu,2017,2017,0,Exact
A5100454199,Jie Liu,doi:10.1039/c9ra00089e,10.1039/c9ra00089e,Jie Liu,2019,2022,3,Exact
A5100454199,Jie Liu,doi:10.1039/c9ra06284j,10.1039/c9ra06284j,Jie Liu,2019,2022,3,Exact
A5100454206,Jie Liu,doi:10.1155/2022/7796833,10.1155/2022/7796833,Jie Liu,2022,2023,1,Exact
A5100454210,Jie Liu,doi:10.1186/s12943-016-0540-4,10.1186/s12943-016-0540-4,Jie Liu,2016,2023,7,Exact
A5100454211,Jie Liu,doi:10.1155/2021/5972962,10.1155/2021/5972962,Jie Liu,2021,2023,2,Exact
A5100454211,Jie Liu,doi:10.1155/2021/8396438,10.1155/2021/8396438,Jie Liu,2021,2023,2,Exact
A5100454227,Jie Liu,doi:10.1039/c9ra06408g,10.1039/c9ra06408g,Jie Liu,2019,2022,3,Exact
A5100454227,Jie Liu,doi:10.1155/2021/6664591,10.1155/2021/6664591,Jie Liu,2021,2024,3,Exact
A5100454227,Jie Liu,doi:10.1155/2022/3417557,10.1155/2022/3417557,Jie Liu,2022,2024,2,Exact
A5100454242,Jie Li,doi:10.3233/jifs-234024,10.3233/jifs-234024,Jie Li,2024,2024,0,Exact
A5100454325,Jian Li,doi:10.1080/09064710.2021.1961852,10.1080/09064710.2021.1961852,Jian Li,2021,2024,3,Exact
A5100454845,Yan Wang,doi:10.3892/or.2017.5997,10.3892/or.2017.5997,Yan Wang,2017,2022,5,Exact
A5100455225,Tao Li,doi:10.3233/jifs-211131,10.3233/jifs-211131,Tao Li,2021,2025,4,Exact
A5100455247,Tao Li,doi:10.1039/c3gc40855h,10.1039/c3gc40855h,Tao Li,2013,2016,3,Exact
A5100455248,Tao Li,doi:10.3389/fpsyg.2022.959026,10.3389/fpsyg.2022.959026,Tao Li,2022,2023,1,Exact
A5100455273,Tao Li,doi:10.1016/j.humimm.2015.11.011,10.1016/j.humimm.2015.11.011,Tao Li,2015,2015,0,Exact
A5100455275,Tao Li,doi:10.3892/mmr.2016.4788,10.3892/mmr.2016.4788,Tao Li,2016,2022,6,Exact
A5100455275,Tao Li,doi:10.3892/ol.2016.4338,10.3892/ol.2016.4338,Tao Li,2016,2025,9,Exact
A5100455286,Tao Li,doi:10.1155/2022/8953807,10.1155/2022/8953807,Tao Li,2022,2023,1,Exact
A5100455290,Tao Li,doi:10.1371/journal.pone.0060727,10.1371/journal.pone.0060727,Tao Li,2013,2019,6,Exact
A5100455297,Tao Li,doi:10.1155/2021/6657632,10.1155/2021/6657632,Tao Li,2021,2023,2,Exact
A5100455306,Tao Li,doi:10.1016/j.snb.2016.09.106,10.1016/j.snb.2016.09.106,Tao Li,2016,2018,2,Exact
A5100455306,Tao Li,doi:10.1007/s12010-022-04080-7,10.1007/s12010-022-04080-7,Tao Li,2022,2023,1,Exact
A5100455312,Tao Li,doi:10.1016/j.bbrc.2018.10.054,10.1016/j.bbrc.2018.10.054,Tao Li,2018,2022,4,Exact
A5100455312,Tao Li,doi:10.1016/j.ijscr.2022.107472,10.1016/j.ijscr.2022.107472,Tao Li,2022,2022,0,Exact
A5100455312,Tao Li,doi:10.1155/2022/7619797,10.1155/2022/7619797,Tao Li,2022,2022,0,Exact
A5100455312,Tao Li,doi:10.3892/etm.2016.3236,10.3892/etm.2016.3236,Tao Li,2016,2022,6,Exact
A5100455312,Tao Li,doi:10.1155/2021/5667364,10.1155/2021/5667364,Tao Li,2021,2023,2,Exact
A5100455312,Tao Li,doi:10.1155/2022/6578229,10.1155/2022/6578229,Tao Li,2022,2023,1,Exact
A5100455340,Tao Li,doi:10.1016/j.pnpbp.2009.12.013,10.1016/j.pnpbp.2009.12.013,Tao Li,2009,2009,0,Exact
A5100455340,Tao Li,doi:10.1080/1061186x.2019.1616744,10.1080/1061186x.2019.1616744,Tao Li,2019,2022,3,Exact
A5100455340,Tao Li,doi:10.2147/cia.s194476,10.2147/cia.s194476,Tao Li,2019,2022,3,Exact
A5100455340,Tao Li,doi:10.1155/2022/9714140,10.1155/2022/9714140,Tao Li,2022,2023,1,Exact
A5100455340,Tao Li,doi:10.1289/ehp10393,10.1289/ehp10393,Tao Li,2022,2025,3,Exact
A5100455353,Tao Li,doi:10.1155/2022/8911343,10.1155/2022/8911343,Tao Li,2022,2023,1,Exact
A5100455353,Tao Li,doi:10.2147/cmar.s213885,10.2147/cmar.s213885,Tao Li,2019,2023,4,Exact
A5100455364,Tao Li,doi:10.1155/2022/1104633,10.1155/2022/1104633,Tao Li,2022,2023,1,Exact
A5100455369,Tao Li,doi:10.1016/j.ijcard.2022.04.074,10.1016/j.ijcard.2022.04.074,Tao Li,2022,2022,0,Exact
A5100455369,Tao Li,doi:10.3389/fphys.2020.00846,10.3389/fphys.2020.00846,Tao Li,2020,2023,3,Exact
A5100455369,Tao Li,doi:10.2147/ott.s242715,10.2147/ott.s242715,Tao Li,2020,2024,4,Exact
A5100455376,Tao Li,doi:10.1007/s11277-017-5149-4,10.1007/s11277-017-5149-4,Tao Li,2018,2022,4,Exact
A5100455382,Tao Li,doi:10.1016/j.ejps.2021.105929,10.1016/j.ejps.2021.105929,Tao Li,2021,2021,0,Exact
A5100455391,Tao Li,doi:10.1080/21655979.2021.2018386,10.1080/21655979.2021.2018386,Tao Li,2022,2023,1,Exact
A5100455395,Tao Li,doi:10.1007/s13277-015-3744-0,10.1007/s13277-015-3744-0,Tao Li,2015,2021,6,Exact
A5100455395,Tao Li,doi:10.2147/cmar.s257422,10.2147/cmar.s257422,Tao Li,2020,2022,2,Exact
A5100455395,Tao Li,doi:10.1155/2022/8450673,10.1155/2022/8450673,Tao Li,2022,2023,1,Exact
A5100455395,Tao Li,doi:10.1371/journal.pone.0115577,10.1371/journal.pone.0115577,Tao Li,2014,2025,11,Exact
A5100455398,Tao Li,doi:10.1186/s13000-018-0685-0,10.1186/s13000-018-0685-0,Tao Li,2018,2018,0,Exact
A5100455717,Fei Wang,doi:10.1016/j.ijscr.2022.107472,10.1016/j.ijscr.2022.107472,Fei Wang,2022,2022,0,Exact
A5100455717,Fei Wang,doi:10.1155/2020/2503753,10.1155/2020/2503753,Fei Wang,2020,2023,3,Exact
A5100455718,Fei Wang,doi:10.1109/icbbe.2011.5780158,10.1109/icbbe.2011.5780158,Fei Wang,2011,2011,0,Exact
A5100455723,Fei Wang,doi:10.2147/ott.s240022,10.2147/ott.s240022,Fei Wang,2020,2021,1,Exact
A5100455735,Fei Wang,doi:10.1155/2021/5979514,10.1155/2021/5979514,Fei Wang,2021,2023,2,Exact
A5100455737,Fei Wang,doi:10.1039/c8qi01101j,10.1039/c8qi01101j,Fei Wang,2018,2019,1,Exact
A5100455747,Fei Wang,doi:10.3233/jifs-235112,10.3233/jifs-235112,Fei Wang,2024,2025,1,Exact
A5100455750,Fei Wang,doi:10.1007/s10876-019-01622-8,10.1007/s10876-019-01622-8,Fei Wang,2019,2024,5,Exact
A5100455758,Fei Wang,doi:10.1155/2022/5337380,10.1155/2022/5337380,Fei Wang,2022,2023,1,Exact
A5100455764,Fei Wang,doi:10.1007/s13277-014-1885-1,10.1007/s13277-014-1885-1,Fei Wang,2014,2015,1,Exact
A5100455768,Fei Wang,doi:10.1155/2022/4581248,10.1155/2022/4581248,Fei Wang,2022,2023,1,Exact
A5100455769,Fei Wang,doi:10.1007/s13277-014-2131-6,10.1007/s13277-014-2131-6,Fei Wang,2014,2017,3,Exact
A5100455775,Fei Wang,doi:10.1105/tpc.114.122853,10.1105/tpc.114.122853,Fei Wang,2014,2016,2,Exact
A5100455778,Fei Wang,doi:10.1109/ssme.2009.56,10.1109/ssme.2009.56,Fei Wang,2009,2009,0,Exact
A5100455807,Fei Wang,doi:10.1172/jci42315,10.1172/jci42315,Fei Wang,2010,2012,2,Exact
A5100455807,Fei Wang,doi:10.1016/j.biochi.2017.09.005,10.1016/j.biochi.2017.09.005,Fei Wang,2017,2023,6,Exact
A5100455824,Fei Wang,doi:10.1155/2021/7172938,10.1155/2021/7172938,Fei Wang,2021,2024,3,Exact
A5100455839,Fei Wang,doi:10.1016/j.lfs.2017.09.022,10.1016/j.lfs.2017.09.022,Fei Wang,2017,2022,5,Exact
A5100455845,Fei Wang,doi:10.1097/md.0000000000009783,10.1097/md.0000000000009783,Fei Wang,2018,2018,0,Exact
A5100455845,Fei Wang,doi:10.1155/2022/7848143,10.1155/2022/7848143,Fei Wang,2022,2023,1,Exact
A5100455845,Fei Wang,doi:10.1159/000489461,10.1159/000489461,Fei Wang,2018,2023,5,Exact
A5100455846,Fei Wang,doi:10.1155/2014/208016,10.1155/2014/208016,Fei Wang,2014,2020,6,Exact
A5100455849,Fei Wang,doi:10.1155/2023/2815219,10.1155/2023/2815219,Fei Wang,2023,2023,0,Exact
A5100455852,Fei Wang,doi:10.1534/genetics.111.133967,10.1534/genetics.111.133967,Fei Wang,2011,2022,11,Exact
A5100455866,Fei Wang,doi:10.1002/jcb.26313,10.1002/jcb.26313,Fei Wang,2017,2021,4,Exact
A5100455868,Fei Wang,doi:10.1109/iis.2009.83,10.1109/iis.2009.83,Fei Wang,2009,2009,0,Exact
A5100455868,Fei Wang,doi:10.1109/iis.2009.84,10.1109/iis.2009.84,Fei Wang,2009,2009,0,Exact
A5100455874,Fei Wang,doi:10.1051/e3sconf/202342001006,10.1051/e3sconf/202342001006,Fei Wang,2023,2025,2,Exact
A5100455879,Fei Wang,doi:10.1155/2022/1287910,10.1155/2022/1287910,Fei Wang,2022,2023,1,Exact
A5100455879,Fei Wang,doi:10.1155/2022/7512736,10.1155/2022/7512736,Fei Wang,2022,2023,1,Exact
A5100455896,Fei Wang,doi:10.1155/2022/5627959,10.1155/2022/5627959,Fei Wang,2022,2023,1,Exact
A5100455903,Fei Wang,doi:10.1109/mace.2011.5987068,10.1109/mace.2011.5987068,Fei Wang,2011,2011,0,Exact
A5100455922,Fei Wang,doi:10.1155/2021/8005945,10.1155/2021/8005945,Fei Wang,2021,2023,2,Exact
A5100455922,Fei Wang,doi:10.1155/2022/2611225,10.1155/2022/2611225,Fei Wang,2022,2023,1,Exact
A5100455932,Fei Wang,doi:10.1002/mgg3.1140,10.1002/mgg3.1140,Fei Wang,2020,2024,4,Exact
A5100455958,Fei Wang,doi:10.1155/2022/3458717,10.1155/2022/3458717,Fei Wang,2022,2024,2,Exact
A5100455967,Fei Wang,doi:10.1109/icbbe.2011.5780157,10.1109/icbbe.2011.5780157,Fei Wang,2011,2011,0,Exact
A5100455967,Fei Wang,doi:10.1109/icbbe.2011.5780159,10.1109/icbbe.2011.5780159,Fei Wang,2011,2011,0,Exact
A5100455967,Fei Wang,doi:10.1089/cbr.2018.2625,10.1089/cbr.2018.2625,Fei Wang,2019,2021,2,Exact
A5100455967,Fei Wang,doi:10.1159/000453140,10.1159/000453140,Fei Wang,2016,2021,5,Exact
A5100456117,Yan Zhang,doi:10.1007/s13277-015-4150-3,10.1007/s13277-015-4150-3,Yan Zhang,2015,2021,6,Exact
A5100456117,Yan Zhang,doi:10.1080/21691401.2019.1699809,10.1080/21691401.2019.1699809,Yan Zhang,2019,2021,2,Exact
A5100456117,Yan Zhang,doi:10.1155/2022/3805013,10.1155/2022/3805013,Yan Zhang,2022,2024,2,Exact
A5100456152,Yan Zhang,doi:10.1002/jcb.26556,10.1002/jcb.26556,Yan Zhang,2018,2021,3,Exact
A5100456165,Yan Zhang,doi:10.1177/2058739219844393,10.1177/2058739219844393,Yan Zhang,2019,2025,6,Exact
A5100456175,Yan Zhang,doi:10.1155/2022/2305239,10.1155/2022/2305239,Yan Zhang,2022,2023,1,Exact
A5100456180,Yan Zhang,doi:10.1155/2023/5878402,10.1155/2023/5878402,Yan Zhang,2023,2024,1,Exact
A5100456193,Yan Zhang,doi:10.1016/j.carres.2019.107861,10.1016/j.carres.2019.107861,Yan Zhang,2019,2020,1,Exact
A5100456195,Yan Zhang,doi:10.1016/j.yexmp.2018.12.007,10.1016/j.yexmp.2018.12.007,Yan Zhang,2018,2022,4,Exact
A5100456227,Yan Zhang,doi:10.1080/15384101.2020.1786649,10.1080/15384101.2020.1786649,Yan Zhang,2020,2021,1,Exact
A5100456227,Yan Zhang,doi:10.1001/jamainternmed.2023.7846,10.1001/jamainternmed.2023.7846,Yan Zhang,2024,2024,0,Exact
A5100456245,Yan Zhang,doi:10.3892/mmr.2015.3786,10.3892/mmr.2015.3786,Yan Zhang,2015,2025,10,Exact
A5100456258,Yan Zhang,doi:10.1155/2022/5983959,10.1155/2022/5983959,Yan Zhang,2022,2023,1,Exact
A5100456287,Yan Zhang,doi:10.1007/s10529-017-2365-7,10.1007/s10529-017-2365-7,Yan Zhang,2017,2023,6,Exact
A5100456297,Yan Zhang,doi:10.3892/mmr.2014.2051,10.3892/mmr.2014.2051,Yan Zhang,2014,2022,8,Exact
A5100456303,Yan Zhang,doi:10.1109/icctd.2009.36,10.1109/icctd.2009.36,Yan Zhang,2009,2009,0,Exact
A5100456303,Yan Zhang,doi:10.1109/icmss.2009.5304502,10.1109/icmss.2009.5304502,Yan Zhang,2009,2009,0,Exact
A5100456303,Yan Zhang,doi:10.1109/appeec.2010.5448713,10.1109/appeec.2010.5448713,Yan Zhang,2010,2010,0,Exact
A5100456303,Yan Zhang,doi:10.1109/icebeg.2011.5881354,10.1109/icebeg.2011.5881354,Yan Zhang,2011,2011,0,Exact
A5100456312,Yan Zhang,doi:10.1016/j.omtn.2018.07.001,10.1016/j.omtn.2018.07.001,Yan Zhang,2018,2022,4,Exact
A5100456327,Yan Zhang,doi:10.1016/j.jclepro.2023.135868,10.1016/j.jclepro.2023.135868,Yan Zhang,2023,2024,1,Exact
A5100456355,Yan Zhang,doi:10.1109/icebeg.2011.5887116,10.1109/icebeg.2011.5887116,Yan Zhang,2011,2011,0,Exact
A5100456355,Yan Zhang,doi:10.1155/2022/2608633,10.1155/2022/2608633,Yan Zhang,2022,2023,1,Exact
A5100456355,Yan Zhang,doi:10.1155/2022/9783113,10.1155/2022/9783113,Yan Zhang,2022,2023,1,Exact
A5100456367,Yan Zhang,doi:10.18632/oncotarget.19845,10.18632/oncotarget.19845,Yan Zhang,2017,2026,9,Exact
A5100456370,Yan Zhang,doi:10.1155/2022/7711724,10.1155/2022/7711724,Yan Zhang,2022,2023,1,Exact
A5100456370,Yan Zhang,doi:10.1155/2022/9488047,10.1155/2022/9488047,Yan Zhang,2022,2023,1,Exact
A5100456377,Yan Zhang,doi:10.1155/2021/6690606,10.1155/2021/6690606,Yan Zhang,2021,2023,2,Exact
A5100456377,Yan Zhang,doi:10.1007/s00500-023-09510-0,10.1007/s00500-023-09510-0,Yan Zhang,2023,2025,2,Exact
A5100456393,Yan Zhang,doi:10.1186/s13287-017-0745-5,10.1186/s13287-017-0745-5,Yan Zhang,2018,2022,4,Exact
A5100456437,Yan Zhang,doi:10.1155/2022/2037185,10.1155/2022/2037185,Yan Zhang,2022,2023,1,Exact
A5100456437,Yan Zhang,doi:10.1016/j.heliyon.2023.e23683,10.1016/j.heliyon.2023.e23683,Yan Zhang,2023,2025,2,Exact
A5100456445,Yan Zhang,doi:10.1155/2022/7461958,10.1155/2022/7461958,Yan Zhang,2022,2023,1,Exact
A5100456460,Yan Zhang,doi:10.1109/icbbe.2011.5780733,10.1109/icbbe.2011.5780733,Yan Zhang,2011,2011,0,Exact
A5100456460,Yan Zhang,doi:10.1002/jccs.202000385,10.1002/jccs.202000385,Yan Zhang,2020,2023,3,Exact
A5100456460,Yan Zhang,doi:10.1016/j.jinorgbio.2021.111464,10.1016/j.jinorgbio.2021.111464,Yan Zhang,2021,2023,2,Exact
A5100456472,Liang Wang,doi:10.1111/jcmm.13597,10.1111/jcmm.13597,Liang Wang,2018,2021,3,Exact
A5100456473,Liang Wang,doi:10.1155/2021/1519904,10.1155/2021/1519904,Liang Wang,2021,2023,2,Exact
A5100456475,Liang Wang,doi:10.1007/s13277-015-3625-6,10.1007/s13277-015-3625-6,Liang Wang,2015,2017,2,Exact
A5100456492,Liang Wang,doi:10.1109/icacte.2010.5578992,10.1109/icacte.2010.5578992,Liang Wang,2010,2010,0,Exact
A5100456514,Liang Wang,doi:10.1109/qr2mse.2013.6625555,10.1109/qr2mse.2013.6625555,Liang Wang,2013,2013,0,Exact
A5100456518,Liang Wang,doi:10.1155/2011/379129,10.1155/2011/379129,Liang Wang,2011,2021,10,Exact
A5100456534,Liang Wang,doi:10.1186/1477-7819-11-223,10.1186/1477-7819-11-223,Liang Wang,2013,2016,3,Exact
A5100456534,Liang Wang,doi:10.1016/j.neulet.2017.02.059,10.1016/j.neulet.2017.02.059,Liang Wang,2017,2017,0,Exact
A5100456534,Liang Wang,doi:10.1002/jcb.26769,10.1002/jcb.26769,Liang Wang,2018,2021,3,Exact
A5100456534,Liang Wang,doi:10.1002/jcp.26394,10.1002/jcp.26394,Liang Wang,2017,2021,4,Exact
A5100456534,Liang Wang,doi:10.1002/jcp.26498,10.1002/jcp.26498,Liang Wang,2018,2021,3,Exact
A5100456534,Liang Wang,doi:10.1371/journal.pone.0022836,10.1371/journal.pone.0022836,Liang Wang,2011,2022,11,Exact
A5100456534,Liang Wang,doi:10.1155/2021/6457688,10.1155/2021/6457688,Liang Wang,2021,2023,2,Exact
A5100456534,Liang Wang,doi:10.3892/or.2016.5320,10.3892/or.2016.5320,Liang Wang,2016,2025,9,Exact
A5100456567,Liang Wang,doi:10.2147/cmar.s203455,10.2147/cmar.s203455,Liang Wang,2019,2019,0,Exact
A5100456567,Liang Wang,doi:10.1080/21691401.2019.1670190,10.1080/21691401.2019.1670190,Liang Wang,2019,2022,3,Exact
A5100456567,Liang Wang,doi:10.1186/s13046-018-0717-3,10.1186/s13046-018-0717-3,Liang Wang,2018,2022,4,Exact
A5100456567,Liang Wang,doi:10.1186/s13046-019-1188-x,10.1186/s13046-019-1188-x,Liang Wang,2019,2022,3,Exact
A5100456567,Liang Wang,doi:10.3892/mmr.2017.7758,10.3892/mmr.2017.7758,Liang Wang,2017,2022,5,Exact
A5100456567,Liang Wang,doi:10.7150/ijbs.33658,10.7150/ijbs.33658,Liang Wang,2019,2022,3,Exact
A5100456567,Liang Wang,doi:10.1074/jbc.m115.655019,10.1074/jbc.m115.655019,Liang Wang,2021,2023,2,Exact
A5100456567,Liang Wang,doi:10.18632/oncotarget.5476,10.18632/oncotarget.5476,Liang Wang,2015,2023,8,Exact
A5100456617,Liang Wang,doi:10.1186/s10020-018-0020-y,10.1186/s10020-018-0020-y,Liang Wang,2018,2023,5,Exact
A5100457627,Wei Wang,doi:10.1109/opee.2010.5508030,10.1109/opee.2010.5508030,Wei Wang,2010,2010,0,Exact
A5100457633,Wei Wang,doi:10.3892/or.2019.7016,10.3892/or.2019.7016,Wei Wang,2019,2023,4,Exact
A5100458776,Ying Wang,doi:10.1109/icetce.2011.5774716,10.1109/icetce.2011.5774716,Ying Wang,2011,2011,0,Exact
A5100459980,Jun Yang,doi:10.1155/2022/3198272,10.1155/2022/3198272,Jun Yang,2022,2023,1,Exact
A5100459985,Jing Yang,doi:10.1109/icacc.2010.5486771,10.1109/icacc.2010.5486771,Jing Yang,2010,2010,0,Exact
A5100459985,Jing Yang,doi:10.1155/2022/1232495,10.1155/2022/1232495,Jing Yang,2022,2023,1,Exact
A5100459985,Jing Yang,doi:10.1155/2022/5467712,10.1155/2022/5467712,Jing Yang,2022,2023,1,Exact
A5100459997,Jing Yang,doi:10.1109/iccms.2009.25,10.1109/iccms.2009.25,Jing Yang,2009,2009,0,Exact
A5100460140,Bo Zhang,doi:10.1186/s12903-016-0292-y,10.1186/s12903-016-0292-y,Bo Zhang,2016,2017,1,Exact
A5100460656,Hui Wang,doi:10.1155/2022/7145415,10.1155/2022/7145415,Hui Wang,2022,2023,1,Exact
A5100460666,Hui Wang,doi:10.1186/s13046-022-02588-8,10.1186/s13046-022-02588-8,Hui Wang,2023,2023,0,Exact
A5100460682,Hui Wang,doi:10.2147/ott.s64092,10.2147/ott.s64092,Hui Wang,2014,2017,3,Exact
A5100460717,Hui Wang,doi:10.1155/2022/9281636,10.1155/2022/9281636,Hui Wang,2022,2023,1,Exact
A5100460717,Hui Wang,doi:10.1371/journal.pone.0096982,10.1371/journal.pone.0096982,Hui Wang,2014,2025,11,Exact
A5100460747,Hui Wang,doi:10.1016/j.jia.2022.08.046,10.1016/j.jia.2022.08.046,Hui Wang,2022,2022,0,Exact
A5100460750,Hui Wang,doi:10.1002/jcp.28799,10.1002/jcp.28799,Hui Wang,2019,2021,2,Exact
A5100460757,Hui Wang,doi:10.1084/jem.20020881,10.1084/jem.20020881,Hui Wang,2002,2006,4,Exact
A5100460757,Hui Wang,doi:10.1159/000494159,10.1159/000494159,Hui Wang,2018,2022,4,Exact
A5100460757,Hui Wang,doi:10.1155/2022/7355485,10.1155/2022/7355485,Hui Wang,2022,2023,1,Exact
A5100460757,Hui Wang,doi:10.1155/2022/8361665,10.1155/2022/8361665,Hui Wang,2022,2023,1,Exact
A5100460770,Hui Wang,doi:10.1155/2021/5513375,10.1155/2021/5513375,Hui Wang,2021,2024,3,Exact
A5100460787,Hui Wang,doi:10.1002/ptr.6283,10.1002/ptr.6283,Hui Wang,2019,2020,1,Exact
A5100460801,Hui Wang,doi:10.1155/2022/8168517,10.1155/2022/8168517,Hui Wang,2022,2023,1,Exact
A5100460802,Hui Wang,doi:10.1111/iwj.14574,10.1111/iwj.14574,Hui Wang,2024,2025,1,Exact
A5100460823,Hui Wang,doi:10.1016/j.micpro.2021.104011,10.1016/j.micpro.2021.104011,Hui Wang,2021,2023,2,Exact
A5100460827,Hui Wang,doi:10.1186/2047-783x-18-44,10.1186/2047-783x-18-44,Hui Wang,2013,2015,2,Exact
A5100460827,Hui Wang,doi:10.1155/2022/1569656,10.1155/2022/1569656,Hui Wang,2022,2024,2,Exact
A5100460840,Hui Wang,doi:10.1155/2022/6590025,10.1155/2022/6590025,Hui Wang,2022,2023,1,Exact
A5100460842,Hui Wang,doi:10.1002/jcb.26729,10.1002/jcb.26729,Hui Wang,2018,2021,3,Exact
A5100460845,Hui Wang,doi:10.3349/ymj.2021.62.4.325,10.3349/ymj.2021.62.4.325,Hui Wang,2021,2022,1,Exact
A5100460871,Hui Wang,doi:10.1111/j.1742-4658.2010.07808.x,10.1111/j.1742-4658.2010.07808.x,Hui Wang,2010,2025,15,Exact
A5100460894,Hui Wang,doi:10.1155/2021/9938625,10.1155/2021/9938625,Hui Wang,2021,2023,2,Exact
A5100460897,Hui Wang,doi:10.1042/bsr20180067,10.1042/bsr20180067,Hui Wang,2018,2021,3,Exact
A5100460897,Hui Wang,doi:10.1155/2022/2296574,10.1155/2022/2296574,Hui Wang,2022,2023,1,Exact
A5100460913,Hui Wang,doi:10.1155/2023/5177471,10.1155/2023/5177471,Hui Wang,2023,2023,0,Exact
A5100460913,Hui Wang,doi:10.1177/1358863x221132591,10.1177/1358863x221132591,Hui Wang,2023,2024,1,Exact
A5100460915,Hui Wang,doi:10.1007/s12517-021-07934-2,10.1007/s12517-021-07934-2,Hui Wang,2021,2021,0,Exact
A5100460916,Hui Wang,doi:10.1177/1533033819892256,10.1177/1533033819892256,Hui Wang,2019,2023,4,Exact
A5100460916,Hui Wang,doi:10.1371/journal.pone.0125474,10.1371/journal.pone.0125474,Hui Wang,2015,2023,8,Exact
A5100460917,Hui Wang,doi:10.1109/aimsec.2011.6009856,10.1109/aimsec.2011.6009856,Hui Wang,2011,2011,0,Exact
A5100460917,Hui Wang,doi:10.1007/s12517-021-07750-8,10.1007/s12517-021-07750-8,Hui Wang,2021,2021,0,Exact
A5100460917,Hui Wang,doi:10.1016/j.micpro.2020.103550,10.1016/j.micpro.2020.103550,Hui Wang,2020,2022,2,Exact
A5100460917,Hui Wang,doi:10.1155/2021/9963524,10.1155/2021/9963524,Hui Wang,2021,2023,2,Exact
A5100460917,Hui Wang,doi:10.1155/2022/5790893,10.1155/2022/5790893,Hui Wang,2022,2023,1,Exact
A5100460922,Hui Wang,doi:10.1002/jcp.29557,10.1002/jcp.29557,Hui Wang,2020,2021,1,Exact
A5100460922,Hui Wang,doi:10.1039/c7ra02830j,10.1039/c7ra02830j,Hui Wang,2017,2023,6,Exact
A5100460922,Hui Wang,doi:10.1186/s12885-018-4831-6,10.1186/s12885-018-4831-6,Hui Wang,2018,2024,6,Exact
A5100460922,Hui Wang,doi:10.1007/s10068-018-0466-2,10.1007/s10068-018-0466-2,Hui Wang,2018,2025,7,Exact
A5100460930,Hui Wang,doi:10.1155/2021/1274627,10.1155/2021/1274627,Hui Wang,2021,2023,2,Exact
A5100460935,Hui Wang,doi:10.1155/2022/4441603,10.1155/2022/4441603,Hui Wang,2022,2023,1,Exact
A5100460944,Hui Wang,doi:10.3389/fnins.2022.930028,10.3389/fnins.2022.930028,Hui Wang,2022,2023,1,Exact
A5100460953,Hui Wang,doi:10.1109/aimsec.2011.6009705,10.1109/aimsec.2011.6009705,Hui Wang,2011,2011,0,Exact
A5100460953,Hui Wang,doi:10.1016/j.leaqua.2010.07.015,10.1016/j.leaqua.2010.07.015,Hui Wang,2010,2014,4,Exact
A5100460960,Hui Wang,doi:10.1124/jpet.111.179820,10.1124/jpet.111.179820,Hui Wang,2011,2012,1,Exact
A5100460965,Hui Wang,doi:10.1016/j.actbio.2014.12.010,10.1016/j.actbio.2014.12.010,Hui Wang,2015,2016,1,Exact
A5100462701,Ying Li,doi:10.12659/msm.902936,10.12659/msm.902936,Ying Li,2017,2021,4,Exact
A5100528758,Yang Zhang,doi:10.1007/s10479-021-04256-0,10.1007/s10479-021-04256-0,Yang Zhang,2022,2023,1,Exact
A5100528838,Jian Xu,doi:10.1007/s10644-024-09690-1,10.1007/s10644-024-09690-1,Jian Xu,2024,2024,0,Exact
A5100529729,Lin Wang,doi:10.1109/esiat.2010.5568376,10.1109/esiat.2010.5568376,Lin Wang,2010,2010,0,Exact
A5100529729,Lin Wang,doi:10.1109/paccs.2011.5990185,10.1109/paccs.2011.5990185,Lin Wang,2011,2011,0,Exact
A5100543776,Hong Zhang,doi:10.1109/aimsec.2011.6011468,10.1109/aimsec.2011.6011468,Hong Zhang,2011,2011,0,Exact
A5100552628,Li Bo,doi:10.3233/jifs-189377,10.3233/jifs-189377,Bo Li,2020,2025,5,Exact
A5100563378,Ming Li,doi:10.1109/cctae.2010.5543409,10.1109/cctae.2010.5543409,Ming Li,2010,2010,0,Exact
A5100577104,Ying Li,doi:10.1111/iwj.14773,10.1111/iwj.14773,Ying Li,2024,2025,1,Exact
A5100585858,Yan Zhang,doi:10.1109/paccs.2011.5990305,10.1109/paccs.2011.5990305,Yan Zhang,2011,2011,0,Exact
A5100591044,Hao Chen,doi:10.1109/aimsec.2011.6009671,10.1109/aimsec.2011.6009671,Hao Chen,2011,2011,0,Exact
A5100597152,Jian Xu,doi:10.1007/s10644-024-09689-8,10.1007/s10644-024-09689-8,Jian Xu,2024,2024,0,Exact
A5100599411,Yan Li,doi:10.1016/j.bbrc.2019.03.214,10.1016/j.bbrc.2019.03.214,Yan Li,2019,2023,4,Exact
A5100599720,Yi Wang,doi:10.1155/2022/2446947,10.1155/2022/2446947,Yi Wang,2022,2023,1,Exact
A5100599811,Hao Wang,doi:10.1016/j.joi.2019.101000,10.1016/j.joi.2019.101000,Hao Wang,2019,2021,2,Exact
A5100600022,Peng Li,doi:10.1109/icbbe.2011.5781305,10.1109/icbbe.2011.5781305,Peng Li,2011,2011,0,Exact
A5100600050,Qi Wang,doi:10.1109/appeec.2010.5449285,10.1109/appeec.2010.5449285,Qi Wang,2010,2010,0,Exact
A5100600156,Feng Li,doi:10.3109/00207454.2015.1033713,10.3109/00207454.2015.1033713,Feng Li,2015,2016,1,Exact
A5100600233,Wei Li,doi:10.1155/2021/4383963,10.1155/2021/4383963,Wei Li,2021,2023,2,Exact
A5100600473,Gang Wang,doi:10.1007/s00500-021-06581-9,10.1007/s00500-021-06581-9,Gang Wang,2022,2026,4,Exact
A5100600786,Jing Li,doi:10.1109/icbbe.2011.5780424,10.1109/icbbe.2011.5780424,Jing Li,2011,2011,0,Exact
A5100600960,Yan Li,doi:10.1371/journal.pone.0090660,10.1371/journal.pone.0090660,Yan Li,2014,2020,6,Exact
A5100600960,Yan Li,doi:10.2147/cmar.s236576,10.2147/cmar.s236576,Yan Li,2020,2021,1,Exact
A5100600960,Yan Li,doi:10.3892/mmr.2014.2021,10.3892/mmr.2014.2021,Yan Li,2014,2021,7,Exact
A5100601412,Jun Li,doi:10.1016/j.biortech.2018.08.102,10.1016/j.biortech.2018.08.102,Jun Li,2018,2019,1,Exact
A5100601412,Jun Li,doi:10.1016/j.biortech.2019.02.058,10.1016/j.biortech.2019.02.058,Jun Li,2019,2019,0,Exact
A5100601412,Jun Li,doi:10.1016/j.biortech.2019.121586,10.1016/j.biortech.2019.121586,Jun Li,2019,2019,0,Exact
A5100601412,Jun Li,doi:10.1016/j.biortech.2019.122143,10.1016/j.biortech.2019.122143,Jun Li,2019,2019,0,Exact
A5100601412,Jun Li,doi:10.1016/j.biortech.2018.05.006,10.1016/j.biortech.2018.05.006,Jun Li,2018,2020,2,Exact
A5100601412,Jun Li,doi:10.1016/j.biortech.2019.01.123,10.1016/j.biortech.2019.01.123,Jun Li,2019,2020,1,Exact
A5100601665,Yan Li,doi:10.1109/iccasm.2010.5620394,10.1109/iccasm.2010.5620394,Yan Li,2010,2010,0,Exact
A5100601665,Yan Li,doi:10.1109/icnc.2011.6022075,10.1109/icnc.2011.6022075,Yan Li,2011,2011,0,Exact
A5100601871,Tao Liu,doi:10.1016/j.jallcom.2014.09.192,10.1016/j.jallcom.2014.09.192,Tao Liu,2014,2018,4,Exact
A5100602098,Yi Wang,doi:10.1155/2022/4866240,10.1155/2022/4866240,Yi Wang,2022,2023,1,Exact
A5100602299,Jian Li,doi:10.1109/opee.2010.5508045,10.1109/opee.2010.5508045,Jian Li,2010,2010,0,Exact
A5100602299,Jian Li,doi:10.1109/opee.2010.5508047,10.1109/opee.2010.5508047,Jian Li,2010,2010,0,Exact
A5100602753,Lei Zhang,doi:10.1109/icicci.2010.125,10.1109/icicci.2010.125,Lei Zhang,2010,2010,0,Exact
A5100602877,Fang Liu,doi:10.2174/1874444301507011768,10.2174/1874444301507011768,Fang Liu,2015,2016,1,Exact
A5100603359,Hui Wang,doi:10.1109/icmss.2009.5304428,10.1109/icmss.2009.5304428,Hui Wang,2009,2009,0,Exact
A5100603359,Hui Wang,doi:10.1080/09064710.2021.1897157,10.1080/09064710.2021.1897157,Hui Wang,2021,2024,3,Exact
A5100603360,Hui Wang,doi:10.1109/esiat.2010.5568892,10.1109/esiat.2010.5568892,Hui Wang,2010,2010,0,Exact
A5100603362,Hui Wang,doi:10.1109/cctae.2010.5544784,10.1109/cctae.2010.5544784,Hui Wang,2010,2010,0,Exact
A5100603362,Hui Wang,doi:10.1109/icicci.2010.97,10.1109/icicci.2010.97,Hui Wang,2010,2010,0,Exact
A5100603362,Hui Wang,doi:10.1109/icbbe.2011.5780879,10.1109/icbbe.2011.5780879,Hui Wang,2011,2011,0,Exact
A5100603379,Jian Xu,doi:10.1155/2022/4239500,10.1155/2022/4239500,Jian Xu,2022,2023,1,Exact
A5100604078,Jie Zhang,doi:10.1080/09064710.2021.1964591,10.1080/09064710.2021.1964591,Jie Zhang,2021,2024,3,Exact
A5100604280,Wei Li,doi:10.1007/s00500-022-07165-x,10.1007/s00500-022-07165-x,Wei Li,2022,2024,2,Exact
A5100604499,Hong Zhang,doi:10.4049/jimmunol.2001107,10.4049/jimmunol.2001107,Hong Zhang,2021,2022,1,Exact
A5100604501,Hong Zhang,doi:10.1139/bcb-2019-0019,10.1139/bcb-2019-0019,Hong Zhang,2019,2023,4,Exact
A5100604501,Hong Zhang,doi:10.1155/2021/3031482,10.1155/2021/3031482,Hong Zhang,2021,2023,2,Exact
A5100604633,Yong Wang,doi:10.1016/j.bbrc.2017.02.005,10.1016/j.bbrc.2017.02.005,Yong Wang,2017,2019,2,Exact
A5100606318,Lei Zhang,doi:10.1016/s1003-6326(14)63103-4,10.1016/s1003-6326(14)63103-4,Lei Zhang,2014,2014,0,Exact
A5100606318,Lei Zhang,doi:10.1007/s11249-010-9600-x,10.1007/s11249-010-9600-x,Lei Zhang,2010,2015,5,Exact
A5100606421,Feng Li,doi:10.1155/2022/7730474,10.1155/2022/7730474,Feng Li,2022,2023,1,Exact
A5100606482,Yu Liu,doi:10.1109/qr2mse.2013.6625581,10.1109/qr2mse.2013.6625581,Yu Liu,2013,2013,0,Exact
A5100606833,Jian Li,doi:10.1117/12.836814,10.1117/12.836814,Jian Li,2009,2015,6,Exact
A5100607116,Yong Zhang,doi:10.3892/etm.2016.3176,10.3892/etm.2016.3176,Yong Zhang,2016,2023,7,Exact
A5100607850,Hong Li,doi:10.3892/mmr.2016.5916,10.3892/mmr.2016.5916,Hong Li,2016,2024,8,Exact
A5100608080,Yan Wang,doi:10.1109/icbbe.2011.5780177,10.1109/icbbe.2011.5780177,Yan Wang,2011,2011,0,Exact
A5100608084,Yan Wang,doi:10.1177/1535370220972320,10.1177/1535370220972320,Yan Wang,2020,2024,4,Exact
A5100608271,Min Wang,doi:10.1109/icbbe.2011.5780433,10.1109/icbbe.2011.5780433,Min Wang,2011,2011,0,Exact
A5100608566,Wei Liu,doi:10.1109/icise.2009.982,10.1109/icise.2009.982,Wei Liu,2009,2010,1,Exact
A5100608695,Hui Wang,doi:10.1155/2022/1673453,10.1155/2022/1673453,Hui Wang,2022,2023,1,Exact
A5100608698,Hui Wang,doi:10.3233/jifs-179242,10.3233/jifs-179242,Hui Wang,2019,2025,6,Exact
A5100609014,Wei Zhang,doi:10.1109/ssme.2009.140,10.1109/ssme.2009.140,Wei Zhang,2009,2009,0,Exact
A5100609297,Jun Chen,doi:10.1111/iwj.14163,10.1111/iwj.14163,Jun Chen,2023,2025,2,Exact
A5100609768,Xin Li,doi:10.1109/icetce.2011.5776017,10.1109/icetce.2011.5776017,Xin Li,2011,2011,0,Exact
A5100609965,Fang Liu,doi:10.1371/journal.pone.0247593,10.1371/journal.pone.0247593,Fang Liu,2021,2022,1,Exact
A5100609965,Fang Liu,doi:10.1002/tox.24300,10.1002/tox.24300,Fang Liu,2024,2025,1,Exact
A5100609967,Fang Liu,doi:10.1109/icebeg.2011.5876663,10.1109/icebeg.2011.5876663,Fang Liu,2011,2011,0,Exact
A5100609989,Lei Li,doi:10.1111/iwj.14753,10.1111/iwj.14753,Lei Li,2024,2025,1,Exact
A5100610356,Wei Wang,doi:10.1002/jcb.26567,10.1002/jcb.26567,Wei Wang,2017,2021,4,Exact
A5100610570,Lei Wang,doi:10.1155/2022/3886823,10.1155/2022/3886823,Lei Wang,2022,2023,1,Exact
A5100611475,Lei Li,doi:10.1109/icams.2010.5553169,10.1109/icams.2010.5553169,Lei Li,2010,2010,0,Exact
A5100611652,Wei Liu,doi:10.1016/j.lfs.2019.116551,10.1016/j.lfs.2019.116551,Wei Liu,2019,2022,3,Exact
A5100611652,Wei Liu,doi:10.1111/iwj.14798,10.1111/iwj.14798,Wei Liu,2024,2025,1,Exact
A5100611808,Lei Zhang,doi:10.1016/j.expneurol.2016.12.013,10.1016/j.expneurol.2016.12.013,Lei Zhang,2016,2017,1,Exact
A5100611811,Lei Zhang,doi:10.3892/mmr.2019.10267,10.3892/mmr.2019.10267,Lei Zhang,2019,2025,6,Exact
A5100612403,Xin Li,doi:10.1038/bjc.2016.244,10.1038/bjc.2016.244,Xin Li,2016,2023,7,Exact
A5100612403,Xin Li,doi:10.1155/2021/6813147,10.1155/2021/6813147,Xin Li,2021,2023,2,Exact
A5100612403,Xin Li,doi:10.1111/jcmm.16405,10.1111/jcmm.16405,Xin Li,2021,2024,3,Exact
A5100612612,Jin Zhang,doi:10.1109/ett.2009.99,10.1109/ett.2009.99,Jin Zhang,2009,2010,1,Exact
A5100612612,Jin Zhang,doi:10.1007/s12517-021-07204-1,10.1007/s12517-021-07204-1,Jin Zhang,2021,2021,0,Exact
A5100612615,Zhang Jin,doi:10.1155/2021/3155357,10.1155/2021/3155357,Jin Zhang,2021,2023,2,Exact
A5100612715,Yan Chen,doi:10.1038/s41419-018-0931-0,10.1038/s41419-018-0931-0,Yan Chen,2018,2019,1,Exact
A5100613541,Wei Li,doi:10.1109/jmems.2004.828734,10.1109/jmems.2004.828734,Wei Li,2004,2004,0,Exact
A5100613640,Yang Liu,doi:10.1177/0954406219894025,10.1177/0954406219894025,Yang Liu,2019,2021,2,Exact
A5100613817,Yu Zhang,doi:10.1002/jcp.27020,10.1002/jcp.27020,Yu Zhang,2018,2021,3,Exact
A5100613817,Yu Zhang,doi:10.1038/s41434-020-0145-9,10.1038/s41434-020-0145-9,Yu Zhang,2020,2024,4,Exact
A5100613825,Yang Wang,doi:10.1155/2022/8992779,10.1155/2022/8992779,Yang Wang,2022,2023,1,Exact
A5100614363,Ming Li,doi:10.1016/j.ceramint.2019.05.306,10.1016/j.ceramint.2019.05.306,Ming Li,2019,2023,4,Exact
A5100614547,Wei Zhang,doi:10.1155/2021/1560972,10.1155/2021/1560972,Wei Zhang,2021,2023,2,Exact
A5100614945,Lei Zhang,doi:10.1002/2211-5463.12032,10.1002/2211-5463.12032,Lei Zhang,2016,2022,6,Exact
A5100615376,Jie Li,doi:10.1109/iis.2009.26,10.1109/iis.2009.26,Jie Li,2009,2009,0,Exact
A5100615869,Wei Liu,doi:10.1128/mcb.01242-14,10.1128/mcb.01242-14,Wei Liu,2015,2017,2,Exact
A5100615869,Wei Liu,doi:10.1186/s12935-021-02063-y,10.1186/s12935-021-02063-y,Wei Liu,2021,2025,4,Exact
A5100616189,Lei Zhang,doi:10.1109/icemms.2010.5563416,10.1109/icemms.2010.5563416,Lei Zhang,2010,2010,0,Exact
A5100617006,Jie Chen,doi:10.1155/2022/9331284,10.1155/2022/9331284,Jie Chen,2022,2023,1,Exact
A5100617097,Jing Li,doi:10.1109/qr2mse.2013.6625758,10.1109/qr2mse.2013.6625758,Jing Li,2013,2013,0,Exact
A5100617401,Jun Lü,doi:10.1155/2022/6027058,10.1155/2022/6027058,Jun Lu,2022,2023,1,Exact
A5100617466,Wei Wang,doi:10.1155/2021/5164907,10.1155/2021/5164907,Wei Wang,2021,2023,2,Exact
A5100617513,Min Li,doi:10.1016/j.procs.2012.04.150,10.1016/j.procs.2012.04.150,Min Li,2012,2013,1,Exact
A5100617737,Zhang Hong,doi:10.1155/2021/6588734,10.1155/2021/6588734,Hong Zhang,2021,2023,2,Exact
A5100617810,Yan Zhang,doi:10.1002/cam4.3203,10.1002/cam4.3203,Yan Zhang,2020,2024,4,Exact
A5100618270,Jian Wang,doi:10.1111/j.1745-7254.2007.00492.x,10.1111/j.1745-7254.2007.00492.x,Jian Wang,2007,2007,0,Exact
A5100618357,Yü Liu,doi:10.1007/s11042-017-4385-7,10.1007/s11042-017-4385-7,Yu Liu,2017,2022,5,Exact
A5100618357,Yü Liu,doi:10.1155/2021/9999863,10.1155/2021/9999863,Yu Liu,2021,2023,2,Exact
A5100618684,Min Zhang,doi:10.1109/fitme.2010.5654920,10.1109/fitme.2010.5654920,Min Zhang,2010,2010,0,Exact
A5100618818,Wei Wang,doi:10.1109/qr2mse.2013.6625530,10.1109/qr2mse.2013.6625530,Wei Wang,2013,2013,0,Exact
A5100618818,Wei Wang,doi:10.1109/qr2mse.2013.6625611,10.1109/qr2mse.2013.6625611,Wei Wang,2013,2013,0,Exact
A5100619143,Jing Zhang,doi:10.1109/icbbe.2011.5781461,10.1109/icbbe.2011.5781461,Jing Zhang,2011,2011,0,Exact
A5100619511,Yan Wang,doi:10.1016/j.bbrc.2016.03.157,10.1016/j.bbrc.2016.03.157,Yan Wang,2016,2016,0,Exact
A5100620598,Yi Zhang,doi:10.1109/icmss.2009.5304143,10.1109/icmss.2009.5304143,Yi Zhang,2009,2009,0,Exact
A5100620598,Yi Zhang,doi:10.1101/2020.01.24.919241,10.1101/2020.01.24.919241,Yi Zhang,2020,2020,0,Exact
A5100620601,Yi Zhang,doi:10.1109/icmss.2009.5301787,10.1109/icmss.2009.5301787,Yi Zhang,2009,2009,0,Exact
A5100620601,Yi Zhang,doi:10.1109/icmss.2009.5301792,10.1109/icmss.2009.5301792,Yi Zhang,2009,2009,0,Exact
A5100620601,Yi Zhang,doi:10.1109/icmss.2009.5301882,10.1109/icmss.2009.5301882,Yi Zhang,2009,2009,0,Exact
A5100620788,Wei Zhang,doi:10.1109/iccsit.2010.5564722,10.1109/iccsit.2010.5564722,Wei Zhang,2010,2010,0,Exact
A5100620971,Yang Zhang,doi:10.2147/cmar.s269774,10.2147/cmar.s269774,Yang Zhang,2020,2021,1,Exact
A5100621178,Wang Yu,doi:10.1155/2021/9434944,10.1155/2021/9434944,Yu Wang,2021,2023,2,Exact
A5100621208,Jing Zhang,doi:10.1155/2013/684690,10.1155/2013/684690,Jing Zhang,2013,2013,0,Exact
A5100621214,Jing Zhang,doi:10.1155/2020/8848930,10.1155/2020/8848930,Jing Zhang,2020,2023,3,Exact
A5100621214,Jing Zhang,doi:10.1186/s12935-019-0791-4,10.1186/s12935-019-0791-4,Jing Zhang,2019,2024,5,Exact
A5100621216,Jing Zhang,doi:10.3892/ijmm.2016.2754,10.3892/ijmm.2016.2754,Jing Zhang,2016,2021,5,Exact
A5100621216,Jing Zhang,doi:10.1371/journal.pone.0138515,10.1371/journal.pone.0138515,Jing Zhang,2015,2024,9,Exact
A5100621420,Qian Wang,doi:10.1371/journal.pone.0227894,10.1371/journal.pone.0227894,Qian Wang,2020,2023,3,Exact
A5100621763,Jing Chen,doi:10.1155/2022/1862404,10.1155/2022/1862404,Jing Chen,2022,2023,1,Exact
A5100621923,Lei Wang,doi:10.1155/2022/8200907,10.1155/2022/8200907,Lei Wang,2022,2023,1,Exact
A5100622343,Qian Zhang,doi:10.3389/fpls.2020.00332,10.3389/fpls.2020.00332,Qian Zhang,2020,2021,1,Exact
A5100622379,Hao Chen,doi:10.3233/jifs-233181,10.3233/jifs-233181,Hao Chen,2023,2025,2,Exact
A5100622691,Tao Wang,doi:10.1109/icacc.2010.5486917,10.1109/icacc.2010.5486917,Tao Wang,2010,2010,0,Exact
A5100623113,Lei Zhang,doi:10.1097/tp.0000000000000163,10.1097/tp.0000000000000163,Lei Zhang,2014,2014,0,Exact
A5100623290,Wei Zhang,doi:10.1109/ett.2009.59,10.1109/ett.2009.59,Wei Zhang,2009,2010,1,Exact
A5100623290,Wei Zhang,doi:10.1109/paccs.2011.5990107,10.1109/paccs.2011.5990107,Wei Zhang,2011,2011,0,Exact
A5100623617,Jing Zhang,doi:10.1371/journal.pone.0068574,10.1371/journal.pone.0068574,Jing Zhang,2013,2020,7,Exact
A5100623617,Jing Zhang,doi:10.1155/2022/9148650,10.1155/2022/9148650,Jing Zhang,2022,2023,1,Exact
A5100623617,Jing Zhang,doi:10.1111/iwj.14879,10.1111/iwj.14879,Jing Zhang,2024,2025,1,Exact
A5100623618,Jing Zhang,doi:10.1016/j.omtn.2018.07.001,10.1016/j.omtn.2018.07.001,Jing Zhang,2018,2022,4,Exact
A5100623618,Jing Zhang,doi:10.3389/fimmu.2020.00907,10.3389/fimmu.2020.00907,Jing Zhang,2020,2024,4,Exact
A5100624421,Bo Li,doi:10.1089/cbr.2020.3563,10.1089/cbr.2020.3563,Bo Li,2020,2020,0,Exact
A5100624421,Bo Li,doi:10.1093/jrr/rrz003,10.1093/jrr/rrz003,Bo Li,2019,2022,3,Exact
A5100624421,Bo Li,doi:10.1016/j.biopha.2016.07.033,10.1016/j.biopha.2016.07.033,Bo Li,2016,2023,7,Exact
A5100625037,Wei Zhang,doi:10.1016/j.neurobiolaging.2011.12.023,10.1016/j.neurobiolaging.2011.12.023,Wei Zhang,2012,2016,4,Exact
A5100625037,Wei Zhang,doi:10.1016/j.npep.2008.08.004,10.1016/j.npep.2008.08.004,Wei Zhang,2008,2016,8,Exact
A5100625120,Yan Liu,doi:10.1042/bsr20181530,10.1042/bsr20181530,Yan Liu,2018,2024,6,Exact
A5100625139,Jun Wang,doi:10.3233/jifs-179506,10.3233/jifs-179506,Jun Wang,2019,2025,6,Exact
A5100625717,Yang Liu,doi:10.1177/1687814016644377,10.1177/1687814016644377,Yang Liu,2016,2018,2,Exact
A5100626316,Hui Zhang,doi:10.1155/2021/1477924,10.1155/2021/1477924,Hui Zhang,2021,2023,2,Exact
A5100626318,Hui Zhang,doi:10.1155/2015/679314,10.1155/2015/679314,Hui Zhang,2015,2018,3,Exact
A5100627148,Hui Li,doi:10.1155/2020/6694732,10.1155/2020/6694732,Hui Li,2020,2023,3,Exact
A5100628078,Yang Wang,doi:10.1155/2021/2391477,10.1155/2021/2391477,Yang Wang,2021,2023,2,Exact
A5100628078,Yang Wang,doi:10.1155/2021/7742700,10.1155/2021/7742700,Yang Wang,2021,2023,2,Exact
A5100628179,Jun Yang,doi:10.1186/s13638-020-01694-5,10.1186/s13638-020-01694-5,Jun Yang,2020,2023,3,Exact
A5100628350,Yang Li,doi:10.1109/icbbe.2011.5780272,10.1109/icbbe.2011.5780272,Yang Li,2011,2011,0,Exact
A5100628350,Yang Li,doi:10.1080/23802359.2018.1457988,10.1080/23802359.2018.1457988,Yang Li,2018,2019,1,Exact
A5100628741,Ying Wang,doi:10.1109/appeec.2010.5449504,10.1109/appeec.2010.5449504,Ying Wang,2010,2010,0,Exact
A5100628874,Jie Wang,doi:10.1177/2058739219856762,10.1177/2058739219856762,Jie Wang,2019,2025,6,Exact
A5100628877,Jie Wang,doi:10.3892/ol.2021.13059,10.3892/ol.2021.13059,Jie Wang,2021,2025,4,Exact
A5100628923,Ying Wang,doi:10.1155/2021/1716182,10.1155/2021/1716182,Ying Wang,2021,2023,2,Exact
A5100629419,Juan Li,doi:10.1109/etcs.2010.271,10.1109/etcs.2010.271,Juan Li,2010,2010,0,Exact
A5100629622,Li Yang,doi:10.3389/fpsyt.2022.882385,10.3389/fpsyt.2022.882385,Yang Li,2022,2024,2,Exact
A5100629688,Li Hui,doi:10.1109/icetc.2010.5529510,10.1109/icetc.2010.5529510,Hui Li,2010,2010,0,Exact
A5100629688,Li Hui,doi:10.1088/1742-6596/1744/3/032143,10.1088/1742-6596/1744/3/032143,Hui Li,2021,2022,1,Exact
A5100629871,Jing Zhang,doi:10.1002/ppap.200950007,10.1002/ppap.200950007,Jing Zhang,2009,2010,1,Exact
A5100630077,Yong Zhang,doi:10.1155/2022/7436577,10.1155/2022/7436577,Yong Zhang,2022,2023,1,Exact
A5100630417,Yi Wang,doi:10.12659/msm.913873,10.12659/msm.913873,Yi Wang,2019,2021,2,Exact
A5100630417,Yi Wang,doi:10.1007/s10528-022-10192-w,10.1007/s10528-022-10192-w,Yi Wang,2022,2022,0,Exact
A5100630506,Yan Li,doi:10.1109/icebeg.2011.5881965,10.1109/icebeg.2011.5881965,Yan Li,2011,2011,0,Exact
A5100630518,Hao Wang,doi:10.1155/2021/8014850,10.1155/2021/8014850,Hao Wang,2021,2023,2,Exact
A5100630789,Jing Zhao,doi:10.1371/journal.pone.0082375,10.1371/journal.pone.0082375,Jing Zhao,2013,2020,7,Exact
A5100630793,Jing Zhao,doi:10.1155/2022/6962163,10.1155/2022/6962163,Jing Zhao,2022,2023,1,Exact
A5100631094,Ying Liu,doi:10.1177/00207209211013472,10.1177/00207209211013472,Ying Liu,2021,2023,2,Exact
A5100631272,Tao Wang,doi:10.1155/2021/3584034,10.1155/2021/3584034,Tao Wang,2021,2023,2,Exact
A5100631575,Wang Yong,doi:10.1109/icnc.2011.6022392,10.1109/icnc.2011.6022392,Yong Wang,2011,2011,0,Exact
A5100631609,Min Li,doi:10.1109/icbbe.2011.5780175,10.1109/icbbe.2011.5780175,Min Li,2011,2011,0,Exact
A5100631609,Min Li,doi:10.3389/fenrg.2022.832189,10.3389/fenrg.2022.832189,Min Li,2022,2025,3,Exact
A5100632438,Tao Wang,doi:10.1074/jbc.m408708200,10.1074/jbc.m408708200,Tao Wang,2004,2021,17,Exact
A5100632441,Tao Wang,doi:10.1093/jrr/rrz003,10.1093/jrr/rrz003,Tao Wang,2019,2022,3,Exact
A5100632441,Tao Wang,doi:10.1155/2021/9988534,10.1155/2021/9988534,Tao Wang,2021,2024,3,Exact
A5100632608,Hui Li,doi:10.2147/ott.s279798,10.2147/ott.s279798,Hui Li,2020,2023,3,Exact
A5100632608,Hui Li,doi:10.1007/s13273-023-00386-7,10.1007/s13273-023-00386-7,Hui Li,2023,2025,2,Exact
A5100632990,Jie Zhang,doi:10.1109/iccasm.2010.5619418,10.1109/iccasm.2010.5619418,Jie Zhang,2010,2010,0,Exact
A5100633358,Tao Zhang,doi:10.1016/j.chemer.2020.125604,10.1016/j.chemer.2020.125604,Tao Zhang,2020,2021,1,Exact
A5100633559,Wang Jing,doi:10.1109/icpim.2011.5983676,10.1109/icpim.2011.5983676,Jing Wang,2011,2011,0,Exact
A5100633560,Wang Jing,doi:10.1109/aimsec.2011.6011103,10.1109/aimsec.2011.6011103,Jing Wang,2011,2011,0,Exact
A5100633636,Yan Liu,doi:10.1093/nass/nrn048,10.1093/nass/nrn048,Yan Liu,2008,2008,0,Exact
A5100634274,Yan Chen,doi:10.1039/d1tb00135c,10.1039/d1tb00135c,Yan Chen,2021,2022,1,Exact
A5100634513,Hui Li,doi:10.1016/j.biopha.2018.02.129,10.1016/j.biopha.2018.02.129,Hui Li,2018,2022,4,Exact
A5100634516,Hui Li,doi:10.1042/bsr20180551,10.1042/bsr20180551,Hui Li,2019,2024,5,Exact
A5100634568,Tao Wang,doi:10.1155/2021/5463724,10.1155/2021/5463724,Tao Wang,2021,2023,2,Exact
A5100635013,Jian Li,doi:10.1155/2022/7037497,10.1155/2022/7037497,Jian Li,2022,2024,2,Exact
A5100635758,Qian Zhang,doi:10.1109/icbmei.2011.5920344,10.1109/icbmei.2011.5920344,Qian Zhang,2011,2011,0,Exact
A5100635758,Qian Zhang,doi:10.1016/j.biortech.2019.122073,10.1016/j.biortech.2019.122073,Qian Zhang,2019,2020,1,Exact
A5100635867,Jun Li,doi:10.1109/iceceng.2011.6056804,10.1109/iceceng.2011.6056804,Jun Li,2011,2011,0,Exact
A5100636014,Lin Wang,doi:10.1109/appeec.2010.5449378,10.1109/appeec.2010.5449378,Lin Wang,2010,2010,0,Exact
A5100636568,Hong Zhang,doi:10.1109/aimsec.2011.6009640,10.1109/aimsec.2011.6009640,Hong Zhang,2011,2011,0,Exact
A5100636685,Gang Li,doi:10.1109/iis.2009.26,10.1109/iis.2009.26,Gang Li,2009,2009,0,Exact
A5100636688,Gang Li,doi:10.1109/appeec.2010.5448323,10.1109/appeec.2010.5448323,Gang Li,2010,2010,0,Exact
A5100637184,Wei Zhang,doi:10.1007/s00439-019-02023-7,10.1007/s00439-019-02023-7,Wei Zhang,2019,2021,2,Exact
A5100637299,Yong Wang,doi:10.1016/j.biopha.2018.08.122,10.1016/j.biopha.2018.08.122,Yong Wang,2018,2023,5,Exact
A5100637532,Jin Wang,doi:10.1007/s00395-018-0682-1,10.1007/s00395-018-0682-1,Jin Wang,2018,2023,5,Exact
A5100637534,Jin Wang,doi:10.1111/iwj.14422,10.1111/iwj.14422,Jin Wang,2023,2025,2,Exact
A5100638346,Xin Zhang,doi:10.1089/ten.tea.2020.0129,10.1089/ten.tea.2020.0129,Xin Zhang,2020,2021,1,Exact
A5100638756,Tao Zhang,doi:10.1109/icbbe.2011.5781002,10.1109/icbbe.2011.5781002,Tao Zhang,2011,2011,0,Exact
A5100638913,Jun Wang,doi:10.1155/2022/4545936,10.1155/2022/4545936,Jun Wang,2022,2023,1,Exact
A5100639134,Jian Zhang,doi:10.1109/icbbe.2011.5781546,10.1109/icbbe.2011.5781546,Jian Zhang,2011,2011,0,Exact
A5100639535,Jun Zhang,doi:10.1155/2022/2937056,10.1155/2022/2937056,Jun Zhang,2022,2023,1,Exact
A5100640040,Yu Wang,doi:10.1109/icbbe.2011.5781328,10.1109/icbbe.2011.5781328,Yu Wang,2011,2011,0,Exact
A5100640312,Yang Wang,doi:10.1080/21691401.2019.1576713,10.1080/21691401.2019.1576713,Yang Wang,2020,2020,0,Exact
A5100640488,Yan Li,doi:10.1109/icbbe.2011.5780001,10.1109/icbbe.2011.5780001,Yan Li,2011,2011,0,Exact
A5100640488,Yan Li,doi:10.1109/icbbe.2011.5780328,10.1109/icbbe.2011.5780328,Yan Li,2011,2011,0,Exact
A5100640543,Wei Zhang,doi:10.3109/10428194.2013.776681,10.3109/10428194.2013.776681,Wei Zhang,2013,2016,3,Exact
A5100640575,Yi Wang,doi:10.1109/appeec.2010.5448159,10.1109/appeec.2010.5448159,Yi Wang,2010,2010,0,Exact
A5100641575,Yan Zhang,doi:10.1007/s00223-023-01176-y,10.1007/s00223-023-01176-y,Yan Zhang,2024,2024,0,Exact
A5100641714,Wei Liu,doi:10.1109/icbbe.2011.5780751,10.1109/icbbe.2011.5780751,Wei Liu,2011,2011,0,Exact
A5100641908,Lei Li,doi:10.1007/s12517-021-07206-z,10.1007/s12517-021-07206-z,Lei Li,2021,2021,0,Exact
A5100642011,Yong Wang,doi:10.1007/s00500-023-09215-4,10.1007/s00500-023-09215-4,Yong Wang,2023,2026,3,Exact
A5100642015,Yong Wang,doi:10.1109/icnc.2010.5582721,10.1109/icnc.2010.5582721,Yong Wang,2010,2010,0,Exact
A5100642363,Zhang Wei,doi:10.1109/itaic.2011.6030284,10.1109/itaic.2011.6030284,Wei Zhang,2011,2021,10,Exact
A5100642364,Wei Zhang,doi:10.1007/s00779-020-01460-w,10.1007/s00779-020-01460-w,Wei Zhang,2020,2024,4,Exact
A5100642775,Hong Li,doi:10.1007/s00441-020-03187-9,10.1007/s00441-020-03187-9,Hong Li,2020,2021,1,Exact
A5100642775,Hong Li,doi:10.3892/or.2017.6147,10.3892/or.2017.6147,Hong Li,2017,2021,4,Exact
A5100642778,Hong Li,doi:10.1186/s12935-020-01737-3,10.1186/s12935-020-01737-3,Hong Li,2021,2024,3,Exact
A5100643197,Jing Wang,doi:10.2147/ott.s225360,10.2147/ott.s225360,Jing Wang,2019,2021,2,Exact
A5100643197,Jing Wang,doi:10.3892/etm.2015.2501,10.3892/etm.2015.2501,Jing Wang,2015,2025,10,Exact
A5100643198,Jing Wang,doi:10.1016/j.yexcr.2017.09.027,10.1016/j.yexcr.2017.09.027,Jing Wang,2017,2017,0,Exact
A5100643198,Jing Wang,doi:10.1016/j.biopha.2018.01.035,10.1016/j.biopha.2018.01.035,Jing Wang,2018,2022,4,Exact
A5100643198,Jing Wang,doi:10.1089/dna.2018.4441,10.1089/dna.2018.4441,Jing Wang,2018,2022,4,Exact
A5100643198,Jing Wang,doi:10.3892/ol.2017.5666,10.3892/ol.2017.5666,Jing Wang,2017,2025,8,Exact
A5100643679,Yu Wang,doi:10.1155/2022/6711331,10.1155/2022/6711331,Yu Wang,2022,2023,1,Exact
A5100644473,Jing Zhao,doi:10.18632/aging.103281,10.18632/aging.103281,Jing Zhao,2020,2022,2,Exact
A5100644577,Wei Zhao,doi:10.1186/s13287-017-0745-5,10.1186/s13287-017-0745-5,Wei Zhao,2018,2022,4,Exact
A5100644577,Wei Zhao,doi:10.1186/s13287-018-0772-x,10.1186/s13287-018-0772-x,Wei Zhao,2018,2022,4,Exact
A5100644577,Wei Zhao,doi:10.3892/or.2017.6150,10.3892/or.2017.6150,Wei Zhao,2017,2023,6,Exact
A5100644648,Jun Zhang,doi:10.1002/cam4.3203,10.1002/cam4.3203,Jun Zhang,2020,2024,4,Exact
A5100645058,Chao Wang,doi:10.1007/s11356-021-16770-6,10.1007/s11356-021-16770-6,Chao Wang,2021,2024,3,Exact
A5100645122,Yan Li,doi:10.1155/2022/9604456,10.1155/2022/9604456,Yan Li,2022,2023,1,Exact
A5100645927,Hao Chen,doi:10.1186/s13045-022-01338-9,10.1186/s13045-022-01338-9,Hao Chen,2022,2023,1,Exact
A5100646609,Jing Li,doi:10.1155/2021/6713062,10.1155/2021/6713062,Jing Li,2021,2023,2,Exact
A5100647065,Lei Liu,doi:10.1016/j.bbr.2021.113540,10.1016/j.bbr.2021.113540,Lei Liu,2021,2022,1,Exact
A5100647967,Lei Wang,doi:10.1109/icebeg.2011.5882026,10.1109/icebeg.2011.5882026,Lei Wang,2011,2011,0,Exact
A5100648406,Tao Zhang,doi:10.1109/icbbe.2011.5781099,10.1109/icbbe.2011.5781099,Tao Zhang,2011,2011,0,Exact
A5100648406,Tao Zhang,doi:10.1088/1742-6596/2066/1/012096,10.1088/1742-6596/2066/1/012096,Tao Zhang,2021,2022,1,Exact
A5100648727,Jie Li,doi:10.1155/2022/1794288,10.1155/2022/1794288,Jie Li,2022,2023,1,Exact
A5100649033,Min Li,doi:10.1177/1470320311417274,10.1177/1470320311417274,Min Li,2011,2012,1,Exact
A5100649046,Bo Zhang,doi:10.1016/j.jssc.2021.122223,10.1016/j.jssc.2021.122223,Bo Zhang,2021,2021,0,Exact
A5100649203,Wei Li,doi:10.1155/2021/6968194,10.1155/2021/6968194,Wei Li,2021,2023,2,Exact
A5100649565,Rui Wang,doi:10.1109/aimsec.2011.6009658,10.1109/aimsec.2011.6009658,Rui Wang,2011,2011,0,Exact
A5100649565,Rui Wang,doi:10.3233/jifs-191495,10.3233/jifs-191495,Rui Wang,2020,2025,5,Exact
A5100649898,Peng Li,doi:10.1155/2021/6697597,10.1155/2021/6697597,Peng Li,2021,2024,3,Exact
A5100650047,Jun Chen,doi:10.1016/j.neulet.2020.135223,10.1016/j.neulet.2020.135223,Jun Chen,2020,2020,0,Exact
A5100650122,Wei Liu,doi:10.1109/icbbe.2011.5781262,10.1109/icbbe.2011.5781262,Wei Liu,2011,2011,0,Exact
A5100650306,Zhang Jun,doi:10.1002/fsn3.1561,10.1002/fsn3.1561,Jun Zhang,2020,2021,1,Exact
A5100650704,Xi Chen,doi:10.1155/2015/426429,10.1155/2015/426429,Xi Chen,2015,2022,7,Exact
A5100650728,Gang Li,doi:10.1109/icbbe.2011.5781379,10.1109/icbbe.2011.5781379,Gang Li,2011,2011,0,Exact
A5100650932,Xin Li,doi:10.1155/2021/9992239,10.1155/2021/9992239,Xin Li,2021,2023,2,Exact
A5100651229,Yu Zhang,doi:10.1007/s11033-014-3267-6,10.1007/s11033-014-3267-6,Yu Zhang,2014,2015,1,Exact
A5100651242,Jing Wang,doi:10.1155/2022/8315511,10.1155/2022/8315511,Jing Wang,2022,2023,1,Exact
A5100651434,Jian Zhang,doi:10.1109/icicci.2010.134,10.1109/icicci.2010.134,Jian Zhang,2010,2010,0,Exact
A5100652050,Yan Wang,doi:10.3233/jifs-189355,10.3233/jifs-189355,Yan Wang,2020,2025,5,Exact
A5100652122,Ying Zhang,doi:10.1109/iccsit.2010.5563887,10.1109/iccsit.2010.5563887,Ying Zhang,2010,2010,0,Exact
A5100652124,Ying Zhang,doi:10.1016/j.fsi.2019.08.028,10.1016/j.fsi.2019.08.028,Ying Zhang,2019,2020,1,Exact
A5100652493,Wei Wang,doi:10.1155/2022/8099684,10.1155/2022/8099684,Wei Wang,2022,2023,1,Exact
A5100652493,Wei Wang,doi:10.3892/mmr.2015.4721,10.3892/mmr.2015.4721,Wei Wang,2015,2023,8,Exact
A5100652493,Wei Wang,doi:10.1155/2022/2048095,10.1155/2022/2048095,Wei Wang,2022,2024,2,Exact
A5100653025,Li Yan,doi:10.1186/s12935-019-0879-x,10.1186/s12935-019-0879-x,Yan Li,2019,2022,3,Exact
A5100653025,Li Yan,doi:10.1186/s13046-018-0845-9,10.1186/s13046-018-0845-9,Yan Li,2018,2023,5,Exact
A5100653072,Yu Wang,doi:10.1155/2021/2989974,10.1155/2021/2989974,Yu Wang,2021,2023,2,Exact
A5100653142,Tao Wang,doi:10.1109/icbbe.2011.5780977,10.1109/icbbe.2011.5780977,Tao Wang,2011,2011,0,Exact
A5100653154,Hao Wang,doi:10.1002/jcb.28985,10.1002/jcb.28985,Hao Wang,2019,2021,2,Exact
A5100653327,Wei Zhang,doi:10.1109/paccs.2011.5990329,10.1109/paccs.2011.5990329,Wei Zhang,2011,2011,0,Exact
A5100653917,Feng Li,doi:10.2147/ott.s233256,10.2147/ott.s233256,Feng Li,2020,2021,1,Exact
A5100653920,Feng Li,doi:10.1155/2021/1486089,10.1155/2021/1486089,Feng Li,2021,2023,2,Exact
A5100654694,Wei Wang,doi:10.1109/fitme.2010.5655679,10.1109/fitme.2010.5655679,Wei Wang,2010,2010,0,Exact
A5100654977,Hui Li,doi:10.1145/3465631.3465818,10.1145/3465631.3465818,Hui Li,2021,2022,1,Exact
A5100654977,Hui Li,doi:10.1155/2022/9350841,10.1155/2022/9350841,Hui Li,2022,2023,1,Exact
A5100655593,Ping Li,doi:10.1042/bsr20180369,10.1042/bsr20180369,Ping Li,2019,2023,4,Exact
A5100655593,Ping Li,doi:10.3892/mmr.2016.4877,10.3892/mmr.2016.4877,Ping Li,2016,2023,7,Exact
A5100656241,Jie Li,doi:10.1155/2022/6229462,10.1155/2022/6229462,Jie Li,2022,2024,2,Exact
A5100656258,Hui Li,doi:10.1038/s41467-019-13388-8,10.1038/s41467-019-13388-8,Hui Li,2019,2022,3,Exact
A5100656514,Dong‐Mei Wu,doi:10.1016/j.lfs.2017.09.022,10.1016/j.lfs.2017.09.022,Dong Mei Wu,2017,2022,5,Exact
A5100656514,Dong‐Mei Wu,doi:10.18632/oncotarget.22151,10.18632/oncotarget.22151,Dong Mei Wu,2017,2022,5,Exact
A5100656515,Dong‐Mei Wu,doi:10.1042/bsr20170803,10.1042/bsr20170803,Dong Mei Wu,2017,2021,4,Exact
A5100656515,Dong‐Mei Wu,doi:10.1042/bsr20170915,10.1042/bsr20170915,Dong Mei Wu,2017,2022,5,Exact
A5100656515,Dong‐Mei Wu,doi:10.1016/j.biopha.2017.08.125,10.1016/j.biopha.2017.08.125,Dong Mei Wu,2017,2023,6,Exact
A5100656515,Dong‐Mei Wu,doi:10.1186/s10020-018-0020-y,10.1186/s10020-018-0020-y,Dong Mei Wu,2018,2023,5,Exact
A5100656516,Dong‐Mei Wu,doi:10.1159/000489365,10.1159/000489365,Dong Mei Wu,2018,2021,3,Exact
A5100656516,Dong‐Mei Wu,doi:10.1159/000492279,10.1159/000492279,Dong Mei Wu,2018,2021,3,Exact
A5100656516,Dong‐Mei Wu,doi:10.1159/000495649,10.1159/000495649,Dong Mei Wu,2018,2021,3,Exact
A5100656516,Dong‐Mei Wu,doi:10.1186/s13046-019-1239-3,10.1186/s13046-019-1239-3,Dong Mei Wu,2019,2022,3,Exact
A5100656516,Dong‐Mei Wu,doi:10.21037/jtd.2017.12.104,10.21037/jtd.2017.12.104,Dong Mei Wu,2018,2022,4,Exact
A5100656519,Dongmei Wu,doi:10.1152/ajpcell.00090.2018,10.1152/ajpcell.00090.2018,Dong Mei Wu,2019,2021,2,Exact
A5100656520,Dongmei Wu,doi:10.1042/bsr20170711,10.1042/bsr20170711,Dong Mei Wu,2017,2021,4,Exact
A5100656520,Dongmei Wu,doi:10.1016/j.lfs.2018.02.016,10.1016/j.lfs.2018.02.016,Dong Mei Wu,2018,2022,4,Exact
A5100656520,Dongmei Wu,doi:10.1016/j.omtn.2019.02.022,10.1016/j.omtn.2019.02.022,Dong Mei Wu,2019,2022,3,Exact
A5100656520,Dongmei Wu,doi:10.3233/cbm-170809,10.3233/cbm-170809,Dong Mei Wu,2018,2022,4,Exact
A5100656521,Dongmei Wu,doi:10.1177/1533034618756784,10.1177/1533034618756784,Dong Mei Wu,2018,2022,4,Exact
A5100656521,Dongmei Wu,doi:10.1016/j.biopha.2017.11.079,10.1016/j.biopha.2017.11.079,Dong Mei Wu,2017,2023,6,Exact
A5100656671,Rui Zhang,doi:10.1161/circ.140.suppl_2.03,10.1161/circ.140.suppl_2.03,Rui Zhang,2019,2021,2,Exact
A5100657020,Yan Wang,doi:10.1007/s13205-020-02433-9,10.1007/s13205-020-02433-9,Yan Wang,2020,2022,2,Exact
A5100657770,Min Li,doi:10.1007/s10586-018-2075-5,10.1007/s10586-018-2075-5,Min Li,2018,2022,4,Exact
A5100658032,Lin Zhang,doi:10.1371/journal.pone.0068747,10.1371/journal.pone.0068747,Lin Zhang,2013,2025,12,Exact
A5100658729,Hui Li,doi:10.1155/2022/3502041,10.1155/2022/3502041,Hui Li,2022,2023,1,Exact
A5100658983,Lei Li,doi:10.1042/bsr20194496,10.1042/bsr20194496,Lei Li,2020,2021,1,Exact
A5100659048,Jing Chen,doi:10.1109/esiat.2010.5568721,10.1109/esiat.2010.5568721,Jing Chen,2010,2010,0,Exact
A5100659048,Jing Chen,doi:10.1149/1945-7111/abb27c,10.1149/1945-7111/abb27c,Jing Chen,2020,2025,5,Exact
A5100659187,Lei Zhang,doi:10.1186/s12896-017-0409-7,10.1186/s12896-017-0409-7,Lei Zhang,2018,2020,2,Exact
A5100659190,Lei Zhang,doi:10.1186/s12967-018-1383-0,10.1186/s12967-018-1383-0,Lei Zhang,2018,2024,6,Exact
A5100659191,Lei Zhang,doi:10.3389/fphar.2020.572616,10.3389/fphar.2020.572616,Lei Zhang,2020,2026,6,Exact
A5100659269,Yang Zhang,doi:10.1155/2021/4254791,10.1155/2021/4254791,Yang Zhang,2021,2023,2,Exact
A5100659786,Yang Wang,doi:10.1002/jcb.26273,10.1002/jcb.26273,Yang Wang,2017,2021,4,Exact
A5100659786,Yang Wang,doi:10.1159/000487178,10.1159/000487178,Yang Wang,2018,2021,3,Exact
A5100659787,Yang Wang,doi:10.1016/j.omtn.2019.06.005,10.1016/j.omtn.2019.06.005,Yang Wang,2019,2022,3,Exact
A5100659803,Feng Li,doi:10.2147/ijn.s157805,10.2147/ijn.s157805,Feng Li,2018,2023,5,Exact
A5100659803,Feng Li,doi:10.1186/s13046-024-03113-9,10.1186/s13046-024-03113-9,Feng Li,2024,2025,1,Exact
A5100659919,Jie Chen,doi:10.1042/bsr20150258,10.1042/bsr20150258,Jie Chen,2016,2023,7,Exact
A5100659921,Jie Chen,doi:10.3727/096504016x14685034103194,10.3727/096504016x14685034103194,Jie Chen,2016,2020,4,Exact
A5100660575,Jie Liu,doi:10.1109/qr2mse.2013.6625996,10.1109/qr2mse.2013.6625996,Jie Liu,2013,2013,0,Exact
A5100660612,Fang Liu,doi:10.1155/2021/3926822,10.1155/2021/3926822,Fang Liu,2021,2023,2,Exact
A5100661252,Xin Li,doi:10.1109/paccs.2011.5990339,10.1109/paccs.2011.5990339,Xin Li,2011,2011,0,Exact
A5100661844,Tao Liu,doi:10.1186/s13660-017-1357-4,10.1186/s13660-017-1357-4,Tao Liu,2017,2020,3,Exact
A5100661902,Yi Zhang,doi:10.1016/j.psep.2024.07.004,10.1016/j.psep.2024.07.004,Yi Zhang,2024,2024,0,Exact
A5100661902,Yi Zhang,doi:10.3233/jifs-179117,10.3233/jifs-179117,Yi Zhang,2019,2025,6,Exact
A5100661905,Yi Zhang,doi:10.1109/appeec.2010.5449158,10.1109/appeec.2010.5449158,Yi Zhang,2010,2010,0,Exact
A5100662033,Jing Wang,doi:10.1177/0020720919897561,10.1177/0020720919897561,Jing Wang,2020,2023,3,Exact
A5100662048,Jing Zhang,doi:10.1155/2021/9268660,10.1155/2021/9268660,Jing Zhang,2021,2023,2,Exact
A5100662051,Jing Zhang,doi:10.1109/icebeg.2011.5887168,10.1109/icebeg.2011.5887168,Jing Zhang,2011,2011,0,Exact
A5100662539,Yang Wang,doi:10.1016/j.chemosphere.2022.135774,10.1016/j.chemosphere.2022.135774,Yang Wang,2022,2025,3,Exact
A5100662545,Yan Li,doi:10.1039/c9ra02817j,10.1039/c9ra02817j,Yan Li,2019,2021,2,Exact
A5100662545,Yan Li,doi:10.1159/000492686,10.1159/000492686,Yan Li,2018,2022,4,Exact
A5100662583,Ming Li,doi:10.1155/2022/2682921,10.1155/2022/2682921,Ming Li,2022,2023,1,Exact
A5100662642,Jie Zhang,doi:10.1109/icbbe.2011.5781166,10.1109/icbbe.2011.5781166,Jie Zhang,2011,2011,0,Exact
A5100663071,Wei Zhang,doi:10.1155/2022/3570475,10.1155/2022/3570475,Wei Zhang,2022,2024,2,Exact
A5100663265,Hui Zhang,doi:10.1155/2022/4733329,10.1155/2022/4733329,Hui Zhang,2022,2023,1,Exact
A5100663269,Hui Zhang,doi:10.1109/icbbe.2011.5781549,10.1109/icbbe.2011.5781549,Hui Zhang,2011,2011,0,Exact
A5100663269,Hui Zhang,doi:10.1145/3465631.3465656,10.1145/3465631.3465656,Hui Zhang,2021,2022,1,Exact
A5100663398,Wei Liu,doi:10.1080/02640414.2013.805885,10.1080/02640414.2013.805885,Wei Liu,2014,2017,3,Exact
A5100663398,Wei Liu,doi:10.3892/or.2015.3734,10.3892/or.2015.3734,Wei Liu,2015,2021,6,Exact
A5100663497,Jun Li,doi:10.1016/j.healun.2009.09.019,10.1016/j.healun.2009.09.019,Jun Li,2010,2014,4,Exact
A5100663508,Yan Liu,doi:10.1007/s10479-021-04383-8,10.1007/s10479-021-04383-8,Yan Liu,2022,2023,1,Exact
A5100663664,Wei Li,doi:10.1155/2022/1848849,10.1155/2022/1848849,Wei Li,2022,2023,1,Exact
A5100663664,Wei Li,doi:10.1155/2022/6280265,10.1155/2022/6280265,Wei Li,2022,2023,1,Exact
A5100663666,Li Wei,doi:10.1177/14727978251372258,10.1177/14727978251372258,Wei Li,2025,2025,0,Exact
A5100663910,Hui Zhang,doi:10.1186/2049-1891-3-26,10.1186/2049-1891-3-26,Hui Zhang,2012,2013,1,Exact
A5100664424,Jiantao Li,doi:10.1117/12.836811,10.1117/12.836811,Jian Li,2009,2015,6,Exact
A5100664579,Ping Zhang,doi:10.3233/jifs-231146,10.3233/jifs-231146,Ping Zhang,2023,2025,2,Exact
A5100664640,Gang Li,doi:10.1190/segam2017-17444216.1,10.1190/segam2017-17444216.1,Gang Li,2017,2017,0,Exact
A5100664640,Gang Li,doi:10.1016/j.heliyon.2024.e30676,10.1016/j.heliyon.2024.e30676,Gang Li,2024,2025,1,Exact
A5100664762,Wei Chen,doi:10.1155/2021/1336762,10.1155/2021/1336762,Wei Chen,2021,2023,2,Exact
A5100664884,Lei Zhang,doi:10.1109/icbbe.2011.5780814,10.1109/icbbe.2011.5780814,Lei Zhang,2011,2011,0,Exact
A5100664920,Wei Zhang,doi:10.1042/bsr20180562,10.1042/bsr20180562,Wei Zhang,2018,2021,3,Exact
A5100664921,Wei Zhang,doi:10.1007/s13277-013-1598-x,10.1007/s13277-013-1598-x,Wei Zhang,2014,2017,3,Exact
A5100664990,Wei Wang,doi:10.1109/icnc.2011.6022142,10.1109/icnc.2011.6022142,Wei Wang,2011,2011,0,Exact
A5100665448,Bin Wang,doi:10.1039/c9ra04380b,10.1039/c9ra04380b,Bin Wang,2019,2021,2,Exact
A5100665448,Bin Wang,doi:10.1371/journal.pone.0164105,10.1371/journal.pone.0164105,Bin Wang,2016,2022,6,Exact
A5100665448,Bin Wang,doi:10.1371/journal.pone.0060369,10.1371/journal.pone.0060369,Bin Wang,2013,2023,10,Exact
A5100665534,Lei Wang,doi:10.1088/1742-6596/1648/2/022135,10.1088/1742-6596/1648/2/022135,Lei Wang,2020,2022,2,Exact
A5100665918,Yan Li,doi:10.1109/icebeg.2011.5881944,10.1109/icebeg.2011.5881944,Yan Li,2011,2011,0,Exact
A5100665918,Yan Li,doi:10.5772/58442,10.5772/58442,Yan Li,2014,2015,1,Exact
A5100666580,Juan Li,doi:10.1109/iceceng.2011.6057280,10.1109/iceceng.2011.6057280,Juan Li,2011,2011,0,Exact
A5100666583,Juan Li,doi:10.1109/iciecs.2010.5678427,10.1109/iciecs.2010.5678427,Juan Li,2010,2010,0,Exact
A5100667354,Tao Liu,doi:10.1155/2021/3908677,10.1155/2021/3908677,Tao Liu,2021,2023,2,Exact
A5100667768,Tao Liu,doi:10.1007/s12063-021-00242-8,10.1007/s12063-021-00242-8,Tao Liu,2022,2024,2,Exact
A5100667879,Jin Wang,doi:10.3892/mmr.2017.7195,10.3892/mmr.2017.7195,Jin Wang,2017,2022,5,Exact
A5100668329,Yang Li,doi:10.1371/journal.pgen.1009415,10.1371/journal.pgen.1009415,Yang Li,2021,2021,0,Exact
A5100668542,Yang Wang,doi:10.1107/s2059798317015303,10.1107/s2059798317015303,Yang Wang,2017,2018,1,Exact
A5100669407,Bo Zhang,doi:10.1002/jcb.26514,10.1002/jcb.26514,Bo Zhang,2018,2021,3,Exact
A5100670187,Xin Zhang,doi:10.1177/0020720921996610,10.1177/0020720921996610,Xin Zhang,2021,2023,2,Exact
A5100670746,Wei Zhang,doi:10.1109/iis.2009.103,10.1109/iis.2009.103,Wei Zhang,2009,2009,0,Exact
A5100671514,Yan Li,doi:10.1007/s13277-013-1107-2,10.1007/s13277-013-1107-2,Yan Li,2013,2017,4,Exact
A5100671570,Min Zhang,doi:10.1186/s12879-020-05630-2,10.1186/s12879-020-05630-2,Min Zhang,2020,2023,3,Exact
A5100671580,Min Zhang,doi:10.1097/tp.0b013e31816b67e4,10.1097/tp.0b013e31816b67e4,Min Zhang,2008,2019,11,Exact
A5100671580,Min Zhang,doi:10.1371/journal.pone.0025933,10.1371/journal.pone.0025933,Min Zhang,2011,2019,8,Exact
A5100671580,Min Zhang,doi:10.1371/journal.pone.0058738,10.1371/journal.pone.0058738,Min Zhang,2013,2019,6,Exact
A5100671580,Min Zhang,doi:10.1371/journal.pone.0085651,10.1371/journal.pone.0085651,Min Zhang,2014,2019,5,Exact
A5100671581,Min Zhang,doi:10.1371/journal.pone.0094426,10.1371/journal.pone.0094426,Min Zhang,2014,2019,5,Exact
A5100671581,Min Zhang,doi:10.1371/journal.pone.0137881,10.1371/journal.pone.0137881,Min Zhang,2015,2019,4,Exact
A5100671582,Min Zhang,doi:10.1016/j.canlet.2013.10.022,10.1016/j.canlet.2013.10.022,Min Zhang,2013,2017,4,Exact
A5100672023,Hui Zhang,doi:10.3233/jifs-182639,10.3233/jifs-182639,Hui Zhang,2019,2025,6,Exact
A5100672023,Hui Zhang,doi:10.3233/jifs-18773,10.3233/jifs-18773,Hui Zhang,2018,2025,7,Exact
A5100672023,Hui Zhang,doi:10.3233/jifs-201533,10.3233/jifs-201533,Hui Zhang,2021,2025,4,Exact
A5100672024,Hui Zhang,doi:10.1155/2015/184751,10.1155/2015/184751,Hui Zhang,2015,2018,3,Exact
A5100673270,Yu Liu,doi:10.1109/qr2mse.2013.6625540,10.1109/qr2mse.2013.6625540,Yu Liu,2013,2013,0,Exact
A5100673610,Lei Zhang,doi:10.1109/icscse.2018.00194,10.1109/icscse.2018.00194,Lei Zhang,2018,2021,3,Exact
A5100673613,Lei Zhang,doi:10.1016/j.energy.2021.122615,10.1016/j.energy.2021.122615,Lei Zhang,2021,2025,4,Exact
A5100673842,Bin Zhang,doi:10.1155/2020/6637692,10.1155/2020/6637692,Bin Zhang,2020,2024,4,Exact
A5100674295,Ying Zhang,doi:10.1002/jcb.28916,10.1002/jcb.28916,Ying Zhang,2019,2022,3,Exact
A5100674304,Ying Zhang,doi:10.3389/fnins.2020.589650,10.3389/fnins.2020.589650,Ying Zhang,2021,2025,4,Exact
A5100674305,Ying Zhang,doi:10.1155/2015/430185,10.1155/2015/430185,Ying Zhang,2015,2019,4,Exact
A5100674472,Feng Li,doi:10.1155/2022/8430276,10.1155/2022/8430276,Feng Li,2022,2023,1,Exact
A5100674651,Jun Liu,doi:10.3233/jifs-179506,10.3233/jifs-179506,Jun Liu,2019,2025,6,Exact
A5100675481,Rui Zhang,doi:10.1038/s41392-019-0082-5,10.1038/s41392-019-0082-5,Rui Zhang,2019,2023,4,Exact
A5100675481,Rui Zhang,doi:10.1021/acs.inorgchem.5c00134,10.1021/acs.inorgchem.5c00134,Rui Zhang,2025,2025,0,Exact
A5100675611,Weijian Li,doi:10.1002/adma.200602804,10.1002/adma.200602804,Wei Li,2007,2007,0,Initial
A5100676060,Yang Liu,doi:10.1139/bcb-2016-0237,10.1139/bcb-2016-0237,Yang Liu,2017,2023,6,Exact
A5100676213,Bo Li,doi:10.1186/s12943-016-0540-4,10.1186/s12943-016-0540-4,Bo Li,2016,2023,7,Exact
A5100676379,Gang Wang,doi:10.1039/c2cy00502f,10.1039/c2cy00502f,Gang Wang,2012,2021,9,Exact
A5100677390,Jun Liu,doi:10.1016/j.geoderma.2021.115650,10.1016/j.geoderma.2021.115650,Jun Liu,2021,2022,1,Exact
A5100677514,Hui Li,doi:10.1155/2021/5114802,10.1155/2021/5114802,Hui Li,2021,2024,3,Exact
A5100677514,Hui Li,doi:10.1007/s00500-023-09449-2,10.1007/s00500-023-09449-2,Hui Li,2023,2026,3,Exact
A5100677736,Yan Li,doi:10.1155/2022/9288476,10.1155/2022/9288476,Yan Li,2022,2023,1,Exact
A5100678224,Jun Liu,doi:10.1109/peam.2011.6135051,10.1109/peam.2011.6135051,Jun Liu,2011,2012,1,Exact
A5100678225,Jun Liu,doi:10.1109/icnc.2011.6022335,10.1109/icnc.2011.6022335,Jun Liu,2011,2011,0,Exact
A5100678679,Hui Wang,doi:10.1109/aimsec.2011.6011318,10.1109/aimsec.2011.6011318,Hui Wang,2011,2011,0,Exact
A5100678679,Hui Wang,doi:10.1109/icnc.2011.6022556,10.1109/icnc.2011.6022556,Hui Wang,2011,2011,0,Exact
A5100679018,Yang Liu,doi:10.1186/s13287-020-02101-y,10.1186/s13287-020-02101-y,Yang Liu,2021,2022,1,Exact
A5100679241,Jie Li,doi:10.1007/s42423-019-00036-y,10.1007/s42423-019-00036-y,Jie Li,2019,2019,0,Exact
A5100679241,Jie Li,doi:10.4028/www.scientific.net/amm.668-669.1403,10.4028/www.scientific.net/amm.668-669.1403,Jie Li,2014,2021,7,Exact
A5100679241,Jie Li,doi:10.1088/1742-6596/1856/1/012030,10.1088/1742-6596/1856/1/012030,Jie Li,2021,2022,1,Exact
A5100679836,Tao Liu,doi:10.1186/s13018-018-0742-0,10.1186/s13018-018-0742-0,Tao Liu,2018,2018,0,Exact
A5100680426,Jian Zhang,doi:10.1364/jot.85.000437,10.1364/jot.85.000437,Jian Zhang,2018,2018,0,Exact
A5100680432,Jian Zhang,doi:10.1155/2021/6667046,10.1155/2021/6667046,Jian Zhang,2021,2023,2,Exact
A5100680432,Jian Zhang,doi:10.3892/ol.2021.12544,10.3892/ol.2021.12544,Jian Zhang,2021,2023,2,Exact
A5100680659,Jing Zhang,doi:10.1007/s12517-021-07936-0,10.1007/s12517-021-07936-0,Jing Zhang,2021,2021,0,Exact
A5100681652,Jing Wang,doi:10.1109/icebeg.2011.5881504,10.1109/icebeg.2011.5881504,Jing Wang,2011,2011,0,Exact
A5100681666,Hui Zhang,doi:10.1109/iceceng.2011.6056988,10.1109/iceceng.2011.6056988,Hui Zhang,2011,2011,0,Exact
A5100681768,Yan Li,doi:10.1159/000481871,10.1159/000481871,Yan Li,2017,2021,4,Exact
A5100682321,Yang Liu,doi:10.1186/2047-783x-18-29,10.1186/2047-783x-18-29,Yang Liu,2013,2015,2,Exact
A5100682321,Yang Liu,doi:10.1371/journal.pone.0115300,10.1371/journal.pone.0115300,Yang Liu,2014,2022,8,Exact
A5100682444,Jie Liu,doi:10.1088/1742-6596/1852/3/032028,10.1088/1742-6596/1852/3/032028,Jie Liu,2020,2022,2,Exact
A5100682556,Qian Zhang,doi:10.21037/jtd.2018.11.37,10.21037/jtd.2018.11.37,Qian Zhang,2018,2021,3,Exact
A5100682902,Jun Wang,doi:10.2298/csis1001163d,10.2298/csis1001163d,Jun Wang,2010,2010,0,Exact
A5100683583,Wei Li,doi:10.1117/12.836793,10.1117/12.836793,Wei Li,2009,2015,6,Exact
A5100683594,Tao Zhang,doi:10.1155/2021/1765404,10.1155/2021/1765404,Tao Zhang,2021,2023,2,Exact
A5100683792,Yong Wang,doi:10.1155/2023/2843979,10.1155/2023/2843979,Yong Wang,2023,2023,0,Exact
A5100684023,Jie Li,doi:10.1039/c3ta12767b,10.1039/c3ta12767b,Jie Li,2013,2021,8,Exact
A5100684101,Wei Zhang,doi:10.1016/j.urology.2014.06.015,10.1016/j.urology.2014.06.015,Wei Zhang,2014,2016,2,Exact
A5100684101,Wei Zhang,doi:10.1042/bsr20190787,10.1042/bsr20190787,Wei Zhang,2019,2021,2,Exact
A5100684101,Wei Zhang,doi:10.1016/j.biopha.2019.108862,10.1016/j.biopha.2019.108862,Wei Zhang,2019,2024,5,Exact
A5100684101,Wei Zhang,doi:10.1155/2021/1971048,10.1155/2021/1971048,Wei Zhang,2021,2024,3,Exact
A5100684105,Wei Zhang,doi:10.1155/2022/8013787,10.1155/2022/8013787,Wei Zhang,2022,2023,1,Exact
A5100685148,Wei Zhang,doi:10.1155/2021/7890658,10.1155/2021/7890658,Wei Zhang,2021,2024,3,Exact
A5100685294,Lin Wang,doi:10.1080/15384101.2020.1809259,10.1080/15384101.2020.1809259,Lin Wang,2020,2023,3,Exact
A5100685327,Yan Li,doi:10.1016/j.biopha.2018.01.148,10.1016/j.biopha.2018.01.148,Yan Li,2018,2024,6,Exact
A5100685327,Yan Li,doi:10.1080/15384101.2021.1983280,10.1080/15384101.2021.1983280,Yan Li,2021,2024,3,Exact
A5100685454,Wei Zhang,doi:10.1155/2022/6133142,10.1155/2022/6133142,Wei Zhang,2022,2023,1,Exact
A5100685813,Hui Zhang,doi:10.1111/iwj.14665,10.1111/iwj.14665,Hui Zhang,2024,2025,1,Exact
A5100685860,Nan Li,doi:10.1109/fitme.2010.5656294,10.1109/fitme.2010.5656294,Nan Li,2010,2010,0,Exact
A5100685953,Wei Li,doi:10.1021/acs.jced.8b00918,10.1021/acs.jced.8b00918,Wei Li,2019,2019,0,Exact
A5100686093,Jun Wang,doi:10.1155/2022/9168441,10.1155/2022/9168441,Jun Wang,2022,2024,2,Exact
A5100686100,Jun Wang,doi:10.1080/21691401.2019.1648282,10.1080/21691401.2019.1648282,Jun Wang,2019,2022,3,Exact
A5100686366,Xin Zhang,doi:10.1038/s41598-023-35659-7,10.1038/s41598-023-35659-7,Xin Zhang,2023,2024,1,Exact
A5100686671,Jian Wang,doi:10.1109/paccs.2011.5990350,10.1109/paccs.2011.5990350,Jian Wang,2011,2011,0,Exact
A5100686671,Jian Wang,doi:10.1088/1742-6596/1744/3/032162,10.1088/1742-6596/1744/3/032162,Jian Wang,2021,2022,1,Exact
A5100687082,Min Li,doi:10.1186/1746-1596-8-179,10.1186/1746-1596-8-179,Min Li,2013,2017,4,Exact
A5100687290,Jian Li,doi:10.1155/2021/1833979,10.1155/2021/1833979,Jian Li,2021,2023,2,Exact
A5100687713,Jing Liu,doi:10.1002/mgg3.1140,10.1002/mgg3.1140,Jing Liu,2020,2024,4,Exact
A5100687713,Jing Liu,doi:10.1080/21655979.2021.2005929,10.1080/21655979.2021.2005929,Jing Liu,2021,2024,3,Exact
A5100687913,Qiang Li,doi:10.1520/jte20220087,10.1520/jte20220087,Qiang Li,2023,2026,3,Exact
A5100688135,Jun Wang,doi:10.1109/appeec.2010.5449431,10.1109/appeec.2010.5449431,Jun Wang,2010,2010,0,Exact
A5100688193,Hao Wang,doi:10.1155/2022/9705144,10.1155/2022/9705144,Hao Wang,2022,2023,1,Exact
A5100688303,Yan Li,doi:10.1016/j.biortech.2011.03.093,10.1016/j.biortech.2011.03.093,Yan Li,2011,2014,3,Exact
A5100688318,Bo Li,doi:10.1109/iccsit.2010.5563955,10.1109/iccsit.2010.5563955,Bo Li,2010,2010,0,Exact
A5100688318,Bo Li,doi:10.1109/icbbe.2011.5780134,10.1109/icbbe.2011.5780134,Bo Li,2011,2011,0,Exact
A5100688594,Ming Li,doi:10.1109/iciecs.2010.5678132,10.1109/iciecs.2010.5678132,Ming Li,2010,2010,0,Exact
A5100688670,Gang Wang,doi:10.1002/jcc.21740,10.1002/jcc.21740,Gang Wang,2011,2012,1,Exact
A5100688680,Wei Zhang,doi:10.3389/fphys.2020.595760,10.3389/fphys.2020.595760,Wei Zhang,2021,2022,1,Exact
A5100688686,Wei Zhang,doi:10.2147/ott.s204004,10.2147/ott.s204004,Wei Zhang,2019,2021,2,Exact
A5100688686,Wei Zhang,doi:10.3892/mmr.2015.4393,10.3892/mmr.2015.4393,Wei Zhang,2015,2021,6,Exact
A5100688689,Wei Zhang,doi:10.1155/2021/6663948,10.1155/2021/6663948,Wei Zhang,2021,2023,2,Exact
A5100688707,Wei Zhao,doi:10.1097/md.0000000000006919,10.1097/md.0000000000006919,Wei Zhao,2017,2017,0,Exact
A5100688707,Wei Zhao,doi:10.1155/2022/7634509,10.1155/2022/7634509,Wei Zhao,2022,2023,1,Exact
A5100688853,Wei Wang,doi:10.1155/2022/2321511,10.1155/2022/2321511,Wei Wang,2022,2024,2,Exact
A5100688855,Wei Wang,doi:10.1155/2022/3776017,10.1155/2022/3776017,Wei Wang,2022,2023,1,Exact
A5100688958,Zhang Hui,doi:10.1109/icbbe.2011.5781548,10.1109/icbbe.2011.5781548,Hui Zhang,2011,2011,0,Exact
A5100689303,Yan Li,doi:10.1155/2023/5746940,10.1155/2023/5746940,Yan Li,2023,2023,0,Exact
A5100689605,Min Wang,doi:10.1007/s12517-021-07707-x,10.1007/s12517-021-07707-x,Min Wang,2021,2021,0,Exact
A5100689763,Wei Li,doi:10.1155/2021/2449128,10.1155/2021/2449128,Wei Li,2021,2023,2,Exact
A5100689770,Wei Li,doi:10.1088/1742-6596/1852/3/032026,10.1088/1742-6596/1852/3/032026,Wei Li,2021,2022,1,Exact
A5100689770,Wei Li,doi:10.1155/2021/1558360,10.1155/2021/1558360,Wei Li,2021,2023,2,Exact
A5100690398,Ping Zhang,doi:10.1042/bsr20192414,10.1042/bsr20192414,Ping Zhang,2019,2020,1,Exact
A5100690769,Wang Feng,doi:10.1016/j.cogsys.2018.06.012,10.1016/j.cogsys.2018.06.012,Feng Wang,2018,2023,5,Exact
A5100691319,Jun Li,doi:10.1520/jte20230077,10.1520/jte20230077,Jun Li,2024,2026,2,Exact
A5100691466,Ping Zhang,doi:10.1109/icbbe.2011.5780864,10.1109/icbbe.2011.5780864,Ping Zhang,2011,2011,0,Exact
A5100691473,Ping Zhang,doi:10.1155/2022/7520510,10.1155/2022/7520510,Ping Zhang,2022,2023,1,Exact
A5100692029,Wei Wang,doi:10.1016/j.wneu.2017.11.013,10.1016/j.wneu.2017.11.013,Wei Wang,2017,2017,0,Exact
A5100692440,Feng Wang,doi:10.1109/iccsit.2010.5565174,10.1109/iccsit.2010.5565174,Feng Wang,2010,2010,0,Exact
A5100692555,Wei Li,doi:10.1155/2020/1039312,10.1155/2020/1039312,Wei Li,2020,2024,4,Exact
A5100693170,Hui Li,doi:10.3233/mgc-180740,10.3233/mgc-180740,Hui Li,2019,2022,3,Exact
A5100693303,Jing Wang,doi:10.1016/j.febslet.2013.03.006,10.1016/j.febslet.2013.03.006,Jing Wang,2013,2022,9,Exact
A5100693703,Yang Liu,doi:10.1016/j.biopha.2018.06.071,10.1016/j.biopha.2018.06.071,Yang Liu,2018,2024,6,Exact
A5100694048,Wang Qi,doi:10.1109/paccs.2011.5990121,10.1109/paccs.2011.5990121,Qi Wang,2011,2011,0,Exact
A5100694048,Wang Qi,doi:10.1109/paccs.2011.5990338,10.1109/paccs.2011.5990338,Qi Wang,2011,2011,0,Exact
A5100694290,Lei Wang,doi:10.1155/2022/4792988,10.1155/2022/4792988,Lei Wang,2022,2023,1,Exact
A5100694293,Wei Zhang,doi:10.1109/icbbe.2011.5780966,10.1109/icbbe.2011.5780966,Wei Zhang,2011,2011,0,Exact
A5100695272,Yan Li,doi:10.1371/journal.pone.0066275,10.1371/journal.pone.0066275,Yan Li,2013,2020,7,Exact
A5100695272,Yan Li,doi:10.1002/cbf.3564,10.1002/cbf.3564,Yan Li,2020,2021,1,Exact
A5100695272,Yan Li,doi:10.1002/jcb.28149,10.1002/jcb.28149,Yan Li,2018,2022,4,Exact
A5100695272,Yan Li,doi:10.3389/fcell.2020.621509,10.3389/fcell.2020.621509,Yan Li,2021,2026,5,Exact
A5100695629,Jing Wang,doi:10.1155/2022/6563193,10.1155/2022/6563193,Jing Wang,2022,2024,2,Exact
A5100695670,Yang Li,doi:10.1155/2021/4728814,10.1155/2021/4728814,Yang Li,2021,2023,2,Exact
A5100696289,Bo Li,doi:10.1016/j.actbio.2012.06.021,10.1016/j.actbio.2012.06.021,Bo Li,2012,2013,1,Exact
A5100696824,Jian Wang,doi:10.1109/qr2mse.2013.6625730,10.1109/qr2mse.2013.6625730,Jian Wang,2013,2013,0,Exact
A5100696828,Jian Wang,doi:10.1007/s10586-018-2207-y,10.1007/s10586-018-2207-y,Jian Wang,2018,2022,4,Exact
A5100696862,Jun Li,doi:10.1007/s11042-017-4364-z,10.1007/s11042-017-4364-z,Jun Li,2017,2022,5,Exact
A5100697102,Wei Li,doi:10.1016/j.apm.2020.03.026,10.1016/j.apm.2020.03.026,Wei Li,2020,2021,1,Exact
A5100697144,Jie Zhang,doi:10.1109/aimsec.2011.6009636,10.1109/aimsec.2011.6009636,Jie Zhang,2011,2011,0,Exact
A5100697693,Jing Yang,doi:10.2147/ott.s246274,10.2147/ott.s246274,Jing Yang,2020,2022,2,Exact
A5100697861,Wei Wang,doi:10.1109/iccsit.2010.5563701,10.1109/iccsit.2010.5563701,Wei Wang,2010,2010,0,Exact
A5100699718,Jing Wang,doi:10.1016/j.jddst.2019.101360,10.1016/j.jddst.2019.101360,Jing Wang,2019,2020,1,Exact
A5100699829,Wei Zhang,doi:10.1038/s44160-022-00068-7,10.1038/s44160-022-00068-7,Wei Zhang,2022,2024,2,Exact
A5100699976,Jing Zhang,doi:10.1016/j.eng.2020.03.007,10.1016/j.eng.2020.03.007,Jing Zhang,2020,2020,0,Exact
A5100699977,Jing Zhang,doi:10.1155/2021/8371996,10.1155/2021/8371996,Jing Zhang,2021,2023,2,Exact
A5100699981,Jing Zhang,doi:10.1155/2022/7145415,10.1155/2022/7145415,Jing Zhang,2022,2023,1,Exact
A5100702595,Ling Wang,doi:10.1155/2022/7522664,10.1155/2022/7522664,Ling Wang,2022,2023,1,Exact
A5100703011,Xin Li,doi:10.1155/2021/3822450,10.1155/2021/3822450,Xin Li,2021,2023,2,Exact
A5100703074,Ping Wang,doi:10.1186/1472-6882-13-187,10.1186/1472-6882-13-187,Ping Wang,2013,2025,12,Exact
A5100703080,Hui Li,doi:10.3389/fonc.2020.01468,10.3389/fonc.2020.01468,Hui Li,2020,2021,1,Exact
A5100703128,Yong Wang,doi:10.1111/iwj.14318,10.1111/iwj.14318,Yong Wang,2023,2025,2,Exact
A5100703131,Yong Wang,doi:10.3892/mmr.2019.10776,10.3892/mmr.2019.10776,Yong Wang,2019,2025,6,Exact
A5100703373,Wei Zhang,doi:10.1109/icams.2010.5553273,10.1109/icams.2010.5553273,Wei Zhang,2010,2010,0,Exact
A5100703373,Wei Zhang,doi:10.1109/icbbe.2011.5780107,10.1109/icbbe.2011.5780107,Wei Zhang,2011,2011,0,Exact
A5100703493,Hui Zhang,doi:10.12659/msm.898574,10.12659/msm.898574,Hui Zhang,2016,2022,6,Exact
A5100703541,Wei Wang,doi:10.1155/2022/3802560,10.1155/2022/3802560,Wei Wang,2022,2022,0,Exact
A5100703836,Ling Wang,doi:10.1007/s13198-021-01266-w,10.1007/s13198-021-01266-w,Ling Wang,2021,2022,1,Exact
A5100703840,Ling Wang,doi:10.1155/2021/5475997,10.1155/2021/5475997,Ling Wang,2021,2023,2,Exact
A5100704177,Jin Zhang,doi:10.1109/icebeg.2011.5882126,10.1109/icebeg.2011.5882126,Jin Zhang,2011,2011,0,Exact
A5100704259,Xin Zhang,doi:10.1109/ett.2009.20,10.1109/ett.2009.20,Xin Zhang,2009,2010,1,Exact
A5100704992,Yang Wang,doi:10.1007/s11255-022-03185-6,10.1007/s11255-022-03185-6,Yang Wang,2022,2023,1,Exact
A5100705424,Jian Zhang,doi:10.1155/2022/7356508,10.1155/2022/7356508,Jian Zhang,2022,2023,1,Exact
A5100705783,Yu Wang,doi:10.1371/journal.pone.0071031,10.1371/journal.pone.0071031,Yu Wang,2013,2025,12,Exact
A5100706289,Jinli Zhang,doi:10.1109/icbbe.2011.5781018,10.1109/icbbe.2011.5781018,Jin Zhang,2011,2011,0,Exact
A5100706289,Jinli Zhang,doi:10.1109/icbbe.2011.5781100,10.1109/icbbe.2011.5781100,Jin Zhang,2011,2011,0,Exact
A5100706529,Rui Wang,doi:10.1088/1742-6596/1992/3/032050,10.1088/1742-6596/1992/3/032050,Rui Wang,2021,2022,1,Exact
A5100707081,Ying Wang,doi:10.1016/j.matlet.2007.11.071,10.1016/j.matlet.2007.11.071,Ying Wang,2007,2008,1,Exact
A5100707101,Yu Zhang,doi:10.3233/jifs-200113,10.3233/jifs-200113,Yu Zhang,2020,2025,5,Exact
A5100707577,Wang Jing,doi:10.1177/00207209211003210,10.1177/00207209211003210,Jing Wang,2021,2023,2,Exact
A5100707750,Yu Zhang,doi:10.1016/j.ast.2019.105338,10.1016/j.ast.2019.105338,Yu Zhang,2019,2019,0,Exact
A5100707955,Hui Li,doi:10.1155/2021/6649085,10.1155/2021/6649085,Hui Li,2021,2023,2,Exact
A5100708580,Yan Li,doi:10.2147/ott.s85383,10.2147/ott.s85383,Yan Li,2015,2017,2,Exact
A5100708580,Yan Li,doi:10.2147/ott.s245091,10.2147/ott.s245091,Yan Li,2020,2024,4,Exact
A5100708680,Yong Zhang,doi:10.1371/journal.pone.0090318,10.1371/journal.pone.0090318,Yong Zhang,2014,2016,2,Exact
A5100709844,Dan Wang,doi:10.1002/mgg3.1142,10.1002/mgg3.1142,Dan Wang,2020,2024,4,Exact
A5100710018,Ying Li,doi:10.1109/icbbe.2011.5781210,10.1109/icbbe.2011.5781210,Ying Li,2011,2011,0,Exact
A5100710202,Jing Zhang,doi:10.1007/s13205-019-1937-8,10.1007/s13205-019-1937-8,Jing Zhang,2019,2023,4,Exact
A5100710279,Jian Li,doi:10.4028/www.scientific.net/amm.513-517.4458,10.4028/www.scientific.net/amm.513-517.4458,Jian Li,2014,2014,0,Exact
A5100710279,Jian Li,doi:10.1155/2022/6040463,10.1155/2022/6040463,Jian Li,2022,2024,2,Exact
A5100710906,Wei Zhang,doi:10.18632/aging.103485,10.18632/aging.103485,Wei Zhang,2020,2020,0,Exact
A5100711101,Qiang Li,doi:10.1007/s00432-012-1267-2,10.1007/s00432-012-1267-2,Qiang Li,2012,2012,0,Exact
A5100711118,Qiang Li,doi:10.1109/ettandgrs.2008.41,10.1109/ettandgrs.2008.41,Qiang Li,2008,2009,1,Exact
A5100711316,Yan Li,doi:10.3892/mmr.2016.6059,10.3892/mmr.2016.6059,Yan Li,2016,2016,0,Exact
A5100711847,Chen Jie,doi:10.1177/0020720921996610,10.1177/0020720921996610,Jie Chen,2021,2023,2,Exact
A5100711850,Jie Chen,doi:10.1155/2021/4425449,10.1155/2021/4425449,Jie Chen,2021,2023,2,Exact
A5100712373,Yan Chen,doi:10.1016/j.jchemneu.2014.11.001,10.1016/j.jchemneu.2014.11.001,Yan Chen,2014,2016,2,Exact
A5100712374,Yan Chen,doi:10.1002/2211-5463.12869,10.1002/2211-5463.12869,Yan Chen,2020,2023,3,Exact
A5100712376,Yan Chen,doi:10.3892/mmr.2017.7273,10.3892/mmr.2017.7273,Yan Chen,2017,2022,5,Exact
A5100712376,Yan Chen,doi:10.1155/2022/9095614,10.1155/2022/9095614,Yan Chen,2022,2023,1,Exact
A5100712378,Yan Chen,doi:10.1016/j.lfs.2020.117425,10.1016/j.lfs.2020.117425,Yan Chen,2020,2024,4,Exact
A5100712514,Chao Wang,doi:10.1109/icebeg.2011.5882030,10.1109/icebeg.2011.5882030,Chao Wang,2011,2011,0,Exact
A5100713489,Min Li,doi:10.1155/2022/6192190,10.1155/2022/6192190,Min Li,2022,2023,1,Exact
A5100714117,Jian Wang,doi:10.1109/icicisys.2010.5658833,10.1109/icicisys.2010.5658833,Jian Wang,2010,2010,0,Exact
A5100714128,Jing Chen,doi:10.1152/ajpheart.00304.2020,10.1152/ajpheart.00304.2020,Jing Chen,2021,2021,0,Exact
A5100714128,Jing Chen,doi:10.1080/15384101.2020.1827189,10.1080/15384101.2020.1827189,Jing Chen,2020,2022,2,Exact
A5100714128,Jing Chen,doi:10.1042/bsr20203874,10.1042/bsr20203874,Jing Chen,2021,2024,3,Exact
A5100714129,Jing Chen,doi:10.1016/s1995-7645(13)60049-8,10.1016/s1995-7645(13)60049-8,Jing Chen,2013,2013,0,Exact
A5100714218,Qi Wang,doi:10.1016/j.virs.2025.04.002,10.1016/j.virs.2025.04.002,Qi Wang,2025,2025,0,Exact
A5100714578,Yang Wang,doi:10.12659/msm.903048,10.12659/msm.903048,Yang Wang,2017,2018,1,Exact
A5100715317,Yong Zhang,doi:10.1109/esiat.2010.5567444,10.1109/esiat.2010.5567444,Yong Zhang,2010,2010,0,Exact
A5100715317,Yong Zhang,doi:10.1155/2022/8974924,10.1155/2022/8974924,Yong Zhang,2022,2023,1,Exact
A5100715414,Hui Zhang,doi:10.1155/2021/4027900,10.1155/2021/4027900,Hui Zhang,2021,2023,2,Exact
A5100716051,Ying Zhang,doi:10.1155/2021/2864009,10.1155/2021/2864009,Ying Zhang,2021,2023,2,Exact
A5100716709,Dan Wang,doi:10.1007/s00439-017-1759-x,10.1007/s00439-017-1759-x,Dan Wang,2017,2021,4,Exact
A5100716770,Wei Li,doi:10.1155/2021/5545470,10.1155/2021/5545470,Wei Li,2021,2023,2,Exact
A5100716772,Wei Li,doi:10.1109/cicc-itoe.2010.36,10.1109/cicc-itoe.2010.36,Wei Li,2010,2010,0,Exact
A5100716777,Wei Li,doi:10.3233/jifs-223584,10.3233/jifs-223584,Wei Li,2024,2024,0,Exact
A5100716886,Ying Liu,doi:10.1080/24701556.2021.1897142,10.1080/24701556.2021.1897142,Ying Liu,2021,2024,3,Exact
A5100717825,Yi Wang,doi:10.1155/2021/5566001,10.1155/2021/5566001,Yi Wang,2021,2023,2,Exact
A5100717978,Jin Zhang,doi:10.1109/icnc.2011.6022514,10.1109/icnc.2011.6022514,Jin Zhang,2011,2011,0,Exact
A5100718284,Xi Chen,doi:10.1155/2021/1148954,10.1155/2021/1148954,Xi Chen,2021,2023,2,Exact
A5100718998,Wei Wang,doi:10.1109/icbbe.2011.5780851,10.1109/icbbe.2011.5780851,Wei Wang,2011,2011,0,Exact
A5100719016,Min Li,doi:10.1177/0020720920923305,10.1177/0020720920923305,Min Li,2020,2021,1,Exact
A5100719254,Wei Chen,doi:10.1007/s12665-014-3749-9,10.1007/s12665-014-3749-9,Wei Chen,2014,2015,1,Exact
A5100719328,Lei Zhang,doi:10.1109/qr2mse.2013.6625729,10.1109/qr2mse.2013.6625729,Lei Zhang,2013,2013,0,Exact
A5100719335,Jie Li,doi:10.1155/2020/8785047,10.1155/2020/8785047,Jie Li,2020,2023,3,Exact
A5100719335,Jie Li,doi:10.1155/2021/1082834,10.1155/2021/1082834,Jie Li,2021,2023,2,Exact
A5100719335,Jie Li,doi:10.1007/s10489-022-03206-y,10.1007/s10489-022-03206-y,Jie Li,2022,2024,2,Exact
A5100719808,Hao Chen,doi:10.1007/s10620-020-06055-2,10.1007/s10620-020-06055-2,Hao Chen,2020,2022,2,Exact
A5100719808,Hao Chen,doi:10.1371/journal.pone.0096177,10.1371/journal.pone.0096177,Hao Chen,2014,2024,10,Exact
A5100720060,Jing Zhang,doi:10.1155/2021/8490335,10.1155/2021/8490335,Jing Zhang,2021,2023,2,Exact
A5100720490,Gang Wang,doi:10.3233/jifs-211999,10.3233/jifs-211999,Gang Wang,2023,2024,1,Exact
A5100720766,Qiang Li,doi:10.1007/s10644-024-09608-x,10.1007/s10644-024-09608-x,Qiang Li,2024,2024,0,Exact
A5100721167,Chao Wang,doi:10.1177/0020720920940603,10.1177/0020720920940603,Chao Wang,2020,2021,1,Exact
A5100721619,Yi Wang,doi:10.1038/srep33676,10.1038/srep33676,Yi Wang,2016,2024,8,Exact
A5100721699,Xi Chen,doi:10.1109/aimsec.2011.6010637,10.1109/aimsec.2011.6010637,Xi Chen,2011,2011,0,Exact
A5100721764,Min Wang,doi:10.1155/2022/1177961,10.1155/2022/1177961,Min Wang,2022,2023,1,Exact
A5100721766,Min Wang,doi:10.1177/0284185118774956,10.1177/0284185118774956,Min Wang,2018,2019,1,Exact
A5100722246,Jie Zhang,doi:10.1155/2022/8735069,10.1155/2022/8735069,Jie Zhang,2022,2023,1,Exact
A5100722310,Wei Liu,doi:10.1109/icbbe.2011.5780061,10.1109/icbbe.2011.5780061,Wei Liu,2011,2011,0,Exact
A5100722569,Jun Chen,doi:10.1109/icemms.2010.5563395,10.1109/icemms.2010.5563395,Jun Chen,2010,2010,0,Exact
A5100722789,Bin Liu,doi:10.1111/jfpe.13834,10.1111/jfpe.13834,Bin Liu,2021,2022,1,Exact
A5100722980,Wei Zhao,doi:10.1186/s12935-019-0778-1,10.1186/s12935-019-0778-1,Wei Zhao,2019,2019,0,Exact
A5100722980,Wei Zhao,doi:10.1002/jcp.28701,10.1002/jcp.28701,Wei Zhao,2019,2024,5,Exact
A5100723045,Yan Li,doi:10.1155/2022/1929596,10.1155/2022/1929596,Yan Li,2022,2023,1,Exact
A5100723246,Wei Wang,doi:10.3892/or.2018.6836,10.3892/or.2018.6836,Wei Wang,2018,2025,7,Exact
A5100723310,Yan Li,doi:10.2174/1874444301507010275,10.2174/1874444301507010275,Yan Li,2015,2016,1,Exact
A5100724709,Yang Wang,doi:10.1109/icmss.2009.5302441,10.1109/icmss.2009.5302441,Yang Wang,2009,2009,0,Exact
A5100725601,Jing Liu,doi:10.1155/2022/1611497,10.1155/2022/1611497,Jing Liu,2022,2023,1,Exact
A5100725736,Zhang Bin,doi:10.1155/2021/1185533,10.1155/2021/1185533,Bin Zhang,2021,2023,2,Exact
A5100726190,Jing Li,doi:10.1002/tox.24280,10.1002/tox.24280,Jing Li,2024,2025,1,Exact
A5100726408,Wei Wang,doi:10.1109/icbbe.2011.5780995,10.1109/icbbe.2011.5780995,Wei Wang,2011,2011,0,Exact
A5100726408,Wei Wang,doi:10.1109/icbbe.2011.5781098,10.1109/icbbe.2011.5781098,Wei Wang,2011,2011,0,Exact
A5100726586,Ying Wang,doi:10.1155/2022/7229412,10.1155/2022/7229412,Ying Wang,2022,2024,2,Exact
A5100727225,Hong Zhang,doi:10.1109/icbbe.2011.5780412,10.1109/icbbe.2011.5780412,Hong Zhang,2011,2011,0,Exact
A5100727231,Jing Zhang,doi:10.1109/icbbe.2011.5781357,10.1109/icbbe.2011.5781357,Jing Zhang,2011,2011,0,Exact
A5100727476,Yan Wang,doi:10.1080/21691401.2019.1576711,10.1080/21691401.2019.1576711,Yan Wang,2019,2019,0,Exact
A5100727545,Wei Zhang,doi:10.1155/2022/5129125,10.1155/2022/5129125,Wei Zhang,2022,2023,1,Exact
A5100727785,Bin Liu,doi:10.1155/2022/4798220,10.1155/2022/4798220,Bin Liu,2022,2023,1,Exact
A5100729293,Yan Liu,doi:10.1155/2022/2848255,10.1155/2022/2848255,Yan Liu,2022,2023,1,Exact
A5100729465,Bin Wang,doi:10.1002/jcp.27061,10.1002/jcp.27061,Bin Wang,2018,2022,4,Exact
A5100729663,Hao Wang,doi:10.3892/mmr.2016.4799,10.3892/mmr.2016.4799,Hao Wang,2016,2021,5,Exact
A5100730402,Wei Zhang,doi:10.2147/cmar.s253777,10.2147/cmar.s253777,Wei Zhang,2020,2023,3,Exact
A5100730407,Wei Zhang,doi:10.1016/j.omtn.2019.10.017,10.1016/j.omtn.2019.10.017,Wei Zhang,2019,2022,3,Exact
A5100730489,Xin Li,doi:10.1007/978-3-642-04070-2_3,10.1007/978-3-642-04070-2_3,Xin Li,2009,2009,0,Exact
A5100730844,Yu Wang,doi:10.3389/fncel.2018.00480,10.3389/fncel.2018.00480,Yu Wang,2018,2023,5,Exact
A5100730844,Yu Wang,doi:10.1007/s10142-023-01100-5,10.1007/s10142-023-01100-5,Yu Wang,2023,2024,1,Exact
A5100730951,Wei Chen,doi:10.1155/2021/9957161,10.1155/2021/9957161,Wei Chen,2021,2024,3,Exact
A5100731014,Hui Wang,doi:10.1515/arcadia-2016-0029,10.1515/arcadia-2016-0029,Hui Wang,2016,2018,2,Exact
A5100731323,Lei Zhang,doi:10.1109/icacc.2010.5487166,10.1109/icacc.2010.5487166,Lei Zhang,2010,2010,0,Exact
A5100731323,Lei Zhang,doi:10.1109/icebeg.2011.5882696,10.1109/icebeg.2011.5882696,Lei Zhang,2011,2011,0,Exact
A5100731925,Yang Zhang,doi:10.1088/1742-6596/1648/4/042090,10.1088/1742-6596/1648/4/042090,Yang Zhang,2020,2022,2,Exact
A5100731973,Jin Wang,doi:10.3389/fnins.2020.00031,10.3389/fnins.2020.00031,Jin Wang,2020,2025,5,Exact
A5100732073,Hui Wang,doi:10.3233/jifs-232989,10.3233/jifs-232989,Hui Wang,2023,2025,2,Exact
A5100733367,Yong Wang,doi:10.1109/icbbe.2011.5780235,10.1109/icbbe.2011.5780235,Yong Wang,2011,2011,0,Exact
A5100733463,Li Yang,doi:10.1007/s13277-015-4291-4,10.1007/s13277-015-4291-4,Yang Li,2015,2017,2,Exact
A5100733463,Li Yang,doi:10.3892/ijmm.2013.1292,10.3892/ijmm.2013.1292,Yang Li,2013,2021,8,Exact
A5100733485,Hui Li,doi:10.3892/etm.2017.5356,10.3892/etm.2017.5356,Hui Li,2017,2021,4,Exact
A5100733485,Hui Li,doi:10.1039/c7ra12520h,10.1039/c7ra12520h,Hui Li,2018,2022,4,Exact
A5100733607,Lei Zhang,doi:10.1002/jcb.27341,10.1002/jcb.27341,Lei Zhang,2018,2021,3,Exact
A5100733607,Lei Zhang,doi:10.1039/c9ra06614d,10.1039/c9ra06614d,Lei Zhang,2019,2021,2,Exact
A5100733607,Lei Zhang,doi:10.1177/2042018820923474,10.1177/2042018820923474,Lei Zhang,2020,2022,2,Exact
A5100733647,Bin Wang,doi:10.1109/icacte.2010.5579115,10.1109/icacte.2010.5579115,Bin Wang,2010,2010,0,Exact
A5100733648,Bin Wang,doi:10.1109/wicom.2008.1709,10.1109/wicom.2008.1709,Bin Wang,2008,2008,0,Exact
A5100733648,Bin Wang,doi:10.1080/15384101.2020.1786649,10.1080/15384101.2020.1786649,Bin Wang,2020,2021,1,Exact
A5100734132,Hui Wang,doi:10.1016/j.jeurceramsoc.2014.10.020,10.1016/j.jeurceramsoc.2014.10.020,Hui Wang,2015,2016,1,Exact
A5100734534,Yi Wang,doi:10.1155/2022/2802089,10.1155/2022/2802089,Yi Wang,2022,2023,1,Exact
A5100734695,Yi Wang,doi:10.1109/icicisys.2010.5658436,10.1109/icicisys.2010.5658436,Yi Wang,2010,2010,0,Exact
A5100734749,Jun Wang,doi:10.1002/agj2.21102,10.1002/agj2.21102,Jun Wang,2022,2023,1,Exact
A5100735068,Lei Wang,doi:10.1109/etcs.2010.550,10.1109/etcs.2010.550,Lei Wang,2010,2010,0,Exact
A5100735068,Lei Wang,doi:10.1088/1742-6596/1650/3/032003,10.1088/1742-6596/1650/3/032003,Lei Wang,2020,2022,2,Exact
A5100735424,Tao Zhang,doi:10.1155/2021/6696335,10.1155/2021/6696335,Tao Zhang,2021,2024,3,Exact
A5100735511,Lin Wang,doi:10.1128/jcm.01819-10,10.1128/jcm.01819-10,Lin Wang,2011,2011,0,Exact
A5100735527,Jin Zhang,doi:10.1155/2022/4965908,10.1155/2022/4965908,Jin Zhang,2022,2023,1,Exact
A5100735570,Yan Zhang,doi:10.1007/s10895-020-02598-9,10.1007/s10895-020-02598-9,Yan Zhang,2020,2023,3,Exact
A5100736091,Xin Wang,doi:10.1016/j.lfs.2021.119408,10.1016/j.lfs.2021.119408,Xin Wang,2021,2021,0,Exact
A5100736588,Yan Li,doi:10.1111/iwj.14568,10.1111/iwj.14568,Yan Li,2023,2025,2,Exact
A5100737055,Dan Wang,doi:10.1002/jcb.26517,10.1002/jcb.26517,Dan Wang,2017,2021,4,Exact
A5100737361,Wei Zhang,doi:10.1111/jcmm.15545,10.1111/jcmm.15545,Wei Zhang,2020,2024,4,Exact
A5100738282,Wei Zhang,doi:10.1002/suco.201600113,10.1002/suco.201600113,Wei Zhang,2017,2017,0,Exact
A5100739666,Jian Xu,doi:10.1002/jcp.29145,10.1002/jcp.29145,Jian Xu,2019,2023,4,Exact
A5100740183,Wei Zhang,doi:10.1109/icsess.2011.5982456,10.1109/icsess.2011.5982456,Wei Zhang,2011,2011,0,Exact
A5100740585,Ying Zhang,doi:10.1016/j.fsi.2019.09.001,10.1016/j.fsi.2019.09.001,Ying Zhang,2019,2021,2,Exact
A5100740616,Wei Chen,doi:10.1109/icams.2010.5553239,10.1109/icams.2010.5553239,Wei Chen,2010,2010,0,Exact
A5100740712,Yu Wang,doi:10.1515/msp-2015-0068,10.1515/msp-2015-0068,Yu Wang,2015,2016,1,Exact
A5100741318,Ping Li,doi:10.1109/fitme.2010.5654808,10.1109/fitme.2010.5654808,Ping Li,2010,2010,0,Exact
A5100741396,Feng Wang,doi:10.3727/096504016x14685034103194,10.3727/096504016x14685034103194,Feng Wang,2016,2020,4,Exact
A5100741399,Feng Wang,doi:10.1371/journal.pone.0055298,10.1371/journal.pone.0055298,Feng Wang,2013,2019,6,Exact
A5100741399,Feng Wang,doi:10.1186/s12885-019-5593-5,10.1186/s12885-019-5593-5,Feng Wang,2023,2023,0,Exact
A5100741399,Feng Wang,doi:10.1186/s12967-019-1830-6,10.1186/s12967-019-1830-6,Feng Wang,2019,2023,4,Exact
A5100741429,Lei Zhang,doi:10.1109/icise.2009.978,10.1109/icise.2009.978,Lei Zhang,2009,2010,1,Exact
A5100741429,Lei Zhang,doi:10.1039/c9nr01691k,10.1039/c9nr01691k,Lei Zhang,2019,2022,3,Exact
A5100741429,Lei Zhang,doi:10.1159/000493228,10.1159/000493228,Lei Zhang,2018,2022,4,Exact
A5100742518,Wei Zhang,doi:10.1155/2021/5584372,10.1155/2021/5584372,Wei Zhang,2021,2023,2,Exact
A5100742701,Jian Li,doi:10.3892/mmr.2021.12363,10.3892/mmr.2021.12363,Jian Li,2021,2024,3,Exact
A5100743523,Bo Li,doi:10.1038/s41467-018-07861-z,10.1038/s41467-018-07861-z,Bo Li,2019,2019,0,Exact
A5100743731,Jun Lü,doi:10.1002/jcp.26569,10.1002/jcp.26569,Jun Lu,2018,2021,3,Exact
A5100743733,Jun Lu,doi:10.1155/2021/7952922,10.1155/2021/7952922,Jun Lu,2021,2023,2,Exact
A5100744459,Min Zhang,doi:10.1016/j.patcog.2017.07.033,10.1016/j.patcog.2017.07.033,Min Zhang,2017,2018,1,Exact
A5100744890,Dan Li,doi:10.1155/2020/9409630,10.1155/2020/9409630,Dan Li,2020,2023,3,Exact
A5100744919,Feng Li,doi:10.1109/icbbe.2011.5780762,10.1109/icbbe.2011.5780762,Feng Li,2011,2011,0,Exact
A5100745330,Yi Wang,doi:10.3233/mgc-180747,10.3233/mgc-180747,Yi Wang,2019,2022,3,Exact
A5100745734,Qian Li,doi:10.1109/icebeg.2011.5882059,10.1109/icebeg.2011.5882059,Qian Li,2011,2011,0,Exact
A5100745736,Qian Li,doi:10.1177/0020720920983703,10.1177/0020720920983703,Qian Li,2021,2021,0,Exact
A5100745809,Lin Wang,doi:10.1109/icmss.2009.5304864,10.1109/icmss.2009.5304864,Lin Wang,2009,2009,0,Exact
A5100746534,Feng Li,doi:10.18632/oncotarget.8739,10.18632/oncotarget.8739,Feng Li,2016,2026,10,Exact
A5100747473,Jun Zhang,doi:10.3892/etm.2019.8192,10.3892/etm.2019.8192,Jun Zhang,2019,2025,6,Exact
A5100747588,Lei Zhang,doi:10.1109/gsmm.2008.4534583,10.1109/gsmm.2008.4534583,Lei Zhang,2008,2008,0,Exact
A5100748083,Jing Zhang,doi:10.1007/s12035-014-8872-9,10.1007/s12035-014-8872-9,Jing Zhang,2015,2017,2,Exact
A5100748083,Jing Zhang,doi:10.2147/ott.s254662,10.2147/ott.s254662,Jing Zhang,2020,2021,1,Exact
A5100749250,Tao Liu,doi:10.1016/j.biortech.2018.06.073,10.1016/j.biortech.2018.06.073,Tao Liu,2018,2024,6,Exact
A5100749251,Tao Liu,doi:10.1016/j.biortech.2019.121880,10.1016/j.biortech.2019.121880,Tao Liu,2019,2024,5,Exact
A5100749424,Qian Li,doi:10.1016/j.cogsys.2018.07.007,10.1016/j.cogsys.2018.07.007,Qian Li,2018,2023,5,Exact
A5100749688,Wei Wang,doi:10.2147/ott.s232953,10.2147/ott.s232953,Wei Wang,2020,2021,1,Exact
A5100749688,Wei Wang,doi:10.3892/ol.2019.10561,10.3892/ol.2019.10561,Wei Wang,2019,2023,4,Exact
A5100749688,Wei Wang,doi:10.3892/or.2016.4542,10.3892/or.2016.4542,Wei Wang,2016,2024,8,Exact
A5100750037,Yu Zhang,doi:10.1109/icacc.2010.5487009,10.1109/icacc.2010.5487009,Yu Zhang,2010,2010,0,Exact
A5100750171,Min Zhang,doi:10.1016/j.physc.2012.12.012,10.1016/j.physc.2012.12.012,Min Zhang,2013,2013,0,Exact
A5100750217,Gang Li,doi:10.1002/sia.2079,10.1002/sia.2079,Gang Li,2005,2005,0,Exact
A5100750703,Li Min,doi:10.1007/s10620-012-2395-x,10.1007/s10620-012-2395-x,Min Li,2012,2019,7,Exact
A5100750703,Li Min,doi:10.1089/dna.2015.3171,10.1089/dna.2015.3171,Min Li,2016,2022,6,Exact
A5100750703,Li Min,doi:10.3389/fonc.2021.684477,10.3389/fonc.2021.684477,Min Li,2021,2023,2,Exact
A5100751021,Wei Li,doi:10.3892/mmr.2014.2899,10.3892/mmr.2014.2899,Wei Li,2014,2015,1,Exact
A5100751413,Lei Zhang,doi:10.1109/icbbe.2011.5781553,10.1109/icbbe.2011.5781553,Lei Zhang,2011,2011,0,Exact
A5100751792,Feng Wang,doi:10.1155/2022/2773492,10.1155/2022/2773492,Feng Wang,2022,2023,1,Exact
A5100752314,Min Zhang,doi:10.1002/jbt.22937,10.1002/jbt.22937,Min Zhang,2021,2023,2,Exact
A5100752421,Jian Zhang,doi:10.1016/j.clinre.2016.03.006,10.1016/j.clinre.2016.03.006,Jian Zhang,2016,2025,9,Exact
A5100752983,Bin Wang,doi:10.1155/2023/3898063,10.1155/2023/3898063,Bin Wang,2023,2024,1,Exact
A5100753238,Jing Yang,doi:10.1109/iccet.2010.5485701,10.1109/iccet.2010.5485701,Jing Yang,2010,2010,0,Exact
A5100753238,Jing Yang,doi:10.1155/2022/2935975,10.1155/2022/2935975,Jing Yang,2022,2023,1,Exact
A5100753238,Jing Yang,doi:10.1155/2022/5919522,10.1155/2022/5919522,Jing Yang,2022,2023,1,Exact
A5100753238,Jing Yang,doi:10.3233/jifs-232718,10.3233/jifs-232718,Jing Yang,2024,2024,0,Exact
A5100753509,Qian Li,doi:10.1155/2021/5516599,10.1155/2021/5516599,Qian Li,2021,2024,3,Exact
A5100753720,Jie Zhang,doi:10.1109/iciecs.2010.5678158,10.1109/iciecs.2010.5678158,Jie Zhang,2010,2010,0,Exact
A5100754578,Lei Li,doi:10.1159/000477389,10.1159/000477389,Lei Li,2017,2023,6,Exact
A5100754647,Li Yan,doi:10.1007/s11042-019-08366-7,10.1007/s11042-019-08366-7,Yan Li,2019,2022,3,Exact
A5100754823,Wei Zhang,doi:10.1109/ett.2009.45,10.1109/ett.2009.45,Wei Zhang,2009,2010,1,Exact
A5100754823,Wei Zhang,doi:10.1109/opee.2010.5508005,10.1109/opee.2010.5508005,Wei Zhang,2010,2010,0,Exact
A5100754828,Yan Zhang,doi:10.1007/s11042-017-4552-x,10.1007/s11042-017-4552-x,Yan Zhang,2017,2022,5,Exact
A5100754832,Yan Zhang,doi:10.1155/2022/2401475,10.1155/2022/2401475,Yan Zhang,2022,2023,1,Exact
A5100755246,Lin Wang,doi:10.1186/s12872-021-02435-2,10.1186/s12872-021-02435-2,Lin Wang,2021,2023,2,Exact
A5100755889,Jun Li,doi:10.1109/icbbe.2011.5780073,10.1109/icbbe.2011.5780073,Jun Li,2011,2011,0,Exact
A5100756296,Jian Wang,doi:10.1021/jacs.3c01766,10.1021/jacs.3c01766,Jian Wang,2023,2024,1,Exact
A5100756547,Lei Zhang,doi:10.3233/jifs-211921,10.3233/jifs-211921,Lei Zhang,2022,2024,2,Exact
A5100756550,Lei Zhang,doi:10.1371/journal.pone.0234071,10.1371/journal.pone.0234071,Lei Zhang,2020,2024,4,Exact
A5100756634,Wei Zhang,doi:10.1007/s11227-021-04157-w,10.1007/s11227-021-04157-w,Wei Zhang,2021,2024,3,Exact
A5100756636,Wei Zhang,doi:10.1155/2021/2994123,10.1155/2021/2994123,Wei Zhang,2021,2023,2,Exact
A5100756636,Wei Zhang,doi:10.3233/jifs-179111,10.3233/jifs-179111,Wei Zhang,2019,2025,6,Exact
A5100756874,Wei Zhang,doi:10.1109/icbbe.2011.5780736,10.1109/icbbe.2011.5780736,Wei Zhang,2011,2011,0,Exact
A5100757098,Jing Zhang,doi:10.1155/2021/3996401,10.1155/2021/3996401,Jing Zhang,2021,2023,2,Exact
A5100757101,Jing Zhang,doi:10.1007/s00500-023-07923-5,10.1007/s00500-023-07923-5,Jing Zhang,2023,2026,3,Exact
A5100757663,Lei Wang,doi:10.1007/s12035-014-8935-y,10.1007/s12035-014-8935-y,Lei Wang,2015,2017,2,Exact
A5100757663,Lei Wang,doi:10.1080/15384101.2019.1711318,10.1080/15384101.2019.1711318,Lei Wang,2020,2022,2,Exact
A5100757668,Lei Wang,doi:10.3892/ol.2017.7467,10.3892/ol.2017.7467,Lei Wang,2017,2018,1,Exact
A5100757744,Yang Li,doi:10.1007/s12517-021-07225-w,10.1007/s12517-021-07225-w,Yang Li,2021,2022,1,Exact
A5100757983,Yan Chen,doi:10.1109/icams.2010.5552979,10.1109/icams.2010.5552979,Yan Chen,2010,2010,0,Exact
A5100757983,Yan Chen,doi:10.1371/journal.pone.0250130,10.1371/journal.pone.0250130,Yan Chen,2021,2025,4,Exact
A5100758062,Jian Wang,doi:10.1155/2022/7775556,10.1155/2022/7775556,Jian Wang,2022,2023,1,Exact
A5100758062,Jian Wang,doi:10.1111/srt.13913,10.1111/srt.13913,Jian Wang,2024,2025,1,Exact
A5100758169,Bo Li,doi:10.1007/s00371-011-0635-2,10.1007/s00371-011-0635-2,Bo Li,2011,2014,3,Exact
A5100758204,Min Li,doi:10.1039/c4py01135j,10.1039/c4py01135j,Min Li,2014,2020,6,Exact
A5100758537,Yi Zhang,doi:10.2147/copd.s295329,10.2147/copd.s295329,Yi Zhang,2021,2023,2,Exact
A5100758858,Fang Wang,doi:10.4028/www.scientific.net/amr.760-762.45,10.4028/www.scientific.net/amr.760-762.45,Fang Wang,2013,2013,0,Exact
A5100758864,Wei Liu,doi:10.1042/bsr20182376,10.1042/bsr20182376,Wei Liu,2019,2022,3,Exact
A5100758871,Wei Liu,doi:10.3389/fonc.2021.649176,10.3389/fonc.2021.649176,Wei Liu,2021,2023,2,Exact
A5100759077,Jing Wang,doi:10.1109/mace.2011.5987528,10.1109/mace.2011.5987528,Jing Wang,2011,2011,0,Exact
A5100759077,Jing Wang,doi:10.1088/1755-1315/208/1/012065,10.1088/1755-1315/208/1/012065,Jing Wang,2018,2021,3,Exact
A5100759204,Wei Liu,doi:10.1155/2021/9913794,10.1155/2021/9913794,Wei Liu,2021,2023,2,Exact
A5100759346,Lei Wang,doi:10.1109/icmss.2009.5305752,10.1109/icmss.2009.5305752,Lei Wang,2009,2009,0,Exact
A5100759634,Jun Wang,doi:10.3390/buildings11120639,10.3390/buildings11120639,Jun Wang,2022,2022,0,Exact
A5100760409,Li Yan,doi:10.1109/icebeg.2011.5881558,10.1109/icebeg.2011.5881558,Yan Li,2011,2011,0,Exact
A5100760638,Ling Wang,doi:10.1080/09064710.2021.1952301,10.1080/09064710.2021.1952301,Ling Wang,2021,2024,3,Exact
A5100760704,Yang Li,doi:10.1007/s12035-015-9654-8,10.1007/s12035-015-9654-8,Yang Li,2016,2025,9,Exact
A5100760756,Wei Liu,doi:10.1155/2021/5065957,10.1155/2021/5065957,Wei Liu,2021,2023,2,Exact
A5100760835,Jun Liu,doi:10.1155/2021/9785466,10.1155/2021/9785466,Jun Liu,2021,2023,2,Exact
A5100761191,Qian Wang,doi:10.1109/icebeg.2011.5881561,10.1109/icebeg.2011.5881561,Qian Wang,2011,2011,0,Exact
A5100761365,Wei Zhang,doi:10.2147/ott.s164597,10.2147/ott.s164597,Wei Zhang,2018,2023,5,Exact
A5100761366,Hui Li,doi:10.1016/j.lfs.2017.09.022,10.1016/j.lfs.2017.09.022,Hui Li,2017,2022,5,Exact
A5100761374,Hui Li,doi:10.1111/iwj.14795,10.1111/iwj.14795,Hui Li,2024,2025,1,Exact
A5100763925,Xin Zhang,doi:10.1089/scd.2009.0063,10.1089/scd.2009.0063,Xin Zhang,2009,2009,0,Exact
A5100765021,Lei Zhang,doi:10.1088/1674-1056/27/6/068801,10.1088/1674-1056/27/6/068801,Lei Zhang,2018,2018,0,Exact
A5100765200,Jing Wang,doi:10.1159/000490986,10.1159/000490986,Jing Wang,2018,2021,3,Exact
A5100765200,Jing Wang,doi:10.1159/000495327,10.1159/000495327,Jing Wang,2018,2021,3,Exact
A5100765200,Jing Wang,doi:10.1080/15384101.2020.1746874,10.1080/15384101.2020.1746874,Jing Wang,2020,2022,2,Exact
A5100765863,Wei Wang,doi:10.1177/0960327120975122,10.1177/0960327120975122,Wei Wang,2020,2022,2,Exact
A5100766053,Jiän Zhang,doi:10.2147/jir.s300997,10.2147/jir.s300997,Jian Zhang,2021,2022,1,Exact
A5100766053,Jiän Zhang,doi:10.1371/journal.pone.0068747,10.1371/journal.pone.0068747,Jian Zhang,2013,2025,12,Exact
A5100766062,Bin Wang,doi:10.1007/s11033-022-07423-z,10.1007/s11033-022-07423-z,Bin Wang,2022,2023,1,Exact
A5100766149,Yu Zhang,doi:10.1109/icebeg.2011.5882030,10.1109/icebeg.2011.5882030,Yu Zhang,2011,2011,0,Exact
A5100766197,Бо Лі,doi:10.1080/24701556.2019.1706567,10.1080/24701556.2019.1706567,Bo Li,2019,2024,5,Exact
A5100766586,Dan Liú,doi:10.1109/esiat.2010.5568349,10.1109/esiat.2010.5568349,Dan Liu,2010,2010,0,Exact
A5100767367,Bin Liu,doi:10.1074/jbc.m801571200,10.1074/jbc.m801571200,Bin Liu,2008,2015,7,Exact
A5100767367,Bin Liu,doi:10.1002/jcb.26514,10.1002/jcb.26514,Bin Liu,2018,2021,3,Exact
A5100767367,Bin Liu,doi:10.1007/s10238-019-00591-6,10.1007/s10238-019-00591-6,Bin Liu,2019,2023,4,Exact
A5100767367,Bin Liu,doi:10.2147/ott.s77709,10.2147/ott.s77709,Bin Liu,2015,2023,8,Exact
A5100767367,Bin Liu,doi:10.3389/fonc.2021.649176,10.3389/fonc.2021.649176,Bin Liu,2021,2023,2,Exact
A5100767367,Bin Liu,doi:10.18632/oncotarget.15255,10.18632/oncotarget.15255,Bin Liu,2017,2026,9,Exact
A5100767435,Feng Li,doi:10.1007/s00249-013-0896-y,10.1007/s00249-013-0896-y,Feng Li,2013,2014,1,Exact
A5100767665,Bin Wang,doi:10.1016/j.biopha.2019.108683,10.1016/j.biopha.2019.108683,Bin Wang,2019,2023,4,Exact
A5100767849,Lei Zhang,doi:10.1016/j.heliyon.2024.e32077,10.1016/j.heliyon.2024.e32077,Lei Zhang,2024,2026,2,Exact
A5100767888,Yang Li,doi:10.1109/icmic.2018.8529936,10.1109/icmic.2018.8529936,Yang Li,2018,2018,0,Exact
A5100768349,Xu Jian,doi:10.1155/2022/7739440,10.1155/2022/7739440,Jian Xu,2022,2023,1,Exact
A5100768472,Feng Wang,doi:10.1186/s12967-018-1383-0,10.1186/s12967-018-1383-0,Feng Wang,2018,2024,6,Exact
A5100768936,Jian Wang,doi:10.3233/jifs-179111,10.3233/jifs-179111,Jian Wang,2019,2025,6,Exact
A5100769024,Hao Wang,doi:10.1042/bsr20180369,10.1042/bsr20180369,Hao Wang,2019,2023,4,Exact
A5100769024,Hao Wang,doi:10.1111/iwj.14657,10.1111/iwj.14657,Hao Wang,2024,2025,1,Exact
A5100770129,Xin Wang,doi:10.1109/icnc.2011.6021924,10.1109/icnc.2011.6021924,Xin Wang,2011,2011,0,Exact
A5100771044,Zhang Yi,doi:10.1371/journal.pone.0260883,10.1371/journal.pone.0260883,Yi Zhang,2021,2025,4,Exact
A5100771047,Zhang Yi,doi:10.1177/00207209211005266,10.1177/00207209211005266,Yi Zhang,2021,2021,0,Exact
A5100772167,Xin Li,doi:10.1371/journal.pone.0212177,10.1371/journal.pone.0212177,Xin Li,2019,2025,6,Exact
A5100772205,Bo Li,doi:10.1007/s11051-020-04914-7,10.1007/s11051-020-04914-7,Bo Li,2020,2021,1,Exact
A5100772254,Yan Liu,doi:10.1109/appeec.2010.5448604,10.1109/appeec.2010.5448604,Yan Liu,2010,2010,0,Exact
A5100772356,Wei Wang,doi:10.1155/2019/5391687,10.1155/2019/5391687,Wei Wang,2019,2021,2,Exact
A5100772694,Jie Wang,doi:10.1002/cpe.5036,10.1002/cpe.5036,Jie Wang,2018,2023,5,Exact
A5100772766,Weimin Qi,doi:10.1080/21655979.2021.2009971,10.1080/21655979.2021.2009971,Qi Wang,2021,2024,3,Exact
A5100773035,Yan Li,doi:10.1080/24701556.2020.1841235,10.1080/24701556.2020.1841235,Yan Li,2020,2023,3,Exact
A5100773313,Yi Wang,doi:10.1155/2022/3645336,10.1155/2022/3645336,Yi Wang,2022,2022,0,Exact
A5100773352,Jian Wang,doi:10.1109/icemms.2010.5563404,10.1109/icemms.2010.5563404,Jian Wang,2010,2010,0,Exact
A5100773459,Chao Wang,doi:10.1155/2022/8177760,10.1155/2022/8177760,Chao Wang,2022,2023,1,Exact
A5100773675,Hui Li,doi:10.1002/ar.24464,10.1002/ar.24464,Hui Li,2020,2021,1,Exact
A5100773796,Hao Zhang,doi:10.1042/bsr20180571,10.1042/bsr20180571,Hao Zhang,2018,2021,3,Exact
A5100773874,Bo Li,doi:10.1155/2022/9296770,10.1155/2022/9296770,Bo Li,2022,2023,1,Exact
A5100774126,Lin Zhang,doi:10.1155/2021/9924302,10.1155/2021/9924302,Lin Zhang,2021,2024,3,Exact
A5100774472,Wei Li,doi:10.3892/ol.2018.8219,10.3892/ol.2018.8219,Wei Li,2018,2022,4,Exact
A5100775905,Jing Li,doi:10.1155/2021/1175020,10.1155/2021/1175020,Jing Li,2021,2023,2,Exact
A5100775907,Jing Li,doi:10.1109/icbmei.2011.5916890,10.1109/icbmei.2011.5916890,Jing Li,2011,2011,0,Exact
A5100775910,Jing Li,doi:10.1007/s12652-021-03039-6,10.1007/s12652-021-03039-6,Jing Li,2021,2022,1,Exact
A5100776230,Wei Liu,doi:10.1021/acs.orglett.7b02473,10.1021/acs.orglett.7b02473,Wei Liu,2017,2017,0,Exact
A5100776276,Li Wei,doi:10.1007/s10257-018-00394-4,10.1007/s10257-018-00394-4,Wei Li,2019,2022,3,Exact
A5100776413,Yu Liu,doi:10.1097/md.0000000000018595,10.1097/md.0000000000018595,Yu Liu,2020,2020,0,Exact
A5100777320,Yan Zhang,doi:10.3389/fphar.2011.00015,10.3389/fphar.2011.00015,Yan Zhang,2011,2014,3,Exact
A5100777320,Yan Zhang,doi:10.1186/s11671-021-03640-w,10.1186/s11671-021-03640-w,Yan Zhang,2022,2023,1,Exact
A5100777320,Yan Zhang,doi:10.1371/journal.pone.0096816,10.1371/journal.pone.0096816,Yan Zhang,2014,2025,11,Exact
A5100778012,Ying Liu,doi:10.1155/2022/2835677,10.1155/2022/2835677,Ying Liu,2022,2023,1,Exact
A5100778176,Min Li,doi:10.1016/j.spl.2014.02.014,10.1016/j.spl.2014.02.014,Min Li,2014,2014,0,Exact
A5100779495,Rui Zhang,doi:10.1109/iceice.2011.5777814,10.1109/iceice.2011.5777814,Rui Zhang,2011,2011,0,Exact
A5100779597,Li Jun,doi:10.1177/0020720920983504,10.1177/0020720920983504,Jun Li,2021,2023,2,Exact
A5100779597,Li Jun,doi:10.1177/0020720920984000,10.1177/0020720920984000,Jun Li,2021,2023,2,Exact
A5100779699,Hong Li,doi:10.1155/2015/207684,10.1155/2015/207684,Hong Li,2015,2022,7,Exact
A5100779879,Yan Wang,doi:10.1109/iceit.2010.5608364,10.1109/iceit.2010.5608364,Yan Wang,2010,2010,0,Exact
A5100779893,Yi Wang,doi:10.1080/08874417.2018.1563007,10.1080/08874417.2018.1563007,Yi Wang,2019,2019,0,Exact
A5100780163,Wei Liu,doi:10.1109/iceice.2011.5777554,10.1109/iceice.2011.5777554,Wei Liu,2011,2011,0,Exact
A5100780396,Jing Yang,doi:10.1109/ett.2009.56,10.1109/ett.2009.56,Jing Yang,2009,2010,1,Exact
A5100780397,Jing Yang,doi:10.2147/ott.s253151,10.2147/ott.s253151,Jing Yang,2020,2021,1,Exact
A5100780576,Jie Li,doi:10.1109/icbbe.2011.5780087,10.1109/icbbe.2011.5780087,Jie Li,2011,2011,0,Exact
A5100780609,Lei Zhang,doi:10.1042/bsr20191453,10.1042/bsr20191453,Lei Zhang,2019,2020,1,Exact
A5100780609,Lei Zhang,doi:10.1016/j.biopha.2018.07.141,10.1016/j.biopha.2018.07.141,Lei Zhang,2018,2022,4,Exact
A5100780609,Lei Zhang,doi:10.1186/s13578-021-00675-5,10.1186/s13578-021-00675-5,Lei Zhang,2021,2023,2,Exact
A5100780612,Lei Zhang,doi:10.1159/000373959,10.1159/000373959,Lei Zhang,2015,2016,1,Exact
A5100780731,Yong Wang,doi:10.1007/s00380-011-0153-1,10.1007/s00380-011-0153-1,Yong Wang,2011,2014,3,Exact
A5100780965,Tao Wang,doi:10.1177/13860291241304948,10.1177/13860291241304948,Tao Wang,2025,2025,0,Exact
A5100781379,Wei Zhang,doi:10.3892/or.2020.7690,10.3892/or.2020.7690,Wei Zhang,2020,2022,2,Exact
A5100781382,Wei Zhang,doi:10.3892/mmr.2015.3757,10.3892/mmr.2015.3757,Wei Zhang,2015,2021,6,Exact
A5100781382,Wei Zhang,doi:10.1155/2020/5068067,10.1155/2020/5068067,Wei Zhang,2020,2023,3,Exact
A5100781382,Wei Zhang,doi:10.1155/2021/4304507,10.1155/2021/4304507,Wei Zhang,2021,2023,2,Exact
A5100781635,Liu Yang,doi:10.1002/jcb.28255,10.1002/jcb.28255,Yang Liu,2019,2024,5,Exact
A5100781638,Yang Liu,doi:10.1016/j.lfs.2019.05.080,10.1016/j.lfs.2019.05.080,Yang Liu,2019,2019,0,Exact
A5100782513,Lei Zhang,doi:10.1155/2021/4868399,10.1155/2021/4868399,Lei Zhang,2021,2024,3,Exact
A5100782738,Ying Liu,doi:10.1109/paccs.2011.5990310,10.1109/paccs.2011.5990310,Ying Liu,2011,2011,0,Exact
A5100782738,Ying Liu,doi:10.1007/s11051-020-04794-x,10.1007/s11051-020-04794-x,Ying Liu,2020,2022,2,Exact
A5100782741,Ying Liu,doi:10.1109/icbbe.2011.5780297,10.1109/icbbe.2011.5780297,Ying Liu,2011,2011,0,Exact
A5100783084,Lin Wang,doi:10.1007/s12517-021-07334-6,10.1007/s12517-021-07334-6,Lin Wang,2021,2021,0,Exact
A5100783106,Jing Chen,doi:10.1155/2022/1018056,10.1155/2022/1018056,Jing Chen,2022,2023,1,Exact
A5100783183,Yang Wang,doi:10.1002/anie.201406764,10.1002/anie.201406764,Yang Wang,2014,2025,11,Exact
A5100783301,Hong Zhang,doi:10.1520/jte20220050,10.1520/jte20220050,Hong Zhang,2023,2026,3,Exact
A5100784036,Jun Chen,doi:10.1016/j.eng.2020.03.007,10.1016/j.eng.2020.03.007,Jun Chen,2020,2020,0,Exact
A5100784213,Yi Wang,doi:10.1088/1742-6596/1607/1/012093,10.1088/1742-6596/1607/1/012093,Yi Wang,2020,2022,2,Exact
A5100784324,Li Yang,doi:10.3892/or.2014.3626,10.3892/or.2014.3626,Yang Li,2014,2023,9,Exact
A5100784365,Jing Wang,doi:10.1109/wicom.2008.1693,10.1109/wicom.2008.1693,Jing Wang,2008,2008,0,Exact
A5100784754,Yang Wang,doi:10.1002/jcb.26230,10.1002/jcb.26230,Yang Wang,2017,2021,4,Exact
A5100784754,Yang Wang,doi:10.1159/000487165,10.1159/000487165,Yang Wang,2018,2021,3,Exact
A5100784853,Yang Wang,doi:10.1109/iccsit.2010.5564562,10.1109/iccsit.2010.5564562,Yang Wang,2010,2010,0,Exact
A5100784878,Li Peng,doi:10.1155/2021/7475938,10.1155/2021/7475938,Peng Li,2021,2023,2,Exact
A5100784878,Li Peng,doi:10.18632/oncotarget.7908,10.18632/oncotarget.7908,Peng Li,2016,2026,10,Exact
A5100785029,Wei Li,doi:10.1088/1742-6596/1846/1/012011,10.1088/1742-6596/1846/1/012011,Wei Li,2021,2022,1,Exact
A5100785034,Wei Li,doi:10.1109/peam.2011.6135011,10.1109/peam.2011.6135011,Wei Li,2011,2012,1,Exact
A5100785059,Yan Wang,doi:10.1016/j.lungcan.2009.06.013,10.1016/j.lungcan.2009.06.013,Yan Wang,2010,2016,6,Exact
A5100785565,Yan Wang,doi:10.1109/icbbe.2011.5781462,10.1109/icbbe.2011.5781462,Yan Wang,2011,2011,0,Exact
A5100786107,Jin Wang,doi:10.1155/2022/3118046,10.1155/2022/3118046,Jin Wang,2022,2023,1,Exact
A5100786294,Xin Wang,doi:10.1111/j.1447-0756.2010.01228.x,10.1111/j.1447-0756.2010.01228.x,Xin Wang,2010,2011,1,Exact
A5100786356,Min Li,doi:10.1145/3465631.3465957,10.1145/3465631.3465957,Min Li,2021,2022,1,Exact
A5100786654,Liang Wang,doi:10.1007/s11769-015-0783-9,10.1007/s11769-015-0783-9,Liang Wang,2015,2020,5,Exact
A5100814407,Lin Zhang,doi:10.1109/icbbe.2009.5163298,10.1109/icbbe.2009.5163298,Lin Zhang,2009,2009,0,Exact
A5100864739,Wei Zhao,doi:10.1145/3465631.3465935,10.1145/3465631.3465935,Wei Zhao,2021,2022,1,Exact
A5100870097,Lin Zhang,doi:10.1016/j.pep.2014.05.008,10.1016/j.pep.2014.05.008,Lin Zhang,2014,2015,1,Exact
A5100889587,Yong Zhang,doi:10.1109/icbmei.2011.5917860,10.1109/icbmei.2011.5917860,Yong Zhang,2011,2011,0,Exact
A5100936798,Hong Li,doi:10.1109/aimsec.2011.6009995,10.1109/aimsec.2011.6009995,Hong Li,2011,2011,0,Exact
A5100939128,Yu Wang,doi:10.1109/icbbe.2011.5779998,10.1109/icbbe.2011.5779998,Yu Wang,2011,2011,0,Exact
A5100945082,Feng Li,doi:10.1109/aimsec.2011.6010294,10.1109/aimsec.2011.6010294,Feng Li,2011,2011,0,Exact
A5100964711,Jie Wang,doi:10.1080/0144929x.2019.1708972,10.1080/0144929x.2019.1708972,Jie Wang,2020,2021,1,Exact
A5101069784,Yang Liu,doi:10.1007/s10586-017-1374-6,10.1007/s10586-017-1374-6,Yang Liu,2017,2022,5,Exact
A5101216405,Yu Wang,doi:10.1371/journal.pone.0286033,10.1371/journal.pone.0286033,Yu Wang,2023,2025,2,Exact
A5101232791,Yu Zhang,doi:10.1109/icsess.2011.5982441,10.1109/icsess.2011.5982441,Yu Zhang,2011,2011,0,Exact
A5101336186,Qian Zhang,doi:10.1007/s10644-024-09689-8,10.1007/s10644-024-09689-8,Qian Zhang,2024,2024,0,Exact
A5101397149,Lei Zhang,doi:10.1155/2021/8996673,10.1155/2021/8996673,Lei Zhang,2021,2023,2,Exact
A5101398880,Yang Wang,doi:10.1007/s12652-021-03222-9,10.1007/s12652-021-03222-9,Yang Wang,2021,2022,1,Exact
A5101403419,Qiang Li,doi:10.1002/ece3.9237,10.1002/ece3.9237,Qiang Li,2022,2022,0,Exact
A5101404761,Yong Wang,doi:10.1007/s00210-019-01746-8,10.1007/s00210-019-01746-8,Yong Wang,2019,2020,1,Exact
A5101404761,Yong Wang,doi:10.1016/j.biopha.2016.06.045,10.1016/j.biopha.2016.06.045,Yong Wang,2016,2020,4,Exact
A5101404761,Yong Wang,doi:10.1016/j.biopha.2018.05.013,10.1016/j.biopha.2018.05.013,Yong Wang,2018,2020,2,Exact
A5101407394,Yong Zhang,doi:10.1371/journal.pone.0251529,10.1371/journal.pone.0251529,Yong Zhang,2021,2023,2,Exact
A5101407825,Yan Liu,doi:10.3727/096504016x14821952695683,10.3727/096504016x14821952695683,Yan Liu,2017,2025,8,Exact
A5101408176,Jian Xu,doi:10.3892/or.2017.5569,10.3892/or.2017.5569,Jian Xu,2017,2022,5,Exact
A5101410620,Jing Liu,doi:10.1007/s00439-019-02023-7,10.1007/s00439-019-02023-7,Jing Liu,2019,2021,2,Exact
A5101412123,Bo Wang,doi:10.1007/s00109-011-0723-9,10.1007/s00109-011-0723-9,Bo Wang,2011,2013,2,Exact
A5101412124,Bo Wang,doi:10.1177/0020720920984683,10.1177/0020720920984683,Bo Wang,2021,2023,2,Exact
A5101413915,Min Wang,doi:10.1155/2022/3838928,10.1155/2022/3838928,Min Wang,2022,2023,1,Exact
A5101416744,Jing Wang,doi:10.3727/096504017x15037506066252,10.3727/096504017x15037506066252,Jing Wang,2018,2020,2,Exact
A5101421438,Wang Xin,doi:10.1155/2022/9809296,10.1155/2022/9809296,Xin Wang,2022,2024,2,Exact
A5101423040,Qian Wang,doi:10.1007/s10911-019-09440-4,10.1007/s10911-019-09440-4,Qian Wang,2019,2021,2,Exact
A5101423831,Wei Zhang,doi:10.2991/icmmct-16.2016.189,10.2991/icmmct-16.2016.189,Wei Zhang,2016,2020,4,Exact
A5101423831,Wei Zhang,doi:10.1155/2022/1014501,10.1155/2022/1014501,Wei Zhang,2022,2023,1,Exact
A5101425694,Wei Zhao,doi:10.1155/2022/2329576,10.1155/2022/2329576,Wei Zhao,2022,2023,1,Exact
A5101426633,Jing Chen,doi:10.1109/aimsec.2011.6009638,10.1109/aimsec.2011.6009638,Jing Chen,2011,2011,0,Exact
A5101427524,Hui Li,doi:10.1155/2021/1877166,10.1155/2021/1877166,Hui Li,2021,2023,2,Exact
A5101436377,Jing Li,doi:10.1016/s0140-6736(14)60921-1,10.1016/s0140-6736(14)60921-1,Jing Li,2014,2015,1,Exact
A5101439529,Yu Wang,doi:10.1155/2022/1948691,10.1155/2022/1948691,Yu Wang,2022,2023,1,Exact
A5101443601,Yong Wang,doi:10.1155/2021/6559098,10.1155/2021/6559098,Yong Wang,2021,2023,2,Exact
A5101443725,Jing Chen,doi:10.1177/0020720920983542,10.1177/0020720920983542,Jing Chen,2021,2021,0,Exact
A5101444599,Qian Zhang,doi:10.1155/2022/9884155,10.1155/2022/9884155,Qian Zhang,2022,2023,1,Exact
A5101445946,Bo Wang,doi:10.1109/icbmei.2011.5918011,10.1109/icbmei.2011.5918011,Bo Wang,2011,2011,0,Exact
A5101445946,Bo Wang,doi:10.1109/icebeg.2011.5882690,10.1109/icebeg.2011.5882690,Bo Wang,2011,2011,0,Exact
A5101446655,Jing Liu,doi:10.2147/cmar.s305547,10.2147/cmar.s305547,Jing Liu,2021,2023,2,Exact
A5101446655,Jing Liu,doi:10.2147/ott.s272895,10.2147/ott.s272895,Jing Liu,2021,2023,2,Exact
A5101446655,Jing Liu,doi:10.5114/aoms.2019.83512,10.5114/aoms.2019.83512,Jing Liu,2019,2023,4,Exact
A5101446656,Jing Liu,doi:10.1007/s13277-015-3826-z,10.1007/s13277-015-3826-z,Jing Liu,2015,2016,1,Exact
A5101446656,Jing Liu,doi:10.1155/2022/4491573,10.1155/2022/4491573,Jing Liu,2022,2023,1,Exact
A5101449729,Xin Li,doi:10.1155/2022/6968852,10.1155/2022/6968852,Xin Li,2022,2023,1,Exact
A5101453769,Jie Li,doi:10.3389/fnins.2022.930028,10.3389/fnins.2022.930028,Jie Li,2022,2023,1,Exact
A5101455300,Wei Zhao,doi:10.1109/aimsec.2011.6010003,10.1109/aimsec.2011.6010003,Wei Zhao,2011,2011,0,Exact
A5101455300,Wei Zhao,doi:10.1109/aimsec.2011.6010133,10.1109/aimsec.2011.6010133,Wei Zhao,2011,2011,0,Exact
A5101458603,Feng Li,doi:10.1155/2022/6771005,10.1155/2022/6771005,Feng Li,2022,2023,1,Exact
A5101458953,Jie Liu,doi:10.1109/qr2mse.2013.6625835,10.1109/qr2mse.2013.6625835,Jie Liu,2013,2013,0,Exact
A5101459862,Wei Li,doi:10.1117/12.836788,10.1117/12.836788,Wei Li,2009,2015,6,Exact
A5101467140,Jie Zhang,doi:10.1111/iwj.14860,10.1111/iwj.14860,Jie Zhang,2024,2025,1,Exact
A5101468387,Yang Wang,doi:10.1007/s12652-021-03069-0,10.1007/s12652-021-03069-0,Yang Wang,2021,2022,1,Exact
A5101473351,Dan Liu,doi:10.1089/hum.2018.212,10.1089/hum.2018.212,Dan Liu,2019,2021,2,Exact
A5101477613,Yong Wang,doi:10.1155/2020/6057870,10.1155/2020/6057870,Yong Wang,2020,2024,4,Exact
A5101479066,Tao Li,doi:10.1109/icmss.2009.5303997,10.1109/icmss.2009.5303997,Tao Li,2009,2009,0,Exact
A5101480934,Dan Li,doi:10.1007/s12517-021-07640-z,10.1007/s12517-021-07640-z,Dan Li,2021,2021,0,Exact
A5101486151,Zhang Jin,doi:10.1155/2021/3982158,10.1155/2021/3982158,Jin Zhang,2021,2023,2,Exact
A5101486867,Jun Yang,doi:10.1016/j.gene.2017.07.018,10.1016/j.gene.2017.07.018,Jun Yang,2017,2017,0,Exact
A5101486868,Jun Yang,doi:10.1016/j.neures.2006.09.011,10.1016/j.neures.2006.09.011,Jun Yang,2006,2009,3,Exact
A5101487401,Jing Zhang,doi:10.1155/2021/9422417,10.1155/2021/9422417,Jing Zhang,2021,2023,2,Exact
A5101488488,Gang Wang,doi:10.1155/2021/9959077,10.1155/2021/9959077,Gang Wang,2021,2023,2,Exact
A5101489740,Dan Li,doi:10.1155/2021/6625529,10.1155/2021/6625529,Dan Li,2021,2023,2,Exact
A5101491257,Qiang Li,doi:10.1155/2021/6084496,10.1155/2021/6084496,Qiang Li,2021,2023,2,Exact
A5101492139,Qiang Li,doi:10.1109/ett.2009.103,10.1109/ett.2009.103,Qiang Li,2009,2010,1,Exact
A5101492139,Qiang Li,doi:10.1111/iwj.14203,10.1111/iwj.14203,Qiang Li,2023,2025,2,Exact
A5101492421,Yu Zhang,doi:10.1109/icbmei.2011.5917043,10.1109/icbmei.2011.5917043,Yu Zhang,2011,2011,0,Exact
A5101496931,Hui Liu,doi:10.1109/fitme.2009.31,10.1109/fitme.2009.31,Hui Liu,2009,2010,1,Exact
A5101496931,Hui Liu,doi:10.1145/3465631.3465824,10.1145/3465631.3465824,Hui Liu,2021,2022,1,Exact
A5101496931,Hui Liu,doi:10.3233/jifs-189378,10.3233/jifs-189378,Hui Liu,2020,2025,5,Exact
A5101499128,Lei Zhang,doi:10.1177/0020720920984006,10.1177/0020720920984006,Lei Zhang,2021,2021,0,Exact
A5101502858,Tao Li,doi:10.1109/icbbe.2011.5780833,10.1109/icbbe.2011.5780833,Tao Li,2011,2011,0,Exact
A5101505916,Qian Zhang,doi:10.3233/jifs-224186,10.3233/jifs-224186,Qian Zhang,2023,2024,1,Exact
A5101505916,Qian Zhang,doi:10.3233/jifs-179239,10.3233/jifs-179239,Qian Zhang,2019,2025,6,Exact
A5101506227,Jun Wang,doi:10.1016/j.bbrc.2008.12.087,10.1016/j.bbrc.2008.12.087,Jun Wang,2009,2011,2,Exact
A5101507256,Bin Liu,doi:10.1155/2022/2723542,10.1155/2022/2723542,Bin Liu,2022,2023,1,Exact
A5101507888,Lei Zhang,doi:10.1590/1678-4685-gmb-2016-0121,10.1590/1678-4685-gmb-2016-0121,Lei Zhang,2017,2020,3,Exact
A5101509998,Hui Wang,doi:10.1093/jxb/eraa352,10.1093/jxb/eraa352,Hui Wang,2020,2022,2,Exact
A5101512674,Hui Liu,doi:10.1155/2022/3330552,10.1155/2022/3330552,Hui Liu,2022,2023,1,Exact
A5101518188,Ying Wang,doi:10.1016/s0140-6736(20)32656-8,10.1016/s0140-6736(20)32656-8,Ying Wang,2021,2023,2,Exact
A5101520036,Jing Wang,doi:10.1109/icbbe.2011.5780102,10.1109/icbbe.2011.5780102,Jing Wang,2011,2011,0,Exact
A5101520677,Zhang Qian,doi:10.1155/2022/8274445,10.1155/2022/8274445,Qian Zhang,2022,2024,2,Exact
A5101520987,Hui Liu,doi:10.1371/journal.pone.0090952,10.1371/journal.pone.0090952,Hui Liu,2014,2020,6,Exact
A5101520987,Hui Liu,doi:10.1042/bsr20193172,10.1042/bsr20193172,Hui Liu,2020,2022,2,Exact
A5101520987,Hui Liu,doi:10.2147/ott.s245537,10.2147/ott.s245537,Hui Liu,2020,2023,3,Exact
A5101521301,Yu Wang,doi:10.1007/s00011-021-01439-0,10.1007/s00011-021-01439-0,Yu Wang,2021,2022,1,Exact
A5101522282,Bin Wang,doi:10.1177/13860291241291331,10.1177/13860291241291331,Bin Wang,2025,2025,0,Exact
A5101523355,Yan Liu,doi:10.1155/2022/6412740,10.1155/2022/6412740,Yan Liu,2022,2023,1,Exact
A5101526257,Jun Yang,doi:10.1063/1.5023193,10.1063/1.5023193,Jun Yang,2018,2019,1,Exact
A5101526257,Jun Yang,doi:10.3233/jifs-211709,10.3233/jifs-211709,Jun Yang,2022,2025,3,Exact
A5101526879,Zhang Rui,doi:10.1109/icmss.2009.5301792,10.1109/icmss.2009.5301792,Rui Zhang,2009,2009,0,Exact
A5101526879,Zhang Rui,doi:10.1109/icmss.2009.5304143,10.1109/icmss.2009.5304143,Rui Zhang,2009,2009,0,Exact
A5101526880,Rui Zhang,doi:10.1002/bab.1310,10.1002/bab.1310,Rui Zhang,2014,2023,9,Exact
A5101526881,Zhang Rui,doi:10.1109/icmss.2009.5301882,10.1109/icmss.2009.5301882,Rui Zhang,2009,2009,0,Exact
A5101527583,Yong Wang,doi:10.1186/s40064-016-3229-7,10.1186/s40064-016-3229-7,Yong Wang,2016,2021,5,Exact
A5101528438,Juan Li,doi:10.1109/icbbe.2011.5781352,10.1109/icbbe.2011.5781352,Juan Li,2011,2011,0,Exact
A5101533110,Jin Zhang,doi:10.1109/ifita.2009.78,10.1109/ifita.2009.78,Jin Zhang,2009,2009,0,Exact
A5101534953,Lei Zhang,doi:10.1002/jcb.26514,10.1002/jcb.26514,Lei Zhang,2018,2021,3,Exact
A5101536531,Yang Zhang,doi:10.1039/c8ra02805b,10.1039/c8ra02805b,Yang Zhang,2018,2021,3,Exact
A5101538539,Yan Li,doi:10.18632/aging.103485,10.18632/aging.103485,Yan Li,2020,2020,0,Exact
A5101540669,Zhang Yu,doi:10.1016/j.procs.2010.04.289,10.1016/j.procs.2010.04.289,Yu Zhang,2010,2010,0,Exact
A5101546953,Bo Li,doi:10.1109/cicc-itoe.2010.23,10.1109/cicc-itoe.2010.23,Bo Li,2010,2010,0,Exact
A5101547727,Ying Wang,doi:10.1155/2022/2799123,10.1155/2022/2799123,Ying Wang,2022,2023,1,Exact
A5101554082,Ping Wang,doi:10.1155/2022/2546429,10.1155/2022/2546429,Ping Wang,2022,2023,1,Exact
A5101554609,Wei Liu,doi:10.1007/s10479-021-04341-4,10.1007/s10479-021-04341-4,Wei Liu,2021,2023,2,Exact
A5101555201,Yan Li,doi:10.1155/2021/8581746,10.1155/2021/8581746,Yan Li,2021,2023,2,Exact
A5101555228,Wei Zhang,doi:10.1016/j.canlet.2020.02.014,10.1016/j.canlet.2020.02.014,Wei Zhang,2020,2022,2,Exact
A5101555228,Wei Zhang,doi:10.1002/cam4.2815,10.1002/cam4.2815,Wei Zhang,2020,2023,3,Exact
A5101559441,Min Wang,doi:10.3233/ch-242179,10.3233/ch-242179,Min Wang,2024,2025,1,Exact
A5101559744,Jing Zhang,doi:10.1155/2022/3843954,10.1155/2022/3843954,Jing Zhang,2022,2023,1,Exact
A5101560857,Yan Li,doi:10.1039/d1ra02827h,10.1039/d1ra02827h,Yan Li,2021,2022,1,Exact
A5101566029,Jun Yang,doi:10.1211/jpp.59.9.0015,10.1211/jpp.59.9.0015,Jun Yang,2007,2009,2,Exact
A5101575178,Yan Zhang,doi:10.1080/21691401.2018.1483379,10.1080/21691401.2018.1483379,Yan Zhang,2018,2020,2,Exact
A5101575662,Jin Wang,doi:10.1155/2021/3215143,10.1155/2021/3215143,Jin Wang,2021,2023,2,Exact
A5101576125,Yan Wang,doi:10.1109/icbbe.2011.5781457,10.1109/icbbe.2011.5781457,Yan Wang,2011,2011,0,Exact
A5101579694,Ying Liu,doi:10.2147/ott.s167900,10.2147/ott.s167900,Ying Liu,2018,2019,1,Exact
A5101579694,Ying Liu,doi:10.1016/j.febslet.2013.03.006,10.1016/j.febslet.2013.03.006,Ying Liu,2013,2022,9,Exact
A5101583691,Nan Li,doi:10.1242/jeb.012914,10.1242/jeb.012914,Nan Li,2008,2008,0,Exact
A5101588346,Yi Wang,doi:10.1155/2022/1393024,10.1155/2022/1393024,Yi Wang,2022,2023,1,Exact
A5101593074,Yu Wang,doi:10.1155/2023/3524611,10.1155/2023/3524611,Yu Wang,2023,2024,1,Exact
A5101594452,Jian Zhang,doi:10.1155/2022/9450159,10.1155/2022/9450159,Jian Zhang,2022,2023,1,Exact
A5101595115,Yang Liu,doi:10.1155/2022/9946088,10.1155/2022/9946088,Yang Liu,2022,2023,1,Exact
A5101598620,Wang Xin,doi:10.1177/0020720920984308,10.1177/0020720920984308,Xin Wang,2021,2023,2,Exact
A5101600019,Jing Zhao,doi:10.2147/ott.s279798,10.2147/ott.s279798,Jing Zhao,2020,2023,3,Exact
A5101601630,Wei Liu,doi:10.1109/iccsit.2010.5563951,10.1109/iccsit.2010.5563951,Wei Liu,2010,2010,0,Exact
A5101602689,Ying Li,doi:10.1109/icbbe.2011.5780813,10.1109/icbbe.2011.5780813,Ying Li,2011,2011,0,Exact
A5101602689,Ying Li,doi:10.1109/icbbe.2011.5781183,10.1109/icbbe.2011.5781183,Ying Li,2011,2011,0,Exact
A5101603815,Yan Wang,doi:10.1007/s12652-021-03258-x,10.1007/s12652-021-03258-x,Yan Wang,2021,2022,1,Exact
A5101605358,Yang Wang,doi:10.1109/icbbe.2011.5781354,10.1109/icbbe.2011.5781354,Yang Wang,2011,2011,0,Exact
A5101605359,Yang Wang,doi:10.1109/icbbe.2011.5781603,10.1109/icbbe.2011.5781603,Yang Wang,2011,2011,0,Exact
A5101607909,Chao Wang,doi:10.1109/icmss.2010.5576748,10.1109/icmss.2010.5576748,Chao Wang,2010,2010,0,Exact
A5101609397,Yi Wang,doi:10.1155/2021/6648611,10.1155/2021/6648611,Yi Wang,2021,2023,2,Exact
A5101609466,Wang Jing,doi:10.1016/j.avb.2021.101713,10.1016/j.avb.2021.101713,Jing Wang,2021,2023,2,Exact
A5101609470,Wang Jing,doi:10.1155/2021/2730916,10.1155/2021/2730916,Jing Wang,2021,2023,2,Exact
A5101610149,Wei Zhao,doi:10.1007/s12517-021-07741-9,10.1007/s12517-021-07741-9,Wei Zhao,2021,2021,0,Exact
A5101610936,Yang Li,doi:10.1155/2022/8700730,10.1155/2022/8700730,Yang Li,2022,2023,1,Exact
A5101610936,Yang Li,doi:10.1371/journal.pone.0254547,10.1371/journal.pone.0254547,Yang Li,2021,2024,3,Exact
A5101612078,Zhang Jin,doi:10.1177/2058739218819674,10.1177/2058739218819674,Jin Zhang,2018,2025,7,Exact
A5101618740,Hong Wang,doi:10.1109/icebeg.2011.5881490,10.1109/icebeg.2011.5881490,Hong Wang,2011,2011,0,Exact
A5101619987,Juan Li,doi:10.1088/1742-6596/1915/4/042070,10.1088/1742-6596/1915/4/042070,Juan Li,2021,2023,2,Exact
A5101619989,Juan Li,doi:10.1038/s41598-018-28906-9,10.1038/s41598-018-28906-9,Juan Li,2018,2023,5,Exact
A5101627406,Ping Wang,doi:10.1155/2022/5154528,10.1155/2022/5154528,Ping Wang,2022,2024,2,Exact
A5101627722,Yan Zhang,doi:10.1109/paccs.2011.5990368,10.1109/paccs.2011.5990368,Yan Zhang,2011,2011,0,Exact
A5101628482,Wang Yu,doi:10.1002/berj.4187,10.1002/berj.4187,Yu Wang,2025,2026,1,Exact
A5101631168,Bo Wang,doi:10.1155/2022/2370301,10.1155/2022/2370301,Bo Wang,2022,2024,2,Exact
A5101633848,Chao Wang,doi:10.1002/jcb.26324,10.1002/jcb.26324,Chao Wang,2017,2021,4,Exact
A5101634746,Wei Zhang,doi:10.1530/rep-15-0381,10.1530/rep-15-0381,Wei Zhang,2015,2017,2,Exact
A5101637303,Wang Hong,doi:10.1177/0020720920931073,10.1177/0020720920931073,Hong Wang,2020,2023,3,Exact
A5101638340,Yusuke Fujii,doi:10.1177/0310057x9602400107,10.1177/0310057x9602400107,Yoshitaka Fujii,1996,2012,16,Initial
A5101639721,Tao Li,doi:10.1155/2021/7008898,10.1155/2021/7008898,Tao Li,2021,2023,2,Exact
A5101639721,Tao Li,doi:10.1111/xen.70021,10.1111/xen.70021,Tao Li,2025,2025,0,Exact
A5101639975,Wei Zhang,doi:10.1016/j.biopha.2018.05.069,10.1016/j.biopha.2018.05.069,Wei Zhang,2018,2022,4,Exact
A5101639975,Wei Zhang,doi:10.2147/cmar.s242472,10.2147/cmar.s242472,Wei Zhang,2020,2023,3,Exact
A5101647700,Rui Zhang,doi:10.1002/jcb.26431,10.1002/jcb.26431,Rui Zhang,2017,2021,4,Exact
A5101647700,Rui Zhang,doi:10.3892/or.2017.6135,10.3892/or.2017.6135,Rui Zhang,2017,2022,5,Exact
A5101650422,Dan Liu,doi:10.1007/s00500-024-09642-x,10.1007/s00500-024-09642-x,Dan Liu,2024,2025,1,Exact
A5101653132,Qi Wang,doi:10.1155/2023/9519044,10.1155/2023/9519044,Qi Wang,2023,2023,0,Exact
A5101655546,Ying Liu,doi:10.1016/j.omtn.2019.11.030,10.1016/j.omtn.2019.11.030,Ying Liu,2019,2021,2,Exact
A5101657244,Yang Wang,doi:10.1109/icebeg.2011.5882608,10.1109/icebeg.2011.5882608,Yang Wang,2011,2011,0,Exact
A5101657244,Yang Wang,doi:10.1109/icise.2010.5691724,10.1109/icise.2010.5691724,Yang Wang,2010,2011,1,Exact
A5101658006,Wei Liu,doi:10.1109/icbbe.2011.5781510,10.1109/icbbe.2011.5781510,Wei Liu,2011,2011,0,Exact
A5101662499,Jun Liu,doi:10.1155/2021/5873213,10.1155/2021/5873213,Jun Liu,2021,2023,2,Exact
A5101662788,Yang Yang,doi:10.1186/1471-2407-14-48,10.1186/1471-2407-14-48,Yang Yang,2014,2023,9,Exact
A5101669826,Wei Zhang,doi:10.1155/2021/7936548,10.1155/2021/7936548,Wei Zhang,2021,2023,2,Exact
A5101671600,Yi Wang,doi:10.1155/2022/3029528,10.1155/2022/3029528,Yi Wang,2022,2023,1,Exact
A5101672854,Lei Wang,doi:10.1007/s10479-021-04517-y,10.1007/s10479-021-04517-y,Lei Wang,2022,2023,1,Exact
A5101674122,Ping Zhang,doi:10.1109/icbbe.2011.5780980,10.1109/icbbe.2011.5780980,Ping Zhang,2011,2011,0,Exact
A5101676868,Yang Li,doi:10.2147/cmar.s254944,10.2147/cmar.s254944,Yang Li,2020,2021,1,Exact
A5101676868,Yang Li,doi:10.3892/mmr.2018.9020,10.3892/mmr.2018.9020,Yang Li,2018,2022,4,Exact
A5101677632,Hui Li,doi:10.1155/2021/6186011,10.1155/2021/6186011,Hui Li,2021,2023,2,Exact
A5101677637,Rui Zhang,doi:10.1109/icmss.2009.5304496,10.1109/icmss.2009.5304496,Rui Zhang,2009,2009,0,Exact
A5101679434,Hui Wang,doi:10.3892/or.2018.6264,10.3892/or.2018.6264,Hui Wang,2018,2022,4,Exact
A5101680913,Jing Zhao,doi:10.1039/c9ra06188f,10.1039/c9ra06188f,Jing Zhao,2019,2021,2,Exact
A5101681014,Jing Zhang,doi:10.1109/icbbe.2007.330,10.1109/icbbe.2007.330,Jing Zhang,2007,2007,0,Exact
A5101681105,Peng Zhang,doi:10.1155/2022/4716572,10.1155/2022/4716572,Peng Zhang,2022,2023,1,Exact
A5101681466,Jin Wang,doi:10.3892/ol.2021.12650,10.3892/ol.2021.12650,Jin Wang,2021,2023,2,Exact
A5101682898,Yi Wang,doi:10.1080/1206212x.2020.1735764,10.1080/1206212x.2020.1735764,Yi Wang,2020,2021,1,Exact
A5101682898,Yi Wang,doi:10.1155/2022/9999951,10.1155/2022/9999951,Yi Wang,2022,2023,1,Exact
A5101682898,Yi Wang,doi:10.1007/s00500-022-06901-7,10.1007/s00500-022-06901-7,Yi Wang,2022,2026,4,Exact
A5101682950,Jun Liu,doi:10.1155/2022/4597087,10.1155/2022/4597087,Jun Liu,2022,2023,1,Exact
A5101684590,Hong Li,doi:10.1364/ao.56.009325,10.1364/ao.56.009325,Hong Li,2017,2022,5,Exact
A5101685602,Nan Li,doi:10.1088/1742-6596/1852/4/042100,10.1088/1742-6596/1852/4/042100,Nan Li,2020,2022,2,Exact
A5101688452,Tao Li,doi:10.1155/2022/2938340,10.1155/2022/2938340,Tao Li,2022,2023,1,Exact
A5101688452,Tao Li,doi:10.1111/iwj.14675,10.1111/iwj.14675,Tao Li,2024,2025,1,Exact
A5101690168,Jing Zhao,doi:10.1074/jbc.m115.659011,10.1074/jbc.m115.659011,Jing Zhao,2015,2015,0,Exact
A5101690323,Jing Yang,doi:10.1016/j.ijbiomac.2022.09.134,10.1016/j.ijbiomac.2022.09.134,Jing Yang,2022,2023,1,Exact
A5101691725,Bin Wang,doi:10.1080/15384101.2020.1718851,10.1080/15384101.2020.1718851,Bin Wang,2020,2022,2,Exact
A5101693490,Ming Li,doi:10.1007/s10653-015-9784-y,10.1007/s10653-015-9784-y,Ming Li,2015,2019,4,Exact
A5101693947,Fang Wang,doi:10.1016/j.intimp.2020.107326,10.1016/j.intimp.2020.107326,Fang Wang,2021,2021,0,Exact
A5101694878,Jun Li,doi:10.1155/2023/2891120,10.1155/2023/2891120,Jun Li,2023,2023,0,Exact
A5101695655,Jing Zhang,doi:10.1155/2021/8792105,10.1155/2021/8792105,Jing Zhang,2021,2023,2,Exact
A5101696593,Rui Wang,doi:10.1155/2021/9995813,10.1155/2021/9995813,Rui Wang,2021,2023,2,Exact
A5101697202,Ying Wang,doi:10.1155/2022/1121312,10.1155/2022/1121312,Ying Wang,2022,2023,1,Exact
A5101703841,Yan Zhang,doi:10.1109/appeec.2010.5448703,10.1109/appeec.2010.5448703,Yan Zhang,2010,2010,0,Exact
A5101706896,Tao Liu,doi:10.1109/edt.2010.5496527,10.1109/edt.2010.5496527,Tao Liu,2010,2010,0,Exact
A5101706896,Tao Liu,doi:10.1007/s12517-021-07930-6,10.1007/s12517-021-07930-6,Tao Liu,2021,2021,0,Exact
A5101711605,Jing Wang,doi:10.1520/jte20220128,10.1520/jte20220128,Jing Wang,2023,2026,3,Exact
A5101711605,Jing Wang,doi:10.1520/jte20230078,10.1520/jte20230078,Jing Wang,2024,2026,2,Exact
A5101711826,Jie Zhang,doi:10.1016/j.joms.2019.02.036,10.1016/j.joms.2019.02.036,Jie Zhang,2019,2022,3,Exact
A5101714747,H. Zhong,doi:10.1107/s1600536806041122,10.1107/s1600536806041122,Hua Zhong,2006,2009,3,Exact
A5101714747,H. Zhong,doi:10.1107/s1600536806053232,10.1107/s1600536806053232,Hua Zhong,2007,2009,2,Initial
A5101714747,H. Zhong,doi:10.1107/s1600536806053530,10.1107/s1600536806053530,Hua Zhong,2007,2009,2,Initial
A5101714747,H. Zhong,doi:10.1107/s1600536807001171,10.1107/s1600536807001171,Hua Zhong,2007,2009,2,Initial
A5101714747,H. Zhong,doi:10.1107/s1600536807004102,10.1107/s1600536807004102,Hua Zhong,2007,2009,2,Initial
A5101714747,H. Zhong,doi:10.1107/s160053680700791x,10.1107/s160053680700791x,Hua Zhong,2007,2009,2,Initial
A5101714747,H. Zhong,doi:10.1107/s1600536807021502,10.1107/s1600536807021502,Hua Zhong,2007,2009,2,Initial
A5101714747,H. Zhong,doi:10.1107/s1600536807031613,10.1107/s1600536807031613,Hua Zhong,2007,2009,2,Initial
A5101714747,H. Zhong,doi:10.1107/s1600536807033181,10.1107/s1600536807033181,Hua Zhong,2007,2009,2,Initial
A5101714747,H. Zhong,doi:10.1107/s1600536807035337,10.1107/s1600536807035337,Hua Zhong,2007,2009,2,Initial
A5101714747,H. Zhong,doi:10.1107/s1600536807039724,10.1107/s1600536807039724,Hua Zhong,2007,2009,2,Initial
A5101714747,H. Zhong,doi:10.1107/s1600536807045199,10.1107/s1600536807045199,Hua Zhong,2007,2009,2,Initial
A5101714747,H. Zhong,doi:10.1107/s1600536807051240,10.1107/s1600536807051240,Hua Zhong,2007,2009,2,Initial
A5101714747,H. Zhong,doi:10.1107/s1600536807053494,10.1107/s1600536807053494,Hua Zhong,2007,2009,2,Initial
A5101714747,H. Zhong,doi:10.1107/s160053680705622x,10.1107/s160053680705622x,Hua Zhong,2007,2009,2,Initial
A5101714747,H. Zhong,doi:10.1107/s1600536807058540,10.1107/s1600536807058540,Hua Zhong,2007,2009,2,Initial
A5101714747,H. Zhong,doi:10.1107/s1600536807060643,10.1107/s1600536807060643,Hua Zhong,2007,2009,2,Initial
A5101714747,H. Zhong,doi:10.1107/s1600536807061193,10.1107/s1600536807061193,Hua Zhong,2007,2009,2,Initial
A5101714747,H. Zhong,doi:10.1107/s1600536807068614,10.1107/s1600536807068614,Hua Zhong,2008,2009,1,Initial
A5101714747,H. Zhong,doi:10.1107/s1600536806047295,10.1107/s1600536806047295,Hua Zhong,2006,2010,4,Initial
A5101714747,H. Zhong,doi:10.1107/s1600536806050240,10.1107/s1600536806050240,Hua Zhong,2006,2010,4,Initial
A5101714747,H. Zhong,doi:10.1107/s1600536807004096,10.1107/s1600536807004096,Hua Zhong,2007,2010,3,Initial
A5101714747,H. Zhong,doi:10.1107/s1600536807017461,10.1107/s1600536807017461,Hua Zhong,2007,2010,3,Initial
A5101714747,H. Zhong,doi:10.1107/s160053680701879x,10.1107/s160053680701879x,Hua Zhong,2007,2010,3,Initial
A5101714747,H. Zhong,doi:10.1107/s1600536807018831,10.1107/s1600536807018831,Hua Zhong,2007,2010,3,Initial
A5101714747,H. Zhong,doi:10.1107/s1600536807040779,10.1107/s1600536807040779,Hua Zhong,2007,2010,3,Initial
A5101714747,H. Zhong,doi:10.1107/s160053680704086x,10.1107/s160053680704086x,Hua Zhong,2007,2010,3,Initial
A5101714747,H. Zhong,doi:10.1107/s1600536807049525,10.1107/s1600536807049525,Hua Zhong,2007,2010,3,Initial
A5101714747,H. Zhong,doi:10.1107/s1600536807051227,10.1107/s1600536807051227,Hua Zhong,2007,2010,3,Initial
A5101714747,H. Zhong,doi:10.1107/s1600536807052051,10.1107/s1600536807052051,Hua Zhong,2007,2010,3,Initial
A5101714747,H. Zhong,doi:10.1107/s1600536807054372,10.1107/s1600536807054372,Hua Zhong,2007,2010,3,Initial
A5101714747,H. Zhong,doi:10.1107/s1600536807056498,10.1107/s1600536807056498,Hua Zhong,2007,2010,3,Initial
A5101714747,H. Zhong,doi:10.1107/s1600536807058527,10.1107/s1600536807058527,Hua Zhong,2007,2010,3,Initial
A5101714747,H. Zhong,doi:10.1107/s1600536807048489,10.1107/s1600536807048489,Hua Zhong,2007,2011,4,Initial
A5101715046,Ali Nazari,doi:10.1007/s11431-011-4531-9,10.1007/s11431-011-4531-9,Ali Nazari,2011,2021,10,Exact
A5101716192,Min Zhang,doi:10.1371/journal.pone.0230450,10.1371/journal.pone.0230450,Min Zhang,2020,2023,3,Exact
A5101717809,Dan Li,doi:10.3233/jifs-231664,10.3233/jifs-231664,Dan Li,2024,2024,0,Exact
A5101718578,Yan Zhang,doi:10.1007/s11042-017-5455-6,10.1007/s11042-017-5455-6,Yan Zhang,2017,2019,2,Exact
A5101720958,Jing Yang,doi:10.1109/iccet.2010.5485604,10.1109/iccet.2010.5485604,Jing Yang,2010,2010,0,Exact
A5101721480,Jun Chen,doi:10.1155/2021/6652147,10.1155/2021/6652147,Jun Chen,2021,2022,1,Exact
A5101723469,Xin Wang,doi:10.1109/icetce.2011.5776336,10.1109/icetce.2011.5776336,Xin Wang,2011,2011,0,Exact
A5101723568,Ying Zhang,doi:10.1080/17458080.2021.2005246,10.1080/17458080.2021.2005246,Ying Zhang,2022,2022,0,Exact
A5101725885,Yu Zhang,doi:10.1155/2022/4378173,10.1155/2022/4378173,Yu Zhang,2022,2023,1,Exact
A5101727067,Hao Zhang,doi:10.1109/icnc.2011.6022054,10.1109/icnc.2011.6022054,Hao Zhang,2011,2011,0,Exact
A5101730287,Jie Liu,doi:10.1109/aimsec.2011.6011357,10.1109/aimsec.2011.6011357,Jie Liu,2011,2011,0,Exact
A5101731118,Yan Li,doi:10.1088/1361-6528/ab9e26,10.1088/1361-6528/ab9e26,Yan Li,2020,2025,5,Exact
A5101738160,Qi Wang,doi:10.1186/s12871-023-02210-0,10.1186/s12871-023-02210-0,Qi Wang,2023,2024,1,Exact
A5101742727,Li Juan,doi:10.1016/j.avb.2021.101714,10.1016/j.avb.2021.101714,Juan Li,2021,2023,2,Exact
A5101743303,Feng Wang,doi:10.1109/icbmei.2011.5916942,10.1109/icbmei.2011.5916942,Feng Wang,2011,2011,0,Exact
A5101743572,Bin Wang,doi:10.1371/journal.pone.0166172,10.1371/journal.pone.0166172,Bin Wang,2016,2023,7,Exact
A5101743921,Yan Liu,doi:10.1109/icbbe.2011.5780898,10.1109/icbbe.2011.5780898,Yan Liu,2011,2011,0,Exact
A5101744646,Jie Chen,doi:10.1155/2021/5655061,10.1155/2021/5655061,Jie Chen,2021,2024,3,Exact
A5101745924,Lei Wang,doi:10.1155/2021/5053494,10.1155/2021/5053494,Lei Wang,2021,2023,2,Exact
A5101748041,Jing Wang,doi:10.3233/jifs-224206,10.3233/jifs-224206,Jing Wang,2023,2025,2,Exact
A5101748458,Tao Zhang,doi:10.1155/2022/4471455,10.1155/2022/4471455,Tao Zhang,2022,2023,1,Exact
A5101748981,Yan Li,doi:10.1016/j.proeng.2015.01.247,10.1016/j.proeng.2015.01.247,Yan Li,2015,2015,0,Exact
A5101748981,Yan Li,doi:10.1155/2022/6764909,10.1155/2022/6764909,Yan Li,2022,2023,1,Exact
A5101750692,Rui Zhang,doi:10.1007/s11042-018-5733-y,10.1007/s11042-018-5733-y,Rui Zhang,2018,2019,1,Exact
A5101753954,Zhang Bo,doi:10.1186/s13638-020-01680-x,10.1186/s13638-020-01680-x,Bo Zhang,2020,2022,2,Exact
A5101753955,Bo Zhang,doi:10.1109/icebeg.2011.5884484,10.1109/icebeg.2011.5884484,Bo Zhang,2011,2011,0,Exact
A5101757005,Tao Liu,doi:10.1155/2021/3937420,10.1155/2021/3937420,Tao Liu,2021,2023,2,Exact
A5101758261,Wei Zhang,doi:10.1080/13813455.2020.1854309,10.1080/13813455.2020.1854309,Wei Zhang,2020,2022,2,Exact
A5101758904,Yan Chen,doi:10.1155/2022/5606998,10.1155/2022/5606998,Yan Chen,2022,2023,1,Exact
A5101758984,Jing Zhang,doi:10.1155/2021/3540830,10.1155/2021/3540830,Jing Zhang,2021,2024,3,Exact
A5101759661,Bo Zhang,doi:10.1002/jcb.27445,10.1002/jcb.27445,Bo Zhang,2018,2021,3,Exact
A5101759670,Wei Liu,doi:10.1007/s11370-020-00321-y,10.1007/s11370-020-00321-y,Wei Liu,2020,2022,2,Exact
A5101761642,Wei Wang,doi:10.1109/peam.2011.6135095,10.1109/peam.2011.6135095,Wei Wang,2011,2012,1,Exact
A5101763645,Jian Zhang,doi:10.1155/2022/7875825,10.1155/2022/7875825,Jian Zhang,2022,2023,1,Exact
A5101763665,Qian Li,doi:10.1007/s12144-020-00812-2,10.1007/s12144-020-00812-2,Qian Li,2020,2020,0,Exact
A5101763665,Qian Li,doi:10.1177/0020720920931438,10.1177/0020720920931438,Qian Li,2020,2023,3,Exact
A5101765379,Jun Yang,doi:10.3892/etm.2021.10010,10.3892/etm.2021.10010,Jun Yang,2021,2025,4,Exact
A5101766670,Wei Zhang,doi:10.1109/aimsec.2011.6010064,10.1109/aimsec.2011.6010064,Wei Zhang,2011,2011,0,Exact
A5101770332,Wei Li,doi:10.1139/tcsme-2017-519,10.1139/tcsme-2017-519,Wei Li,2017,2019,2,Exact
A5101770872,Yi Wang,doi:10.1042/bsr20180562,10.1042/bsr20180562,Yi Wang,2018,2021,3,Exact
A5101771857,Qian Wang,doi:10.1109/icbbe.2011.5781581,10.1109/icbbe.2011.5781581,Qian Wang,2011,2011,0,Exact
A5101772016,Liu Ying,doi:10.1177/14727978251371937,10.1177/14727978251371937,Ying Liu,2025,2025,0,Exact
A5101776487,Jie Liu,doi:10.1109/icbbe.2011.5780989,10.1109/icbbe.2011.5780989,Jie Liu,2011,2011,0,Exact
A5101777880,Min Zhang,doi:10.1109/esiat.2010.5567268,10.1109/esiat.2010.5567268,Min Zhang,2010,2010,0,Exact
A5101785717,Wei Li,doi:10.1109/aimsec.2011.6010995,10.1109/aimsec.2011.6010995,Wei Li,2011,2011,0,Exact
A5101786234,Tao Wang,doi:10.1007/s13277-015-3866-4,10.1007/s13277-015-3866-4,Tao Wang,2015,2017,2,Exact
A5101789244,Jing Zhao,doi:10.1155/2022/5794914,10.1155/2022/5794914,Jing Zhao,2022,2023,1,Exact
A5101790171,Jie Chen,doi:10.1002/jcp.24069,10.1002/jcp.24069,Jie Chen,2012,2015,3,Exact
A5101790254,Yan Li,doi:10.1109/iccasm.2010.5620838,10.1109/iccasm.2010.5620838,Yan Li,2010,2010,0,Exact
A5101790494,Qi Wang,doi:10.1109/icebeg.2011.5881486,10.1109/icebeg.2011.5881486,Qi Wang,2011,2011,0,Exact
A5101791479,Hong Wang,doi:10.1007/s11033-014-3517-7,10.1007/s11033-014-3517-7,Hong Wang,2014,2015,1,Exact
A5101792540,Yi Zhang,doi:10.1155/2021/1640072,10.1155/2021/1640072,Yi Zhang,2021,2023,2,Exact
A5101793453,Yan Chen,doi:10.1155/2022/5597662,10.1155/2022/5597662,Yan Chen,2022,2023,1,Exact
A5101795782,Hui Wang,doi:10.1109/icebeg.2011.5887013,10.1109/icebeg.2011.5887013,Hui Wang,2011,2011,0,Exact
A5101798871,Ping Wang,doi:10.1109/qr2mse.2013.6625765,10.1109/qr2mse.2013.6625765,Ping Wang,2013,2013,0,Exact
A5101801469,Ying Li,doi:10.1109/icmss.2009.5303674,10.1109/icmss.2009.5303674,Ying Li,2009,2009,0,Exact
A5101801469,Ying Li,doi:10.1109/icetce.2011.5776402,10.1109/icetce.2011.5776402,Ying Li,2011,2011,0,Exact
A5101801472,Ying Li,doi:10.1016/j.aqpro.2015.02.231,10.1016/j.aqpro.2015.02.231,Ying Li,2015,2015,0,Exact
A5101802140,Hongquan Chen,doi:10.1039/c5tb00597c,10.1039/c5tb00597c,Hao Chen,2015,2023,8,Initial
A5101802385,Jing Li,doi:10.1016/j.neulet.2020.135228,10.1016/j.neulet.2020.135228,Jing Li,2020,2020,0,Exact
A5101805939,Bin Wang,doi:10.3233/jifs-179222,10.3233/jifs-179222,Bin Wang,2019,2025,6,Exact
A5101808099,Yu Wang,doi:10.1155/2022/8746530,10.1155/2022/8746530,Yu Wang,2022,2024,2,Exact
A5101809565,Xin Li,doi:10.1109/cise.2009.5365836,10.1109/cise.2009.5365836,Xin Li,2009,2009,0,Exact
A5101809583,Jun Wang,doi:10.1186/s13195-015-0102-9,10.1186/s13195-015-0102-9,Jun Wang,2015,2016,1,Exact
A5101811219,Min Zhang,doi:10.1371/journal.pone.0154419,10.1371/journal.pone.0154419,Min Zhang,2016,2019,3,Exact
A5101812357,Jian Li,doi:10.1155/2021/6745282,10.1155/2021/6745282,Jian Li,2021,2023,2,Exact
A5101812357,Jian Li,doi:10.1155/2022/3744837,10.1155/2022/3744837,Jian Li,2022,2023,1,Exact
A5101814183,Xin Wang,doi:10.1111/cas.14426,10.1111/cas.14426,Xin Wang,2020,2022,2,Exact
A5101814840,Yan Li,doi:10.1016/j.biopha.2019.109435,10.1016/j.biopha.2019.109435,Yan Li,2019,2024,5,Exact
A5101815136,Hui Liu,doi:10.1109/icebeg.2011.5882094,10.1109/icebeg.2011.5882094,Hui Liu,2011,2011,0,Exact
A5101816531,Lin Wang,doi:10.1155/2021/1187011,10.1155/2021/1187011,Lin Wang,2021,2023,2,Exact
A5101818842,Lei Liu,doi:10.1155/2022/8169938,10.1155/2022/8169938,Lei Liu,2022,2023,1,Exact
A5101819941,Yan Liu,doi:10.1155/2021/3529147,10.1155/2021/3529147,Yan Liu,2021,2023,2,Exact
A5101820456,Yang Liu,doi:10.1016/j.anucene.2020.108106,10.1016/j.anucene.2020.108106,Yang Liu,2021,2021,0,Exact
A5101820930,Hui Li,doi:10.1002/mgg3.1626,10.1002/mgg3.1626,Hui Li,2021,2024,3,Exact
A5101820932,Hui Li,doi:10.1007/s00439-017-1759-x,10.1007/s00439-017-1759-x,Hui Li,2017,2021,4,Exact
A5101829092,Lei Wang,doi:10.1109/cc.2017.7927570,10.1109/cc.2017.7927570,Lei Wang,2017,2017,0,Exact
A5101829311,Jin Zhang,doi:10.1109/iciecs.2010.5677765,10.1109/iciecs.2010.5677765,Jin Zhang,2010,2010,0,Exact
A5101830011,Hui Liu,doi:10.1155/2022/6049308,10.1155/2022/6049308,Hui Liu,2022,2023,1,Exact
A5101830509,Hui Li,doi:10.1155/2022/2229147,10.1155/2022/2229147,Hui Li,2022,2024,2,Exact
A5101833024,Hui Wang,doi:10.1109/appeec.2010.5449514,10.1109/appeec.2010.5449514,Hui Wang,2010,2010,0,Exact
A5101835221,Qian Li,doi:10.1109/iccet.2010.5486039,10.1109/iccet.2010.5486039,Qian Li,2010,2010,0,Exact
A5101841508,Hao Wang,doi:10.1051/rnd:2006004,10.1051/rnd:2006004,Hao Wang,2006,2006,0,Exact
A5101841825,Wei Zhao,doi:10.1155/2021/5551544,10.1155/2021/5551544,Wei Zhao,2021,2023,2,Exact
A5101842461,Hong Wang,doi:10.1145/3465631.3465916,10.1145/3465631.3465916,Hong Wang,2021,2022,1,Exact
A5101844896,Yu Zhang,doi:10.1371/journal.pone.0244404,10.1371/journal.pone.0244404,Yu Zhang,2020,2025,5,Exact
A5101846976,Jun Yang,doi:10.1016/j.brainres.2016.11.032,10.1016/j.brainres.2016.11.032,Jun Yang,2016,2022,6,Exact
A5101851212,Jin Wang,doi:10.1177/2058739218796708,10.1177/2058739218796708,Jin Wang,2018,2025,7,Exact
A5101852320,Jing Liu,doi:10.1109/icmss.2009.5303079,10.1109/icmss.2009.5303079,Jing Liu,2009,2009,0,Exact
A5101855430,Hong Zhang,doi:10.1109/icebeg.2011.5885315,10.1109/icebeg.2011.5885315,Hong Zhang,2011,2011,0,Exact
A5101860413,Chen Jun,doi:10.1007/s11042-017-5305-6,10.1007/s11042-017-5305-6,Jun Chen,2017,2019,2,Exact
A5101860413,Chen Jun,doi:10.1016/j.jvcir.2019.02.025,10.1016/j.jvcir.2019.02.025,Jun Chen,2019,2019,0,Exact
A5101860830,Chao Wang,doi:10.3233/xst-17277,10.3233/xst-17277,Chao Wang,2018,2022,4,Exact
A5101861850,Lei Wang,doi:10.1109/opee.2010.5508013,10.1109/opee.2010.5508013,Lei Wang,2010,2010,0,Exact
A5101868642,Liang Wang,doi:10.1155/2023/2759679,10.1155/2023/2759679,Liang Wang,2023,2023,0,Exact
A5101869288,Hong Li,doi:10.1109/etcs.2010.425,10.1109/etcs.2010.425,Hong Li,2010,2010,0,Exact
A5101870488,Yu Wang,doi:10.1186/s12906-020-03014-2,10.1186/s12906-020-03014-2,Yu Wang,2020,2024,4,Exact
A5101870787,Yang Liu,doi:10.1155/2021/4968300,10.1155/2021/4968300,Yang Liu,2021,2024,3,Exact
A5101871331,Wei Zhang,doi:10.2320/matertrans1989.37.99,10.2320/matertrans1989.37.99,Wei Zhang,1996,2019,23,Exact
A5101872244,Jian Li,doi:10.1016/j.heliyon.2024.e34821,10.1016/j.heliyon.2024.e34821,Jian Li,2024,2025,1,Exact
A5101877339,Jian Xu,doi:10.1074/jbc.m608310200,10.1074/jbc.m608310200,Jian Xu,2007,2019,12,Exact
A5101877339,Jian Xu,doi:10.1074/jbc.m708208200,10.1074/jbc.m708208200,Jian Xu,2008,2019,11,Exact
A5101877339,Jian Xu,doi:10.1074/jbc.m803020200,10.1074/jbc.m803020200,Jian Xu,2008,2019,11,Exact
A5101877339,Jian Xu,doi:10.1161/circulationaha.107.716498,10.1161/circulationaha.107.716498,Jian Xu,2007,2020,13,Exact
A5101877339,Jian Xu,doi:10.1161/01.atv.0000249394.94588.82,10.1161/01.atv.0000249394.94588.82,Jian Xu,2006,2022,16,Exact
A5101877339,Jian Xu,doi:10.1371/journal.pone.0029649,10.1371/journal.pone.0029649,Jian Xu,2012,2023,11,Exact
A5101877339,Jian Xu,doi:10.1161/circulationaha.106.684795,10.1161/circulationaha.106.684795,Jian Xu,2007,2026,19,Exact
A5101877339,Jian Xu,doi:10.1371/journal.pone.0046720,10.1371/journal.pone.0046720,Jian Xu,2012,2026,14,Exact
A5101877339,Jian Xu,doi:10.1371/journal.pone.0098486,10.1371/journal.pone.0098486,Jian Xu,2014,2026,12,Exact
A5101877929,Yu Zhang,doi:10.1109/ssme.2009.13,10.1109/ssme.2009.13,Yu Zhang,2009,2009,0,Exact
A5101879486,Wang Jun,doi:10.1155/2022/7506189,10.1155/2022/7506189,Jun Wang,2022,2023,1,Exact
A5101879933,Qi Wang,doi:10.1186/s12885-019-5656-7,10.1186/s12885-019-5656-7,Qi Wang,2019,2022,3,Exact
A5101880132,Yang Li,doi:10.1155/2021/9739219,10.1155/2021/9739219,Yang Li,2021,2023,2,Exact
A5101880175,Hao Wang,doi:10.1039/c3ta13157b,10.1039/c3ta13157b,Hao Wang,2013,2013,0,Exact
A5101882854,Jing Li,doi:10.1371/journal.pone.0227894,10.1371/journal.pone.0227894,Jing Li,2020,2023,3,Exact
A5101886618,Tao Wang,doi:10.1155/2022/7151414,10.1155/2022/7151414,Tao Wang,2022,2023,1,Exact
A5101886618,Tao Wang,doi:10.1155/2022/4757081,10.1155/2022/4757081,Tao Wang,2022,2024,2,Exact
A5101886854,Yu Zhang,doi:10.1109/wicom.2008.1852,10.1109/wicom.2008.1852,Yu Zhang,2008,2008,0,Exact
A5101895062,Ping Wang,doi:10.1038/mt.2016.103,10.1038/mt.2016.103,Ping Wang,2016,2022,6,Exact
A5101895062,Ping Wang,doi:10.1038/mt.2016.71,10.1038/mt.2016.71,Ping Wang,2016,2022,6,Exact
A5101895062,Ping Wang,doi:10.3390/ijms161023823,10.3390/ijms161023823,Ping Wang,2015,2025,10,Exact
A5101895992,Ying Zhang,doi:10.1109/cctae.2010.5544369,10.1109/cctae.2010.5544369,Ying Zhang,2010,2010,0,Exact
A5101897890,Hui Li,doi:10.1155/2022/4607735,10.1155/2022/4607735,Hui Li,2022,2023,1,Exact
A5101899269,Hui Zhang,doi:10.1109/icbbe.2011.5780057,10.1109/icbbe.2011.5780057,Hui Zhang,2011,2011,0,Exact
A5101903125,Jun Liu,doi:10.1109/icbbe.2011.5781631,10.1109/icbbe.2011.5781631,Jun Liu,2011,2011,0,Exact
A5101904389,Jun Li,doi:10.1007/s11033-014-3705-5,10.1007/s11033-014-3705-5,Jun Li,2014,2015,1,Exact
A5101906873,Wei Liu,doi:10.1155/2021/6194806,10.1155/2021/6194806,Wei Liu,2021,2022,1,Exact
A5101911113,Jun Yang,doi:10.1155/2022/5509129,10.1155/2022/5509129,Jun Yang,2022,2023,1,Exact
A5101917726,Lei Zhang,doi:10.1155/2022/8327006,10.1155/2022/8327006,Lei Zhang,2022,2023,1,Exact
A5101919621,Yang Liu,doi:10.1109/icebeg.2011.5882467,10.1109/icebeg.2011.5882467,Yang Liu,2011,2011,0,Exact
A5101923319,Ying Liu,doi:10.1109/wkdd.2010.8,10.1109/wkdd.2010.8,Ying Liu,2010,2010,0,Exact
A5101930356,Yan Li,doi:10.1155/2021/2235266,10.1155/2021/2235266,Yan Li,2021,2023,2,Exact
A5101930813,Wei Li,doi:10.1117/12.836794,10.1117/12.836794,Wei Li,2009,2015,6,Exact
A5101932080,Ying Liu,doi:10.1155/2021/3698845,10.1155/2021/3698845,Ying Liu,2021,2023,2,Exact
A5101933045,Bin Wang,doi:10.1042/bsr20171563,10.1042/bsr20171563,Bin Wang,2018,2021,3,Exact
A5101933924,Tao Wang,doi:10.1109/iceice.2011.5777152,10.1109/iceice.2011.5777152,Tao Wang,2011,2011,0,Exact
A5101937669,Yang Li,doi:10.1155/2022/1693531,10.1155/2022/1693531,Yang Li,2022,2023,1,Exact
A5101939501,Yu Wang,doi:10.1177/0020720920984681,10.1177/0020720920984681,Yu Wang,2021,2023,2,Exact
A5101940143,Chao Wang,doi:10.1109/iccasm.2010.5620239,10.1109/iccasm.2010.5620239,Chao Wang,2010,2010,0,Exact
A5101940143,Chao Wang,doi:10.1155/2021/4027900,10.1155/2021/4027900,Chao Wang,2021,2023,2,Exact
A5101943107,Li Yang,doi:10.1155/2022/1889628,10.1155/2022/1889628,Yang Li,2022,2022,0,Exact
A5101945802,Qian Li,doi:10.1109/icebeg.2011.5882031,10.1109/icebeg.2011.5882031,Qian Li,2011,2011,0,Exact
A5101945802,Qian Li,doi:10.1109/icemms.2011.6015692,10.1109/icemms.2011.6015692,Qian Li,2011,2011,0,Exact
A5101947323,Qi Wang,doi:10.1155/2016/1493098,10.1155/2016/1493098,Qi Wang,2016,2017,1,Exact
A5101949154,Peng Zhang,doi:10.1109/etcs.2010.77,10.1109/etcs.2010.77,Peng Zhang,2010,2010,0,Exact
A5101949155,Peng Zhang,doi:10.1109/icise.2009.600,10.1109/icise.2009.600,Peng Zhang,2009,2010,1,Exact
A5101949155,Peng Zhang,doi:10.1007/s10936-023-09989-6,10.1007/s10936-023-09989-6,Peng Zhang,2023,2026,3,Exact
A5101955899,Yan Chen,doi:10.1155/2022/4899555,10.1155/2022/4899555,Yan Chen,2022,2023,1,Exact
A5101962762,Wei Chen,doi:10.1109/icsess.2011.5982439,10.1109/icsess.2011.5982439,Wei Chen,2011,2011,0,Exact
A5101962762,Wei Chen,doi:10.1109/icsess.2011.5982459,10.1109/icsess.2011.5982459,Wei Chen,2011,2011,0,Exact
A5101964376,Hui Li,doi:10.1155/2022/7664404,10.1155/2022/7664404,Hui Li,2022,2023,1,Exact
A5101970527,Tao Liu,doi:10.1039/c9ra06378a,10.1039/c9ra06378a,Tao Liu,2019,2021,2,Exact
A5101975094,Qi Wang,doi:10.1109/icebeg.2011.5882097,10.1109/icebeg.2011.5882097,Qi Wang,2011,2011,0,Exact
A5101975705,Min Li,doi:10.1109/icebeg.2011.5882800,10.1109/icebeg.2011.5882800,Min Li,2011,2011,0,Exact
A5101975705,Min Li,doi:10.1109/icebeg.2011.5887150,10.1109/icebeg.2011.5887150,Min Li,2011,2011,0,Exact
A5101976608,Jing Zhao,doi:10.1155/2021/9922410,10.1155/2021/9922410,Jing Zhao,2021,2024,3,Exact
A5101978970,Lei Liu,doi:10.1109/iccsit.2010.5564090,10.1109/iccsit.2010.5564090,Lei Liu,2010,2010,0,Exact
A5101979804,Jie Chen,doi:10.1155/2021/7476717,10.1155/2021/7476717,Jie Chen,2021,2023,2,Exact
A5101981090,Fang Wang,doi:10.1039/c7ra12042g,10.1039/c7ra12042g,Fang Wang,2018,2022,4,Exact
A5101981092,Fang Wang,doi:10.1177/0300060518817171,10.1177/0300060518817171,Fang Wang,2019,2021,2,Exact
A5101981637,Hui Liu,doi:10.1109/icbbe.2007.14,10.1109/icbbe.2007.14,Hui Liu,2007,2007,0,Exact
A5101981780,Yu Liu,doi:10.1088/1742-6596/1744/4/042090,10.1088/1742-6596/1744/4/042090,Yu Liu,2020,2022,2,Exact
A5101982203,Feng Wang,doi:10.1109/ifita.2009.149,10.1109/ifita.2009.149,Feng Wang,2009,2009,0,Exact
A5101982490,Bin Zhang,doi:10.1109/icebeg.2011.5882564,10.1109/icebeg.2011.5882564,Bin Zhang,2011,2011,0,Exact
A5101983417,Yan Zhang,doi:10.1109/icebeg.2011.5881370,10.1109/icebeg.2011.5881370,Yan Zhang,2011,2011,0,Exact
A5101983801,Jie Li,doi:10.1155/2022/2000170,10.1155/2022/2000170,Jie Li,2022,2023,1,Exact
A5101984581,Jian Li,doi:10.1155/2021/2889115,10.1155/2021/2889115,Jian Li,2021,2023,2,Exact
A5101985994,Zhang Yong,doi:10.1007/s10479-021-04290-y,10.1007/s10479-021-04290-y,Yong Zhang,2021,2023,2,Exact
A5101987392,Qi Wang,doi:10.1109/icebeg.2011.5882246,10.1109/icebeg.2011.5882246,Qi Wang,2011,2011,0,Exact
A5101989559,Yan Chen,doi:10.1002/jctb.5871,10.1002/jctb.5871,Yan Chen,2018,2021,3,Exact
A5101989559,Yan Chen,doi:10.1016/j.powtec.2017.03.005,10.1016/j.powtec.2017.03.005,Yan Chen,2017,2021,4,Exact
A5101989559,Yan Chen,doi:10.1016/j.powtec.2017.09.026,10.1016/j.powtec.2017.09.026,Yan Chen,2017,2021,4,Exact
A5101989559,Yan Chen,doi:10.1016/j.scitotenv.2020.142960,10.1016/j.scitotenv.2020.142960,Yan Chen,2020,2021,1,Exact
A5101989559,Yan Chen,doi:10.1007/s11356-019-05873-w,10.1007/s11356-019-05873-w,Yan Chen,2019,2022,3,Exact
A5101992212,Hui Li,doi:10.1109/icebeg.2011.5882005,10.1109/icebeg.2011.5882005,Hui Li,2011,2011,0,Exact
A5101992212,Hui Li,doi:10.1109/icebeg.2011.5882610,10.1109/icebeg.2011.5882610,Hui Li,2011,2011,0,Exact
A5101992212,Hui Li,doi:10.1109/icebeg.2011.5887086,10.1109/icebeg.2011.5887086,Hui Li,2011,2011,0,Exact
A5101992682,Yu Liu,doi:10.3233/cbm-170310,10.3233/cbm-170310,Yu Liu,2017,2020,3,Exact
A5101992682,Yu Liu,doi:10.1080/21691401.2019.1636805,10.1080/21691401.2019.1636805,Yu Liu,2019,2021,2,Exact
A5101992682,Yu Liu,doi:10.1089/cbr.2019.2983,10.1089/cbr.2019.2983,Yu Liu,2020,2021,1,Exact
A5101993111,Wei Zhang,doi:10.1109/icebeg.2011.5881996,10.1109/icebeg.2011.5881996,Wei Zhang,2011,2011,0,Exact
A5101995233,Min Wang,doi:10.1109/icbbe.2011.5780783,10.1109/icbbe.2011.5780783,Min Wang,2011,2011,0,Exact
A5101996567,Qian Li,doi:10.1109/icbbe.2011.5779993,10.1109/icbbe.2011.5779993,Qian Li,2011,2011,0,Exact
A5101996816,Hui Wang,doi:10.1097/md.0000000000006042,10.1097/md.0000000000006042,Hui Wang,2017,2017,0,Exact
A5101998802,Li Hong,doi:10.1155/2021/7912554,10.1155/2021/7912554,Hong Li,2021,2023,2,Exact
A5102000409,Bo Zhang,doi:10.1159/000502537,10.1159/000502537,Bo Zhang,2019,2024,5,Exact
A5102003486,Xin Zhang,doi:10.1109/icmss.2009.5302617,10.1109/icmss.2009.5302617,Xin Zhang,2009,2009,0,Exact
A5102005976,Yang Liu,doi:10.1155/2022/4602428,10.1155/2022/4602428,Yang Liu,2022,2023,1,Exact
A5102006736,Jin Wang,doi:10.1039/d0cc05573e,10.1039/d0cc05573e,Jin Wang,2020,2021,1,Exact
A5102007222,Jian Li,doi:10.1155/2022/1621210,10.1155/2022/1621210,Jian Li,2022,2023,1,Exact
A5102013013,Yong Wang,doi:10.1155/2015/519747,10.1155/2015/519747,Yong Wang,2015,2020,5,Exact
A5102013672,Li Jun,doi:10.1155/2022/4041550,10.1155/2022/4041550,Jun Li,2022,2024,2,Exact
A5102014320,Wang Lin,doi:10.1088/1742-6596/1852/2/022006,10.1088/1742-6596/1852/2/022006,Lin Wang,2021,2022,1,Exact
A5102014717,Jian Li,doi:10.1155/2021/7671596,10.1155/2021/7671596,Jian Li,2021,2023,2,Exact
A5102015424,Jing Zhao,doi:10.1155/2022/6776050,10.1155/2022/6776050,Jing Zhao,2022,2024,2,Exact
A5102017562,Wei Wang,doi:10.1155/2022/3699885,10.1155/2022/3699885,Wei Wang,2022,2022,0,Exact
A5102021858,Yang Li,doi:10.1016/j.canlet.2019.10.008,10.1016/j.canlet.2019.10.008,Yang Li,2019,2019,0,Exact
A5102022760,Fang Liu,doi:10.2147/ott.s274092,10.2147/ott.s274092,Fang Liu,2020,2023,3,Exact
A5102023137,Wei Chen,doi:10.1155/2022/8218645,10.1155/2022/8218645,Wei Chen,2022,2023,1,Exact
A5102023839,Lei Zhang,doi:10.1155/2021/5516599,10.1155/2021/5516599,Lei Zhang,2021,2024,3,Exact
A5102023989,Jing Zhao,doi:10.3892/ol.2017.7114,10.3892/ol.2017.7114,Jing Zhao,2017,2023,6,Exact
A5102023989,Jing Zhao,doi:10.3892/or.2015.3999,10.3892/or.2015.3999,Jing Zhao,2015,2025,10,Exact
A5102025755,Li Ping,doi:10.1080/23802359.2019.1586494,10.1080/23802359.2019.1586494,Ping Li,2019,2020,1,Exact
A5102028170,Xi Chen,doi:10.1109/icbbe.2011.5781249,10.1109/icbbe.2011.5781249,Xi Chen,2011,2011,0,Exact
A5102484987,Yang Zhang,doi:10.1088/1742-6596/1648/3/032148,10.1088/1742-6596/1648/3/032148,Yang Zhang,2020,2022,2,Exact
A5102647679,Ying Chun Li,doi:10.1111/iwj.14574,10.1111/iwj.14574,Ying Li,2024,2025,1,Exact
A5102725591,Jun Zhang,doi:10.1002/srin.201900488,10.1002/srin.201900488,Jun Zhang,2019,2020,1,Exact
A5102728879,Yi Zhang,doi:10.1111/iwj.14541,10.1111/iwj.14541,Yi Zhang,2024,2025,1,Exact
A5102745002,Li Yang,doi:10.1002/jcb.27065,10.1002/jcb.27065,Yang Li,2018,2021,3,Exact
A5102754404,Yu Zhang,doi:10.1038/s41598-023-43475-2,10.1038/s41598-023-43475-2,Yu Zhang,2023,2023,0,Exact
A5102778991,Juan Li,doi:10.1155/2022/1194355,10.1155/2022/1194355,Juan Li,2022,2024,2,Exact
A5102782865,Feng Wang,doi:10.3390/ijms22094305,10.3390/ijms22094305,Feng Wang,2021,2021,0,Exact
A5102786560,Jian Xu,doi:10.1155/2022/6204173,10.1155/2022/6204173,Jian Xu,2022,2024,2,Exact
A5102792357,Jun Liu,doi:10.1016/j.cellimm.2012.08.005,10.1016/j.cellimm.2012.08.005,Jun Liu,2012,2013,1,Exact
A5102794270,Yan Liu,doi:10.1155/2022/9690401,10.1155/2022/9690401,Yan Liu,2022,2023,1,Exact
A5102819538,Jing Zhang,doi:10.1080/21655979.2021.2012416,10.1080/21655979.2021.2012416,Jing Zhang,2022,2024,2,Exact
A5102829821,Ming Li,doi:10.1109/icmss.2010.5577224,10.1109/icmss.2010.5577224,Ming Li,2010,2010,0,Exact
A5102843527,Feng Wang,doi:10.1109/aimsec.2011.6010060,10.1109/aimsec.2011.6010060,Feng Wang,2011,2011,0,Exact
A5102867906,Yan Wang,doi:10.3389/fpsyg.2022.810550,10.3389/fpsyg.2022.810550,Yan Wang,2022,2024,2,Exact
A5102868122,Li Yang,doi:10.1155/2021/6638610,10.1155/2021/6638610,Yang Li,2021,2023,2,Exact
A5102868743,Dan Liu,doi:10.1155/2022/7899809,10.1155/2022/7899809,Dan Liu,2022,2023,1,Exact
A5102871845,Jing Yang,doi:10.1155/2022/9138644,10.1155/2022/9138644,Jing Yang,2022,2024,2,Exact
A5102872389,Wang Min,doi:10.1007/s12517-021-06795-z,10.1007/s12517-021-06795-z,Min Wang,2021,2021,0,Exact
A5102888516,Yi Wang,doi:10.1155/2021/9979017,10.1155/2021/9979017,Yi Wang,2021,2023,2,Exact
A5102900476,Ming Li,doi:10.1155/2022/7996754,10.1155/2022/7996754,Ming Li,2022,2023,1,Exact
A5102903857,Jun Lu,doi:10.1007/s00521-020-05369-6,10.1007/s00521-020-05369-6,Jun Lu,2020,2022,2,Exact
A5102917382,Wei Li,doi:10.1080/15384101.2019.1648956,10.1080/15384101.2019.1648956,Wei Li,2019,2022,3,Exact
A5102924196,Wei Zhang,doi:10.1155/2023/3271057,10.1155/2023/3271057,Wei Zhang,2023,2023,0,Exact
A5102937181,Hong Li,doi:10.1155/2022/7839922,10.1155/2022/7839922,Hong Li,2022,2023,1,Exact
A5102953247,J. Liu,doi:10.1111/iwj.14524,10.1111/iwj.14524,Jun Liu,2023,2025,2,Exact
A5102960220,Feng Wang,doi:10.1155/2022/6945310,10.1155/2022/6945310,Feng Wang,2022,2024,2,Exact
A5102973091,Yu Wang,doi:10.1016/j.colsurfb.2015.02.048,10.1016/j.colsurfb.2015.02.048,Yu Wang,2015,2015,0,Exact
A5102973091,Yu Wang,doi:10.1155/2022/6206315,10.1155/2022/6206315,Yu Wang,2022,2024,2,Exact
A5102974766,Ming Li,doi:10.1155/2022/3725295,10.1155/2022/3725295,Ming Li,2022,2023,1,Exact
A5102985039,Yang Liu,doi:10.1007/s12012-021-09657-y,10.1007/s12012-021-09657-y,Yang Liu,2021,2023,2,Exact
A5102993611,Jing Zhao,doi:10.3233/jifs-179255,10.3233/jifs-179255,Jing Zhao,2019,2025,6,Exact
A5102995581,Jun Yang,doi:10.1155/2022/3585540,10.1155/2022/3585540,Jun Yang,2022,2023,1,Exact
A5103041386,Hong Zhang,doi:10.1088/1742-6596/1533/3/032048,10.1088/1742-6596/1533/3/032048,Hong Zhang,2020,2022,2,Exact
A5103043669,Liang Wang,doi:10.1109/iccet.2010.5485387,10.1109/iccet.2010.5485387,Liang Wang,2010,2010,0,Exact
A5103053297,Li Lei,doi:10.1109/icams.2010.5552829,10.1109/icams.2010.5552829,Lei Li,2010,2010,0,Exact
A5103053572,Xin Zhang,doi:10.1007/s10586-016-0551-3,10.1007/s10586-016-0551-3,Xin Zhang,2016,2017,1,Exact
A5103073589,Jie Wang,doi:10.1038/s41388-020-1254-z,10.1038/s41388-020-1254-z,Jie Wang,2020,2023,3,Exact
A5103105312,Jun Ru Yang,doi:10.1155/2022/7827104,10.1155/2022/7827104,Jun Yang,2022,2024,2,Exact
A5103108220,Feng Wang,doi:10.1155/2022/9629158,10.1155/2022/9629158,Feng Wang,2022,2023,1,Exact
A5103110312,Li Chen,doi:10.1155/2023/7486220,10.1155/2023/7486220,Li Chen,2023,2023,0,Exact
A5103111786,Lei Zhang,doi:10.1002/gps.3845,10.1002/gps.3845,Lei Zhang,2012,2015,3,Exact
A5103116435,Jing Chen,doi:10.1016/s1995-7645(11)60248-4,10.1016/s1995-7645(11)60248-4,Jing Chen,2011,2011,0,Exact
A5103141629,Dan Liu,doi:10.1002/14651858.cd008640.pub2,10.1002/14651858.cd008640.pub2,Dan Liu,2012,2014,2,Exact
A5103157014,Lei Wang,doi:10.1177/00368504211016953,10.1177/00368504211016953,Lei Wang,2021,2022,1,Exact
A5103166485,Yang Wang,doi:10.1109/icmss.2009.5301066,10.1109/icmss.2009.5301066,Yang Wang,2009,2009,0,Exact
A5103170672,Wei Liu,doi:10.1111/iwj.14708,10.1111/iwj.14708,Wei Liu,2024,2025,1,Exact
A5103177501,Jing Zhang,doi:10.1155/2022/6535308,10.1155/2022/6535308,Jing Zhang,2022,2023,1,Exact
A5103178479,Lei Liu,doi:10.1007/s13277-016-5458-3,10.1007/s13277-016-5458-3,Lei Liu,2016,2021,5,Exact
A5103184233,Jie Wang,doi:10.1155/2022/5358030,10.1155/2022/5358030,Jie Wang,2022,2023,1,Exact
A5103186940,Z. Tao,doi:10.1016/j.est.2019.101054,10.1016/j.est.2019.101054,Tao Zhang,2019,2023,4,Exact
A5103187234,Wei Wang,doi:10.1111/iwj.14455,10.1111/iwj.14455,Wei Wang,2023,2025,2,Exact
A5103198031,Jing Wang,doi:10.1109/aimsec.2011.6009697,10.1109/aimsec.2011.6009697,Jing Wang,2011,2011,0,Exact
A5103201487,Lin Zhang,doi:10.1109/qr2mse.2013.6625565,10.1109/qr2mse.2013.6625565,Lin Zhang,2013,2013,0,Exact
A5103213127,Dan Wang,doi:10.1109/icebeg.2011.5887191,10.1109/icebeg.2011.5887191,Dan Wang,2011,2011,0,Exact
A5103218134,Wei Zhang,doi:10.1186/s12906-018-2118-8,10.1186/s12906-018-2118-8,Wei Zhang,2018,2022,4,Exact
A5103224227,Ying Zhang,doi:10.1155/2021/7008898,10.1155/2021/7008898,Ying Zhang,2021,2023,2,Exact
A5103235582,Jing Zhao,doi:10.1155/2022/5263021,10.1155/2022/5263021,Jing Zhao,2022,2023,1,Exact
A5103237433,Lei Liu,doi:10.1155/2021/8042755,10.1155/2021/8042755,Lei Liu,2021,2023,2,Exact
A5103247363,Jing Zhao,doi:10.1109/ett.2009.88,10.1109/ett.2009.88,Jing Zhao,2009,2010,1,Exact
A5103272289,Wei Zhao,doi:10.1109/icicci.2010.129,10.1109/icicci.2010.129,Wei Zhao,2010,2010,0,Exact
A5103274952,Qian Li,doi:10.1109/icnc.2011.6022514,10.1109/icnc.2011.6022514,Qian Li,2011,2011,0,Exact
A5103276659,Bo Wang,doi:10.1155/2021/7461874,10.1155/2021/7461874,Bo Wang,2021,2023,2,Exact
A5103282157,Yan Li,doi:10.1159/000481668,10.1159/000481668,Yan Li,2017,2021,4,Exact
A5103401671,Li Li,doi:10.1016/j.heliyon.2023.e21049,10.1016/j.heliyon.2023.e21049,Li Li,2023,2026,3,Exact
A5103409441,Jing Yang,doi:10.1109/icebeg.2011.5881650,10.1109/icebeg.2011.5881650,Jing Yang,2011,2011,0,Exact
A5103641532,Yang Li,doi:10.1109/icnc.2010.5582554,10.1109/icnc.2010.5582554,Yang Li,2010,2010,0,Exact
A5103756554,Jasti S. Rao,doi:10.1158/0008-5472.can-06-2892,10.1158/0008-5472.can-06-2892,Jasti S Rao,2007,2018,11,Exact
A5103756554,Jasti S. Rao,doi:10.1158/0008-5472.can-07-0751,10.1158/0008-5472.can-07-0751,Jasti S Rao,2007,2018,11,Exact
A5103756554,Jasti S. Rao,doi:10.1074/jbc.m104334200,10.1074/jbc.m104334200,Jasti S Rao,2001,2020,19,Exact
A5103756554,Jasti S. Rao,doi:10.1074/jbc.m408520200,10.1074/jbc.m408520200,Jasti S Rao,2005,2020,15,Exact
A5103756554,Jasti S. Rao,doi:10.1074/jbc.m705867200,10.1074/jbc.m705867200,Jasti S Rao,2007,2020,13,Exact
A5103756554,Jasti S. Rao,doi:10.1074/jbc.m707931200,10.1074/jbc.m707931200,Jasti S Rao,2007,2020,13,Exact
A5103756554,Jasti S. Rao,doi:10.1371/journal.pone.0010350,10.1371/journal.pone.0010350,Jasti S Rao,2010,2020,10,Exact
A5103756554,Jasti S. Rao,doi:10.1371/journal.pone.0011668,10.1371/journal.pone.0011668,Jasti S Rao,2010,2020,10,Exact
A5103756554,Jasti S. Rao,doi:10.1371/journal.pone.0013731,10.1371/journal.pone.0013731,Jasti S Rao,2010,2020,10,Exact
A5103756554,Jasti S. Rao,doi:10.1371/journal.pone.0020614,10.1371/journal.pone.0020614,Jasti S Rao,2011,2020,9,Exact
A5103756554,Jasti S. Rao,doi:10.1002/ijc.22962,10.1002/ijc.22962,Jasti S Rao,2007,2021,14,Exact
A5103756554,Jasti S. Rao,doi:10.1002/mc.21915,10.1002/mc.21915,Jasti S Rao,2012,2021,9,Exact
A5103756554,Jasti S. Rao,doi:10.1007/s11060-011-0727-x,10.1007/s11060-011-0727-x,Jasti S Rao,2011,2021,10,Exact
A5103756554,Jasti S. Rao,doi:10.1016/j.cellsig.2011.10.008,10.1016/j.cellsig.2011.10.008,Jasti S Rao,2011,2021,10,Exact
A5103756554,Jasti S. Rao,doi:10.1158/1541-7786.mcr-10-0399,10.1158/1541-7786.mcr-10-0399,Jasti S Rao,2010,2021,11,Exact
A5103756554,Jasti S. Rao,doi:10.3892/ijo.2011.1255,10.3892/ijo.2011.1255,Jasti S Rao,2011,2021,10,Exact
A5103756554,Jasti S. Rao,doi:10.1038/onc.2008.122,10.1038/onc.2008.122,Jasti S Rao,2008,2025,17,Exact
A5103756554,Jasti S. Rao,doi:10.1038/sj.onc.1200963,10.1038/sj.onc.1200963,Jasti S Rao,1997,2025,28,Exact
A5103756554,Jasti S. Rao,doi:10.1038/sj.onc.1204480,10.1038/sj.onc.1204480,Jasti S Rao,2001,2025,24,Exact
A5103756554,Jasti S. Rao,doi:10.1038/sj.onc.1204799,10.1038/sj.onc.1204799,Jasti S Rao,2001,2025,24,Exact
A5103756554,Jasti S. Rao,doi:10.1038/sj.onc.1204847,10.1038/sj.onc.1204847,Jasti S Rao,2001,2025,24,Exact
A5103756554,Jasti S. Rao,doi:10.1038/sj.onc.1204983,10.1038/sj.onc.1204983,Jasti S Rao,2002,2025,23,Exact
A5103756554,Jasti S. Rao,doi:10.1038/sj.onc.1204999,10.1038/sj.onc.1204999,Jasti S Rao,2002,2025,23,Exact
A5103756554,Jasti S. Rao,doi:10.1038/sj.onc.1205646,10.1038/sj.onc.1205646,Jasti S Rao,2002,2025,23,Exact
A5103756554,Jasti S. Rao,doi:10.1038/sj.onc.1205894,10.1038/sj.onc.1205894,Jasti S Rao,2002,2025,23,Exact
A5103756554,Jasti S. Rao,doi:10.1038/sj.onc.1206164,10.1038/sj.onc.1206164,Jasti S Rao,2003,2025,22,Exact
A5103756554,Jasti S. Rao,doi:10.1038/sj.onc.1206535,10.1038/sj.onc.1206535,Jasti S Rao,2003,2025,22,Exact
A5103756554,Jasti S. Rao,doi:10.1038/sj.onc.1207338,10.1038/sj.onc.1207338,Jasti S Rao,2004,2025,21,Exact
A5103756554,Jasti S. Rao,doi:10.1038/sj.onc.1207406,10.1038/sj.onc.1207406,Jasti S Rao,2004,2025,21,Exact
A5103756554,Jasti S. Rao,doi:10.1038/sj.onc.1207616,10.1038/sj.onc.1207616,Jasti S Rao,2004,2025,21,Exact
A5103756554,Jasti S. Rao,doi:10.1038/sj.onc.1207879,10.1038/sj.onc.1207879,Jasti S Rao,2024,2025,1,Exact
A5103756554,Jasti S. Rao,doi:10.1371/journal.pone.0011583,10.1371/journal.pone.0011583,Jasti S Rao,2010,2025,15,Exact
A5103756554,Jasti S. Rao,doi:10.1371/journal.pone.0011813,10.1371/journal.pone.0011813,Jasti S Rao,2010,2025,15,Exact
A5103756554,Jasti S. Rao,doi:10.1371/journal.pone.0012458,10.1371/journal.pone.0012458,Jasti S Rao,2010,2025,15,Exact
A5103756554,Jasti S. Rao,doi:10.1371/journal.pone.0013006,10.1371/journal.pone.0013006,Jasti S Rao,2010,2025,15,Exact
A5103756554,Jasti S. Rao,doi:10.1371/journal.pone.0019341,10.1371/journal.pone.0019341,Jasti S Rao,2011,2025,14,Exact
A5103756554,Jasti S. Rao,doi:10.1371/journal.pone.0026191,10.1371/journal.pone.0026191,Jasti S Rao,2011,2025,14,Exact
A5103821838,Jun Lu,doi:10.1186/s12885-023-11170-0,10.1186/s12885-023-11170-0,Jun Lu,2023,2024,1,Exact
A5103836716,Rui Zhang,doi:10.1145/3465631.3465973,10.1145/3465631.3465973,Rui Zhang,2021,2022,1,Exact
A5104075260,Jie Chen,doi:10.1155/2022/7151414,10.1155/2022/7151414,Jie Chen,2022,2023,1,Exact
A5104080732,Yan Zhang,doi:10.1109/aimsec.2011.6010572,10.1109/aimsec.2011.6010572,Yan Zhang,2011,2011,0,Exact
A5104169440,Hong Zhang,doi:10.3892/or.2014.3650,10.3892/or.2014.3650,Hong Zhang,2014,2024,10,Exact
A5104239516,Wei Li,doi:10.1155/2021/2105176,10.1155/2021/2105176,Wei Li,2021,2023,2,Exact
A5104255973,Yang Yang,doi:10.1111/ppl.12476,10.1111/ppl.12476,Yang Yang,2016,2018,2,Exact
A5104299271,Yang Yang,doi:10.1016/j.compbiomed.2024.108615,10.1016/j.compbiomed.2024.108615,Yang Yang,2024,2024,0,Exact
A5104319672,Yang Li,doi:10.1016/j.tsc.2021.100959,10.1016/j.tsc.2021.100959,Yang Li,2021,2022,1,Exact
A5104668712,Jie Zhang,doi:10.1007/s13277-014-1754-y,10.1007/s13277-014-1754-y,Jie Zhang,2014,2017,3,Exact
A5104928020,Wei Wang,doi:10.1002/pro.4367,10.1002/pro.4367,Wei Wang,2022,2023,1,Exact
A5105235533,Li Li,doi:10.1109/wcse.2009.318,10.1109/wcse.2009.318,Li Li,2009,2009,0,Exact
A5105667992,Jun Wang,doi:10.1111/srt.13715,10.1111/srt.13715,Jun Wang,2024,2025,1,Exact
A5105690761,Yang Wang,doi:10.1155/2021/8229039,10.1155/2021/8229039,Yang Wang,2021,2023,2,Exact
A5105757192,Peng Li,doi:10.1186/s13287-021-02393-8,10.1186/s13287-021-02393-8,Peng Li,2021,2022,1,Exact
A5105797276,尚美 木本,doi:10.1093/bja/67.5.595,10.1093/bja/67.5.595,Joachim Boldt,1991,2020,29,Initial
A5106036096,Yu Wang,doi:10.1038/emboj.2010.65,10.1038/emboj.2010.65,Yu Wang,2010,2015,5,Exact
A5106231611,Ying Li,doi:10.1371/journal.pone.0115980,10.1371/journal.pone.0115980,Ying Li,2014,2015,1,Exact
A5106235754,Bin Liu,doi:10.1074/jbc.m405147200,10.1074/jbc.m405147200,Bin Liu,2004,2020,16,Exact
A5106387597,Min Li,doi:10.1038/srep19222,10.1038/srep19222,Min Li,2016,2016,0,Exact
A5106387597,Min Li,doi:10.1186/s12935-016-0362-x,10.1186/s12935-016-0362-x,Min Li,2016,2019,3,Exact
A5106387597,Min Li,doi:10.1186/s12943-015-0315-3,10.1186/s12943-015-0315-3,Min Li,2015,2019,4,Exact
A5106387597,Min Li,doi:10.1186/1479-5876-11-301,10.1186/1479-5876-11-301,Min Li,2013,2020,7,Exact
A5106403837,Yan Wang,doi:10.1155/2021/7778605,10.1155/2021/7778605,Yan Wang,2021,2024,3,Exact
A5106406940,Lei Wang,doi:10.3233/jifs-234562,10.3233/jifs-234562,Lei Wang,2023,2025,2,Exact
A5106407830,Li Li,doi:10.1109/icetce.2011.5774257,10.1109/icetce.2011.5774257,Li Li,2011,2011,0,Exact
A5106596953,Min Li,doi:10.1155/2021/5955343,10.1155/2021/5955343,Min Li,2021,2024,3,Exact
A5106725202,Juan Li,doi:10.1039/c9ra05176g,10.1039/c9ra05176g,Juan Li,2019,2021,2,Exact
A5106920585,Peng Li,doi:10.1088/1757-899x/234/1/012014,10.1088/1757-899x/234/1/012014,Peng Li,2017,2019,2,Exact
A5106975842,Jun Liu,doi:10.1042/bsr20191062,10.1042/bsr20191062,Jun Liu,2020,2022,2,Exact
A5106980048,Liakopoulos Dimitris,doi:10.5937/megrev2001001l,10.5937/megrev2001001l,Dimitris Liakopoulos,2020,2020,0,Exact
A5107031356,Gang Wang,doi:10.1155/2022/3596665,10.1155/2022/3596665,Gang Wang,2022,2023,1,Exact
A5107062631,Tao Li,doi:10.1016/j.biopha.2017.05.105,10.1016/j.biopha.2017.05.105,Tao Li,2017,2023,6,Exact
A5107114898,Li Li,doi:10.1109/icpim.2011.5983710,10.1109/icpim.2011.5983710,Li Li,2011,2011,0,Exact
A5107170303,Min Li,doi:10.1109/icbbe.2011.5780037,10.1109/icbbe.2011.5780037,Min Li,2011,2011,0,Exact
A5107306837,Yu Wang,doi:10.1002/ijc.27927,10.1002/ijc.27927,Yu Wang,2013,2015,2,Exact
A5107306837,Yu Wang,doi:10.1002/jcb.27445,10.1002/jcb.27445,Yu Wang,2018,2021,3,Exact
A5107306837,Yu Wang,doi:10.1155/2022/8770996,10.1155/2022/8770996,Yu Wang,2022,2023,1,Exact
A5107444519,Ying Zhang,doi:10.1109/icebeg.2011.5881479,10.1109/icebeg.2011.5881479,Ying Zhang,2011,2011,0,Exact
A5107838887,Hong Zhang,doi:10.1155/2021/5754114,10.1155/2021/5754114,Hong Zhang,2021,2023,2,Exact
A5107842408,Qian Li,doi:10.1016/j.heliyon.2024.e36612,10.1016/j.heliyon.2024.e36612,Qian Li,2024,2025,1,Exact
A5107863477,Yu Zhang,doi:10.1371/journal.pone.0088779,10.1371/journal.pone.0088779,Yu Zhang,2014,2022,8,Exact
A5107885846,Lei Li,doi:10.2147/ott.s268678,10.2147/ott.s268678,Lei Li,2020,2022,2,Exact
A5107889976,Li Wang,doi:10.1109/icbbe.2011.5780233,10.1109/icbbe.2011.5780233,Li Wang,2011,2011,0,Exact
A5107889976,Li Wang,doi:10.1155/2021/2087609,10.1155/2021/2087609,Li Wang,2021,2023,2,Exact
A5107889976,Li Wang,doi:10.1155/2022/8371492,10.1155/2022/8371492,Li Wang,2022,2023,1,Exact
A5107889976,Li Wang,doi:10.3233/rnn-201073,10.3233/rnn-201073,Li Wang,2021,2023,2,Exact
A5107891330,Fang Liu,doi:10.1155/2022/4559982,10.1155/2022/4559982,Fang Liu,2022,2023,1,Exact
A5107938911,Min Li,doi:10.1111/srt.13889,10.1111/srt.13889,Min Li,2024,2025,1,Exact
A5107953153,Nan Li,doi:10.1074/jbc.m113.525014,10.1074/jbc.m113.525014,Nan Li,2014,2021,7,Exact
A5107954647,Ying Zhang,doi:10.1109/icbbe.2011.5780764,10.1109/icbbe.2011.5780764,Ying Zhang,2011,2011,0,Exact
A5107954647,Ying Zhang,doi:10.1109/icbbe.2011.5781140,10.1109/icbbe.2011.5781140,Ying Zhang,2011,2011,0,Exact
A5107957665,Peng Li,doi:10.1109/qr2mse.2013.6625837,10.1109/qr2mse.2013.6625837,Peng Li,2013,2013,0,Exact
A5108046685,Wei Li,doi:10.2147/ott.s183940,10.2147/ott.s183940,Wei Li,2019,2024,5,Exact
A5108046728,Ying Zhang,doi:10.1007/s10876-018-1446-7,10.1007/s10876-018-1446-7,Ying Zhang,2018,2024,6,Exact
A5108046754,Ying Zhang,doi:10.3389/fphys.2020.00897,10.3389/fphys.2020.00897,Ying Zhang,2020,2022,2,Exact
A5108047871,Yi Wang,doi:10.1088/1755-1315/428/1/012082,10.1088/1755-1315/428/1/012082,Yi Wang,2019,2021,2,Exact
A5108047871,Yi Wang,doi:10.1155/2022/2675950,10.1155/2022/2675950,Yi Wang,2022,2023,1,Exact
A5108047889,Yi-Xiang Wang,doi:10.1080/15376494.2024.2414198,10.1080/15376494.2024.2414198,Yi Wang,2024,2025,1,Exact
A5108048810,Wei Zhao,doi:10.1109/icbbe.2011.5781386,10.1109/icbbe.2011.5781386,Wei Zhao,2011,2011,0,Exact
A5108048810,Wei Zhao,doi:10.1155/2022/7968999,10.1155/2022/7968999,Wei Zhao,2022,2023,1,Exact
A5108049812,Lei Zhang,doi:10.1155/2021/6645467,10.1155/2021/6645467,Lei Zhang,2021,2022,1,Exact
A5108052724,Yang Zhang,doi:10.1109/icbbe.2011.5781638,10.1109/icbbe.2011.5781638,Yang Zhang,2011,2011,0,Exact
A5108052996,Yang Yang,doi:10.1109/icebeg.2011.5882322,10.1109/icebeg.2011.5882322,Yang Yang,2011,2011,0,Exact
A5108055084,Jing Liu,doi:10.2147/idr.s318005,10.2147/idr.s318005,Jing Liu,2021,2021,0,Exact
A5108059654,Hui Zhang,doi:10.1155/2021/4105784,10.1155/2021/4105784,Hui Zhang,2021,2023,2,Exact
A5108059677,Hong Li,doi:10.1155/2022/9212116,10.1155/2022/9212116,Hong Li,2022,2023,1,Exact
A5108063768,Bo Wang,doi:10.1016/j.est.2022.104926,10.1016/j.est.2022.104926,Bo Wang,2022,2024,2,Exact
A5108069464,Li Li,doi:10.1080/15384101.2019.1710912,10.1080/15384101.2019.1710912,Li Li,2020,2022,2,Exact
A5108108376,Liang Wang,doi:10.3892/ijmm.2017.2880,10.3892/ijmm.2017.2880,Liang Wang,2017,2022,5,Exact
A5108117231,Ying Zhang,doi:10.1109/icbbe.2011.5781339,10.1109/icbbe.2011.5781339,Ying Zhang,2011,2011,0,Exact
A5108144474,Peng Li,doi:10.1109/cctae.2010.5543409,10.1109/cctae.2010.5543409,Peng Li,2010,2010,0,Exact
A5108146628,Yang Liu,doi:10.3760/cma.j.issn.0366-6999.20133074,10.3760/cma.j.issn.0366-6999.20133074,Yang Liu,2014,2014,0,Exact
A5108156794,Bin Wang,doi:10.1155/2023/9597905,10.1155/2023/9597905,Bin Wang,2023,2024,1,Exact
A5108240542,Wei Zhang,doi:10.1007/s11082-023-05713-9,10.1007/s11082-023-05713-9,Wei Zhang,2023,2024,1,Exact
A5108258014,Bo Wang,doi:10.1109/icebeg.2011.5884489,10.1109/icebeg.2011.5884489,Bo Wang,2011,2011,0,Exact
A5108361045,Jing Yang,doi:10.1109/icebeg.2011.5881559,10.1109/icebeg.2011.5881559,Jing Yang,2011,2011,0,Exact
A5108397355,Fang Liu,doi:10.1155/2022/4818011,10.1155/2022/4818011,Fang Liu,2022,2023,1,Exact
A5108397355,Fang Liu,doi:10.1155/2023/9917311,10.1155/2023/9917311,Fang Liu,2023,2023,0,Exact
A5108417396,G. Hempelmann,doi:10.1159/000222127,10.1159/000222127,Gunter G Hempelmann,1986,2015,29,Initial
A5108417396,G. Hempelmann,doi:10.1093/bja/69.1.45,10.1093/bja/69.1.45,Gunter G Hempelmann,1992,2020,28,Initial
A5108417396,G. Hempelmann,doi:10.1097/00000539-199503000-00008,10.1097/00000539-199503000-00008,Gunter G Hempelmann,1995,2020,25,Initial
A5108417396,G. Hempelmann,doi:10.1097/00000539-199512000-00022,10.1097/00000539-199512000-00022,Gunter G Hempelmann,1995,2020,25,Initial
A5108417396,G. Hempelmann,doi:10.1016/0003-4975(94)00851-w,10.1016/0003-4975(94)00851-w,Gunter G Hempelmann,1995,2021,26,Initial
A5108417396,G. Hempelmann,doi:10.1016/s0003-4975(97)01306-4,10.1016/s0003-4975(97)01306-4,Gunter G Hempelmann,1998,2021,23,Initial
A5108417396,G. Hempelmann,doi:10.1016/s0022-5223(19)34197-2,10.1016/s0022-5223(19)34197-2,Gunter G Hempelmann,1993,2021,28,Initial
A5108417396,G. Hempelmann,doi:10.1097/00024382-199409000-00001,10.1097/00024382-199409000-00001,Gunter G Hempelmann,1994,2021,27,Initial
A5108417396,G. Hempelmann,doi:10.1007/bf00263558,10.1007/bf00263558,Gunter G Hempelmann,1987,2023,36,Initial
A5108417396,G. Hempelmann,doi:10.1016/1053-0770(94)90335-2,10.1016/1053-0770(94)90335-2,Gunter G Hempelmann,1994,2024,30,Initial
A5108417396,G. Hempelmann,doi:10.1016/s1053-0770(05)80054-0,10.1016/s1053-0770(05)80054-0,Gunter G Hempelmann,1995,2024,29,Initial
A5108448496,Jie Li,doi:10.1155/2022/7101007,10.1155/2022/7101007,Jie Li,2022,2023,1,Exact
A5108572291,Ping Zhang,doi:10.1016/j.heliyon.2024.e37778,10.1016/j.heliyon.2024.e37778,Ping Zhang,2024,2025,1,Exact
A5108574153,Jing Zhao,doi:10.1155/2022/5391636,10.1155/2022/5391636,Jing Zhao,2022,2023,1,Exact
A5108574153,Jing Zhao,doi:10.1159/000499625,10.1159/000499625,Jing Zhao,2019,2024,5,Exact
A5108576108,Yong Zhang,doi:10.1515/htmp-2015-0053,10.1515/htmp-2015-0053,Yong Zhang,2015,2015,0,Exact
A5108600470,Hua Zhong,doi:10.1107/s1600536807027171,10.1107/s1600536807027171,Hua Zhong,2007,2009,2,Exact
A5108600470,Hua Zhong,doi:10.1107/s1600536807028061,10.1107/s1600536807028061,Hua Zhong,2007,2009,2,Exact
A5108600470,Hua Zhong,doi:10.1107/s1600536807028693,10.1107/s1600536807028693,Hua Zhong,2007,2009,2,Exact
A5108600470,Hua Zhong,doi:10.1107/s1600536807030371,10.1107/s1600536807030371,Hua Zhong,2007,2009,2,Exact
A5108600470,Hua Zhong,doi:10.1107/s1600536807035350,10.1107/s1600536807035350,Hua Zhong,2007,2009,2,Exact
A5108600470,Hua Zhong,doi:10.1107/s1600536807038676,10.1107/s1600536807038676,Hua Zhong,2007,2009,2,Exact
A5108600470,Hua Zhong,doi:10.1107/s1600536807043528,10.1107/s1600536807043528,Hua Zhong,2007,2009,2,Exact
A5108651569,Jun Lü,doi:10.1155/2022/9971780,10.1155/2022/9971780,Jun Lu,2022,2023,1,Exact
A5108651569,Jun Lü,doi:10.1016/j.ymthe.2021.09.009,10.1016/j.ymthe.2021.09.009,Jun Lu,2021,2024,3,Exact
A5108651569,Jun Lü,doi:10.1038/s41388-020-01571-x,10.1038/s41388-020-01571-x,Jun Lu,2020,2024,4,Exact
A5108651569,Jun Lü,doi:10.1038/s41389-020-00300-z,10.1038/s41389-020-00300-z,Jun Lu,2021,2024,3,Exact
A5108651569,Jun Lü,doi:10.1038/s41419-020-2448-6,10.1038/s41419-020-2448-6,Jun Lu,2020,2024,4,Exact
A5108651569,Jun Lü,doi:10.1038/s41419-021-04036-5,10.1038/s41419-021-04036-5,Jun Lu,2021,2024,3,Exact
A5108683792,Ying Liu,doi:10.1109/icbmei.2011.5920339,10.1109/icbmei.2011.5920339,Ying Liu,2011,2011,0,Exact
A5108731091,Jun Yang,doi:10.1016/j.jep.2008.03.006,10.1016/j.jep.2008.03.006,Jun Yang,2008,2008,0,Exact
A5108732420,Qian Li,doi:10.1002/jcb.25208,10.1002/jcb.25208,Qian Li,2015,2021,6,Exact
A5108739892,Na Li,doi:10.1155/2022/3611174,10.1155/2022/3611174,Na Li,2022,2023,1,Exact
A5108779115,Bin Liu,doi:10.1155/2022/9123332,10.1155/2022/9123332,Bin Liu,2022,2023,1,Exact
A5108782830,Gang Wang,doi:10.1155/2022/7348884,10.1155/2022/7348884,Gang Wang,2022,2023,1,Exact
A5108811062,Y. Fujii,doi:10.1016/s0029-7844(01)01641-6,10.1016/s0029-7844(01)01641-6,Yoshitaka Fujii,2002,2013,11,Initial
A5108823933,Yi Zhang,doi:10.1155/2022/7187940,10.1155/2022/7187940,Yi Zhang,2022,2023,1,Exact
A5108827472,Tao Wang,doi:10.3389/fpsyg.2022.912355,10.3389/fpsyg.2022.912355,Tao Wang,2022,2025,3,Exact
A5108831521,Yu Wang,doi:10.1155/2022/6735100,10.1155/2022/6735100,Yu Wang,2022,2023,1,Exact
A5108971751,Lei Wang,doi:10.1186/s12876-015-0380-5,10.1186/s12876-015-0380-5,Lei Wang,2015,2022,7,Exact
A5109092413,Michael Fresenius,doi:10.1007/978-3-642-36942-1_1,10.1007/978-3-642-36942-1_1,Michael Fresenius,2014,2014,0,Exact
A5109092413,Michael Fresenius,doi:10.1007/978-3-642-36942-1_10,10.1007/978-3-642-36942-1_10,Michael Fresenius,2014,2014,0,Exact
A5109092413,Michael Fresenius,doi:10.1007/978-3-642-36942-1_12,10.1007/978-3-642-36942-1_12,Michael Fresenius,2014,2014,0,Exact
A5109092413,Michael Fresenius,doi:10.1007/978-3-642-36942-1_13,10.1007/978-3-642-36942-1_13,Michael Fresenius,2014,2014,0,Exact
A5109092413,Michael Fresenius,doi:10.1007/978-3-642-36942-1_14,10.1007/978-3-642-36942-1_14,Michael Fresenius,2014,2014,0,Exact
A5109092413,Michael Fresenius,doi:10.1007/978-3-642-36942-1_15,10.1007/978-3-642-36942-1_15,Michael Fresenius,2014,2014,0,Exact
A5109092413,Michael Fresenius,doi:10.1007/978-3-642-36942-1_16,10.1007/978-3-642-36942-1_16,Michael Fresenius,2014,2014,0,Exact
A5109092413,Michael Fresenius,doi:10.1007/978-3-642-36942-1_17,10.1007/978-3-642-36942-1_17,Michael Fresenius,2014,2014,0,Exact
A5109092413,Michael Fresenius,doi:10.1007/978-3-642-36942-1_18,10.1007/978-3-642-36942-1_18,Michael Fresenius,2014,2014,0,Exact
A5109092413,Michael Fresenius,doi:10.1007/978-3-642-36942-1_19,10.1007/978-3-642-36942-1_19,Michael Fresenius,2014,2014,0,Exact
A5109092413,Michael Fresenius,doi:10.1007/978-3-642-36942-1_2,10.1007/978-3-642-36942-1_2,Michael Fresenius,2014,2014,0,Exact
A5109092413,Michael Fresenius,doi:10.1007/978-3-642-36942-1_20,10.1007/978-3-642-36942-1_20,Michael Fresenius,2014,2014,0,Exact
A5109092413,Michael Fresenius,doi:10.1007/978-3-642-36942-1_21,10.1007/978-3-642-36942-1_21,Michael Fresenius,2014,2014,0,Exact
A5109092413,Michael Fresenius,doi:10.1007/978-3-642-36942-1_22,10.1007/978-3-642-36942-1_22,Michael Fresenius,2014,2014,0,Exact
A5109092413,Michael Fresenius,doi:10.1007/978-3-642-36942-1_23,10.1007/978-3-642-36942-1_23,Michael Fresenius,2014,2014,0,Exact
A5109092413,Michael Fresenius,doi:10.1007/978-3-642-36942-1_24,10.1007/978-3-642-36942-1_24,Michael Fresenius,2014,2014,0,Exact
A5109092413,Michael Fresenius,doi:10.1007/978-3-642-36942-1_25,10.1007/978-3-642-36942-1_25,Michael Fresenius,2014,2014,0,Exact
A5109092413,Michael Fresenius,doi:10.1007/978-3-642-36942-1_26,10.1007/978-3-642-36942-1_26,Michael Fresenius,2014,2014,0,Exact
A5109092413,Michael Fresenius,doi:10.1007/978-3-642-36942-1_27,10.1007/978-3-642-36942-1_27,Michael Fresenius,2014,2014,0,Exact
A5109092413,Michael Fresenius,doi:10.1007/978-3-642-36942-1_28,10.1007/978-3-642-36942-1_28,Michael Fresenius,2014,2014,0,Exact
A5109092413,Michael Fresenius,doi:10.1007/978-3-642-36942-1_30,10.1007/978-3-642-36942-1_30,Michael Fresenius,2014,2014,0,Exact
A5109092413,Michael Fresenius,doi:10.1007/978-3-642-36942-1_31,10.1007/978-3-642-36942-1_31,Michael Fresenius,2014,2014,0,Exact
A5109092413,Michael Fresenius,doi:10.1007/978-3-642-36942-1_32,10.1007/978-3-642-36942-1_32,Michael Fresenius,2014,2014,0,Exact
A5109092413,Michael Fresenius,doi:10.1007/978-3-642-36942-1_33,10.1007/978-3-642-36942-1_33,Michael Fresenius,2014,2014,0,Exact
A5109092413,Michael Fresenius,doi:10.1007/978-3-642-36942-1_34,10.1007/978-3-642-36942-1_34,Michael Fresenius,2014,2014,0,Exact
A5109092413,Michael Fresenius,doi:10.1007/978-3-642-36942-1_35,10.1007/978-3-642-36942-1_35,Michael Fresenius,2014,2014,0,Exact
A5109092413,Michael Fresenius,doi:10.1007/978-3-642-36942-1_36,10.1007/978-3-642-36942-1_36,Michael Fresenius,2014,2014,0,Exact
A5109092413,Michael Fresenius,doi:10.1007/978-3-642-36942-1_37,10.1007/978-3-642-36942-1_37,Michael Fresenius,2014,2014,0,Exact
A5109092413,Michael Fresenius,doi:10.1007/978-3-642-36942-1_38,10.1007/978-3-642-36942-1_38,Michael Fresenius,2014,2014,0,Exact
A5109092413,Michael Fresenius,doi:10.1007/978-3-642-36942-1_39,10.1007/978-3-642-36942-1_39,Michael Fresenius,2014,2014,0,Exact
A5109092413,Michael Fresenius,doi:10.1007/978-3-642-36942-1_4,10.1007/978-3-642-36942-1_4,Michael Fresenius,2014,2014,0,Exact
A5109092413,Michael Fresenius,doi:10.1007/978-3-642-36942-1_40,10.1007/978-3-642-36942-1_40,Michael Fresenius,2014,2014,0,Exact
A5109092413,Michael Fresenius,doi:10.1007/978-3-642-36942-1_42,10.1007/978-3-642-36942-1_42,Michael Fresenius,2014,2014,0,Exact
A5109092413,Michael Fresenius,doi:10.1007/978-3-642-36942-1_43,10.1007/978-3-642-36942-1_43,Michael Fresenius,2014,2014,0,Exact
A5109092413,Michael Fresenius,doi:10.1007/978-3-642-36942-1_44,10.1007/978-3-642-36942-1_44,Michael Fresenius,2014,2014,0,Exact
A5109092413,Michael Fresenius,doi:10.1007/978-3-642-36942-1_45,10.1007/978-3-642-36942-1_45,Michael Fresenius,2014,2014,0,Exact
A5109092413,Michael Fresenius,doi:10.1007/978-3-642-36942-1_46,10.1007/978-3-642-36942-1_46,Michael Fresenius,2014,2014,0,Exact
A5109092413,Michael Fresenius,doi:10.1007/978-3-642-36942-1_47,10.1007/978-3-642-36942-1_47,Michael Fresenius,2014,2014,0,Exact
A5109092413,Michael Fresenius,doi:10.1007/978-3-642-36942-1_48,10.1007/978-3-642-36942-1_48,Michael Fresenius,2014,2014,0,Exact
A5109092413,Michael Fresenius,doi:10.1007/978-3-642-36942-1_49,10.1007/978-3-642-36942-1_49,Michael Fresenius,2014,2014,0,Exact
A5109092413,Michael Fresenius,doi:10.1007/978-3-642-36942-1_5,10.1007/978-3-642-36942-1_5,Michael Fresenius,2013,2014,1,Exact
A5109092413,Michael Fresenius,doi:10.1007/978-3-642-36942-1_50,10.1007/978-3-642-36942-1_50,Michael Fresenius,2014,2014,0,Exact
A5109092413,Michael Fresenius,doi:10.1007/978-3-642-36942-1_51,10.1007/978-3-642-36942-1_51,Michael Fresenius,2014,2014,0,Exact
A5109092413,Michael Fresenius,doi:10.1007/978-3-642-36942-1_52,10.1007/978-3-642-36942-1_52,Michael Fresenius,2014,2014,0,Exact
A5109092413,Michael Fresenius,doi:10.1007/978-3-642-36942-1_53,10.1007/978-3-642-36942-1_53,Michael Fresenius,2014,2014,0,Exact
A5109092413,Michael Fresenius,doi:10.1007/978-3-642-36942-1_54,10.1007/978-3-642-36942-1_54,Michael Fresenius,2014,2014,0,Exact
A5109092413,Michael Fresenius,doi:10.1007/978-3-642-36942-1_55,10.1007/978-3-642-36942-1_55,Michael Fresenius,2014,2014,0,Exact
A5109092413,Michael Fresenius,doi:10.1007/978-3-642-36942-1_56,10.1007/978-3-642-36942-1_56,Michael Fresenius,2014,2014,0,Exact
A5109092413,Michael Fresenius,doi:10.1007/978-3-642-36942-1_57,10.1007/978-3-642-36942-1_57,Michael Fresenius,2014,2014,0,Exact
A5109092413,Michael Fresenius,doi:10.1007/978-3-642-36942-1_58,10.1007/978-3-642-36942-1_58,Michael Fresenius,2014,2014,0,Exact
A5109092413,Michael Fresenius,doi:10.1007/978-3-642-36942-1_59,10.1007/978-3-642-36942-1_59,Michael Fresenius,2014,2014,0,Exact
A5109092413,Michael Fresenius,doi:10.1007/978-3-642-36942-1_6,10.1007/978-3-642-36942-1_6,Michael Fresenius,2014,2014,0,Exact
A5109092413,Michael Fresenius,doi:10.1007/978-3-642-36942-1_60,10.1007/978-3-642-36942-1_60,Michael Fresenius,2014,2014,0,Exact
A5109092413,Michael Fresenius,doi:10.1007/978-3-642-36942-1_61,10.1007/978-3-642-36942-1_61,Michael Fresenius,2014,2014,0,Exact
A5109092413,Michael Fresenius,doi:10.1007/978-3-642-36942-1_62,10.1007/978-3-642-36942-1_62,Michael Fresenius,2014,2014,0,Exact
A5109092413,Michael Fresenius,doi:10.1007/978-3-642-36942-1_63,10.1007/978-3-642-36942-1_63,Michael Fresenius,2014,2014,0,Exact
A5109092413,Michael Fresenius,doi:10.1007/978-3-642-36942-1_64,10.1007/978-3-642-36942-1_64,Michael Fresenius,2014,2014,0,Exact
A5109092413,Michael Fresenius,doi:10.1007/978-3-642-36942-1_7,10.1007/978-3-642-36942-1_7,Michael Fresenius,2014,2014,0,Exact
A5109092413,Michael Fresenius,doi:10.1007/978-3-642-36942-1_8,10.1007/978-3-642-36942-1_8,Michael Fresenius,2014,2014,0,Exact
A5109092413,Michael Fresenius,doi:10.1007/978-3-642-36942-1_9,10.1007/978-3-642-36942-1_9,Michael Fresenius,2014,2014,0,Exact
A5109247804,Wei Zhang,doi:10.1038/s41467-020-17687-3,10.1038/s41467-020-17687-3,Wei Zhang,2020,2024,4,Exact
A5109278193,Fazlul H. Sarkar,doi:10.1002/cncr.21731,10.1002/cncr.21731,Fazlul H Sarkar,2006,2016,10,Exact
A5109278193,Fazlul H. Sarkar,doi:10.1002/cncr.21904,10.1002/cncr.21904,Fazlul H Sarkar,2006,2016,10,Exact
A5109278193,Fazlul H. Sarkar,doi:10.1002/cncr.23100,10.1002/cncr.23100,Fazlul H Sarkar,2007,2016,9,Exact
A5109278193,Fazlul H. Sarkar,doi:10.1002/cncr.24250,10.1002/cncr.24250,Fazlul H Sarkar,2009,2016,7,Exact
A5109278193,Fazlul H. Sarkar,doi:10.1002/ijc.21589,10.1002/ijc.21589,Fazlul H Sarkar,2005,2016,11,Exact
A5109278193,Fazlul H. Sarkar,doi:10.1002/ijc.22077,10.1002/ijc.22077,Fazlul H Sarkar,2006,2016,10,Exact
A5109278193,Fazlul H. Sarkar,doi:10.1002/ijc.22332,10.1002/ijc.22332,Fazlul H Sarkar,2006,2016,10,Exact
A5109278193,Fazlul H. Sarkar,doi:10.1002/ijc.23610,10.1002/ijc.23610,Fazlul H Sarkar,2008,2016,8,Exact
A5109278193,Fazlul H. Sarkar,doi:10.1002/ijc.25658,10.1002/ijc.25658,Fazlul H Sarkar,2010,2016,6,Exact
A5109278193,Fazlul H. Sarkar,doi:10.1002/jcb.22323,10.1002/jcb.22323,Fazlul H Sarkar,2009,2016,7,Exact
A5109278193,Fazlul H. Sarkar,doi:10.1002/jcb.22451,10.1002/jcb.22451,Fazlul H Sarkar,2010,2016,6,Exact
A5109278193,Fazlul H. Sarkar,doi:10.1002/jcb.22523,10.1002/jcb.22523,Fazlul H Sarkar,2010,2016,6,Exact
A5109278193,Fazlul H. Sarkar,doi:10.1002/jcb.22770,10.1002/jcb.22770,Fazlul H Sarkar,2010,2016,6,Exact
A5109278193,Fazlul H. Sarkar,doi:10.1002/jcb.23150,10.1002/jcb.23150,Fazlul H Sarkar,2011,2016,5,Exact
A5109278193,Fazlul H. Sarkar,doi:10.1002/jcp.24036,10.1002/jcp.24036,Fazlul H Sarkar,2012,2016,4,Exact
A5109278193,Fazlul H. Sarkar,doi:10.1002/jcp.24162,10.1002/jcp.24162,Fazlul H Sarkar,2012,2016,4,Exact
A5109278193,Fazlul H. Sarkar,doi:10.1007/s10549-009-0572-1,10.1007/s10549-009-0572-1,Fazlul H Sarkar,2009,2016,7,Exact
A5109278193,Fazlul H. Sarkar,doi:10.1007/s10549-010-0883-2,10.1007/s10549-010-0883-2,Fazlul H Sarkar,2010,2016,6,Exact
A5109278193,Fazlul H. Sarkar,doi:10.1016/j.canlet.2012.01.013,10.1016/j.canlet.2012.01.013,Fazlul H Sarkar,2012,2017,5,Exact
A5109278193,Fazlul H. Sarkar,doi:10.1016/j.canlet.2009.01.009,10.1016/j.canlet.2009.01.009,Fazlul H Sarkar,2009,2018,9,Exact
A5109278193,Fazlul H. Sarkar,doi:10.1016/j.canlet.2011.03.012,10.1016/j.canlet.2011.03.012,Fazlul H Sarkar,2011,2018,7,Exact
A5109278193,Fazlul H. Sarkar,doi:10.1158/0008-5472.can-05-2968,10.1158/0008-5472.can-05-2968,Fazlul H Sarkar,2006,2018,12,Exact
A5109278193,Fazlul H. Sarkar,doi:10.1158/0008-5472.can-05-3752,10.1158/0008-5472.can-05-3752,Fazlul H Sarkar,2006,2018,12,Exact
A5109278193,Fazlul H. Sarkar,doi:10.1158/0008-5472.can-05-4281,10.1158/0008-5472.can-05-4281,Fazlul H Sarkar,2006,2018,12,Exact
A5109278193,Fazlul H. Sarkar,doi:10.1158/0008-5472.can-06-1019,10.1158/0008-5472.can-06-1019,Fazlul H Sarkar,2006,2018,12,Exact
A5109278193,Fazlul H. Sarkar,doi:10.1158/0008-5472.can-06-2011,10.1158/0008-5472.can-06-2011,Fazlul H Sarkar,2006,2018,12,Exact
A5109278193,Fazlul H. Sarkar,doi:10.1158/0008-5472.can-06-2147,10.1158/0008-5472.can-06-2147,Fazlul H Sarkar,2007,2018,11,Exact
A5109278193,Fazlul H. Sarkar,doi:10.1158/0008-5472.can-06-2333,10.1158/0008-5472.can-06-2333,Fazlul H Sarkar,2006,2018,12,Exact
A5109278193,Fazlul H. Sarkar,doi:10.1158/0008-5472.can-06-4277,10.1158/0008-5472.can-06-4277,Fazlul H Sarkar,2007,2018,11,Exact
A5109278193,Fazlul H. Sarkar,doi:10.1158/0008-5472.can-07-1265,10.1158/0008-5472.can-07-1265,Fazlul H Sarkar,2007,2018,11,Exact
A5109278193,Fazlul H. Sarkar,doi:10.1158/0008-5472.can-07-2803,10.1158/0008-5472.can-07-2803,Fazlul H Sarkar,2007,2018,11,Exact
A5109278193,Fazlul H. Sarkar,doi:10.1158/0008-5472.can-08-4235,10.1158/0008-5472.can-08-4235,Fazlul H Sarkar,2009,2018,9,Exact
A5109278193,Fazlul H. Sarkar,doi:10.1158/0008-5472.can-09-0838,10.1158/0008-5472.can-09-0838,Fazlul H Sarkar,2009,2018,9,Exact
A5109278193,Fazlul H. Sarkar,doi:10.1158/0008-5472.can-09-4598,10.1158/0008-5472.can-09-4598,Fazlul H Sarkar,2010,2018,8,Exact
A5109278193,Fazlul H. Sarkar,doi:10.1158/1535-7163.mct-05-0299,10.1158/1535-7163.mct-05-0299,Fazlul H Sarkar,2006,2018,12,Exact
A5109278193,Fazlul H. Sarkar,doi:10.1158/1535-7163.mct-06-0221,10.1158/1535-7163.mct-06-0221,Fazlul H Sarkar,2006,2018,12,Exact
A5109278193,Fazlul H. Sarkar,doi:10.1158/1535-7163.mct-08-0354,10.1158/1535-7163.mct-08-0354,Fazlul H Sarkar,2008,2018,10,Exact
A5109278193,Fazlul H. Sarkar,doi:10.1371/journal.pone.0016068,10.1371/journal.pone.0016068,Fazlul H Sarkar,2011,2018,7,Exact
A5109278193,Fazlul H. Sarkar,doi:10.1371/journal.pone.0017850,10.1371/journal.pone.0017850,Fazlul H Sarkar,2011,2018,7,Exact
A5109278193,Fazlul H. Sarkar,doi:10.1371/journal.pone.0020537,10.1371/journal.pone.0020537,Fazlul H Sarkar,2011,2018,7,Exact
A5109278193,Fazlul H. Sarkar,doi:10.1371/journal.pone.0069485,10.1371/journal.pone.0069485,Fazlul H Sarkar,2013,2018,5,Exact
A5109403893,Lei Liu,doi:10.1097/md.0000000000000064,10.1097/md.0000000000000064,Lei Liu,2014,2014,0,Exact
A5109482157,Yu Liu,doi:10.1109/icbbe.2011.5781210,10.1109/icbbe.2011.5781210,Yu Liu,2011,2011,0,Exact
A5109542843,Yuhji Saitoh,doi:10.1007/bf03011177,10.1007/bf03011177,Yuhji Saitoh,1995,2012,17,Exact
A5109542843,Yuhji Saitoh,doi:10.1213/00000539-199912000-00048,10.1213/00000539-199912000-00048,Yuhji Saitoh,1999,2012,13,Exact
A5109542843,Yuhji Saitoh,doi:10.1007/bf03012299,10.1007/bf03012299,Yuhji Saitoh,1998,2013,15,Exact
A5109542843,Yuhji Saitoh,doi:10.1007/bf03012704,10.1007/bf03012704,Yuhji Saitoh,1998,2013,15,Exact
A5109542843,Yuhji Saitoh,doi:10.1007/bf03013130,10.1007/bf03013130,Yuhji Saitoh,1999,2013,14,Exact
A5109542843,Yuhji Saitoh,doi:10.1007/bf03013138,10.1007/bf03013138,Yuhji Saitoh,1999,2013,14,Exact
A5109542843,Yuhji Saitoh,doi:10.1007/bf03013255,10.1007/bf03013255,Yuhji Saitoh,1998,2013,15,Exact
A5109542843,Yuhji Saitoh,doi:10.1007/bf03013260,10.1007/bf03013260,Yuhji Saitoh,1998,2013,15,Exact
A5109542843,Yuhji Saitoh,doi:10.1016/s0952-8180(99)00011-2,10.1016/s0952-8180(99)00011-2,Yuhji Saitoh,1999,2013,14,Exact
A5109542843,Yuhji Saitoh,doi:10.1046/j.1460-9592.1998.00206.x,10.1046/j.1460-9592.1998.00206.x,Yuhji Saitoh,1998,2013,15,Exact
A5109542843,Yuhji Saitoh,doi:10.1046/j.1460-9592.1999.00376.x,10.1046/j.1460-9592.1999.00376.x,Yuhji Saitoh,1999,2013,14,Exact
A5109542843,Yuhji Saitoh,doi:10.1046/j.1460-9592.1999.00414.x,10.1046/j.1460-9592.1999.00414.x,Yuhji Saitoh,1999,2013,14,Exact
A5109542843,Yuhji Saitoh,doi:10.1213/00000539-199812000-00037,10.1213/00000539-199812000-00037,Yuhji Saitoh,1998,2013,15,Exact
A5109542843,Yuhji Saitoh,doi:10.1213/00000539-199906000-00018,10.1213/00000539-199906000-00018,Yuhji Saitoh,1999,2013,14,Exact
A5109542843,Yuhji Saitoh,doi:10.1213/00000539-199906000-00028,10.1213/00000539-199906000-00028,Yuhji Saitoh,1999,2013,14,Exact
A5109542843,Yuhji Saitoh,doi:10.1213/00000539-199908000-00043,10.1213/00000539-199908000-00043,Yuhji Saitoh,1999,2013,14,Exact
A5109542843,Yuhji Saitoh,doi:10.1213/00000539-200002000-00043,10.1213/00000539-200002000-00043,Yuhji Saitoh,2000,2013,13,Exact
A5109542843,Yuhji Saitoh,doi:10.1046/j.1460-9592.2000.00441.x,10.1046/j.1460-9592.2000.00441.x,Yuhji Saitoh,2000,2014,14,Exact
A5109542843,Yuhji Saitoh,doi:10.1007/bf03019810,10.1007/bf03019810,Yuhji Saitoh,2001,2015,14,Exact
A5109542843,Yuhji Saitoh,doi:10.1007/s00540-011-1262-9,10.1007/s00540-011-1262-9,Yuhji Saitoh,2011,2016,5,Exact
A5109542843,Yuhji Saitoh,doi:10.1097/00005537-200102000-00013,10.1097/00005537-200102000-00013,Yuhji Saitoh,2001,2017,16,Exact
A5109542843,Yuhji Saitoh,doi:10.5387/fms.53.61,10.5387/fms.53.61,Yuhji Saitoh,2007,2017,10,Exact
A5109542843,Yuhji Saitoh,doi:10.1007/s00540-010-1012-4,10.1007/s00540-010-1012-4,Yuhji Saitoh,2010,2018,8,Exact
A5109542843,Yuhji Saitoh,doi:10.1097/00000539-199706000-00033,10.1097/00000539-199706000-00033,Yuhji Saitoh,1997,2018,21,Exact
A5109542843,Yuhji Saitoh,doi:10.1016/j.jclinane.2004.08.009,10.1016/j.jclinane.2004.08.009,Yuhji Saitoh,2005,2019,14,Exact
A5109542843,Yuhji Saitoh,doi:10.5387/fms.55.61,10.5387/fms.55.61,Yuhji Saitoh,2009,2019,10,Exact
A5109542843,Yuhji Saitoh,doi:10.1007/bf03011715,10.1007/bf03011715,Yuhji Saitoh,1996,2022,26,Exact
A5109542843,Yuhji Saitoh,doi:10.1007/bf03014459,10.1007/bf03014459,Yuhji Saitoh,1997,2022,25,Exact
A5109542843,Yuhji Saitoh,doi:10.1007/bf03016524,10.1007/bf03016524,Yuhji Saitoh,2005,2022,17,Exact
A5109542843,Yuhji Saitoh,doi:10.1007/bf03021030,10.1007/bf03021030,Yuhji Saitoh,2003,2022,19,Exact
A5109569139,Y. Saitoh,doi:10.1046/j.1365-2044.1999.01072.x,10.1046/j.1365-2044.1999.01072.x,Yuhji Saitoh,1999,2012,13,Initial
A5109569139,Y. Saitoh,doi:10.1046/j.1365-2346.1998.00318.x,10.1046/j.1365-2346.1998.00318.x,Yuhji Saitoh,1999,2013,14,Initial
A5109569139,Y. Saitoh,doi:10.1046/j.1365-2346.1999.00483.x,10.1046/j.1365-2346.1999.00483.x,Yuhji Saitoh,1999,2013,14,Initial
A5109569139,Y. Saitoh,doi:10.1046/j.1365-2346.2000.00617.x,10.1046/j.1365-2346.2000.00617.x,Yuhji Saitoh,2000,2013,13,Initial
A5109569139,Y. Saitoh,doi:10.1093/bja/81.4.526,10.1093/bja/81.4.526,Yuhji Saitoh,1998,2013,15,Initial
A5109569139,Y. Saitoh,doi:10.1093/bja/82.3.329,10.1093/bja/82.3.329,Yuhji Saitoh,1999,2013,14,Initial
A5109569139,Y. Saitoh,doi:10.1093/bja/83.2.275,10.1093/bja/83.2.275,Yuhji Saitoh,1999,2013,14,Initial
A5109569139,Y. Saitoh,doi:10.1093/bja/83.2.340,10.1093/bja/83.2.340,Yuhji Saitoh,1999,2013,14,Initial
A5109569139,Y. Saitoh,doi:10.1097/00003643-199811000-00005,10.1097/00003643-199811000-00005,Yuhji Saitoh,1998,2013,15,Initial
A5109569139,Y. Saitoh,doi:10.1111/j.0265-0215.1998.00267.x,10.1111/j.0265-0215.1998.00267.x,Yuhji Saitoh,1998,2013,15,Initial
A5109569139,Y. Saitoh,doi:10.1046/j.0003-2409.2001.02468.x,10.1046/j.0003-2409.2001.02468.x,Yuhji Saitoh,2002,2018,16,Initial
A5109569139,Y. Saitoh,doi:10.1046/j.1365-2044.1998.00336.x,10.1046/j.1365-2044.1998.00336.x,Yuhji Saitoh,1998,2018,20,Initial
A5109569139,Y. Saitoh,doi:10.1046/j.1365-2346.1997.00119.x,10.1046/j.1365-2346.1997.00119.x,Yuhji Saitoh,1997,2018,21,Initial
A5109569139,Y. Saitoh,doi:10.1093/bja/70.4.402,10.1093/bja/70.4.402,Yuhji Saitoh,1993,2018,25,Initial
A5109569139,Y. Saitoh,doi:10.1093/bja/71.3.443,10.1093/bja/71.3.443,Yuhji Saitoh,1993,2018,25,Initial
A5109569139,Y. Saitoh,doi:10.1093/bja/72.6.688,10.1093/bja/72.6.688,Yuhji Saitoh,1994,2018,24,Initial
A5109569139,Y. Saitoh,doi:10.1093/bja/73.3.416,10.1093/bja/73.3.416,Yuhji Saitoh,1994,2018,24,Initial
A5109569139,Y. Saitoh,doi:10.1093/bja/74.3.293,10.1093/bja/74.3.293,Yuhji Saitoh,1995,2018,23,Initial
A5109569139,Y. Saitoh,doi:10.1093/bja/86.6.814,10.1093/bja/86.6.814,Yuhji Saitoh,2001,2018,17,Initial
A5109569139,Y. Saitoh,doi:10.1093/bja/aeg089,10.1093/bja/aeg089,Yuhji Saitoh,2003,2018,15,Initial
A5109569139,Y. Saitoh,doi:10.1111/j.1365-2044.2004.03833.x,10.1111/j.1365-2044.2004.03833.x,Yuhji Saitoh,2004,2018,14,Initial
A5109569139,Y. Saitoh,doi:10.1111/j.1399-6576.1997.tb04776.x,10.1111/j.1399-6576.1997.tb04776.x,Yuhji Saitoh,2008,2019,11,Initial
A5109569139,Y. Saitoh,doi:10.1111/j.1399-6576.1998.tb05333.x,10.1111/j.1399-6576.1998.tb05333.x,Yuhji Saitoh,2008,2019,11,Initial
A5109583153,Rui Zhang,doi:10.1155/2022/2580004,10.1155/2022/2580004,Rui Zhang,2022,2023,1,Exact
A5109678794,Hao Chen,doi:10.3389/fonc.2020.590492,10.3389/fonc.2020.590492,Hao Chen,2020,2024,4,Exact
A5109863564,Li Li,doi:10.1109/icbmei.2011.5917990,10.1109/icbmei.2011.5917990,Li Li,2011,2011,0,Exact
A5109875525,Jing Li,doi:10.1109/icebeg.2011.5886976,10.1109/icebeg.2011.5886976,Jing Li,2011,2011,0,Exact
A5109948506,Jun Iwamoto,doi:10.1097/01.phm.0000176552.20059.e1,10.1097/01.phm.0000176552.20059.e1,Jun Iwamoto,2005,2018,13,Exact
A5109948506,Jun Iwamoto,doi:10.1159/000256650,10.1159/000256650,Jun Iwamoto,2009,2019,10,Exact
A5109948506,Jun Iwamoto,doi:10.2147/tcrm.s15812,10.2147/tcrm.s15812,Jun Iwamoto,2010,2022,12,Exact
A5109953883,Ping Wang,doi:10.1109/iceice.2011.5777655,10.1109/iceice.2011.5777655,Ping Wang,2011,2011,0,Exact
A5109971899,J Li,doi:10.1111/j.1365-2249.2009.03982.x,10.1111/j.1365-2249.2009.03982.x,Jun Li,2009,2014,5,Initial
A5110124818,Yoshitaka Fujii,doi:10.1213/00000539-199401000-00014,10.1213/00000539-199401000-00014,Yoshitaka Fujii,1994,2012,18,Exact
A5110124818,Yoshitaka Fujii,doi:10.1046/j.1460-9592.1999.00376.x,10.1046/j.1460-9592.1999.00376.x,Yoshitaka Fujii,1999,2013,14,Exact
A5110124818,Yoshitaka Fujii,doi:10.1097/00005537-199912000-00017,10.1097/00005537-199912000-00017,Yoshitaka Fujii,1999,2017,18,Exact
A5110151879,Yoshitaka Fujii,doi:10.1007/bf03009906,10.1007/bf03009906,Yoshitaka Fujii,1994,2012,18,Exact
A5110151879,Yoshitaka Fujii,doi:10.1007/bf03015365,10.1007/bf03015365,Yoshitaka Fujii,1997,2012,15,Exact
A5110151879,Yoshitaka Fujii,doi:10.1016/s0952-8180(99)00011-2,10.1016/s0952-8180(99)00011-2,Yoshitaka Fujii,1999,2013,14,Exact
A5110163940,Hiroyoshi Tanaka,doi:10.1007/bf03009906,10.1007/bf03009906,Hiroyoshi Tanaka,1994,2012,18,Exact
A5110163940,Hiroyoshi Tanaka,doi:10.1007/bf03013430,10.1007/bf03013430,Hiroyoshi Tanaka,1996,2012,16,Exact
A5110163940,Hiroyoshi Tanaka,doi:10.1007/bf03015365,10.1007/bf03015365,Hiroyoshi Tanaka,1997,2012,15,Exact
A5110163940,Hiroyoshi Tanaka,doi:10.1007/bf03017947,10.1007/bf03017947,Hiroyoshi Tanaka,1996,2012,16,Exact
A5110163940,Hiroyoshi Tanaka,doi:10.1007/bf03013157,10.1007/bf03013157,Hiroyoshi Tanaka,1997,2013,16,Exact
A5110163940,Hiroyoshi Tanaka,doi:10.1016/s0952-8180(99)00011-2,10.1016/s0952-8180(99)00011-2,Hiroyoshi Tanaka,1999,2013,14,Exact
A5110163940,Hiroyoshi Tanaka,doi:10.1046/j.1460-9592.1999.00376.x,10.1046/j.1460-9592.1999.00376.x,Hiroyoshi Tanaka,1999,2013,14,Exact
A5110377414,Yang Yang,doi:10.1109/icebeg.2011.5886937,10.1109/icebeg.2011.5886937,Yang Yang,2011,2011,0,Exact
A5110377895,Yan Wang,doi:10.3892/br.2018.1084,10.3892/br.2018.1084,Yan Wang,2018,2025,7,Exact
A5110380913,H Tanaka,doi:10.1046/j.1460-9592.2002.00823.x,10.1046/j.1460-9592.2002.00823.x,Hiroyoshi Tanaka,2002,2012,10,Initial
A5110380913,H Tanaka,doi:10.1016/s0959-289x(03)00101-8,10.1016/s0959-289x(03)00101-8,Hiroyoshi Tanaka,2004,2013,9,Initial
A5110380913,H Tanaka,doi:10.1093/bja/79.4.539,10.1093/bja/79.4.539,Hiroyoshi Tanaka,1997,2013,16,Initial
A5110468596,Ping Li,doi:10.1038/s41417-021-00304-w,10.1038/s41417-021-00304-w,Ping Li,2021,2021,0,Exact
A5110515489,Feng Li,doi:10.1007/s42452-023-05286-y,10.1007/s42452-023-05286-y,Feng Li,2023,2024,1,Exact
A5110516399,Xin Zhang,doi:10.1371/journal.pone.0090952,10.1371/journal.pone.0090952,Xin Zhang,2014,2020,6,Exact
A5110516399,Xin Zhang,doi:10.1371/journal.pone.0116170,10.1371/journal.pone.0116170,Xin Zhang,2015,2020,5,Exact
A5110516399,Xin Zhang,doi:10.1039/c9ra03791h,10.1039/c9ra03791h,Xin Zhang,2019,2021,2,Exact
A5110516399,Xin Zhang,doi:10.1080/15384101.2018.1496745,10.1080/15384101.2018.1496745,Xin Zhang,2018,2022,4,Exact
A5110516399,Xin Zhang,doi:10.1155/2022/1972516,10.1155/2022/1972516,Xin Zhang,2022,2023,1,Exact
A5110516399,Xin Zhang,doi:10.1155/2022/3637792,10.1155/2022/3637792,Xin Zhang,2022,2023,1,Exact
A5110516399,Xin Zhang,doi:10.1186/s13046-021-02081-8,10.1186/s13046-021-02081-8,Xin Zhang,2021,2023,2,Exact
A5110516399,Xin Zhang,doi:10.1186/s13578-021-00675-5,10.1186/s13578-021-00675-5,Xin Zhang,2021,2023,2,Exact
A5110516399,Xin Zhang,doi:10.2147/ott.s276559,10.2147/ott.s276559,Xin Zhang,2020,2023,3,Exact
A5110516399,Xin Zhang,doi:10.18632/oncotarget.9900,10.18632/oncotarget.9900,Xin Zhang,2016,2024,8,Exact
A5110646701,Xin Li,doi:10.1111/iwj.14737,10.1111/iwj.14737,Xin Li,2024,2024,0,Exact
A5110667048,Xin Wang,doi:10.1007/s11837-015-1801-1,10.1007/s11837-015-1801-1,Xin Wang,2016,2018,2,Exact
A5110742141,Fei Wang,doi:10.1038/s41598-020-77485-1,10.1038/s41598-020-77485-1,Fei Wang,2020,2021,1,Exact
A5110795513,Yoshihiro Satō,doi:10.1359/jbmr.050402,10.1359/jbmr.050402,Yoshihiro Sato,2005,2015,10,Exact
A5110795513,Yoshihiro Satō,doi:10.1001/archinte.165.15.1737,10.1001/archinte.165.15.1737,Yoshihiro Sato,2005,2016,11,Exact
A5110795513,Yoshihiro Satō,doi:10.1001/archinte.165.15.1743,10.1001/archinte.165.15.1743,Yoshihiro Sato,2005,2016,11,Exact
A5110795513,Yoshihiro Satō,doi:10.1002/mds.20825,10.1002/mds.20825,Yoshihiro Sato,2006,2016,10,Exact
A5110795513,Yoshihiro Satō,doi:10.1016/j.parkreldis.2010.10.008,10.1016/j.parkreldis.2010.10.008,Yoshihiro Sato,2011,2016,5,Exact
A5110795513,Yoshihiro Satō,doi:10.1212/01.wnl.0000078892.24356.90,10.1212/01.wnl.0000078892.24356.90,Yoshihiro Sato,2003,2016,13,Exact
A5110795513,Yoshihiro Satō,doi:10.1212/01.wnl.0000152871.65027.76,10.1212/01.wnl.0000152871.65027.76,Yoshihiro Sato,2005,2016,11,Exact
A5110795513,Yoshihiro Satō,doi:10.1212/01.wnl.0000257089.50476.92,10.1212/01.wnl.0000257089.50476.92,Yoshihiro Sato,2007,2016,9,Exact
A5110795513,Yoshihiro Satō,doi:10.1359/jbmr.2000.15.12.2487,10.1359/jbmr.2000.15.12.2487,Yoshihiro Sato,2000,2016,16,Exact
A5110795513,Yoshihiro Satō,doi:10.1016/j.bone.2004.09.018,10.1016/j.bone.2004.09.018,Yoshihiro Sato,2004,2017,13,Exact
A5110795513,Yoshihiro Satō,doi:10.1016/j.bone.2006.04.025,10.1016/j.bone.2006.04.025,Yoshihiro Sato,2006,2017,11,Exact
A5110795513,Yoshihiro Satō,doi:10.1016/s8756-3282(02)00783-4,10.1016/s8756-3282(02)00783-4,Yoshihiro Sato,2002,2017,15,Exact
A5110795513,Yoshihiro Satō,doi:10.1136/jnnp.66.1.64,10.1136/jnnp.66.1.64,Yoshihiro Sato,1999,2017,18,Exact
A5110795513,Yoshihiro Satō,doi:10.1159/000087203,10.1159/000087203,Yoshihiro Sato,2005,2017,12,Exact
A5110795513,Yoshihiro Satō,doi:10.2165/11597480-000000000-00000,10.2165/11597480-000000000-00000,Yoshihiro Sato,2012,2017,5,Exact
A5110795513,Yoshihiro Satō,doi:10.2739/kurumemedj.57.117,10.2739/kurumemedj.57.117,Yoshihiro Sato,2011,2017,6,Exact
A5110795513,Yoshihiro Satō,doi:10.3349/ymj.2008.49.1.119,10.3349/ymj.2008.49.1.119,Yoshihiro Sato,2008,2017,9,Exact
A5110795513,Yoshihiro Satō,doi:10.3349/ymj.2009.50.2.189,10.3349/ymj.2009.50.2.189,Yoshihiro Sato,2009,2017,8,Exact
A5110795513,Yoshihiro Satō,doi:10.1002/mds.20658,10.1002/mds.20658,Yoshihiro Sato,2005,2018,13,Exact
A5110795513,Yoshihiro Satō,doi:10.1007/bf03324916,10.1007/bf03324916,Yoshihiro Sato,2013,2018,5,Exact
A5110795513,Yoshihiro Satō,doi:10.1016/j.bone.2003.12.020,10.1016/j.bone.2003.12.020,Yoshihiro Sato,2004,2018,14,Exact
A5110795513,Yoshihiro Satō,doi:10.1016/j.bone.2005.01.011,10.1016/j.bone.2005.01.011,Yoshihiro Sato,2005,2018,13,Exact
A5110795513,Yoshihiro Satō,doi:10.1016/s8756-3282(98)00108-2,10.1016/s8756-3282(98)00108-2,Yoshihiro Sato,1998,2018,20,Exact
A5110795513,Yoshihiro Satō,doi:10.1097/00002060-199909000-00008,10.1097/00002060-199909000-00008,Yoshihiro Sato,1999,2018,19,Exact
A5110795513,Yoshihiro Satō,doi:10.1097/01.phm.0000122877.28631.23,10.1097/01.phm.0000122877.28631.23,Yoshihiro Sato,2004,2018,14,Exact
A5110795513,Yoshihiro Satō,doi:10.1097/01.phm.0000176552.20059.e1,10.1097/01.phm.0000176552.20059.e1,Yoshihiro Sato,2005,2018,13,Exact
A5110795513,Yoshihiro Satō,doi:10.1159/000088098,10.1159/000088098,Yoshihiro Sato,2005,2018,13,Exact
A5110795513,Yoshihiro Satō,doi:10.1159/000096179,10.1159/000096179,Yoshihiro Sato,2006,2018,12,Exact
A5110795513,Yoshihiro Satō,doi:10.1538/expanim.55.333,10.1538/expanim.55.333,Yoshihiro Sato,2006,2018,12,Exact
A5110795513,Yoshihiro Satō,doi:10.1538/expanim.55.357,10.1538/expanim.55.357,Yoshihiro Sato,2006,2018,12,Exact
A5110795513,Yoshihiro Satō,doi:10.1538/expanim.55.457,10.1538/expanim.55.457,Yoshihiro Sato,2006,2018,12,Exact
A5110795513,Yoshihiro Satō,doi:10.3349/ymj.2004.45.2.314,10.3349/ymj.2004.45.2.314,Yoshihiro Sato,2009,2018,9,Exact
A5110795513,Yoshihiro Satō,doi:10.3349/ymj.2005.46.6.750,10.3349/ymj.2005.46.6.750,Yoshihiro Sato,2005,2018,13,Exact
A5110795513,Yoshihiro Satō,doi:10.1007/bf03324589,10.1007/bf03324589,Yoshihiro Sato,2005,2019,14,Exact
A5110795513,Yoshihiro Satō,doi:10.1016/j.apmr.2004.10.005,10.1016/j.apmr.2004.10.005,Yoshihiro Sato,2005,2019,14,Exact
A5110795513,Yoshihiro Satō,doi:10.1016/j.diabres.2011.03.033,10.1016/j.diabres.2011.03.033,Yoshihiro Sato,2011,2019,8,Exact
A5110795513,Yoshihiro Satō,doi:10.1016/j.jstrokecerebrovasdis.2009.04.006,10.1016/j.jstrokecerebrovasdis.2009.04.006,Yoshihiro Sato,2010,2019,9,Exact
A5110795513,Yoshihiro Satō,doi:10.1016/j.jstrokecerebrovasdis.2009.10.007,10.1016/j.jstrokecerebrovasdis.2009.10.007,Yoshihiro Sato,2010,2019,9,Exact
A5110795513,Yoshihiro Satō,doi:10.1016/s8756-3282(98)00134-3,10.1016/s8756-3282(98)00134-3,Yoshihiro Sato,1998,2019,21,Exact
A5110795513,Yoshihiro Satō,doi:10.1016/s8756-3282(98)00185-9,10.1016/s8756-3282(98)00185-9,Yoshihiro Sato,1999,2019,20,Exact
A5110795513,Yoshihiro Satō,doi:10.1053/apmr.2002.27376,10.1053/apmr.2002.27376,Yoshihiro Sato,2002,2019,17,Exact
A5110795513,Yoshihiro Satō,doi:10.1093/ageing/28.3.265,10.1093/ageing/28.3.265,Yoshihiro Sato,1999,2019,20,Exact
A5110795513,Yoshihiro Satō,doi:10.1097/00002060-200101000-00005,10.1097/00002060-200101000-00005,Yoshihiro Sato,2001,2019,18,Exact
A5110795513,Yoshihiro Satō,doi:10.1159/000077346,10.1159/000077346,Yoshihiro Sato,2004,2019,15,Exact
A5110795513,Yoshihiro Satō,doi:10.1159/000085681,10.1159/000085681,Yoshihiro Sato,2005,2019,14,Exact
A5110795513,Yoshihiro Satō,doi:10.1159/000117193,10.1159/000117193,Yoshihiro Sato,1996,2019,23,Exact
A5110795513,Yoshihiro Satō,doi:10.1159/000117421,10.1159/000117421,Yoshihiro Sato,1997,2019,22,Exact
A5110795513,Yoshihiro Satō,doi:10.1159/000256650,10.1159/000256650,Yoshihiro Sato,2009,2019,10,Exact
A5110795513,Yoshihiro Satō,doi:10.1161/01.str.27.12.2183,10.1161/01.str.27.12.2183,Yoshihiro Sato,1996,2019,23,Exact
A5110795513,Yoshihiro Satō,doi:10.1161/01.str.28.12.2390,10.1161/01.str.28.12.2390,Yoshihiro Sato,1997,2019,22,Exact
A5110795513,Yoshihiro Satō,doi:10.1161/01.str.28.4.736,10.1161/01.str.28.4.736,Yoshihiro Sato,1997,2019,22,Exact
A5110795513,Yoshihiro Satō,doi:10.1161/01.str.29.7.1373,10.1161/01.str.29.7.1373,Yoshihiro Sato,1998,2019,21,Exact
A5110795513,Yoshihiro Satō,doi:10.1161/01.str.30.2.414,10.1161/01.str.30.2.414,Yoshihiro Sato,1999,2019,20,Exact
A5110795513,Yoshihiro Satō,doi:10.1161/01.str.30.9.1974d,10.1161/01.str.30.9.1974d,Yoshihiro Sato,1999,2019,20,Exact
A5110795513,Yoshihiro Satō,doi:10.1161/01.str.32.7.1673,10.1161/01.str.32.7.1673,Yoshihiro Sato,2001,2019,18,Exact
A5110795513,Yoshihiro Satō,doi:10.1517/14656566.2013.763796,10.1517/14656566.2013.763796,Yoshihiro Sato,2013,2019,6,Exact
A5110795513,Yoshihiro Satō,doi:10.1517/14656566.8.16.2743,10.1517/14656566.8.16.2743,Yoshihiro Sato,2007,2019,12,Exact
A5110795513,Yoshihiro Satō,doi:10.1538/expanim.53.347,10.1538/expanim.53.347,Yoshihiro Sato,2004,2019,15,Exact
A5110795513,Yoshihiro Satō,doi:10.1538/expanim.55.349,10.1538/expanim.55.349,Yoshihiro Sato,2006,2019,13,Exact
A5110795513,Yoshihiro Satō,doi:10.1538/expanim.56.103,10.1538/expanim.56.103,Yoshihiro Sato,2007,2019,12,Exact
A5110795513,Yoshihiro Satō,doi:10.2165/11598440-000000000-00000,10.2165/11598440-000000000-00000,Yoshihiro Sato,2012,2019,7,Exact
A5110795513,Yoshihiro Satō,doi:10.3177/jnsv.51.211,10.3177/jnsv.51.211,Yoshihiro Sato,2005,2019,14,Exact
A5110795513,Yoshihiro Satō,doi:10.3177/jnsv.52.1,10.3177/jnsv.52.1,Yoshihiro Sato,2006,2019,13,Exact
A5110795513,Yoshihiro Satō,doi:10.3177/jnsv.52.307,10.3177/jnsv.52.307,Yoshihiro Sato,2006,2019,13,Exact
A5110795513,Yoshihiro Satō,doi:10.3177/jnsv.52.393,10.3177/jnsv.52.393,Yoshihiro Sato,2006,2019,13,Exact
A5110795513,Yoshihiro Satō,doi:10.3177/jnsv.53.191,10.3177/jnsv.53.191,Yoshihiro Sato,2007,2019,12,Exact
A5110795513,Yoshihiro Satō,doi:10.3177/jnsv.60.71,10.3177/jnsv.60.71,Yoshihiro Sato,2014,2019,5,Exact
A5110795513,Yoshihiro Satō,doi:10.1016/j.amjmed.2005.01.052,10.1016/j.amjmed.2005.01.052,Yoshihiro Sato,2005,2020,15,Exact
A5110795513,Yoshihiro Satō,doi:10.1016/s8756-3282(01)00645-7,10.1016/s8756-3282(01)00645-7,Yoshihiro Sato,2002,2020,18,Exact
A5110795513,Yoshihiro Satō,doi:10.1155/2013/381616,10.1155/2013/381616,Yoshihiro Sato,2013,2020,7,Exact
A5110795513,Yoshihiro Satō,doi:10.1212/01.wnl.0000047345.05818.8b,10.1212/01.wnl.0000047345.05818.8b,Yoshihiro Sato,2003,2020,17,Exact
A5110795513,Yoshihiro Satō,doi:10.1212/wnl.49.5.1273,10.1212/wnl.49.5.1273,Yoshihiro Sato,1997,2020,23,Exact
A5110795513,Yoshihiro Satō,doi:10.1212/wnl.57.3.445,10.1212/wnl.57.3.445,Yoshihiro Sato,2001,2020,19,Exact
A5110795513,Yoshihiro Satō,doi:10.3177/jnsv.52.21,10.3177/jnsv.52.21,Yoshihiro Sato,2006,2020,14,Exact
A5110795513,Yoshihiro Satō,doi:10.3177/jnsv.54.11,10.3177/jnsv.54.11,Yoshihiro Sato,2008,2020,12,Exact
A5110795513,Yoshihiro Satō,doi:10.4081/rr.2012.e11,10.4081/rr.2012.e11,Yoshihiro Sato,2012,2020,8,Exact
A5110795513,Yoshihiro Satō,doi:10.1007/s001980170088,10.1007/s001980170088,Yoshihiro Sato,2001,2021,20,Exact
A5110795513,Yoshihiro Satō,doi:10.1007/s00774-009-0116-0,10.1007/s00774-009-0116-0,Yoshihiro Sato,2009,2021,12,Exact
A5110795513,Yoshihiro Satō,doi:10.1007/s10067-004-0881-z,10.1007/s10067-004-0881-z,Yoshihiro Sato,2004,2021,17,Exact
A5110795513,Yoshihiro Satō,doi:10.1007/s10067-006-0252-z,10.1007/s10067-006-0252-z,Yoshihiro Sato,2006,2021,15,Exact
A5110795513,Yoshihiro Satō,doi:10.1212/wnl.53.2.437-a,10.1212/wnl.53.2.437-a,Yoshihiro Sato,1999,2021,22,Exact
A5110795513,Yoshihiro Satō,doi:10.2174/1381612043383782,10.2174/1381612043383782,Yoshihiro Sato,2004,2021,17,Exact
A5110795513,Yoshihiro Satō,doi:10.1538/expanim.54.1,10.1538/expanim.54.1,Yoshihiro Sato,2005,2022,17,Exact
A5110795513,Yoshihiro Satō,doi:10.2147/tcrm.s15812,10.2147/tcrm.s15812,Yoshihiro Sato,2010,2022,12,Exact
A5110795513,Yoshihiro Satō,doi:10.2147/tcrm.s43811,10.2147/tcrm.s43811,Yoshihiro Sato,2013,2022,9,Exact
A5110795513,Yoshihiro Satō,doi:10.1016/j.jns.2004.03.033,10.1016/j.jns.2004.03.033,Yoshihiro Sato,2004,2023,19,Exact
A5110795513,Yoshihiro Satō,doi:10.1016/s8756-3282(03)00249-7,10.1016/s8756-3282(03)00249-7,Yoshihiro Sato,2003,2023,20,Exact
A5110795513,Yoshihiro Satō,doi:10.3349/ymj.2005.46.3.313,10.3349/ymj.2005.46.3.313,Yoshihiro Sato,2005,2023,18,Exact
A5110795513,Yoshihiro Satō,doi:10.3349/ymj.2009.50.4.474,10.3349/ymj.2009.50.4.474,Yoshihiro Sato,2009,2023,14,Exact
A5110795513,Yoshihiro Satō,doi:10.1016/j.jns.2004.12.005,10.1016/j.jns.2004.12.005,Yoshihiro Sato,2005,2024,19,Exact
A5110795513,Yoshihiro Satō,doi:10.1016/s0022-510x(00)00298-7,10.1016/s0022-510x(00)00298-7,Yoshihiro Sato,2000,2024,24,Exact
A5110795513,Yoshihiro Satō,doi:10.1016/s0022-510x(00)00458-5,10.1016/s0022-510x(00)00458-5,Yoshihiro Sato,2000,2024,24,Exact
A5110795513,Yoshihiro Satō,doi:10.1016/s0022-510x(02)00210-1,10.1016/s0022-510x(02)00210-1,Yoshihiro Sato,2002,2024,22,Exact
A5110795513,Yoshihiro Satō,doi:10.1016/s0022-510x(03)00101-1,10.1016/s0022-510x(03)00101-1,Yoshihiro Sato,2003,2024,21,Exact
A5110795513,Yoshihiro Satō,doi:10.1016/s0022-510x(99)00037-4,10.1016/s0022-510x(99)00037-4,Yoshihiro Sato,1999,2024,25,Exact
A5110795513,Yoshihiro Satō,doi:10.2174/157488606775252629,10.2174/157488606775252629,Yoshihiro Sato,2006,2024,18,Exact
A5110826850,Jun Yang,doi:10.1016/j.conbuildmat.2017.04.194,10.1016/j.conbuildmat.2017.04.194,Jun Yang,2017,2017,0,Exact
A5110848668,Feng Li,doi:10.3389/fcell.2020.00827,10.3389/fcell.2020.00827,Feng Li,2020,2025,5,Exact
A5110875673,Shadi Riahi,doi:10.1016/j.enbuild.2010.12.006,10.1016/j.enbuild.2010.12.006,Shadi Riahi,2010,2019,9,Exact
A5110875673,Shadi Riahi,doi:10.1016/j.enbuild.2010.12.025,10.1016/j.enbuild.2010.12.025,Shadi Riahi,2010,2019,9,Exact
A5110875673,Shadi Riahi,doi:10.1016/j.enbuild.2011.02.018,10.1016/j.enbuild.2011.02.018,Shadi Riahi,2011,2019,8,Exact
A5110875673,Shadi Riahi,doi:10.1016/j.enbuild.2011.04.009,10.1016/j.enbuild.2011.04.009,Shadi Riahi,2011,2019,8,Exact
A5110875673,Shadi Riahi,doi:10.1016/j.enbuild.2011.07.022,10.1016/j.enbuild.2011.07.022,Shadi Riahi,2011,2019,8,Exact
A5110875673,Shadi Riahi,doi:10.1177/0021998310376118,10.1177/0021998310376118,Shadi Riahi,2011,2019,8,Exact
A5110875673,Shadi Riahi,doi:10.1177/0021998310377944,10.1177/0021998310377944,Shadi Riahi,2011,2019,8,Exact
A5110875673,Shadi Riahi,doi:10.1177/0021998310377945,10.1177/0021998310377945,Shadi Riahi,2011,2019,8,Exact
A5110875673,Shadi Riahi,doi:10.1177/0021998310378907,10.1177/0021998310378907,Shadi Riahi,2011,2019,8,Exact
A5110875673,Shadi Riahi,doi:10.1177/0021998310378909,10.1177/0021998310378909,Shadi Riahi,2011,2019,8,Exact
A5110875673,Shadi Riahi,doi:10.1177/0021998310378910,10.1177/0021998310378910,Shadi Riahi,2011,2019,8,Exact
A5110875673,Shadi Riahi,doi:10.1177/0021998311414944,10.1177/0021998311414944,Shadi Riahi,2012,2019,7,Exact
A5110875673,Shadi Riahi,doi:10.1177/1056789510382851,10.1177/1056789510382851,Shadi Riahi,2011,2019,8,Exact
A5110875673,Shadi Riahi,doi:10.1177/1056789510385262,10.1177/1056789510385262,Shadi Riahi,2011,2019,8,Exact
A5110875673,Shadi Riahi,doi:10.1177/1056789510397073,10.1177/1056789510397073,Shadi Riahi,2011,2019,8,Exact
A5110875673,Shadi Riahi,doi:10.1177/1056789510397074,10.1177/1056789510397074,Shadi Riahi,2011,2019,8,Exact
A5110875673,Shadi Riahi,doi:10.1177/1056789510397079,10.1177/1056789510397079,Shadi Riahi,2011,2019,8,Exact
A5110875673,Shadi Riahi,doi:10.1177/1056789511419984,10.1177/1056789511419984,Shadi Riahi,2011,2019,8,Exact
A5110875673,Shadi Riahi,doi:10.1177/1056789511431991,10.1177/1056789511431991,Shadi Riahi,2011,2019,8,Exact
A5110875673,Shadi Riahi,doi:10.1177/1056789512442519,10.1177/1056789512442519,Shadi Riahi,2012,2019,7,Exact
A5110875673,Shadi Riahi,doi:10.3139/146.110497,10.3139/146.110497,Shadi Riahi,2011,2019,8,Exact
A5110875673,Shadi Riahi,doi:10.3139/146.110509,10.3139/146.110509,Shadi Riahi,2011,2019,8,Exact
A5110875673,Shadi Riahi,doi:10.3139/146.110574,10.3139/146.110574,Shadi Riahi,2011,2019,8,Exact
A5110875673,Shadi Riahi,doi:10.1007/s00521-011-0751-y,10.1007/s00521-011-0751-y,Shadi Riahi,2011,2020,9,Exact
A5110875673,Shadi Riahi,doi:10.1007/s00521-011-0760-x,10.1007/s00521-011-0760-x,Shadi Riahi,2011,2020,9,Exact
A5110875673,Shadi Riahi,doi:10.1007/s00521-012-1085-0,10.1007/s00521-012-1085-0,Shadi Riahi,2012,2020,8,Exact
A5110875673,Shadi Riahi,doi:10.1007/s00521-012-1127-7,10.1007/s00521-012-1127-7,Shadi Riahi,2012,2020,8,Exact
A5110875673,Shadi Riahi,doi:10.1016/j.compositesb.2012.01.012,10.1016/j.compositesb.2012.01.012,Shadi Riahi,2012,2020,8,Exact
A5110875673,Shadi Riahi,doi:10.1016/j.jnoncrysol.2011.08.022,10.1016/j.jnoncrysol.2011.08.022,Shadi Riahi,2011,2020,9,Exact
A5110875673,Shadi Riahi,doi:10.1080/17458080.2010.524669,10.1080/17458080.2010.524669,Shadi Riahi,2012,2020,8,Exact
A5110875673,Shadi Riahi,doi:10.1080/17458080.2010.543991,10.1080/17458080.2010.543991,Shadi Riahi,2012,2020,8,Exact
A5110875673,Shadi Riahi,doi:10.1080/17458080.2011.586369,10.1080/17458080.2011.586369,Shadi Riahi,2012,2020,8,Exact
A5110875673,Shadi Riahi,doi:10.1007/s00521-011-0700-9,10.1007/s00521-011-0700-9,Shadi Riahi,2011,2021,10,Exact
A5110875673,Shadi Riahi,doi:10.1007/s11431-011-4421-1,10.1007/s11431-011-4421-1,Shadi Riahi,2011,2021,10,Exact
A5110875673,Shadi Riahi,doi:10.1007/s11431-011-4440-y,10.1007/s11431-011-4440-y,Shadi Riahi,2011,2021,10,Exact
A5110875673,Shadi Riahi,doi:10.1016/j.ceramint.2012.02.021,10.1016/j.ceramint.2012.02.021,Shadi Riahi,2012,2021,9,Exact
A5110875673,Shadi Riahi,doi:10.1016/j.commatsci.2010.12.019,10.1016/j.commatsci.2010.12.019,Shadi Riahi,2011,2021,10,Exact
A5110875673,Shadi Riahi,doi:10.1016/j.compositesb.2010.09.001,10.1016/j.compositesb.2010.09.001,Shadi Riahi,2010,2021,11,Exact
A5110875673,Shadi Riahi,doi:10.1016/j.compositesb.2010.09.025,10.1016/j.compositesb.2010.09.025,Shadi Riahi,2010,2021,11,Exact
A5110875673,Shadi Riahi,doi:10.1016/j.compositesb.2010.12.004,10.1016/j.compositesb.2010.12.004,Shadi Riahi,2010,2021,11,Exact
A5110875673,Shadi Riahi,doi:10.1108/15736101011080114,10.1108/15736101011080114,Shadi Riahi,2010,2021,11,Exact
A5110875673,Shadi Riahi,doi:10.1680/macr.10.00106,10.1680/macr.10.00106,Shadi Riahi,2015,2021,6,Exact
A5110875673,Shadi Riahi,doi:10.1680/macr.10.00173,10.1680/macr.10.00173,Shadi Riahi,2012,2021,9,Exact
A5110875673,Shadi Riahi,doi:10.1680/macr.11.00005,10.1680/macr.11.00005,Shadi Riahi,2012,2021,9,Exact
A5110875673,Shadi Riahi,doi:10.1680/macr.11.00039,10.1680/macr.11.00039,Shadi Riahi,2012,2021,9,Exact
A5110875673,Shadi Riahi,doi:10.1007/s11431-010-4266-z,10.1007/s11431-010-4266-z,Shadi Riahi,2011,2022,11,Exact
A5110875673,Shadi Riahi,doi:10.1007/s11431-011-4463-4,10.1007/s11431-011-4463-4,Shadi Riahi,2011,2022,11,Exact
A5110875673,Shadi Riahi,doi:10.1007/s12046-011-0023-7,10.1007/s12046-011-0023-7,Shadi Riahi,2011,2022,11,Exact
A5111054898,Wei Zhao,doi:10.1155/2022/6565109,10.1155/2022/6565109,Wei Zhao,2022,2023,1,Exact
A5111365052,Tao Wang,doi:10.1520/jte20230077,10.1520/jte20230077,Tao Wang,2024,2026,2,Exact
A5111410581,Yoshihiro Sato,doi:10.1159/000117272,10.1159/000117272,Yoshihiro Sato,1996,2018,22,Exact
A5111410581,Yoshihiro Sato,doi:10.1159/000117447,10.1159/000117447,Yoshihiro Sato,1997,2018,21,Exact
A5111410581,Yoshihiro Sato,doi:10.1023/a:1006078521790,10.1023/a:1006078521790,Yoshihiro Sato,1998,2019,21,Exact
A5111499609,Li Wang,doi:10.1089/gtmb.2017.0113,10.1089/gtmb.2017.0113,Li Wang,2017,2022,5,Exact
A5111499609,Li Wang,doi:10.1155/2023/3370440,10.1155/2023/3370440,Li Wang,2023,2023,0,Exact
A5111499609,Li Wang,doi:10.3892/etm.2017.4322,10.3892/etm.2017.4322,Li Wang,2017,2024,7,Exact
A5111511007,Fei Wang,doi:10.1109/iis.2009.87,10.1109/iis.2009.87,Fei Wang,2009,2009,0,Exact
A5111531609,Jun Yang,doi:10.3390/nu8080456,10.3390/nu8080456,Jun Yang,2016,2017,1,Exact
A5111554215,Jun Wang,doi:10.1109/icbbe.2011.5780966,10.1109/icbbe.2011.5780966,Jun Wang,2011,2011,0,Exact
A5111562782,Stefan Suttner,doi:10.1007/bf03016688,10.1007/bf03016688,Stefan W Suttner,2001,2011,10,Exact
A5111562782,Stefan Suttner,doi:10.1007/bf03017799,10.1007/bf03017799,Stefan W Suttner,2002,2011,9,Exact
A5111562782,Stefan Suttner,doi:10.1007/bf03017895,10.1007/bf03017895,Stefan W Suttner,2002,2011,9,Exact
A5111562782,Stefan Suttner,doi:10.1007/bf03018364,10.1007/bf03018364,Stefan W Suttner,2003,2011,8,Initial
A5111562782,Stefan Suttner,doi:10.1007/s00134-006-0409-x,10.1007/s00134-006-0409-x,Stefan W Suttner,2006,2011,5,Initial
A5111562782,Stefan Suttner,doi:10.1016/s0003-4975(02)04903-2,10.1016/s0003-4975(02)04903-2,Stefan W Suttner,2003,2011,8,Exact
A5111562782,Stefan Suttner,doi:10.1053/j.jvca.2010.02.008,10.1053/j.jvca.2010.02.008,Stefan W Suttner,2010,2011,1,Exact
A5111562782,Stefan Suttner,doi:10.1097/00000542-200205000-00012,10.1097/00000542-200205000-00012,Stefan W Suttner,2002,2011,9,Exact
A5111562782,Stefan Suttner,doi:10.1213/00000539-199901000-00015,10.1213/00000539-199901000-00015,Stefan W Suttner,1999,2011,12,Initial
A5111562782,Stefan Suttner,doi:10.1213/00000539-199912000-00008,10.1213/00000539-199912000-00008,Stefan W Suttner,1999,2011,12,Exact
A5111562782,Stefan Suttner,doi:10.1213/00000539-200004000-00033,10.1213/00000539-200004000-00033,Stefan W Suttner,2000,2011,11,Exact
A5111562782,Stefan Suttner,doi:10.1213/00000539-200007000-00039,10.1213/00000539-200007000-00039,Stefan W Suttner,2000,2011,11,Exact
A5111562782,Stefan Suttner,doi:10.1213/00000539-200201000-00020,10.1213/00000539-200201000-00020,Stefan W Suttner,2002,2011,9,Exact
A5111562782,Stefan Suttner,doi:10.1213/01.ane.0000189561.44016.99,10.1213/01.ane.0000189561.44016.99,Stefan W Suttner,2006,2011,5,Exact
A5111562782,Stefan Suttner,doi:10.1213/01.ane.0000260566.39244.bd,10.1213/01.ane.0000260566.39244.bd,Stefan W Suttner,2007,2011,4,Exact
A5111562782,Stefan Suttner,doi:10.1213/ane.0b013e31817b7732,10.1213/ane.0b013e31817b7732,Stefan W Suttner,2008,2011,3,Exact
A5111562782,Stefan Suttner,doi:10.1007/s00134-001-1126-0,10.1007/s00134-001-1126-0,Stefan W Suttner,2001,2023,22,Exact
A5111597301,Y. Zhang,doi:10.1093/nar/gkm366,10.1093/nar/gkm366,Yi Zhang,2007,2012,5,Initial
A5111641520,Jie Li,doi:10.1227/01.neu.0000335776.93176.83,10.1227/01.neu.0000335776.93176.83,Jie Li,2009,2011,2,Exact
A5111763115,Lei Zhang,doi:10.1371/journal.pone.0265026,10.1371/journal.pone.0265026,Lei Zhang,2022,2025,3,Exact
A5111812676,Y. Sato,doi:10.1007/s004150050252,10.1007/s004150050252,Yoshihiro Sato,1998,2019,21,Initial
A5111812676,Y. Sato,doi:10.1016/s0022-510x(98)00233-0,10.1016/s0022-510x(98)00233-0,Yoshihiro Sato,1998,2024,26,Exact
A5111812676,Y. Sato,doi:10.1016/s0022-510x(99)00047-7,10.1016/s0022-510x(99)00047-7,Yoshihiro Sato,1999,2024,25,Exact
A5111934554,S. Suttner,doi:10.1055/s-2003-40067,10.1055/s-2003-40067,Stefan W Suttner,2003,2010,7,Initial
A5111934554,S. Suttner,doi:10.1055/s-2003-42508,10.1055/s-2003-42508,Stefan W Suttner,2003,2010,7,Initial
A5111934554,S. Suttner,doi:10.1017/s0265021502000996,10.1017/s0265021502000996,Stefan W Suttner,2002,2011,9,Initial
A5111934554,S. Suttner,doi:10.1017/s0265021505000360,10.1017/s0265021505000360,Stefan W Suttner,2005,2011,6,Initial
A5111934554,S. Suttner,doi:10.1017/s0265021506002286,10.1017/s0265021506002286,Stefan W Suttner,2011,2011,0,Initial
A5111934554,S. Suttner,doi:10.1017/s0265021508004055,10.1017/s0265021508004055,Stefan W Suttner,2008,2011,3,Initial
A5111934554,S. Suttner,doi:10.1017/s0265021508004328,10.1017/s0265021508004328,Stefan W Suttner,2008,2011,3,Initial
A5111934554,S. Suttner,doi:10.1034/j.1399-6576.2001.450210.x,10.1034/j.1399-6576.2001.450210.x,Stefan W Suttner,2001,2011,10,Initial
A5111934554,S. Suttner,doi:10.1046/j.1365-2044.1999.00849.x,10.1046/j.1365-2044.1999.00849.x,Stefan W Suttner,1999,2011,12,Initial
A5111934554,S. Suttner,doi:10.1046/j.1365-2044.2000.055002131.x,10.1046/j.1365-2044.2000.055002131.x,Stefan W Suttner,2000,2011,11,Initial
A5111934554,S. Suttner,doi:10.1046/j.1365-2044.2001.02175.x,10.1046/j.1365-2044.2001.02175.x,Stefan W Suttner,2001,2011,10,Initial
A5111934554,S. Suttner,doi:10.1055/s-2007-965302,10.1055/s-2007-965302,Stefan W Suttner,2007,2011,4,Initial
A5111934554,S. Suttner,doi:10.1093/bja/87.5.699,10.1093/bja/87.5.699,Stefan W Suttner,2000,2011,11,Initial
A5111934554,S. Suttner,doi:10.1093/bja/aef242,10.1093/bja/aef242,Stefan W Suttner,2002,2011,9,Initial
A5111934554,S. Suttner,doi:10.1093/bja/ael242,10.1093/bja/ael242,Stefan W Suttner,2006,2011,5,Initial
A5111934554,S. Suttner,doi:10.1093/bja/ael341,10.1093/bja/ael341,Stefan W Suttner,2007,2011,4,Initial
A5111934554,S. Suttner,doi:10.1093/bja/aen353,10.1093/bja/aen353,Stefan W Suttner,2009,2011,2,Initial
A5111934554,S. Suttner,doi:10.1093/bja/aep062,10.1093/bja/aep062,Stefan W Suttner,2009,2011,2,Initial
A5111934554,S. Suttner,doi:10.1093/bja/aep133,10.1093/bja/aep133,Stefan W Suttner,2009,2011,2,Initial
A5111934554,S. Suttner,doi:10.1097/00003246-200105000-00008,10.1097/00003246-200105000-00008,Stefan W Suttner,2001,2011,10,Initial
A5111934554,S. Suttner,doi:10.1111/j.1365-2044.2004.03734.x,10.1111/j.1365-2044.2004.03734.x,Stefan W Suttner,2004,2011,7,Initial
A5111934554,S. Suttner,doi:10.1111/j.1365-2044.2005.04157.x,10.1111/j.1365-2044.2005.04157.x,Stefan W Suttner,2005,2011,6,Initial
A5111934554,S. Suttner,doi:10.1111/j.1399-6576.2006.00905.x,10.1111/j.1399-6576.2006.00905.x,Stefan W Suttner,2005,2011,6,Initial
A5111934554,S. Suttner,doi:10.1213/00000539-200202000-00028,10.1213/00000539-200202000-00028,Stefan W Suttner,2002,2011,9,Initial
A5111934554,S. Suttner,doi:10.1213/00000539-199911000-00009,10.1213/00000539-199911000-00009,Stefan W Suttner,1999,2020,21,Initial
A5111934554,S. Suttner,doi:10.1007/s001340050743,10.1007/s001340050743,Stefan W Suttner,1998,2023,25,Initial
A5111934554,S. Suttner,doi:10.1017/s0265021508004365,10.1017/s0265021508004365,Stefan W Suttner,2008,2026,18,Initial
A5111964102,Jun Wang,doi:10.1007/s13277-014-2570-0,10.1007/s13277-014-2570-0,Jun Wang,2014,2017,3,Exact
A5111964102,Jun Wang,doi:10.1038/cdd.2017.31,10.1038/cdd.2017.31,Jun Wang,2017,2019,2,Exact
A5111964102,Jun Wang,doi:10.1007/s11010-007-9684-2,10.1007/s11010-007-9684-2,Jun Wang,2007,2021,14,Exact
A5111964102,Jun Wang,doi:10.1155/2022/2799123,10.1155/2022/2799123,Jun Wang,2022,2023,1,Exact
A5111964102,Jun Wang,doi:10.1155/2022/2900378,10.1155/2022/2900378,Jun Wang,2022,2023,1,Exact
A5111964102,Jun Wang,doi:10.3892/or.2018.6204,10.3892/or.2018.6204,Jun Wang,2018,2024,6,Exact
A5111964102,Jun Wang,doi:10.3892/ijmm.2019.4206,10.3892/ijmm.2019.4206,Jun Wang,2019,2025,6,Exact
A5112079336,Zhang Jin,doi:10.1109/icbbe.2011.5781136,10.1109/icbbe.2011.5781136,Jin Zhang,2011,2011,0,Exact
A5112114445,Jing Chen,doi:10.1016/s1995-7645(12)60170-9,10.1016/s1995-7645(12)60170-9,Jing Chen,2012,2012,0,Exact
A5112114445,Jing Chen,doi:10.1016/s1995-7645(13)60015-2,10.1016/s1995-7645(13)60015-2,Jing Chen,2013,2013,0,Exact
A5112115843,Yong Wang,doi:10.1109/icebeg.2011.5882786,10.1109/icebeg.2011.5882786,Yong Wang,2011,2011,0,Exact
A5112411768,Wei Li,doi:10.1007/s12517-021-08030-1,10.1007/s12517-021-08030-1,Wei Li,2021,2021,0,Exact
A5112532734,Dan Wang,doi:10.1186/s13568-018-0677-1,10.1186/s13568-018-0677-1,Dan Wang,2018,2019,1,Exact
A5112534202,Xin Zhang,doi:10.1155/2022/8016567,10.1155/2022/8016567,Xin Zhang,2022,2023,1,Exact
A5112542518,Hao Chen,doi:10.1007/s11356-021-17671-4,10.1007/s11356-021-17671-4,Hao Chen,2022,2024,2,Exact
A5112550617,Wang Hong,doi:10.1186/s13660-017-1522-9,10.1186/s13660-017-1522-9,Hong Wang,2017,2019,2,Exact
A5112577317,Jun Yang,doi:10.1109/aimsec.2011.6010277,10.1109/aimsec.2011.6010277,Jun Yang,2011,2011,0,Exact
A5112658615,Yan Zhang,doi:10.2217/nnm-2020-0082,10.2217/nnm-2020-0082,Yan Zhang,2020,2022,2,Exact
A5112664324,Jian Xu,doi:10.1111/iwj.14830,10.1111/iwj.14830,Jian Xu,2024,2025,1,Exact
A5112723885,Jing Liu,doi:10.1155/2022/9993393,10.1155/2022/9993393,Jing Liu,2022,2023,1,Exact
A5112874868,Yang Li,doi:10.2147/ott.s229739,10.2147/ott.s229739,Yang Li,2019,2023,4,Exact
A5112887955,Li Li,doi:10.1155/2023/5746940,10.1155/2023/5746940,Li Li,2023,2023,0,Exact
A5112890524,Jie Zhang,doi:10.1007/s00210-019-01746-8,10.1007/s00210-019-01746-8,Jie Zhang,2019,2020,1,Exact
A5112900684,Li Wang,doi:10.1155/2022/5874248,10.1155/2022/5874248,Li Wang,2022,2023,1,Exact
A5112930506,Y. Sato,doi:10.1136/jnnp.2011.244574,10.1136/jnnp.2011.244574,Yoshihiro Sato,2011,2017,6,Initial
A5112930506,Y. Sato,doi:10.1016/s0003-9993(00)90231-4,10.1016/s0003-9993(00)90231-4,Yoshihiro Sato,2004,2019,15,Exact
A5112930506,Y. Sato,doi:10.1016/s1052-3057(98)80022-0,10.1016/s1052-3057(98)80022-0,Yoshihiro Sato,1998,2019,21,Exact
A5112930506,Y. Sato,doi:10.1097/00002060-199907000-00005,10.1097/00002060-199907000-00005,Yoshihiro Sato,1999,2019,20,Exact
A5112930506,Y. Sato,doi:10.1016/s0022-510x(98)00041-0,10.1016/s0022-510x(98)00041-0,Yoshihiro Sato,1998,2024,26,Exact
A5112959879,Yang Zhang,doi:10.1111/iwj.14773,10.1111/iwj.14773,Yang Zhang,2024,2025,1,Exact
A5113079405,Yu Liu,doi:10.1109/qr2mse.2013.6625932,10.1109/qr2mse.2013.6625932,Yu Liu,2013,2013,0,Exact
A5113087192,Jing Zhang,doi:10.1109/iceice.2011.5778176,10.1109/iceice.2011.5778176,Jing Zhang,2011,2011,0,Exact
A5113149079,Hui Li,doi:10.1002/adma.201900813,10.1002/adma.201900813,Hui Li,2019,2023,4,Exact
A5113149079,Hui Li,doi:10.1002/aenm.201700513,10.1002/aenm.201700513,Hui Li,2017,2023,6,Exact
A5113186018,Dan Wang,doi:10.12998/wjcc.v12.i13.2173,10.12998/wjcc.v12.i13.2173,Dan Wang,2024,2024,0,Exact
A5113329408,Bo Li,doi:10.3389/fonc.2020.588533,10.3389/fonc.2020.588533,Bo Li,2021,2023,2,Exact
A5113333854,Qian Li,doi:10.1111/srt.13584,10.1111/srt.13584,Qian Li,2024,2025,1,Exact
A5113353372,Hong Zhang,doi:10.1109/icsess.2011.5982467,10.1109/icsess.2011.5982467,Hong Zhang,2011,2011,0,Exact
A5113353372,Hong Zhang,doi:10.1109/paccs.2011.5990204,10.1109/paccs.2011.5990204,Hong Zhang,2011,2011,0,Exact
A5113353372,Hong Zhang,doi:10.1109/paccs.2011.5990205,10.1109/paccs.2011.5990205,Hong Zhang,2011,2011,0,Exact
A5113373874,Jian Xu,doi:10.1002/jcb.27341,10.1002/jcb.27341,Jian Xu,2018,2021,3,Exact
A5113384513,Jing Wang,doi:10.1155/2022/5249910,10.1155/2022/5249910,Jing Wang,2022,2023,1,Exact
A5113414168,Qian Zhang,doi:10.1007/s10586-018-2046-x,10.1007/s10586-018-2046-x,Qian Zhang,2018,2022,4,Exact
A5113414416,Jin Wang,doi:10.1109/iccsit.2010.5563699,10.1109/iccsit.2010.5563699,Jin Wang,2010,2010,0,Exact
A5113414416,Jin Wang,doi:10.1109/qr2mse.2013.6625563,10.1109/qr2mse.2013.6625563,Jin Wang,2013,2013,0,Exact
A5113414416,Jin Wang,doi:10.1109/access.2019.2911892,10.1109/access.2019.2911892,Jin Wang,2019,2019,0,Exact
A5113414416,Jin Wang,doi:10.1002/cpe.5533,10.1002/cpe.5533,Jin Wang,2019,2021,2,Exact
A5113414416,Jin Wang,doi:10.1007/s12652-018-01171-4,10.1007/s12652-018-01171-4,Jin Wang,2019,2021,2,Exact
A5113414416,Jin Wang,doi:10.3233/jifs-221185,10.3233/jifs-221185,Jin Wang,2022,2024,2,Exact
A5113414416,Jin Wang,doi:10.1057/s41599-025-04787-y,10.1057/s41599-025-04787-y,Jin Wang,2025,2026,1,Exact
A5113427686,Yong Zhang,doi:10.3892/mmr.2016.5971,10.3892/mmr.2016.5971,Yong Zhang,2016,2023,7,Exact
A5113507673,S N Piper,doi:10.1055/s-2004-814331,10.1055/s-2004-814331,Swen N Piper,2004,2011,7,Initial
A5113517827,Hidenori Toyooka,doi:10.1046/j.1460-9592.1999.00376.x,10.1046/j.1460-9592.1999.00376.x,Hidenori Toyooka,1999,2013,14,Exact
A5113566766,Hui Liu,doi:10.1016/j.heliyon.2022.e10100,10.1016/j.heliyon.2022.e10100,Hui Liu,2022,2025,3,Exact
A5113639147,S. N. Piper,doi:10.1055/s-2003-40067,10.1055/s-2003-40067,Swen N Piper,2003,2010,7,Initial
A5113639147,S. N. Piper,doi:10.1055/s-2003-42508,10.1055/s-2003-42508,Swen N Piper,2003,2010,7,Initial
A5113639147,S. N. Piper,doi:10.1007/s00101-008-1495-7,10.1007/s00101-008-1495-7,Swen N Piper,2009,2011,2,Initial
A5113639147,S. N. Piper,doi:10.1017/s0265021502000996,10.1017/s0265021502000996,Swen N Piper,2002,2011,9,Initial
A5113639147,S. N. Piper,doi:10.1017/s0265021504003096,10.1017/s0265021504003096,Swen N Piper,2004,2011,7,Initial
A5113639147,S. N. Piper,doi:10.1017/s0265021505000360,10.1017/s0265021505000360,Swen N Piper,2005,2011,6,Initial
A5113639147,S. N. Piper,doi:10.1017/s0265021506002286,10.1017/s0265021506002286,Swen N Piper,2011,2011,0,Initial
A5113639147,S. N. Piper,doi:10.1017/s0265021508004055,10.1017/s0265021508004055,Swen N Piper,2008,2011,3,Initial
A5113639147,S. N. Piper,doi:10.1046/j.0265-0215.2000.00810.x,10.1046/j.0265-0215.2000.00810.x,Swen N Piper,2001,2011,10,Initial
A5113639147,S. N. Piper,doi:10.1046/j.1365-2044.1999.00849.x,10.1046/j.1365-2044.1999.00849.x,Swen N Piper,1999,2011,12,Initial
A5113639147,S. N. Piper,doi:10.1046/j.1365-2044.2000.055002131.x,10.1046/j.1365-2044.2000.055002131.x,Swen N Piper,2000,2011,11,Initial
A5113639147,S. N. Piper,doi:10.1046/j.1365-2044.2001.02175.x,10.1046/j.1365-2044.2001.02175.x,Swen N Piper,2001,2011,10,Initial
A5113639147,S. N. Piper,doi:10.1046/j.1365-2044.2003.02964_2.x,10.1046/j.1365-2044.2003.02964_2.x,Swen N Piper,2003,2011,8,Initial
A5113639147,S. N. Piper,doi:10.1055/s-2005-921199,10.1055/s-2005-921199,Swen N Piper,2006,2011,5,Initial
A5113639147,S. N. Piper,doi:10.1055/s-2007-965302,10.1055/s-2007-965302,Swen N Piper,2007,2011,4,Initial
A5113639147,S. N. Piper,doi:10.1093/bja/87.3.435,10.1093/bja/87.3.435,Swen N Piper,2000,2011,11,Initial
A5113639147,S. N. Piper,doi:10.1093/bja/87.5.699,10.1093/bja/87.5.699,Swen N Piper,2000,2011,11,Initial
A5113639147,S. N. Piper,doi:10.1093/bja/ael242,10.1093/bja/ael242,Swen N Piper,2006,2011,5,Initial
A5113639147,S. N. Piper,doi:10.1097/00003246-200105000-00008,10.1097/00003246-200105000-00008,Swen N Piper,2001,2011,10,Initial
A5113639147,S. N. Piper,doi:10.1111/j.1365-2044.2004.03734.x,10.1111/j.1365-2044.2004.03734.x,Swen N Piper,2004,2011,7,Initial
A5113639147,S. N. Piper,doi:10.1111/j.1365-2044.2005.04157.x,10.1111/j.1365-2044.2005.04157.x,Swen N Piper,2005,2011,6,Initial
A5113639147,S. N. Piper,doi:10.1111/j.1399-6576.2006.00905.x,10.1111/j.1399-6576.2006.00905.x,Swen N Piper,2005,2011,6,Initial
A5113639147,S. N. Piper,doi:10.1055/s-2003-45397,10.1055/s-2003-45397,Swen N Piper,2003,2013,10,Initial
A5113639147,S. N. Piper,doi:10.1111/j.1399-6576.1998.tb05354.x,10.1111/j.1399-6576.1998.tb05354.x,Swen N Piper,2008,2021,13,Initial
A5113639147,S. N. Piper,doi:10.1111/j.1399-6576.2006.01238.x,10.1111/j.1399-6576.2006.01238.x,Swen N Piper,2007,2021,14,Initial
A5113639147,S. N. Piper,doi:10.1017/s0265021508004365,10.1017/s0265021508004365,Swen N Piper,2008,2026,18,Initial
A5113643499,Swen N. Piper,doi:10.1007/bf03016688,10.1007/bf03016688,Swen N Piper,2001,2011,10,Exact
A5113643499,Swen N. Piper,doi:10.1007/bf03017799,10.1007/bf03017799,Swen N Piper,2002,2011,9,Exact
A5113643499,Swen N. Piper,doi:10.1007/bf03017895,10.1007/bf03017895,Swen N Piper,2002,2011,9,Exact
A5113643499,Swen N. Piper,doi:10.1007/s00134-006-0409-x,10.1007/s00134-006-0409-x,Swen N Piper,2006,2011,5,Exact
A5113643499,Swen N. Piper,doi:10.1016/s0003-4975(02)04903-2,10.1016/s0003-4975(02)04903-2,Swen N Piper,2003,2011,8,Exact
A5113643499,Swen N. Piper,doi:10.1053/cr.2000.5853,10.1053/cr.2000.5853,Swen N Piper,2000,2011,11,Exact
A5113643499,Swen N. Piper,doi:10.1053/j.jvca.2007.02.015,10.1053/j.jvca.2007.02.015,Swen N Piper,2007,2011,4,Exact
A5113643499,Swen N. Piper,doi:10.1097/00000542-200205000-00012,10.1097/00000542-200205000-00012,Swen N Piper,2002,2011,9,Exact
A5113643499,Swen N. Piper,doi:10.1213/00000539-199901000-00015,10.1213/00000539-199901000-00015,Swen N Piper,1999,2011,12,Exact
A5113643499,Swen N. Piper,doi:10.1213/00000539-199912000-00008,10.1213/00000539-199912000-00008,Swen N Piper,1999,2011,12,Exact
A5113643499,Swen N. Piper,doi:10.1213/00000539-200004000-00033,10.1213/00000539-200004000-00033,Swen N Piper,2000,2011,11,Exact
A5113643499,Swen N. Piper,doi:10.1213/00000539-200007000-00039,10.1213/00000539-200007000-00039,Swen N Piper,2000,2011,11,Exact
A5113643499,Swen N. Piper,doi:10.1213/00000539-200201000-00020,10.1213/00000539-200201000-00020,Swen N Piper,2002,2011,9,Exact
A5113643499,Swen N. Piper,doi:10.1213/00000539-200209000-00027,10.1213/00000539-200209000-00027,Swen N Piper,2002,2011,9,Exact
A5113643499,Swen N. Piper,doi:10.1213/01.ane.0000120163.44315.47,10.1213/01.ane.0000120163.44315.47,Swen N Piper,2004,2011,7,Exact
A5113643499,Swen N. Piper,doi:10.1213/01.ane.0000160532.77128.89,10.1213/01.ane.0000160532.77128.89,Swen N Piper,2005,2011,6,Exact
A5113643499,Swen N. Piper,doi:10.1213/ane.0b013e31817b7732,10.1213/ane.0b013e31817b7732,Swen N Piper,2008,2011,3,Exact
A5113643499,Swen N. Piper,doi:10.1097/eja.0b013e32833b04e4,10.1097/eja.0b013e32833b04e4,Swen N Piper,2010,2012,2,Exact
A5113643499,Swen N. Piper,doi:10.1007/s00134-001-1126-0,10.1007/s00134-001-1126-0,Swen N Piper,2001,2023,22,Exact
A5113643499,Swen N. Piper,doi:10.1097/eja.0b013e32832e08e0,10.1097/eja.0b013e32832e08e0,Swen N Piper,2009,2026,17,Exact
A5113716959,Jian Xu,doi:10.1080/10941665.2015.1117502,10.1080/10941665.2015.1117502,Jian Xu,2016,2016,0,Exact
A5113788436,Yu Liu,doi:10.12659/msm.919861,10.12659/msm.919861,Yu Liu,2019,2024,5,Exact
A5113904786,Rui Wang,doi:10.1007/s13277-015-3866-4,10.1007/s13277-015-3866-4,Rui Wang,2015,2017,2,Exact
A5114155974,Jing Zhang,doi:10.1186/s13661-017-0894-6,10.1186/s13661-017-0894-6,Jing Zhang,2017,2019,2,Exact
A5114244118,Li Li,doi:10.1007/s13277-014-1777-4,10.1007/s13277-014-1777-4,Li Li,2014,2014,0,Exact
A5114375779,Peng Zhang,doi:10.1038/s41598-020-68142-8,10.1038/s41598-020-68142-8,Peng Zhang,2020,2020,0,Exact
A5114375779,Peng Zhang,doi:10.1016/j.biopha.2020.109858,10.1016/j.biopha.2020.109858,Peng Zhang,2020,2023,3,Exact
A5114375779,Peng Zhang,doi:10.3389/fonc.2022.770013,10.3389/fonc.2022.770013,Peng Zhang,2022,2023,1,Exact
A5114377942,Bo Zhang,doi:10.1007/s10644-024-09678-x,10.1007/s10644-024-09678-x,Bo Zhang,2024,2024,0,Exact
A5114378296,Yang Yang,doi:10.1111/j.1349-7006.2011.01911.x,10.1111/j.1349-7006.2011.01911.x,Yang Yang,2011,2011,0,Exact
A5114546958,Jing Wei Liu,doi:10.1520/jte20230052,10.1520/jte20230052,Jing Liu,2024,2026,2,Exact
A5114546958,Jing Wei Liu,doi:10.1520/jte20230053,10.1520/jte20230053,Jing Liu,2024,2026,2,Exact
A5114549706,Gang Wang,doi:10.1002/cpe.4716,10.1002/cpe.4716,Gang Wang,2018,2019,1,Exact
A5114585361,Li Zhang,doi:10.1109/iccsit.2010.5563773,10.1109/iccsit.2010.5563773,Li Zhang,2010,2010,0,Exact
A5114608804,Jing Wang,doi:10.1080/13651501.2017.1397700,10.1080/13651501.2017.1397700,Jing Wang,2017,2021,4,Exact
A5114804029,Rui Zhang,doi:10.1007/s11042-017-5455-6,10.1007/s11042-017-5455-6,Rui Zhang,2017,2019,2,Exact
A5114860112,Jing Liu,doi:10.1109/fitme.2010.5654725,10.1109/fitme.2010.5654725,Jing Liu,2010,2010,0,Exact
A5114860112,Jing Liu,doi:10.1109/icebeg.2011.5881272,10.1109/icebeg.2011.5881272,Jing Liu,2011,2011,0,Exact
A5114889239,Yan Wang,doi:10.1155/2022/2287470,10.1155/2022/2287470,Yan Wang,2022,2023,1,Exact
A5114911316,Li Li,doi:10.1186/s13148-024-01627-9,10.1186/s13148-024-01627-9,Li Li,2024,2024,0,Exact
A5114929650,Jian Zhang,doi:10.3892/ijo.2017.3943,10.3892/ijo.2017.3943,Jian Zhang,2017,2020,3,Exact
A5114973643,Yang Liu,doi:10.1155/2022/6428796,10.1155/2022/6428796,Yang Liu,2022,2023,1,Exact
A5114994797,Ying Wang,doi:10.2337/db11-1373,10.2337/db11-1373,Ying Wang,2012,2013,1,Exact
A5114994797,Ying Wang,doi:10.1164/rccm.201109-1671oc,10.1164/rccm.201109-1671oc,Ying Wang,2012,2015,3,Exact
A5114994797,Ying Wang,doi:10.3892/or.2016.5155,10.3892/or.2016.5155,Ying Wang,2016,2021,5,Exact
A5115076700,Chao Wang,doi:10.1155/2022/1740909,10.1155/2022/1740909,Chao Wang,2022,2023,1,Exact
A5115076700,Chao Wang,doi:10.1155/2022/8254356,10.1155/2022/8254356,Chao Wang,2022,2024,2,Exact
A5115588071,Jing Liu,doi:10.1109/cctae.2010.5543159,10.1109/cctae.2010.5543159,Jing Liu,2010,2010,0,Exact
A5115588071,Jing Liu,doi:10.1155/2022/2426417,10.1155/2022/2426417,Jing Liu,2022,2023,1,Exact
A5115588160,Li Zhang,doi:10.1371/journal.pone.0313446,10.1371/journal.pone.0313446,Li Zhang,2024,2025,1,Exact
A5115588577,Peng Zhang,doi:10.1074/jbc.m113.473397,10.1074/jbc.m113.473397,Peng Zhang,2013,2021,8,Exact
A5115588655,Hao Zhang,doi:10.1371/journal.pone.0162873,10.1371/journal.pone.0162873,Hao Zhang,2016,2024,8,Exact
A5115589185,Jing Li,doi:10.1155/2022/2498435,10.1155/2022/2498435,Jing Li,2022,2023,1,Exact
A5115589198,Jing Wang,doi:10.1155/2022/4454926,10.1155/2022/4454926,Jing Wang,2022,2023,1,Exact
A5115589198,Jing Wang,doi:10.1155/2022/6221673,10.1155/2022/6221673,Jing Wang,2022,2023,1,Exact
A5115589198,Jing Wang,doi:10.3892/mmr.2021.11858,10.3892/mmr.2021.11858,Jing Wang,2021,2024,3,Exact
A5115589198,Jing Wang,doi:10.3892/etm.2019.7495,10.3892/etm.2019.7495,Jing Wang,2019,2025,6,Exact
A5115589352,Hao Wang,doi:10.1155/2022/3584461,10.1155/2022/3584461,Hao Wang,2022,2023,1,Exact
A5115589622,Jian Wang,doi:10.1080/15384101.2021.1991121,10.1080/15384101.2021.1991121,Jian Wang,2021,2024,3,Exact
A5115589622,Jian Wang,doi:10.18632/oncotarget.17258,10.18632/oncotarget.17258,Jian Wang,2017,2026,9,Exact
A5115590096,Xin Zhang,doi:10.5551/jat.40212,10.5551/jat.40212,Xin Zhang,2017,2021,4,Exact
A5115590096,Xin Zhang,doi:10.3748/wjg.v25.i17.2110,10.3748/wjg.v25.i17.2110,Xin Zhang,2019,2023,4,Exact
A5115590684,Wei Wang,doi:10.1109/icbbe.2011.5781155,10.1109/icbbe.2011.5781155,Wei Wang,2011,2011,0,Exact
A5115591660,Yan Wang,doi:10.1155/2021/3621259,10.1155/2021/3621259,Yan Wang,2021,2024,3,Exact
A5115592026,Wei Zhang,doi:10.21203/rs.3.rs-711354/v1,10.21203/rs.3.rs-711354/v1,Wei Zhang,2022,2022,0,Exact
A5115593250,Yang Liu,doi:10.1155/2022/9899135,10.1155/2022/9899135,Yang Liu,2022,2023,1,Exact
A5115593250,Yang Liu,doi:10.3390/app122412818,10.3390/app122412818,Yang Liu,2022,2024,2,Exact
A5115594996,Lei Wang,doi:10.1002/14651858.cd008978.pub2,10.1002/14651858.cd008978.pub2,Lei Wang,2012,2014,2,Exact
A5115595101,Hui Wang,doi:10.1016/j.lfs.2024.122449,10.1016/j.lfs.2024.122449,Hui Wang,2024,2024,0,Exact
A5115596056,Rui Wang,doi:10.1371/journal.pone.0309821,10.1371/journal.pone.0309821,Rui Wang,2024,2025,1,Exact
A5115596413,Yu Wang,doi:10.1093/infdis/jiae177,10.1093/infdis/jiae177,Yu Wang,2024,2024,0,Exact
A5115596731,Lei Wang,doi:10.1002/smll.201704464,10.1002/smll.201704464,Lei Wang,2018,2019,1,Exact
A5115596787,Jun Li,doi:10.1109/iciecs.2010.5678220,10.1109/iciecs.2010.5678220,Jun Li,2010,2010,0,Exact
A5115596846,Wei Chen,doi:10.1371/journal.pone.0313446,10.1371/journal.pone.0313446,Wei Chen,2024,2025,1,Exact
A5115596851,Hao Wang,doi:10.1109/iccasm.2010.5622702,10.1109/iccasm.2010.5622702,Hao Wang,2010,2010,0,Exact
A5115596907,Yang Zhang,doi:10.2147/cmar.s276290,10.2147/cmar.s276290,Yang Zhang,2021,2023,2,Exact
A5115597675,Hong Wang,doi:10.3892/or.2021.8066,10.3892/or.2021.8066,Hong Wang,2021,2024,3,Exact
A5115600572,Jing Chen,doi:10.1109/iccasm.2010.5622532,10.1109/iccasm.2010.5622532,Jing Chen,2010,2010,0,Exact
A5115601814,Jie Chen,doi:10.1038/cdd.2017.31,10.1038/cdd.2017.31,Jie Chen,2017,2019,2,Exact
A5115601814,Jie Chen,doi:10.1155/2014/451826,10.1155/2014/451826,Jie Chen,2014,2022,8,Exact
A5115601814,Jie Chen,doi:10.1155/2021/2568195,10.1155/2021/2568195,Jie Chen,2021,2023,2,Exact
A5115601814,Jie Chen,doi:10.1155/2022/8920861,10.1155/2022/8920861,Jie Chen,2022,2023,1,Exact
A5115601814,Jie Chen,doi:10.1111/acel.12951,10.1111/acel.12951,Jie Chen,2019,2024,5,Exact
A5115601815,Jie Chen,doi:10.1089/cbr.2014.1728,10.1089/cbr.2014.1728,Jie Chen,2015,2021,6,Exact
A5115601815,Jie Chen,doi:10.1089/cbr.2017.2306,10.1089/cbr.2017.2306,Jie Chen,2018,2021,3,Exact
A5115601815,Jie Chen,doi:10.1155/2022/7341294,10.1155/2022/7341294,Jie Chen,2022,2023,1,Exact
A5115601815,Jie Chen,doi:10.1186/s12885-019-5605-5,10.1186/s12885-019-5605-5,Jie Chen,2019,2024,5,Exact
A5115602019,Fang Wang,doi:10.1002/jccs.202000149,10.1002/jccs.202000149,Fang Wang,2020,2023,3,Exact
A5115602022,Hui Wang,doi:10.1371/journal.pone.0105350,10.1371/journal.pone.0105350,Hui Wang,2014,2021,7,Exact
A5115602022,Hui Wang,doi:10.1186/1471-2407-14-689,10.1186/1471-2407-14-689,Hui Wang,2014,2022,8,Exact
A5115602045,Jie Wang,doi:10.1155/2022/3586290,10.1155/2022/3586290,Jie Wang,2022,2023,1,Exact
A5115602051,Yang Wang,doi:10.1109/icbbe.2011.5781348,10.1109/icbbe.2011.5781348,Yang Wang,2011,2011,0,Exact
A5115602051,Yang Wang,doi:10.1016/s0140-6736(21)01640-8,10.1016/s0140-6736(21)01640-8,Yang Wang,2022,2024,2,Exact
A5115602070,Fang Wang,doi:10.7554/elife.59795,10.7554/elife.59795,Fang Wang,2020,2020,0,Exact
A5115602070,Fang Wang,doi:10.1080/21691401.2019.1671855,10.1080/21691401.2019.1671855,Fang Wang,2019,2021,2,Exact
A5115602070,Fang Wang,doi:10.1016/j.lfs.2018.02.016,10.1016/j.lfs.2018.02.016,Fang Wang,2018,2022,4,Exact
A5115602070,Fang Wang,doi:10.1186/s13662-025-03870-7,10.1186/s13662-025-03870-7,Fang Wang,2025,2025,0,Exact
A5115602155,Tao Zhang,doi:10.1002/jcb.26304,10.1002/jcb.26304,Tao Zhang,2017,2021,4,Exact
A5115602340,Hui Liu,doi:10.1109/icbbe.2011.5780938,10.1109/icbbe.2011.5780938,Hui Liu,2011,2011,0,Exact
A5115602441,Lei Liu,doi:10.1007/s12282-018-00939-y,10.1007/s12282-018-00939-y,Lei Liu,2019,2019,0,Exact
A5115602441,Lei Liu,doi:10.1002/iid3.678,10.1002/iid3.678,Lei Liu,2022,2022,0,Exact
A5115602686,Lei Li,doi:10.1109/icmss.2010.5577224,10.1109/icmss.2010.5577224,Lei Li,2010,2010,0,Exact
A5115602686,Lei Li,doi:10.1080/15384101.2020.1786622,10.1080/15384101.2020.1786622,Lei Li,2020,2023,3,Exact
A5115602707,Yang Wang,doi:10.1097/01.wnr.0000227991.23046.b7,10.1097/01.wnr.0000227991.23046.b7,Yang Wang,2006,2010,4,Exact
A5115602709,Yu Wang,doi:10.1109/ifita.2009.204,10.1109/ifita.2009.204,Yu Wang,2009,2009,0,Exact
A5115602709,Yu Wang,doi:10.1109/icbbe.2011.5781277,10.1109/icbbe.2011.5781277,Yu Wang,2011,2011,0,Exact
A5115602709,Yu Wang,doi:10.1016/j.redox.2020.101600,10.1016/j.redox.2020.101600,Yu Wang,2020,2025,5,Exact
A5115602710,Ying Wang,doi:10.1111/cns.12981,10.1111/cns.12981,Ying Wang,2018,2021,3,Exact
A5115602710,Ying Wang,doi:10.2147/cmar.s153036,10.2147/cmar.s153036,Ying Wang,2018,2022,4,Exact
A5115603610,Qian Zhang,doi:10.1007/s10257-018-0389-8,10.1007/s10257-018-0389-8,Qian Zhang,2019,2022,3,Exact
A5115603610,Qian Zhang,doi:10.1007/s10257-021-00503-w,10.1007/s10257-021-00503-w,Qian Zhang,2021,2022,1,Exact
A5115603610,Qian Zhang,doi:10.1155/2022/2408685,10.1155/2022/2408685,Qian Zhang,2022,2023,1,Exact
A5115603610,Qian Zhang,doi:10.3233/jifs-240310,10.3233/jifs-240310,Qian Zhang,2024,2024,0,Exact
A5115603610,Qian Zhang,doi:10.1016/j.psep.2024.08.047,10.1016/j.psep.2024.08.047,Qian Zhang,2024,2025,1,Exact
A5115603637,Rui Zhang,doi:10.1002/jcb.26916,10.1002/jcb.26916,Rui Zhang,2018,2025,7,Exact
A5115603655,Yan Zhang,doi:10.3389/fcell.2020.610097,10.3389/fcell.2020.610097,Yan Zhang,2021,2021,0,Exact
A5115603655,Yan Zhang,doi:10.1186/s13048-022-01060-7,10.1186/s13048-022-01060-7,Yan Zhang,2022,2023,1,Exact
A5115603669,Jing Zhang,doi:10.1109/aimsec.2011.6009790,10.1109/aimsec.2011.6009790,Jing Zhang,2011,2011,0,Exact
A5115603669,Jing Zhang,doi:10.1155/2022/4548922,10.1155/2022/4548922,Jing Zhang,2022,2023,1,Exact
A5115603669,Jing Zhang,doi:10.1016/j.ajpath.2012.03.038,10.1016/j.ajpath.2012.03.038,Jing Zhang,2012,2024,12,Exact
A5115603684,Hui Zhang,doi:10.1039/c8ra02090f,10.1039/c8ra02090f,Hui Zhang,2018,2021,3,Exact
A5115603709,Tao Liu,doi:10.1155/2022/2186866,10.1155/2022/2186866,Tao Liu,2022,2023,1,Exact
A5115604378,Lei Zhang,doi:10.3892/ijo.2018.4637,10.3892/ijo.2018.4637,Lei Zhang,2018,2024,6,Exact
A5115604431,Dan Li,doi:10.1186/s13045-020-00857-7,10.1186/s13045-020-00857-7,Dan Li,2020,2023,3,Exact
A5115604615,Yu Liu,doi:10.3389/fnins.2024.1450072,10.3389/fnins.2024.1450072,Yu Liu,2024,2025,1,Exact
A5115605022,Tao Li,doi:10.1038/s41598-019-56321-1,10.1038/s41598-019-56321-1,Tao Li,2019,2021,2,Exact
A5115694897,Jing Wang,doi:10.1109/icebeg.2011.5882732,10.1109/icebeg.2011.5882732,Jing Wang,2011,2011,0,Exact
A5115695074,Lin Wang,doi:10.2147/jir.s300997,10.2147/jir.s300997,Lin Wang,2021,2022,1,Exact
A5115695385,Tao Wang,doi:10.1109/paccs.2011.5990354,10.1109/paccs.2011.5990354,Tao Wang,2011,2011,0,Exact
A5115695450,Yan Wang,doi:10.1155/2021/9954520,10.1155/2021/9954520,Yan Wang,2021,2023,2,Exact
A5115695473,Ping Wang,doi:10.1109/icbmei.2011.5917836,10.1109/icbmei.2011.5917836,Ping Wang,2011,2011,0,Exact
A5115695478,Li Wang,doi:10.1109/icbbe.2011.5780264,10.1109/icbbe.2011.5780264,Li Wang,2011,2011,0,Exact
A5115695478,Li Wang,doi:10.12659/msm.914244,10.12659/msm.914244,Li Wang,2019,2021,2,Exact
A5115695478,Li Wang,doi:10.1186/s12967-020-02322-y,10.1186/s12967-020-02322-y,Li Wang,2020,2022,2,Exact
A5115695483,Yan Wang,doi:10.1002/ar.24307,10.1002/ar.24307,Yan Wang,2019,2021,2,Exact
A5115695500,Wei Wang,doi:10.4103/1673-5374.235217,10.4103/1673-5374.235217,Wei Wang,2018,2018,0,Exact
A5115695500,Wei Wang,doi:10.1016/j.omtn.2020.09.020,10.1016/j.omtn.2020.09.020,Wei Wang,2020,2022,2,Exact
A5115695500,Wei Wang,doi:10.1155/2022/8593251,10.1155/2022/8593251,Wei Wang,2022,2023,1,Exact
A5115695500,Wei Wang,doi:10.1155/2022/9631858,10.1155/2022/9631858,Wei Wang,2022,2023,1,Exact
A5115695500,Wei Wang,doi:10.1186/s13046-018-0875-3,10.1186/s13046-018-0875-3,Wei Wang,2018,2023,5,Exact
A5115695506,Wei Wang,doi:10.1109/appeec.2010.5448751,10.1109/appeec.2010.5448751,Wei Wang,2010,2010,0,Exact
A5115695510,Jun Wang,doi:10.1039/c9qi00590k,10.1039/c9qi00590k,Jun Wang,2019,2019,0,Exact
A5115695525,Lei Wang,doi:10.1111/srt.13874,10.1111/srt.13874,Lei Wang,2024,2025,1,Exact
A5115695550,Yan Wang,doi:10.3892/ijmm.2018.3701,10.3892/ijmm.2018.3701,Yan Wang,2018,2025,7,Exact
A5116016368,Jing Liu,doi:10.1155/2020/3128053,10.1155/2020/3128053,Jing Liu,2020,2023,3,Exact
A5116016368,Jing Liu,doi:10.1016/j.talanta.2023.125156,10.1016/j.talanta.2023.125156,Jing Liu,2023,2024,1,Exact
A5116016368,Jing Liu,doi:10.1080/21655979.2021.2022268,10.1080/21655979.2021.2022268,Jing Liu,2022,2024,2,Exact
A5116319512,Li Wang,doi:10.1371/journal.pone.0035324,10.1371/journal.pone.0035324,Li Wang,2012,2022,10,Exact
A5116337743,Wei Wang,doi:10.1109/cctae.2010.5544857,10.1109/cctae.2010.5544857,Wei Wang,2010,2010,0,Exact
A5116568586,Jian Wang,doi:10.1002/jcb.26137,10.1002/jcb.26137,Jian Wang,2017,2021,4,Exact
A5116719957,Wei Liu,doi:10.2147/cmar.s291218,10.2147/cmar.s291218,Wei Liu,2021,2021,0,Exact
A5116736541,Li Wang,doi:10.1109/asia.2009.17,10.1109/asia.2009.17,Li Wang,2009,2010,1,Exact
A5116736541,Li Wang,doi:10.1109/icise.2009.933,10.1109/icise.2009.933,Li Wang,2009,2010,1,Exact
A5116736541,Li Wang,doi:10.1109/icbbe.2011.5780230,10.1109/icbbe.2011.5780230,Li Wang,2011,2011,0,Exact
A5117137724,Hui Wang,doi:10.1109/icbbe.2011.5780786,10.1109/icbbe.2011.5780786,Hui Wang,2011,2011,0,Exact
A5117459284,Hong Zhang,doi:10.1016/j.surneu.2006.12.050,10.1016/j.surneu.2006.12.050,Hong Zhang,2007,2018,11,Exact
A5117525036,Wei Wang,doi:10.3233/jifs-179145,10.3233/jifs-179145,Wei Wang,2019,2025,6,Exact
A5117634646,Yang Zhang,doi:10.1155/2022/7202837,10.1155/2022/7202837,Yang Zhang,2022,2025,3,Exact
A5117779795,Hui Li,doi:10.1155/2022/3915491,10.1155/2022/3915491,Hui Li,2022,2023,1,Exact
A5117779795,Hui Li,doi:10.1155/2022/7827104,10.1155/2022/7827104,Hui Li,2022,2024,2,Exact
A5118941484,Li Wang,doi:10.3233/wor-210253,10.3233/wor-210253,Li Wang,2021,2021,0,Exact
A5118969723,Wei Wang,doi:10.1109/iciecs.2010.5678193,10.1109/iciecs.2010.5678193,Wei Wang,2010,2010,0,Exact
A5118969723,Wei Wang,doi:10.1111/pace.14118,10.1111/pace.14118,Wei Wang,2020,2020,0,Exact
A5118983736,Wei Zhang,doi:10.1097/cej.0000000000000638,10.1097/cej.0000000000000638,Wei Zhang,2021,2021,0,Exact
A5118983736,Wei Zhang,doi:10.1155/2022/2306451,10.1155/2022/2306451,Wei Zhang,2022,2023,1,Exact
A5118983736,Wei Zhang,doi:10.1007/s10142-023-01006-2,10.1007/s10142-023-01006-2,Wei Zhang,2023,2024,1,Exact
A5118983736,Wei Zhang,doi:10.3934/mbe.2023709,10.3934/mbe.2023709,Wei Zhang,2023,2024,1,Exact
A5119013751,Yan Wang,doi:10.1109/icbbe.2011.5780957,10.1109/icbbe.2011.5780957,Yan Wang,2011,2011,0,Exact
A5119206315,Min Wang,doi:10.1155/2021/5574207,10.1155/2021/5574207,Min Wang,2021,2024,3,Exact
A5119268674,Min Zhang,doi:10.1016/j.optcom.2022.128818,10.1016/j.optcom.2022.128818,Min Zhang,2022,2022,0,Exact
A5119272133,Ying Wang,doi:10.1155/2021/1464707,10.1155/2021/1464707,Ying Wang,2021,2023,2,Exact
A5119272186,Jing Liu,doi:10.1007/s00414-018-1789-5,10.1007/s00414-018-1789-5,Jing Liu,2018,2021,3,Exact
A5119272186,Jing Liu,doi:10.1007/s00414-018-1863-z,10.1007/s00414-018-1863-z,Jing Liu,2018,2021,3,Exact
A5119272186,Jing Liu,doi:10.1159/000494475,10.1159/000494475,Jing Liu,2018,2022,4,Exact
A5119272186,Jing Liu,doi:10.3389/fcell.2020.00748,10.3389/fcell.2020.00748,Jing Liu,2020,2022,2,Exact
A5119272186,Jing Liu,doi:10.3892/mmr.2020.11353,10.3892/mmr.2020.11353,Jing Liu,2020,2025,5,Exact
A5119607022,Hui Zhang,doi:10.1155/2021/4041082,10.1155/2021/4041082,Hui Zhang,2021,2022,1,Exact
A5119767597,Yong Zhang,doi:10.1007/s13277-015-3434-y,10.1007/s13277-015-3434-y,Yong Zhang,2015,2017,2,Exact
A5119767597,Yong Zhang,doi:10.1002/jcp.27751,10.1002/jcp.27751,Yong Zhang,2018,2022,4,Exact
A5119929943,Yan Wang,doi:10.1088/1742-6596/2037/1/012060,10.1088/1742-6596/2037/1/012060,Yan Wang,2021,2022,1,Exact
A5119929943,Yan Wang,doi:10.1080/21655979.2021.2013099,10.1080/21655979.2021.2013099,Yan Wang,2022,2024,2,Exact
A5125168263,Xi Chen,doi:10.3233/jifs-189328,10.3233/jifs-189328,Xi Chen,2020,2025,5,Exact
A5132799693,J Boldt,doi:10.4103/aoca_200252_166,10.4103/aoca_200252_166,Joachim Boldt,2002,2026,24,Initial
A5132799693,J Boldt,doi:10.4103/aoca_200582_104,10.4103/aoca_200582_104,Joachim Boldt,2005,2026,21,Initial
A5134056450,Bin Wang,doi:10.1155/2022/1839488,10.1155/2022/1839488,Bin Wang,2022,2023,1,Exact
