openalex_author_id,author,publisher,unique_retracted_papers
A5000044808,Li Chen,Hindawi,1
A5000117750,Hong Zhang,Hindawi,1
A5000155659,Wei Zhang,Hindawi,1
A5000201876,Jie Zhang,IEEE: Institute of Electrical and Electronics Engineers,1
A5000211045,Ping Li,Hindawi,1
A5000314950,Jian Zhang,American Medical Association,2
A5000436270,Lei Wang,Hindawi,1
A5000512905,Jun Yang,Springer,1
A5000531260,Dan Li,Hindawi,1
A5000570841,Bin Liu,Hindawi,1
A5001059898,Yang Liu,Elsevier,1
A5001251426,Peng Zhang,Springer - Biomed Central (BMC),1
A5001362174,Feng Wang,Hindawi,1
A5001392952,Yang Liu,Hindawi,1
A5001396636,Tao Zhang,Hindawi,1
A5001526015,Qian Wang,IEEE: Institute of Electrical and Electronics Engineers,1
A5001544321,Jun Zhang,Hindawi,1
A5001559266,Feng Wang,Hindawi,1
A5001591092,Yan Liu,Hindawi,1
A5001612078,Yan Liu,Springer,1
A5001760784,Feng Wang,IOP Publishing,1
A5002025513,Fang Liu,Hindawi,1
A5002090770,M.H. Li,Elsevier,1
A5002125442,Tao Wang,Hindawi,1
A5002187164,Chandra Gopala Rao,Elsevier,3
A5002244487,Lei Liu,Hindawi,1
A5002285108,Jing Zhang,Wiley,1
A5002442875,J Zhang,Wiley,1
A5002453567,Yang Liu,Taylor and Francis,1
A5002498810,Yu Liu,IEEE: Institute of Electrical and Electronics Engineers,3
A5002622778,Li Hong,Hindawi,1
A5002637149,Jing Wang,Wiley,1
A5002750918,Jun Li,Hindawi,1
A5002814280,Tao Liu,American Chemical Society (ACS),1
A5002814280,Tao Liu,Wiley,1
A5002847404,Jian Wang,Springer - Nature Publishing Group,1
A5002959160,Yong Wang,Hindawi,1
A5003031088,Jie Wang,PLoS,1
A5003154300,Jun Zhang,Hindawi,1
A5003277541,Jian Li,Hindawi,1
A5003334032,Bo Wang,Springer,1
A5003408565,Lin Zhang,IEEE: Institute of Electrical and Electronics Engineers,1
A5003674725,Ying Li Wang,Springer - Nature Publishing Group,1
A5003724781,Yang Yang,Elsevier,1
A5003757195,Wei Zhao,Springer,1
A5003813737,Rui Zhang,PLoS,1
A5003815460,Ying Zhang,Hindawi,1
A5003837307,Hui Wang,Hindawi,1
A5003871909,Yan Zhang,Hindawi,1
A5004063425,Y. Wang,ASPET: American Society for Pharmacology and Experimental Therapeutics,1
A5004137391,Li Li,Hindawi,1
A5004150912,Jun Yang,IEEE: Institute of Electrical and Electronics Engineers,1
A5004255007,Na Li,Hindawi,2
A5004389567,Yang Wang,Portland Press,1
A5004389567,Yang Wang,Spandidos,1
A5004486459,Hui Li,Elsevier,2
A5004486459,Hui Li,Taylor and Francis - Dove Press,1
A5004578755,Jun Liu,Hindawi,1
A5004844933,Lei Li,Hindawi,1
A5005049433,Hui Wang,IEEE: Institute of Electrical and Electronics Engineers,1
A5005075928,Jing Zhang,Hindawi,1
A5005112871,Jing Yang,PLoS,1
A5005208943,Ping Wang,IEEE: Institute of Electrical and Electronics Engineers,1
A5005433863,Lin Wang,Hindawi,1
A5005528787,Jing Li,IEEE: Institute of Electrical and Electronics Engineers,1
A5005691416,Dan Wang,Hindawi,1
A5005746172,Hao Wang,Hindawi,1
A5005804072,Jun Zhang,Hindawi,2
A5005876103,Wei Liu,Hindawi,1
A5005908337,Yan Chen,Hindawi,1
A5005934609,Yang Zhang,Hindawi,1
A5005983977,Hong Zhang,IEEE: Institute of Electrical and Electronics Engineers,2
A5006042664,Dan Liu,Hindawi,1
A5006059676,Tao Liu,Elsevier,1
A5006134468,Liang Wang,IEEE: Institute of Electrical and Electronics Engineers,4
A5006134468,Liang Wang,Elsevier,1
A5006143021,Lin Zhang,IEEE: Institute of Electrical and Electronics Engineers,4
A5006213514,Yang Wang,Elsevier,1
A5006213514,Yang Wang,Wiley,1
A5006228979,P. Li,Hindawi,1
A5006284156,Yan Zhang,Hindawi,1
A5006317498,Xi Chen,MDPI,1
A5006324322,Qi Wang,Hindawi,1
A5006402805,Peng Zhang,Hindawi,1
A5006447721,Hong Zhang,Elsevier - Cell Press,1
A5006478175,Bo Zhang,Hindawi,1
A5006619863,Hong Zhang,Hindawi,1
A5006698197,Lei Wang,IEEE: Institute of Electrical and Electronics Engineers,2
A5006738950,Feng Wang,Elsevier,1
A5006774419,Jing Liu,Hindawi,1
A5006794525,Jie Chen,Hindawi,1
A5007049678,Li Liu,Wiley,1
A5007062656,Wei Li,Association for Computing Machinery (ACM),1
A5007096495,Qi Wang,Hindawi,1
A5007120063,Jian Wang,Hindawi,1
A5007205237,Fang Liu,PLoS,2
A5007289800,Li Zhang,Hindawi,1
A5007564658,Li Zhang,Hindawi,1
A5007650371,Yong Zhang,Springer,1
A5007650371,Yong Zhang,Wiley,1
A5007661149,Hui Li,Frontiers,1
A5007661986,Jie Zhang,Hindawi,1
A5007810825,Dan Liu,Asian Society of Gynecologic Oncology,1
A5007944403,Ping Wang,Hindawi,1
A5007971153,Ping Wang,Springer,1
A5008016038,Jie Chen,IEEE: Institute of Electrical and Electronics Engineers,1
A5008061427,Li Yang,Spandidos,1
A5008114041,Jie Chen,Frontiers,1
A5008114041,Jie Chen,Springer - Nature Publishing Group,1
A5008213873,Jun Zhang,Hindawi,1
A5008318334,Hao Zhang,Hindawi,1
A5008425595,Qiang Li,IEEE: Institute of Electrical and Electronics Engineers,1
A5008518906,Jing Zhao,Elsevier,1
A5008570719,Feng Wang,Springer,1
A5008717871,Lei Wang,Hindawi,1
A5008724498,Yan Liu,Hindawi,2
A5008773119,Yong Zhang,IEEE: Institute of Electrical and Electronics Engineers,1
A5008829405,Lin Wang,Hindawi,1
A5008829405,Lin Wang,IOS Press (bought by Sage November 2023),1
A5008829405,Lin Wang,Springer,1
A5008881437,Wei Zhang,Wiley,1
A5008916846,Bo Wang,Hindawi,1
A5008992137,Jing Wang,Hindawi,1
A5009045763,Jing Li,Hindawi,1
A5009386422,Jian Xu,Nature Publishing Group,1
A5009404304,Gang Wang,Hindawi,1
A5009411552,Qian Zhang,Elsevier,2
A5009411552,Qian Zhang,SAGE Publications,2
A5009411552,Qian Zhang,Wiley,1
A5009517684,Jian Xu,Springer,1
A5009553418,Lin Zhang,Hindawi,1
A5009695635,Juan Li,Hindawi,1
A5009949085,Wei Zhao,IEEE: Institute of Electrical and Electronics Engineers,1
A5009985129,Hironobu Ueshima,Elsevier,108
A5009985129,Hironobu Ueshima,BMJ Publishing,3
A5009985129,Hironobu Ueshima,Scientific Research Publishing (SCIRP),3
A5009985129,Hironobu Ueshima,Wolters Kluwer - Lippincott Williams & Wilkins,3
A5009985129,Hironobu Ueshima,Springer,2
A5009985129,Hironobu Ueshima,Hindawi,1
A5009985129,Hironobu Ueshima,Wolters Kluwer,1
A5010246094,Jun Zhang,Hindawi,1
A5010249218,Jie Zhang,Frontiers,1
A5010249218,Jie Zhang,IEEE: Institute of Electrical and Electronics Engineers,1
A5010249218,Jie Zhang,"International Scientific Information, Inc",1
A5010249218,Jie Zhang,Japan Atherosclerosis Society,1
A5010261091,Lin Wang,Hindawi,1
A5010827491,Min Zhang,Hindawi,1
A5010846614,Jun Li,Hindawi,1
A5010940242,Yang Wang,Hindawi,1
A5010949036,Rui Wang,Taylor and Francis,1
A5010958243,Ying Wang,Hindawi,1
A5010978341,Yi Wang,Hindawi,1
A5010993715,Yu Zhang,Springer,1
A5011049502,Jing Zhao,Taylor and Francis,1
A5011210400,Min Zhang,Hindawi,1
A5011210400,Min Zhang,PLoS,1
A5011258836,Feng Wang,Hindawi,1
A5011347232,Ying Zhang,Hindawi,1
A5011359621,Ying Zhang,Hindawi,1
A5011410001,Feng Li,Hindawi,2
A5011429168,Ying Zhang,Hindawi,1
A5011550595,Hong Li,Hindawi,1
A5011701654,Wei Zhang,Hindawi,1
A5011749539,Xin Li,Hindawi,1
A5011751975,Yong Wang,IEEE: Institute of Electrical and Electronics Engineers,1
A5011792338,Ying Zhang,IEEE: Institute of Electrical and Electronics Engineers,1
A5011863186,Li Zhang,IEEE: Institute of Electrical and Electronics Engineers,1
A5011885525,Hui Zhang,Hindawi,1
A5011888863,Jie Wang,IOS Press (bought by Sage November 2023),1
A5011912885,Wei Wang,Hindawi,1
A5012050321,Yu Liu,Hindawi,1
A5012063033,Hui Liu,Hindawi,2
A5012124607,Qiang Li,Hindawi,1
A5012249136,Yi Zhang,IEEE: Institute of Electrical and Electronics Engineers,1
A5012340726,Wei Liu,Hindawi,1
A5012387700,Jun Wang,Springer - Nature Publishing Group,1
A5012413755,Jun Li,Hindawi,1
A5012506063,Yasunori Sato,BMJ Publishing,1
A5012585311,Jian Xu,Bentham Open,1
A5012858773,Yan Li,MDPI,1
A5012870940,Jing Li,Elsevier,1
A5012877783,Yang Yang,Hindawi,1
A5012882774,Ping Wang,PLoS,1
A5012938528,Lei Li,Hindawi,1
A5013041751,Jian Zhang,IEEE: Institute of Electrical and Electronics Engineers,1
A5013165064,Ming Li,Hindawi,1
A5013190448,Feng Li,Hindawi,1
A5013241415,Wei Wang,Springer - Biomed Central (BMC),1
A5013416069,Qi Wang,Hindawi,1
A5013416069,Qi Wang,IEEE: Institute of Electrical and Electronics Engineers,1
A5013467294,Xin Zhang,Hindawi,1
A5013494150,Hui Li,Hindawi,1
A5013585741,Jing Chen,Hindawi,1
A5013619990,Bo Wang,Association for Computing Machinery (ACM),1
A5013634562,Xi Chen,Hindawi,1
A5013637763,Bo Li,Hindawi,1
A5013663299,Juan Li,Hindawi,1
A5013911877,Gang Wang,Springer - Nature Publishing Group,1
A5013925708,Lin Zhang,IEEE: Institute of Electrical and Electronics Engineers,1
A5013925708,Lin Zhang,Scientific.net,1
A5013928979,Jun Yang,Hindawi,1
A5014023805,Jie Chen,Hindawi,1
A5014031610,Gang Li,Wiley,1
A5014102697,Lei Li,Hindawi,1
A5014135483,Ying Li,Springer - Nature Publishing Group,1
A5014223967,Chao Wang,Hindawi,1
A5014231537,Ying Wang,Hindawi,1
A5014247970,Yong Wang,Taylor and Francis - Dove Press,1
A5014292481,Jing Yang,IOS Press (bought by Sage November 2023),1
A5014322283,Yan Liu,IEEE: Institute of Electrical and Electronics Engineers,1
A5014354722,Chao Wang,IEEE: Institute of Electrical and Electronics Engineers,1
A5014414658,Gang Wang,Hindawi,1
A5014470051,Bo Zhang,Hindawi,1
A5014528687,Tao Zhang,Hindawi,1
A5014610739,Jing Wang,Wiley,1
A5014850606,Lei Zhang,Hindawi,1
A5015003653,Wei Li,Hindawi,1
A5015005775,Ying Liu,Hindawi,1
A5015022905,Li Wang,Taylor and Francis,1
A5015090617,Jie Chen,Hindawi,1
A5015200260,Jun Liu,Hindawi,1
A5015240075,T. Liu,International Union of Crystallography,1
A5015262601,Wei Li,Hindawi,1
A5015270944,Jian Zhang,Taylor and Francis - Dove Press,1
A5015316618,Yan Liu,Hindawi,1
A5015316618,Yan Liu,Springer - Nature Publishing Group,1
A5015400531,Bo Li,Portland Press,1
A5015412414,Hao Wang,"National Institute of Infectious Diseases, Japanese",1
A5015554999,Nan Li,Hindawi,1
A5015620665,Wei Zhao,American Chemical Society (ACS),1
A5015648401,Ying Liu,Hindawi,1
A5015648581,Qi Wang,Hindawi,1
A5015675820,Qiang Li,Hindawi,1
A5015833745,Wei Zhao,Hindawi,2
A5015857920,Jing Li,Hindawi,1
A5015873217,Michael Heck,Springer - Nature Publishing Group,59
A5015873217,Michael Heck,Elsevier,1
A5015996319,Ling Wang,PLoS,2
A5016017312,Fang Wang,Hindawi,1
A5016017312,Fang Wang,Portland Press,1
A5016017312,Fang Wang,Royal Society of Chemistry (RSC),1
A5016138743,Lei Zhang,Hindawi,2
A5016204133,D. Liakopoulos,Brill,6
A5016222194,Jun Chen,Hindawi,1
A5016243849,Jie Li,Hindawi,1
A5016295569,Hong Zhang,Hindawi,1
A5016487886,Lei Zhang,SAGE Publications,1
A5016525604,Bo Li,Hindawi,2
A5016603642,Lei Liu,IEEE: Institute of Electrical and Electronics Engineers,1
A5016607393,Jin Zhang,PLoS,1
A5016661007,Peng Li,Frontiers,1
A5016670060,Jing Zhao,Hindawi,1
A5016789476,Hui Zhang,Hindawi,1
A5016817473,Jing Zhao,Institute of Art and Law,1
A5016838980,Jun Yang,Elsevier,1
A5016846133,Jie Wang,Taylor and Francis - Dove Press,1
A5016896263,Min Wang,Hindawi,2
A5016899308,Yang Zhang,Hindawi,1
A5016959602,YOSHITAKA FUJII,Wiley,1
A5016970221,Jing Li,Hindawi,1
A5017128990,Yan Zhang,Hindawi,2
A5017212315,Yü Liu,PLoS,1
A5017505207,Jing Yang,IEEE: Institute of Electrical and Electronics Engineers,1
A5017585343,Li Lei,IEEE: Institute of Electrical and Electronics Engineers,1
A5017624626,Yu Wang,Hindawi,1
A5017964223,Peng Li,Hindawi,1
A5017995918,J. Zhang,Wiley,1
A5018012012,Gang Li,Hindawi,1
A5018012012,Gang Li,IEEE: Institute of Electrical and Electronics Engineers,1
A5018012012,Gang Li,Wolters Kluwer - Lippincott Williams & Wilkins,1
A5018029635,Li Wang,Hindawi,1
A5018073436,Hui Liu,Hindawi,1
A5018203674,Yan Wang,IEEE: Institute of Electrical and Electronics Engineers,1
A5018216497,Yan Li,Hindawi,1
A5018393696,Bin Zhang,Hindawi,1
A5018460987,Rui Wang,IEEE: Institute of Electrical and Electronics Engineers,2
A5018460987,Rui Wang,Association for Computing Machinery (ACM),1
A5018471110,Xin Zhang,Taylor and Francis,1
A5018534416,Min Wang,Royal Society of Chemistry (RSC),1
A5018679281,Xi Chen,IEEE: Institute of Electrical and Electronics Engineers,1
A5018805981,L Wang,Wiley,1
A5019138834,Y Wang,Taylor and Francis,1
A5019149037,Li Wang,Hindawi,1
A5019152108,Ying Li,Hindawi,1
A5019378283,Jun Chen,IEEE: Institute of Electrical and Electronics Engineers,3
A5019663287,Jie Liu,IEEE: Institute of Electrical and Electronics Engineers,1
A5019733640,Jun Wang,Hindawi,1
A5019794077,Jun Chen,Hindawi,1
A5019802003,Lei Wang,Springer,1
A5019822259,Hui Zhang,Hindawi,2
A5019823979,Ming Li,IOP Publishing,1
A5019869278,Ying Zhang,Hindawi,1
A5019989501,Q Li,BMJ Publishing,1
A5020200923,Jian Li,Chinese Chemical Society Publishing,1
A5020322897,Jun Wang,IOS Press (bought by Sage November 2023),1
A5020354230,Yan Zhang,Hindawi,1
A5020394491,Feng Li,Hindawi,1
A5020713910,Yang Liu,Hindawi,1
A5020749950,Jin Wang,Hindawi,1
A5020755753,Wei Zhao,Hindawi,1
A5020969863,Yang Wang,Hindawi,1
A5021079201,Jian Xu,Portland Press,1
A5021357452,Yong Zhang,Hindawi,1
A5021396279,Yi Wang,Elsevier - Cell Press,1
A5021396836,Hong Li,Hindawi,1
A5021403424,Hui Liu,Hindawi,1
A5021587687,Chandra Gopala Rao,Elsevier,2
A5021686024,Li Wang,Hindawi,1
A5021789427,Jing Liu,Hindawi,1
A5022072267,Yu Liu,IEEE: Institute of Electrical and Electronics Engineers,3
A5022072267,Yu Liu,Hindawi,1
A5022147727,Jing Li,Hindawi,1
A5022191573,Ming Li,Electrochemical Society,1
A5022221420,Jing Wang,IEEE: Institute of Electrical and Electronics Engineers,1
A5022385871,Jing Li,Hindawi,1
A5022393623,Wei Zhao,IEEE: Institute of Electrical and Electronics Engineers,1
A5022422432,Yu Liu,Hindawi,1
A5022437227,Jun Zhang,IEEE: Institute of Electrical and Electronics Engineers,1
A5022445441,Jun Li,IEEE: Institute of Electrical and Electronics Engineers,1
A5022545876,Qiang Li,Hindawi,1
A5022663899,Rui Wang,IOS Press (bought by Sage November 2023),1
A5022668271,Yang Li,Hindawi,1
A5022728411,Jun Zhang,Hindawi,1
A5022801986,Min Li,Hindawi,1
A5022913556,Bin Zhang,Hindawi,1
A5022927606,Xin Wang,Hindawi,1
A5023061114,Wei Zhang,Spandidos,1
A5023158319,Wei Li,Hindawi,1
A5023161928,Feng Li,IEEE: Institute of Electrical and Electronics Engineers,3
A5023162457,Jing Chen,Hindawi,1
A5023191101,Jie Zhang,Wiley,1
A5023343562,Jing Li,Hindawi,1
A5023366065,Tao Wang,IEEE: Institute of Electrical and Electronics Engineers,1
A5023421415,Bo Wang,Springer - Nature Publishing Group,1
A5023526748,Lei Zhang,Hindawi,1
A5023532600,Nan Li,Hindawi,1
A5023554955,Tao Wang,Hindawi,1
A5023556422,Wei Zhao,Hindawi,1
A5023583451,Feng Wang,National Academy of Sciences (NAS),1
A5023806511,Wei Chen,IOS Press (bought by Sage November 2023),1
A5023828770,Feng Wang,Elsevier,2
A5023828770,Feng Wang,PLoS,2
A5023828770,Feng Wang,Springer,2
A5023834481,Wei Zhao,Hindawi,1
A5023886785,Jing Li,Hindawi,1
A5023894502,Ying Wang,Hindawi,1
A5023949389,Hidenori Toyooka,Springer,37
A5023949389,Hidenori Toyooka,Wolters Kluwer - Lippincott Williams & Wilkins,20
A5023949389,Hidenori Toyooka,Wiley,10
A5023949389,Hidenori Toyooka,Oxford University Press,7
A5023949389,Hidenori Toyooka,Elsevier,6
A5023949389,Hidenori Toyooka,Wolters Kluwer,5
A5023949389,Hidenori Toyooka,Australian Society of Anaesthetists,3
A5023949389,Hidenori Toyooka,Wiley-Blackwell,1
A5023978169,Jun Yang,IEEE: Institute of Electrical and Electronics Engineers,2
A5023984232,Zhang We,Elsevier,1
A5023984232,Zhang We,Springer - Nature Publishing Group,1
A5023985119,Ying Li,Wiley,1
A5024036992,Jing Yang,Hindawi,2
A5024126105,Zhao Jing,Hindawi,1
A5024131897,Tao Li,Hindawi,1
A5024131897,Tao Li,IOS Press (bought by Sage November 2023),1
A5024267654,Ying Zhang,Hindawi,1
A5024279012,Yi Zhang,Hindawi,1
A5024511254,Jian Li,Hindawi,1
A5024606648,T. Liu,International Union of Crystallography,1
A5024688954,Jing Li,Hindawi,1
A5024719843,Peng Li,Hindawi,1
A5024795113,Lin Zhang,ASTM International,1
A5024992580,Bo Zhang,Hindawi,1
A5025311315,Jie Li,Springer - Nature Publishing Group,1
A5025329304,Gang Wang,Hindawi,1
A5025331536,Ying Li,Hindawi,1
A5025351076,Lei Liu,SAGE Publications,1
A5025401873,Jie Li,Hindawi,1
A5025401873,Jie Li,Portland Press,1
A5025401873,Jie Li,Taylor and Francis - Dove Press,1
A5025499246,Feng Wang,Hindawi,1
A5025537865,Yang Liu,Hindawi,1
A5025670295,Hui Wang,Hindawi,1
A5025692087,Ping Li,Wiley,1
A5025712127,Yan Li,Hindawi,1
A5025897794,Qi Wang,Elsevier,1
A5026080192,Ting-Kai Liu,International Union of Crystallography,1
A5026203203,Lei Liu,Springer,1
A5026244579,Wei Liu,Hindawi,1
A5026298072,Fei Wang,Hindawi,1
A5026299946,Xin Zhang,IEEE: Institute of Electrical and Electronics Engineers,1
A5026349477,Yan Zhang,Hindawi,1
A5026775636,Liu Wei,Hindawi,1
A5026818586,Wei Chen,Taylor and Francis - Dove Press,1
A5026873018,Ying Zhang,Hindawi,1
A5026909961,Jing Chen,Spandidos,1
A5026956824,Hong Li,Springer,1
A5026976348,Wei Li,Hindawi,2
A5026980795,Min Wang,Association for Computing Machinery (ACM),1
A5027012549,Xin Wang,Hindawi,1
A5027023668,Ping Zhang,Hindawi,1
A5027036101,Joachim Boldt,Elsevier,77
A5027036101,Joachim Boldt,Wolters Kluwer - Lippincott Williams & Wilkins,57
A5027036101,Joachim Boldt,Springer,33
A5027036101,Joachim Boldt,Wiley,14
A5027036101,Joachim Boldt,Wolters Kluwer,11
A5027036101,Joachim Boldt,Oxford University Press,7
A5027036101,Joachim Boldt,Thieme,5
A5027036101,Joachim Boldt,Wiley-Blackwell,5
A5027036101,Joachim Boldt,Lippincott Williams and Wilkins,1
A5027036101,Joachim Boldt,Springer - Nature Publishing Group,1
A5027036101,Joachim Boldt,Taylor and Francis,1
A5027061078,Jun Lü,eLife Sciences Publications,1
A5027281905,Na Li,Hindawi,1
A5027310258,T. Zhang,AIP Publishing,1
A5027327689,Qiang Li,Hindawi,1
A5027464346,Bingbo Zhang,Springer,1
A5027521117,Ming Li,Hindawi,1
A5027679708,Lei Zhang,Wiley,1
A5027826490,Rui Wang,Hindawi,1
A5027918199,Fang Wang,American Chemical Society (ACS),1
A5027925351,Jun Chen,Hindawi,1
A5027944033,Wei Zhao,Cellular Physiol Biochem Press,1
A5027944033,Wei Zhao,Hindawi,1
A5027944416,Qiang Li,Hindawi,1
A5028012159,Hao Chen,Elsevier - Cell Press,1
A5028114748,Ashok Pandey,Elsevier,37
A5028114748,Ashok Pandey,Microbiology Society,1
A5028114748,Ashok Pandey,Taylor and Francis,1
A5028251167,Hui Liu,Hindawi,1
A5028373050,Peng Zhang,IEEE: Institute of Electrical and Electronics Engineers,2
A5028373050,Peng Zhang,Japanese Society of Veterinary Science,1
A5028389743,Jing Wang,IEEE: Institute of Electrical and Electronics Engineers,1
A5028389743,Jing Wang,IOP Publishing,1
A5028481145,Jing Wang,Hindawi,1
A5028599614,Qian Li,Hindawi,1
A5028660596,Jing Zhao,IEEE: Institute of Electrical and Electronics Engineers,1
A5028668508,Lei Zhang,Hindawi,1
A5028750131,Jie Li,Hindawi,1
A5028846529,Jun Yang,IEEE: Institute of Electrical and Electronics Engineers,1
A5028850241,Ying Liu,IEEE: Institute of Electrical and Electronics Engineers,1
A5028970982,Yu Zhang,Springer - Nature Publishing Group,1
A5029116476,Jian Xu,BioMed Central (BMC),1
A5029116476,Jian Xu,PLoS,1
A5029249465,Xin Zhang,Hindawi,1
A5029268538,J Boldt,Thieme,2
A5029268538,J Boldt,Georg Thieme Verlag,1
A5029268538,J Boldt,Karger,1
A5029294552,Yan Li,Hindawi,1
A5029326219,T. Liu,International Union of Crystallography,21
A5029386533,Bo Wang,Hindawi,1
A5029601647,Pei Liu,IEEE: Institute of Electrical and Electronics Engineers,1
A5029717979,Diederik A. Stapel,American Psychological Association (APA),14
A5029717979,Diederik A. Stapel,SAGE Publications,11
A5029717979,Diederik A. Stapel,Wiley,10
A5029717979,Diederik A. Stapel,Elsevier,7
A5029717979,Diederik A. Stapel,Taylor and Francis,7
A5029717979,Diederik A. Stapel,Guilford Press,2
A5029717979,Diederik A. Stapel,Springer,2
A5029717979,Diederik A. Stapel,American Association for the Advancement of Science (AAAS),1
A5029717979,Diederik A. Stapel,Hogrefe and Huber Publishers / Dansk psykologisk Forlag,1
A5029717979,Diederik A. Stapel,Oxford University Press,1
A5029860349,Yan Chen,Cellular Physiol Biochem Press,1
A5029911992,Bin Zhang,Hindawi,1
A5029918685,Yan Wang,Wiley,1
A5029930363,Xin Li,BMJ Publishing,1
A5029967759,Jun Wang,IOS Press (bought by Sage November 2023),1
A5029996983,Jing Chen,Hindawi,1
A5030168404,Bin Wang,Hindawi,1
A5030220372,Jie Wang,Wiley,1
A5030296858,Hao Wang,Hindawi,1
A5030335492,Yan Zhang,Hindawi,2
A5030335492,Yan Zhang,Cellular Physiol Biochem Press,1
A5030335492,Yan Zhang,Frontiers,1
A5030335492,Yan Zhang,Spandidos,1
A5030361217,Hao Zhang,Hindawi,1
A5030450451,Ying Liu,IEEE: Institute of Electrical and Electronics Engineers,1
A5030450451,Ying Liu,IOP Publishing,1
A5030551183,Bin Wang,PLoS,1
A5030551183,Bin Wang,Wiley,1
A5030625908,Tao Li,Hindawi,1
A5030686595,Jun Yang,Springer,1
A5030715283,M. Ghoranneviss,Springer,40
A5030715283,M. Ghoranneviss,Elsevier,19
A5030715283,M. Ghoranneviss,Springer - Nature Publishing Group,13
A5030823415,Yang Li,American Society for Cell Biology,1
A5030853272,Jin Zhang,IEEE: Institute of Electrical and Electronics Engineers,1
A5030932645,Feng Li,Hindawi,1
A5030943557,Zhang Jin,Hindawi,2
A5030964174,Yu Liu,Hindawi,1
A5030965157,Wang Fang,Hindawi,1
A5031091204,Wei Wang,Hindawi,1
A5031232338,Wei Liu,IEEE: Institute of Electrical and Electronics Engineers,1
A5031327561,Yoshitaka Fujii,Springer,51
A5031327561,Yoshitaka Fujii,Elsevier,27
A5031327561,Yoshitaka Fujii,Wolters Kluwer - Lippincott Williams & Wilkins,22
A5031327561,Yoshitaka Fujii,Wiley,17
A5031327561,Yoshitaka Fujii,Oxford University Press,10
A5031327561,Yoshitaka Fujii,Wolters Kluwer,9
A5031327561,Yoshitaka Fujii,American Medical Association,3
A5031327561,Yoshitaka Fujii,Australian Society of Anaesthetists,2
A5031327561,Yoshitaka Fujii,Wiley-Blackwell,2
A5031327561,Yoshitaka Fujii,BMJ Publishing,1
A5031327561,Yoshitaka Fujii,Karger,1
A5031327561,Yoshitaka Fujii,SAGE Publications,1
A5031388726,Jin Zhang,Springer,1
A5031426722,Bo Wang,Hindawi,1
A5031540238,Jing Yang,Elsevier,1
A5031540238,Jing Yang,Springer,1
A5031646526,Jing Zhang,Hindawi,1
A5031733486,Rui Zhang,Hindawi,1
A5031774812,Jun Yang,Hindawi,1
A5032071700,Tao Liu,"International Scientific Information, Inc",1
A5032071700,Tao Liu,Spandidos,1
A5032073958,Dan Wang,Hindawi,1
A5032161264,Jie Li,Hindawi,1
A5032165975,Hui Liu,IEEE: Institute of Electrical and Electronics Engineers,1
A5032276114,Jing Wang,IEEE: Institute of Electrical and Electronics Engineers,1
A5032306716,Lei Zhang,Hindawi,1
A5032345419,Hui Zhang,Elsevier,1
A5032345419,Hui Zhang,IOS Press (bought by Sage November 2023),1
A5032355023,Yu Wang,Hindawi,1
A5032383296,Yan Wang,Hindawi,1
A5032441724,Tao Wang,Hindawi,1
A5032456044,Yu Zhang,Springer - Biomed Central (BMC),1
A5032504496,Gang Wang,Hindawi,1
A5032506525,Jian Zhang,Hindawi,1
A5032562681,Hao Chen,Mary Ann Liebert,1
A5032618552,Yan Zhang,Hindawi,1
A5032620244,Wei Li,Hindawi,1
A5032622694,Hao Wang,Wiley,1
A5032633956,Jun Yang,Spandidos,1
A5032656905,Ying Wang,Hindawi,1
A5032721022,Jie Zhang,Hindawi,1
A5032847461,Wei Li,Hindawi,1
A5032988165,Gang Wang,Springer,1
A5033131662,T. Liu,International Union of Crystallography,1
A5033134984,Wei Li,Hindawi,1
A5033255645,Tao Liu,Hindawi,1
A5033259869,Hao Wang,Wiley,1
A5033311186,Qian Zhang,Hindawi,1
A5033408038,Ling Wang,IOS Press (bought by Sage November 2023),1
A5033424831,Yu Liu,AIP Publishing,1
A5033612860,Jing Li,Wiley,1
A5033645349,Jie Zhang,Hindawi,1
A5033731690,Wei Li,IEEE: Institute of Electrical and Electronics Engineers,2
A5033828504,Jin Wang,IEEE: Institute of Electrical and Electronics Engineers,1
A5033850890,Feng Li,Hindawi,1
A5033904866,Wenting Zhao,Elsevier,1
A5033935681,Yang Liu,Hindawi,1
A5033945545,Tao Zhang,Hindawi,1
A5033994816,Yi Wang,Hindawi,1
A5034013411,Feng Wang,IEEE: Institute of Electrical and Electronics Engineers,1
A5034017799,Qiang Li,Cellular Physiol Biochem Press,1
A5034017799,Qiang Li,Hindawi,1
A5034017799,Qiang Li,Oxford University Press,1
A5034017799,Qiang Li,Taylor and Francis,1
A5034017799,Qiang Li,Taylor and Francis - Dove Press,1
A5034151733,Ping Wang,IEEE: Institute of Electrical and Electronics Engineers,2
A5034182828,Jing Zhao,Hindawi,1
A5034225464,Yan Liu,Hindawi,1
A5034257967,Jian Xu,IEEE: Institute of Electrical and Electronics Engineers,1
A5034257967,Jian Xu,Taylor and Francis,1
A5034280484,Hui Liu,Hindawi,1
A5034484272,Peng Li,Hindawi,1
A5034537860,Qiang Li,Hindawi,1
A5034584084,Jie Chen,IEEE: Institute of Electrical and Electronics Engineers,1
A5034667170,Jing Zhang,Hindawi,1
A5034675261,Yu Liu,Hindawi,1
A5034747850,Hui Wang,Hindawi,1
A5034749609,Qian Wang,Hindawi,1
A5034878136,Li Li,Hindawi,1
A5035035721,Qian Zhang,Hindawi,1
A5035071840,Yang Li,Hindawi,1
A5035120060,Jun Yang,Hindawi,1
A5035305361,Jun Chen,Hindawi,1
A5035316294,Jie Chen,Wolters Kluwer - Lippincott Williams & Wilkins,1
A5035333902,Jing Li,Hindawi,1
A5035398796,Yu Zhang,Hindawi,1
A5035465997,Wei Zhang,Hindawi,1
A5035465997,Wei Zhang,Spandidos,1
A5035465997,Wei Zhang,Springer - Biomed Central (BMC),1
A5035543508,Qian Wang,IEEE: Institute of Electrical and Electronics Engineers,1
A5035658484,Ming Li,Hindawi,1
A5035747390,Hui Zhang,Taylor and Francis,1
A5035757377,Bin Wang,Springer,1
A5035770690,Yi Zhang,Spandidos,2
A5035770690,Yi Zhang,Springer - Biomed Central (BMC),1
A5035770690,Yi Zhang,Springer - Nature Publishing Group,1
A5035834837,Jun Zhang,Springer,1
A5036057418,Tao Liu,IEEE: Institute of Electrical and Electronics Engineers,1
A5036074225,Ming Li,Hindawi,1
A5036218939,G. Hempelmann,Elsevier,37
A5036218939,G. Hempelmann,Springer,13
A5036218939,G. Hempelmann,Wolters Kluwer - Lippincott Williams & Wilkins,13
A5036218939,G. Hempelmann,Oxford University Press,3
A5036218939,G. Hempelmann,Wiley,3
A5036218939,G. Hempelmann,Wiley-Blackwell,1
A5036218939,G. Hempelmann,Wolters Kluwer,1
A5036245525,Xi Chen,Hindawi,1
A5036287731,Lin Wang,Hindawi,1
A5036359133,Jie Liu,Hindawi,2
A5036360052,Hui Wang,Hindawi,1
A5036815027,Li Li,Hindawi,2
A5036827390,Yong Wang,Hindawi,1
A5036827392,Hui Zhang,Hindawi,1
A5036889750,Lei Zhang,SAGE Publications,1
A5036889750,Lei Zhang,Taylor and Francis,1
A5036952846,Yang Liu,Hindawi,1
A5036984102,Min Li,IEEE: Institute of Electrical and Electronics Engineers,1
A5037001971,Nan Li,Hindawi,1
A5037185064,Qiang Li,IEEE: Institute of Electrical and Electronics Engineers,1
A5037197426,Jing Wang,Hindawi,1
A5037486203,Jun Liu,Hindawi,1
A5037510821,Wei Li,Hindawi,1
A5037550973,Wang Lei,Hindawi,1
A5037756311,Bin Wang,Hindawi,1
A5037776494,Wei Wang,Hindawi,1
A5037794174,Jing Zhao,Spandidos,1
A5037868938,Ping Wang,Hindawi,1
A5037948258,Juan Li,Hindawi,1
A5037995370,Ying Li,Hindawi,1
A5038082698,Hui Li,Hindawi,1
A5038084459,Rui Zhang,American Society for Clinical Investigation,1
A5038151206,Bo Zhang,Hindawi,2
A5038178478,Lei Zhang,Hindawi,1
A5038336845,Wei Zhang,Hindawi,1
A5038481495,Hao Zhang,Hindawi,1
A5038484217,Li Zhang,Hindawi,1
A5038517767,Jing Liu,IEEE: Institute of Electrical and Electronics Engineers,2
A5038580778,Feng Wang,Hindawi,1
A5038580778,Feng Wang,Wiley,1
A5038615802,Jun Liu,Wiley,1
A5038656294,Wei Wang,Elsevier,1
A5038663135,Lin Zhang,Hindawi,1
A5038945598,Jing Li,Hindawi,1
A5039233244,Xi Chen,IEEE: Institute of Electrical and Electronics Engineers,1
A5039233244,Xi Chen,MDPI,1
A5039233244,Xi Chen,Wiley,1
A5039239695,Jun Lu,Taylor and Francis,1
A5039280625,Yang Liu,Hindawi,1
A5039466818,Yan Zhang,Hindawi,1
A5039489169,HIROYOSHI TANAKA,Wiley,1
A5039575608,Yang Yang,Hindawi,1
A5039607162,Yan Li,Elsevier,1
A5039796943,Jing Chen,Hindawi,2
A5039888109,T. Zhang,Oxford University Press,1
A5039935749,Ying Wang,Springer - Biomed Central (BMC),1
A5039980454,Yan Li,Hindawi,1
A5040046880,Jing Wang,Springer,1
A5040090704,Min Li,Elsevier - Cell Press,1
A5040090704,Min Li,Spandidos,1
A5040223607,Yang Yang,Hindawi,1
A5040230812,Jun Liu,Hindawi,1
A5040234624,Jun Yang,Taylor and Francis - Dove Press,1
A5040234624,Jun Yang,Wiley,1
A5040386641,Yong Zhang,Hindawi,1
A5040547097,Ping Zhang,Hindawi,1
A5040547097,Ping Zhang,IEEE: Institute of Electrical and Electronics Engineers,1
A5040721382,Lei Zhang,Springer,1
A5040728436,Wei Wang,PLoS,1
A5040983456,Yu Zhang,Wiley,1
A5041039715,Hui Li,Springer - Biomed Central (BMC),1
A5041162076,Jian Xu,Spandidos,2
A5041162076,Jian Xu,Springer,1
A5041162076,Jian Xu,Wiley,1
A5041221161,Jing Yang,Portland Press,1
A5041301769,Jing Zhao,Hindawi,1
A5041321290,Yong Wang,IOS Press (bought by Sage November 2023),1
A5041353259,Li Li,Hindawi,1
A5041462375,Jing Zhang,IEEE: Institute of Electrical and Electronics Engineers,1
A5041515065,Yan Li,Hindawi,1
A5041569324,Peng Zhang,Hindawi,1
A5041694909,Xin Zhang,Hindawi,1
A5041736536,Chandra Gopala Rao,Elsevier,2
A5041748805,Liang Wang,Springer,1
A5041991874,Tao Li,Hindawi,1
A5042092603,Fang Wang,Elsevier - Cell Press,1
A5042092603,Fang Wang,IEEE: Institute of Electrical and Electronics Engineers,1
A5042137602,Dan Wang,Hindawi,1
A5042175903,Wei Chen,Oxford University Press,2
A5042262850,Yang Jing,Hindawi,1
A5042289560,Wei Liu,Hindawi,1
A5042419777,Yu Wang,Springer,1
A5042474689,Jun Yang,Wiley,3
A5042474689,Jun Yang,Hindawi,1
A5042531041,Tao Li,IEEE: Institute of Electrical and Electronics Engineers,1
A5042539186,Yang Yang,Hindawi,1
A5042608620,Rui Zhang,Hindawi,1
A5042609030,Ling Wang,Hindawi,1
A5042711964,Wei Li,IEEE: Institute of Electrical and Electronics Engineers,1
A5042765146,Jing Zhao,Spandidos,1
A5042780587,Jing Li,PLoS,1
A5042786497,Jing Yang,Hindawi,1
A5042882563,Hui Wang,Hindawi,2
A5042900753,Jun Lu,IEEE: Institute of Electrical and Electronics Engineers,1
A5042929643,Yan Liu,Hindawi,1
A5042940393,Qi Wang,Wiley,1
A5042980234,Xin Li,Hindawi,1
A5042998462,Hao Wang,Hindawi,1
A5043043179,Yang Liu,IEEE: Institute of Electrical and Electronics Engineers,1
A5043113888,Lei Li,Wiley,1
A5043138070,Jian Zhang,Spandidos,1
A5043190135,Hui Li,Hindawi,1
A5043290888,Feng Wang,IEEE: Institute of Electrical and Electronics Engineers,1
A5043290888,Feng Wang,SAGE Publications,1
A5043389655,Chao Wang,Elsevier,2
A5043389655,Chao Wang,Springer - Nature Publishing Group,1
A5043483439,Chandra Gopala Rao,Elsevier,38
A5043542067,Jing Zhang,Spandidos,1
A5043542067,Jing Zhang,Wiley,1
A5043543895,Yan Zhang,Hindawi,1
A5043677526,Bin Zhang,Wiley,1
A5043680558,Yan Chen,MDPI,1
A5043689305,Xin Wang,Hindawi,1
A5043770165,Feng Wang,Springer - Biomed Central (BMC),1
A5043846259,Jie Chen,American Chemical Society (ACS),1
A5043963143,Hao Chen,IEEE: Institute of Electrical and Electronics Engineers,1
A5044072954,Wei Zhang,Hindawi,1
A5044108299,Jing Li,IEEE: Institute of Electrical and Electronics Engineers,1
A5044169855,Peng Li,Hindawi,1
A5044180306,Yang Liu,Hindawi,1
A5044197510,Fei Wang,Wiley,1
A5044211780,Lin Zhang,IEEE: Institute of Electrical and Electronics Engineers,1
A5044215108,Peng Zhang,Elsevier,2
A5044215108,Peng Zhang,Taylor and Francis,1
A5044249016,Jun Li,Hindawi,1
A5044500704,Min Zhang,IEEE: Institute of Electrical and Electronics Engineers,1
A5044608381,Yang Yang,Hindawi,1
A5044641119,Ying Yang,American Society of Hematology,1
A5044652383,Peng Zhang,Frontiers,1
A5044788172,Gang Li,Hindawi,1
A5044865265,Jing Zhang,Frontiers,1
A5044865265,Jing Zhang,Taylor and Francis,1
A5044865265,Jing Zhang,Wiley,1
A5044894669,Dan Li,Royal Society of Chemistry (RSC),1
A5044958587,Lei Zhang,IEEE: Institute of Electrical and Electronics Engineers,1
A5045000619,Bin Liu,SAGE Publications,1
A5045002108,Chao Wang,IEEE: Institute of Electrical and Electronics Engineers,1
A5045035115,Yang Wang,IEEE: Institute of Electrical and Electronics Engineers,1
A5045041456,Hao Zhang,Hindawi,1
A5045052946,Jun Wang,Springer - Nature Publishing Group,1
A5045171103,Yan Li,Hindawi,1
A5045529329,Jie Li,Hindawi,1
A5045537577,Li Zhang,Hindawi,1
A5045655535,Jing Chen,Hindawi,1
A5045665383,Jun Yang,IEEE: Institute of Electrical and Electronics Engineers,1
A5045674411,Chandra Gopala Rao,Elsevier,2
A5045689983,Jing Zhao,Spandidos,1
A5045995585,Xin Zhang,Hindawi,1
A5046007026,D. Wu,Wiley,1
A5046026008,Lei Wang,Springer,1
A5046026008,Lei Wang,Wiley,1
A5046036161,Yan Liu,Hindawi,1
A5046054850,Yi Wang,Wiley,1
A5046081253,Li Zhang,Hindawi,1
A5046226427,Jing Chen,Hindawi,1
A5046253737,Hao Zhang,Hindawi,1
A5046280269,Ping Zhang,World Scientific Publishing Company,1
A5046365830,Yan Chen,Hindawi,1
A5046401983,Qi Wang,Oxford University Press,1
A5046428239,Rui Zhang,Hindawi,1
A5046496688,Ping Zhang,Hindawi,2
A5046714160,Yong Wang,IEEE: Institute of Electrical and Electronics Engineers,1
A5046782370,Xin Li,Hindawi,1
A5046903577,Yan Zhang,Hindawi,2
A5046903577,Yan Zhang,Springer,1
A5047095866,Jin Zhang,Hindawi,1
A5047206390,Jie Chen,Hindawi,1
A5047226075,Lei Li,MDPI,1
A5047259119,Jing Zhang,Hindawi,1
A5047300457,Jun Li,IEEE: Institute of Electrical and Electronics Engineers,1
A5047322713,Jing Zhang,Hindawi,1
A5047404037,Wei Zhao,Hindawi,1
A5047504462,Yong Wang,IEEE: Institute of Electrical and Electronics Engineers,1
A5047530483,Yan Liu,IEEE: Institute of Electrical and Electronics Engineers,1
A5047573616,Qian Zhang,Elsevier,1
A5047607191,Jing Wang,Wiley,1
A5047610224,Bo Wang,Bentham Open,1
A5047614788,Xin Wang,PLoS,1
A5047614812,Yang Liu,Hindawi,1
A5047665294,Ying Zhang,Hindawi,1
A5048023486,Hui Wang,Hindawi,1
A5048072663,Jian Xu,Hindawi,1
A5048101324,Lin Wang,Hindawi,1
A5048136376,Wei Zhang,Hindawi,1
A5048138372,Hao Zhang,Hindawi,1
A5048169117,Ying Wang,Hindawi,1
A5048242778,Tao Liu,Hindawi,1
A5048306079,Li Jian,Hindawi,1
A5048318517,Jian Wang,Hindawi,1
A5048357136,Ying Zhang,IEEE: Institute of Electrical and Electronics Engineers,1
A5048360484,Peng Li,Hindawi,1
A5048603917,Fei Wang,Hindawi,1
A5048636173,Jun Wang,Elsevier,1
A5048936273,Yan Li,Elsevier,1
A5048936273,Yan Li,IOS Press (bought by Sage November 2023),1
A5049013824,Hui Liu,Hindawi,1
A5049186289,Lei Li,Hindawi,1
A5049191739,Wei Zhang,Hindawi,1
A5049325006,Li Zhang,Hindawi,1
A5049402835,Jun Liu,Hindawi,1
A5049434233,T. Liu,International Union of Crystallography,1
A5049507932,Yang Li,Hindawi,1
A5049523028,Lei Wang,Elsevier,1
A5049619309,Wei Li,Hindawi,1
A5049753524,Jun Yang,Hindawi,1
A5049756400,Hao Zhang,Hindawi,1
A5049774714,Taizheng Liu,International Union of Crystallography,1
A5049808079,Juan Li,IEEE: Institute of Electrical and Electronics Engineers,1
A5050008040,Jin Zhang,Spandidos,1
A5050008040,Jin Zhang,Wiley,1
A5050052644,Peng Li,Hindawi,1
A5050099873,Jing Liu,Hindawi,3
A5050099873,Jing Liu,Springer - Nature Publishing Group,1
A5050173769,Hui Li,Japanese Society of Veterinary Science,1
A5050191744,Hui Zhang,Hindawi,1
A5050422997,Yan Li,IEEE: Institute of Electrical and Electronics Engineers,1
A5050427570,Jing Li,Hindawi,1
A5050496216,Juan Li,Association for Computing Machinery (ACM),1
A5050562433,Jing Zhao,Wiley,1
A5050602131,Hui Liu,Portland Press,1
A5050613279,Jun Li,Hindawi,1
A5050756580,Li Zhang,Hindawi,1
A5050813384,Jie Zhang,Hindawi,1
A5050862463,Lei Wang,Hindawi,1
A5050886276,Jian Li,Wiley,1
A5050901258,Wei Liu,Hindawi,1
A5051035051,Hao Zhang,Hindawi,1
A5051035661,Hui Li,Wiley,1
A5051144397,Jing Wang,Hindawi,1
A5051167897,Ying Liu,Hindawi,1
A5051174374,Lei Wang,Hindawi,1
A5051180946,Ying Zhang,Elsevier,2
A5051217195,Yang Liu,Hindawi,1
A5051275615,Wei Zhao,Frontiers,1
A5051275615,Wei Zhao,Mary Ann Liebert,1
A5051431817,Lei Wang,Elsevier,1
A5051643036,Ying Zhang,Hindawi,1
A5051719124,Min Zhang,Wiley,1
A5051750709,Wei Liu,Hindawi,1
A5052006689,Bo Zhang,Wiley,1
A5052029275,Li Li,Hindawi,1
A5052029849,Ping Zhang,Hindawi,1
A5052082627,Cornelius Busch,Springer - Nature Publishing Group,59
A5052082627,Cornelius Busch,Elsevier,1
A5052157653,Yang Li,Hindawi,1
A5052195927,Min Zhang,Elsevier,1
A5052195927,Min Zhang,Impact Journals,1
A5052195927,Min Zhang,Taylor and Francis - Dove Press,1
A5052195927,Min Zhang,Wiley,1
A5052202371,Jin Wang,Hindawi,1
A5052300879,Yan Liu,Hindawi,1
A5052423480,Jing Wang,Hindawi,1
A5052508414,Ying Wang,Hindawi,1
A5052519895,Liang Wang,Elsevier - Cell Press,1
A5052519895,Liang Wang,IEEE: Institute of Electrical and Electronics Engineers,1
A5052540638,Rui Wang,Springer,1
A5052547581,Dan Wang,Hindawi,1
A5052716645,Ying Zhang,Hindawi,1
A5052835094,Hui Li,Hindawi,1
A5052932225,Qiang Li,Hindawi,1
A5052937310,Ming Li,Hindawi,1
A5052980884,Jian Xu,Hindawi,1
A5053014486,Qian Zhang,Hindawi,1
A5053051950,Lei Wang,Hindawi,1
A5053097614,Ying Wang,IEEE: Institute of Electrical and Electronics Engineers,2
A5053103595,Bin Wang,Springer - Biomed Central (BMC),1
A5053179595,Wei Zhao,Hindawi,1
A5053181742,Hui Zhang,Hindawi,1
A5053193460,Jie Chen,Hindawi,1
A5053341916,Jing Li,Hindawi,1
A5053466582,Jing Yang,Wiley,1
A5053600785,Tao Wang,Wiley,1
A5053640625,Jun Yang,Taylor and Francis - Dove Press,1
A5053686996,Ying Wang,Elsevier,1
A5053823229,Zhang Wei,IEEE: Institute of Electrical and Electronics Engineers,1
A5053861388,Xin Wang,Wiley,1
A5053887305,Yang Yang‐Hartwich,Hindawi,1
A5053909934,Xinzhong Zhang,IEEE: Institute of Electrical and Electronics Engineers,1
A5053945516,Dimitris Liakopoulos,Brill,8
A5053945516,Dimitris Liakopoulos,Universidade Federal do Tocantins,3
A5053945516,Dimitris Liakopoulos,UniFG - Centro Universitário FG,1
A5053945516,Dimitris Liakopoulos,Universidad Autonoma Latinoamericana,1
A5053945516,Dimitris Liakopoulos,Universidad de Medellín,1
A5053951462,Xin Wang,Hindawi,1
A5053980894,Li Li,Hindawi,2
A5054030468,Yang Liu,Hindawi,1
A5054115043,Li Zhang,Hindawi,1
A5054217081,Xin Wang,Hindawi,1
A5054223786,Hao Zhang,Elsevier,1
A5054380097,Bin Liu,Hindawi,1
A5054381472,Min Wang,Hindawi,1
A5054458205,Wei Zhang,Elsevier - Cell Press,1
A5054515260,Jianbo Yang,Springer - Nature Publishing Group,1
A5054593886,Yan Zhang,Hindawi,1
A5054905277,Hui Wang,Hindawi,1
A5055025900,Ming Li,Serbian Biological Society,1
A5055044934,Na Li,Hindawi,1
A5055136222,Bin Zhang,IEEE: Institute of Electrical and Electronics Engineers,1
A5055136222,Bin Zhang,IOS Press (bought by Sage November 2023),1
A5055136222,Bin Zhang,Springer,1
A5055191826,Yi Zhang,Wiley,1
A5055304040,Wei Li,Elsevier,1
A5055450841,Jing Wang,Hindawi,1
A5055460914,Wei Li,American Institute of Chemical Engineers,1
A5055460914,Wei Li,IEEE: Institute of Electrical and Electronics Engineers,1
A5055468768,Jun Yang,Elsevier,1
A5055468768,Jun Yang,Wiley,1
A5055538564,Lei Zhang,Hindawi,1
A5055678852,Fang Wang,Hindawi,1
A5055708357,Jing Wang,Hindawi,1
A5055754474,Wei Chen,Hindawi,1
A5055835363,Chao Wang,American Institute of Physics (AIP Publishing),1
A5055913816,Qian Li,Hindawi,1
A5056008453,Jun Wang,IEEE: Institute of Electrical and Electronics Engineers,1
A5056300047,Bin Liu,IEEE: Institute of Electrical and Electronics Engineers,1
A5056301598,Jun Li,Hindawi,1
A5056348144,Chandra Gopala Rao,Elsevier,3
A5056380455,Hui Wang,Hindawi,1
A5056404006,Jing Zhao,IEEE: Institute of Electrical and Electronics Engineers,2
A5056404006,Jing Zhao,Springer,1
A5056432346,Yan Wang,IEEE: Institute of Electrical and Electronics Engineers,1
A5056452430,Yan Liu,IEEE: Institute of Electrical and Electronics Engineers,1
A5056517211,Peng Li,Elsevier,1
A5056523506,Hong Li,Hindawi,1
A5056629328,Bin Liu,Hindawi,1
A5056734939,Yi Zhang,Hindawi,1
A5056764866,Yang Zhang,Hindawi,1
A5056921218,Hiroyoshi Tanaka,Springer,22
A5056921218,Hiroyoshi Tanaka,Wiley,17
A5056921218,Hiroyoshi Tanaka,Elsevier,9
A5056921218,Hiroyoshi Tanaka,Wolters Kluwer - Lippincott Williams & Wilkins,9
A5056921218,Hiroyoshi Tanaka,Oxford University Press,5
A5056921218,Hiroyoshi Tanaka,Wolters Kluwer,4
A5056921218,Hiroyoshi Tanaka,American Medical Association,3
A5056921218,Hiroyoshi Tanaka,Australian Society of Anaesthetists,1
A5056921218,Hiroyoshi Tanaka,BMJ Publishing,1
A5056921218,Hiroyoshi Tanaka,Karger,1
A5056921218,Hiroyoshi Tanaka,Wiley-Blackwell,1
A5056950107,Tao Liu,Wiley,1
A5056966724,Feng Wang,Hindawi,1
A5057161101,Hui Wang,Taylor and Francis,1
A5057237309,Yang Li,Hindawi,1
A5057356289,Ying Li,Hindawi,1
A5057356289,Ying Li,Wiley,1
A5057540096,Qian Wang,Hindawi,6
A5057583869,Wei Zhang,Spandidos,1
A5057696832,Lin Wang,Hindawi,1
A5057777341,Rui Zhang,Wiley,1
A5057978187,Hong Zhang,Hindawi,1
A5057983883,Jun Zhang,Hindawi,1
A5058005869,Wei Zhang,Hindawi,1
A5058008586,Ping Wang,Spandidos,1
A5058118532,Li Ping,Association for Computing Machinery (ACM),1
A5058155042,Bo Wang,IOS Press (bought by Sage November 2023),1
A5058223712,Yong Zhang,Hindawi,1
A5058247284,Fang Liu,Springer,1
A5058255460,Hui Li,PLoS,1
A5058372507,Wang Fang,Hindawi,1
A5058476450,Jun Liu,Hindawi,1
A5058485608,Bin Zhang,Hindawi,1
A5058488529,Y Wang,Verduci Editore,1
A5058490086,Hui Wang,Hindawi,1
A5058514233,Ying Liu,Hindawi,1
A5058612456,Min Wang,IEEE: Institute of Electrical and Electronics Engineers,2
A5058647077,Jie Zhang,Hindawi,1
A5058672215,Tao Wang,American Chemical Society (ACS),1
A5058723088,Rui Wang,Hindawi,1
A5058789387,Yan Zhang,IEEE: Institute of Electrical and Electronics Engineers,1
A5058930191,Jin Wang,Hindawi,1
A5058959185,Wei Wang,Hindawi,1
A5059001271,Ping Zhang,Hindawi,1
A5059117888,Junyang Liu,Springer - Nature Publishing Group,1
A5059125522,Tao Li,IOS Press (bought by Sage November 2023),1
A5059191882,Hui Wang,Hindawi,1
A5059229969,Wei Wang,IEEE: Institute of Electrical and Electronics Engineers,1
A5059424561,Jing Zhao,IEEE: Institute of Electrical and Electronics Engineers,2
A5059526453,Hao Chen,Hindawi,1
A5059526453,Hao Chen,Springer,1
A5059580100,Jing Yang,Hindawi,1
A5059675915,Hao Zhang,Springer - Nature Publishing Group,2
A5059920391,Li Wang,Hindawi,1
A5059956624,Qian Wang,Association for Computing Machinery (ACM),1
A5059956624,Qian Wang,IOS Press (bought by Sage November 2023),1
A5060062239,Yi Zhang,IOP Publishing,1
A5060169245,Lin Wang,Hindawi,1
A5060254907,Bin Wang,Springer,1
A5060288545,Tao Li,IEEE: Institute of Electrical and Electronics Engineers,1
A5060376360,Peng Zhang,IEEE: Institute of Electrical and Electronics Engineers,1
A5060404389,Yang Wang,Taylor and Francis,1
A5060407601,Qian Zhang,Hindawi,1
A5060470053,Yan Li,Springer - Nature Publishing Group,1
A5060499485,Yan Liu,IEEE: Institute of Electrical and Electronics Engineers,2
A5060605884,Bin Zhang,Hindawi,2
A5060637854,Yu Zhang,Hindawi,1
A5060655103,Hong Li,IEEE: Institute of Electrical and Electronics Engineers,1
A5060678543,Feng Wang,Hindawi,1
A5060745524,Yu Wang,IOS Press (bought by Sage November 2023),1
A5060902131,Hui Liu,Springer,1
A5061028507,Xin Wang,IEEE: Institute of Electrical and Electronics Engineers,1
A5061044539,Yi Zhang,Hindawi,1
A5061102034,Jing Yang,Hindawi,1
A5061133691,Min Li,IEEE: Institute of Electrical and Electronics Engineers,1
A5061235670,Dan Liu,Elsevier,1
A5061302107,Wang Yong,Elsevier,1
A5061352841,Fang Liu,Hindawi,1
A5061369541,Feng Wang,Springer - Biomed Central (BMC),1
A5061371324,A. Salar Elahi,Springer,54
A5061371324,A. Salar Elahi,Elsevier,25
A5061371324,A. Salar Elahi,Springer - Nature Publishing Group,13
A5061691711,Qian Wang,Hindawi,1
A5061714089,Ali Nazari,Elsevier,35
A5061714089,Ali Nazari,Springer,30
A5061714089,Ali Nazari,SAGE Publications,22
A5061714089,Ali Nazari,ICE Publishing,4
A5061714089,Ali Nazari,Hanser Publications,3
A5061714089,Ali Nazari,Taylor and Francis,3
A5061714089,Ali Nazari,Emerald,1
A5061714089,Ali Nazari,IOP Publishing,1
A5061786493,L. Zhang,Verduci Editore,1
A5061841494,Jing Zhang,Springer,1
A5061943982,Hao Wang,Hindawi,1
A5061963201,Lin Wang,Hindawi,1
A5061981640,Peng Li,Hindawi,1
A5061989929,Jie Li,Wolters Kluwer,1
A5062035739,Yang Wang,ASTM International,1
A5062089486,Jun Lü,Hindawi,1
A5062089486,Jun Lü,IEEE: Institute of Electrical and Electronics Engineers,1
A5062272082,Jing Zhao,Elsevier,1
A5062286889,Xin Li,Hindawi,1
A5062453279,Juan Li,Hindawi,1
A5062527056,Yu Wang,IEEE: Institute of Electrical and Electronics Engineers,1
A5062527056,Yu Wang,Wiley,1
A5062541650,Hao Zhang,Hindawi,1
A5062599194,Tao Li,Hindawi,1
A5062617254,Jing Zhang,IEEE: Institute of Electrical and Electronics Engineers,2
A5062617254,Jing Zhang,Hindawi,1
A5062617254,Jing Zhang,Springer - Biomed Central (BMC),1
A5062617254,Jing Zhang,Wolters Kluwer,1
A5062728667,Rui Zhang,Hindawi,1
A5062908102,Wei Liu,ASTM International,1
A5063163653,Wei Wang,Springer - Nature Publishing Group,1
A5063326830,Li Jing,Hindawi,1
A5063354846,Yu Zhang,PLoS,1
A5063418334,Wei Wang,Hindawi,1
A5063428342,Yi Wang,Hindawi,1
A5063443449,Lei Liu,Hindawi,1
A5063446205,Bo Wang,American Association for Cancer Research,2
A5063446205,Bo Wang,Springer - Biomed Central (BMC),1
A5063465820,Hong Zhang,Hindawi,1
A5063473493,Jian Li,Scientific.net,1
A5063604106,Jun Chen,IOS Press (bought by Sage November 2023),1
A5063749738,Jun Lü,Wiley,14
A5063749738,Jun Lü,Elsevier,5
A5063749738,Jun Lü,Cellular Physiol Biochem Press,3
A5063749738,Jun Lü,Portland Press,3
A5063749738,Jun Lü,Impact Journals,2
A5063749738,Jun Lü,Springer - Biomed Central (BMC),2
A5063749738,Jun Lü,AME Publishing Company,1
A5063749738,Jun Lü,Elsevier - Cell Press,1
A5063749738,Jun Lü,Hindawi,1
A5063749738,Jun Lü,IOS Press (bought by Sage November 2023),1
A5063749738,Jun Lü,SAGE Publications,1
A5063753661,Jing Wang,Hindawi,1
A5063798425,Jun Li,Hindawi,1
A5063851669,Liu Yang,Taylor and Francis,1
A5063902875,Jun Chen,Karger,1
A5063948997,Wei Zhang,Hindawi,1
A5063949532,Yi Wang,Hindawi,1
A5064106602,Tao Zhang,World Scientific Publishing Company,1
A5064155902,Feng Wang,Hindawi,1
A5064220200,Tao Liu,PLoS,1
A5064325314,G. Hempelmann,Wolters Kluwer - Lippincott Williams & Wilkins,1
A5064348871,Yan Li,Spandidos,1
A5064352195,Yu Wang,Hindawi,1
A5064436911,Yan Li,Elsevier,1
A5064489538,Jing Zhao,Wiley,1
A5064501346,Xin Wang,Springer,1
A5064563504,Hong Wang,IEEE: Institute of Electrical and Electronics Engineers,1
A5064733360,Jin Zhang,Mary Ann Liebert,1
A5064765235,Tao Wang,Hindawi,1
A5064765788,Jiandong Li,Elsevier,1
A5064781396,Xin Wang,Hindawi,1
A5064797131,Wei Zhao,Hindawi,1
A5064801292,Wang Hong,Hindawi,1
A5064809639,Dan Liu,IEEE: Institute of Electrical and Electronics Engineers,1
A5065009375,Lei Wang,American Society for Microbiology,1
A5065083910,Jian Wang,Hindawi,1
A5065252293,Ling Wang,Hindawi,1
A5065268901,Yi Zhang,Springer,1
A5065338890,Tao Liu,Wiley,1
A5065345837,Xin Li,Hindawi,1
A5065351471,Hui Wang,Association for Computing Machinery (ACM),1
A5065351471,Hui Wang,PLoS,1
A5065443225,Wei Li,Wiley,1
A5065538787,Ying Wang,Hindawi,1
A5065538787,Ying Wang,Wiley,1
A5065635453,Min Zhang,Hindawi,1
A5065788628,Ying Liu,Spandidos,3
A5065788628,Ying Liu,Springer,1
A5065929099,Yan Zhang,Hindawi,1
A5065973798,Hui Wang,Hindawi,1
A5066024561,Yi Wang,Hindawi,1
A5066040834,J. Li,SAGE Publications,3
A5066085701,Lin Zhang,IEEE: Institute of Electrical and Electronics Engineers,2
A5066091697,Jie Liu,Hindawi,1
A5066194861,Jing Zhao,Taylor and Francis,1
A5066215279,Hong Li,Elsevier,1
A5066215279,Hong Li,Karger,1
A5066397824,Jie Wang,IEEE: Institute of Electrical and Electronics Engineers,1
A5066418610,Bo Zhang,IEEE: Institute of Electrical and Electronics Engineers,4
A5066486652,Rui Wang,IOS Press (bought by Sage November 2023),2
A5066515215,Wei Zhao,Wiley,1
A5066560263,Jie liu,Royal Society of Chemistry (RSC),1
A5066757374,Yang Liu,Royal Society of Chemistry (RSC),1
A5066905801,Jing Zhang,Hindawi,1
A5067000217,Gang Li,Hindawi,1
A5067124076,Yuqiao Wang,Wiley,1
A5067189594,Xin Wang,Hindawi,1
A5067199276,Hui Zhang,Hindawi,1
A5067236127,T. Zhang,Cambridge University Press,1
A5067403267,Gang Li,Hindawi,1
A5067420396,Yan Li,IEEE: Institute of Electrical and Electronics Engineers,1
A5067720117,Fang Wang,Hindawi,1
A5067729988,Jie Li,Hindawi,1
A5067798693,Yi Wang,Hindawi,1
A5067873822,T. Liu,International Union of Crystallography,1
A5067901140,Juan Li,Springer - Biomed Central (BMC),1
A5067915318,Jing Yang,IEEE: Institute of Electrical and Electronics Engineers,1
A5067952025,Zhang Jin,Association for Computing Machinery (ACM),1
A5068115635,Lei Zhang,IEEE: Institute of Electrical and Electronics Engineers,1
A5068132266,Jing Wang,Hindawi,1
A5068132266,Jing Wang,Wiley,1
A5068132340,Hui Liu,Hindawi,1
A5068184979,Jian Xu,PLoS,1
A5068236583,Yan Zhang,Springer,1
A5068236583,Yan Zhang,Springer - Nature Publishing Group,1
A5068440816,Xi Chen,Hindawi,1
A5068564208,Bin Zhang,Hindawi,1
A5068567113,Bin Liu,Hindawi,3
A5068604256,Jian Wang,Hindawi,1
A5068655276,Tao Liu,Hindawi,1
A5068679305,Yu Liu,Hindawi,1
A5068734877,Xin Zhang,Hindawi,2
A5068808993,Yang Yang,Hindawi,1
A5068826352,Lin Zhang,IEEE: Institute of Electrical and Electronics Engineers,2
A5068878883,Wei Wang,Hindawi,1
A5068956733,Zhang Hong,Springer,1
A5068959898,Jing Zhang,IOS Press (bought by Sage November 2023),1
A5069012689,Bo Zhang,Hindawi,1
A5069097747,Hui Li,SAGE Publications,1
A5069097747,Hui Li,Spandidos,1
A5069097747,Hui Li,Springer,1
A5069097747,Hui Li,Taylor and Francis - Dove Press,1
A5069097747,Hui Li,Wiley,1
A5069105716,Jie Wang,Wiley,1
A5069111510,Yan Wang,Hindawi,2
A5069165504,Jie Chen,Hindawi,1
A5069240020,Yong Wang,Hindawi,1
A5069267574,Xin Wang,Hindawi,1
A5069344865,Juan Li,Hindawi,1
A5069408454,Lin Zhang,Elsevier,1
A5069641970,Jing Wang,American Chemical Society (ACS),1
A5069706166,T Liu,Verduci Editore,1
A5069731722,Jun Wang,Hindawi,1
A5069765852,Wei Liu,Hindawi,1
A5069799374,Jun Yang,Elsevier,1
A5070051995,Wei Zhang,PLoS,1
A5070117147,Lei Zhang,Hindawi,1
A5070223676,Jun Chen,Hindawi,1
A5070225981,Wei Li,Hindawi,2
A5070341270,Jie Zhang,PLoS,1
A5070344216,Qi Wang,Spandidos,2
A5070344216,Qi Wang,Taylor and Francis - Dove Press,1
A5070405930,Ying Zhang,Hindawi,1
A5070405949,Gang Li,Springer - Nature Publishing Group,1
A5070567363,Jian Xu,IEEE: Institute of Electrical and Electronics Engineers,1
A5070620598,Tsuyoshi Takeda,Springer,9
A5070620598,Tsuyoshi Takeda,Center for Academic Publications Japan,7
A5070620598,Tsuyoshi Takeda,Japanese Association for Laboratory Animal Science,7
A5070620598,Tsuyoshi Takeda,Yonsei University College of Medicine,6
A5070620598,Tsuyoshi Takeda,Taylor and Francis,3
A5070620598,Tsuyoshi Takeda,Bentham Science Publishers,2
A5070620598,Tsuyoshi Takeda,Elsevier,2
A5070620598,Tsuyoshi Takeda,Karger,2
A5070620598,Tsuyoshi Takeda,Kurume University School of Medicine,1
A5070620598,Tsuyoshi Takeda,Taylor and Francis - Dove Press,1
A5070620598,Tsuyoshi Takeda,Wiley,1
A5070620598,Tsuyoshi Takeda,Wolters Kluwer - Lippincott Williams & Wilkins,1
A5070637061,Hui Li,EDP Sciences,1
A5070720939,Jing Liu,Hindawi,1
A5070746948,Peng Li,Frontiers,1
A5070933855,Yang Wang,Hindawi,1
A5071018015,Jing Wang,Elsevier,1
A5071018015,Jing Wang,Portland Press,1
A5071059599,Jing Li,Frontiers,1
A5071143454,Dan Li,Hindawi,1
A5071148881,Tao Zhang,IEEE: Institute of Electrical and Electronics Engineers,1
A5071184650,Wang Ying,IEEE: Institute of Electrical and Electronics Engineers,2
A5071206989,Jun Liu,Portland Press,1
A5071410707,Juan Li,Springer,1
A5071522872,Lei Wang,Hindawi,1
A5071538937,Lei Li,Hindawi,1
A5071570091,Ying Liu,Hindawi,1
A5071656541,B Li,SAGE Publications,1
A5071759959,Yan Liu,Hindawi,1
A5071903015,Qiang Li,Hindawi,1
A5072012974,Ying Wang,Hindawi,1
A5072013177,Jing Li,Hindawi,1
A5072055673,Yu Liu,MDPI,1
A5072146906,Yong Zhang,Wiley,1
A5072167397,Rui Wang,Hindawi,1
A5072183477,Feng Li,IEEE: Institute of Electrical and Electronics Engineers,1
A5072215133,Yang Jing,Wiley,1
A5072267836,Hui Wang,Hindawi,1
A5072296344,Feng Wang,Springer - Nature Publishing Group,1
A5072374470,Bin Liu,Hindawi,1
A5072431708,Fang Wang,PLoS,1
A5072478532,Yan Chen,Hindawi,1
A5072494269,Jie Li,IEEE: Institute of Electrical and Electronics Engineers,1
A5072583887,Rui Wang,Hindawi,1
A5072652476,Jing Wang,Hindawi,1
A5072657419,Hao Wang,Hindawi,1
A5072657419,Hao Wang,SAGE Publications,1
A5072700513,Jian Li,Hindawi,1
A5072787401,Hao Chen,IEEE: Institute of Electrical and Electronics Engineers,1
A5072793251,Hong Zhang,Hindawi,1
A5072916832,Yu Liu,SAGE Publications,1
A5073066337,Yang Wang,Hindawi,1
A5073080405,Xin Wang,Hindawi,1
A5073138409,Liang Wang,Springer - Nature Publishing Group,1
A5073241484,Jun Wang,Hindawi,1
A5073332843,Bo Zhang,Hindawi,1
A5073484896,Lin Wang,IEEE: Institute of Electrical and Electronics Engineers,1
A5073501875,Lei Li,Hindawi,1
A5073535831,Li Gang,Hindawi,1
A5073601624,Na Li,Hindawi,1
A5073606770,Yang Yang,Hindawi,1
A5073797093,Tao Zhang,Hindawi,1
A5073959775,Fang Liu,Hindawi,1
A5074115837,Jian Zhang,Modestum,1
A5074180770,Jian Zhang,PLoS,1
A5074256336,Jin Wang,Springer - Biomed Central (BMC),1
A5074285609,Jian Wang,Springer - Nature Publishing Group,1
A5074295469,Wei Liu,Hindawi,1
A5074297911,Qian Li,Canadian Science Publishing,1
A5074301402,Jie Li,Hindawi,1
A5074419878,Jun Iwamoto,Elsevier,13
A5074419878,Jun Iwamoto,Springer,10
A5074419878,Jun Iwamoto,Center for Academic Publications Japan,7
A5074419878,Jun Iwamoto,Japanese Association for Laboratory Animal Science,7
A5074419878,Jun Iwamoto,Yonsei University College of Medicine,7
A5074419878,Jun Iwamoto,Baishideng Publishing Group,5
A5074419878,Jun Iwamoto,Karger,5
A5074419878,Jun Iwamoto,Wiley,5
A5074419878,Jun Iwamoto,American Academy of Neurology,4
A5074419878,Jun Iwamoto,Taylor and Francis,4
A5074419878,Jun Iwamoto,Bentham Science Publishers,2
A5074419878,Jun Iwamoto,JAMA Network,2
A5074419878,Jun Iwamoto,American Medical Association,1
A5074419878,Jun Iwamoto,BMJ Publishing,1
A5074419878,Jun Iwamoto,Hindawi,1
A5074419878,Jun Iwamoto,Kurume University School of Medicine,1
A5074419878,Jun Iwamoto,Lippincott Williams and Wilkins,1
A5074419878,Jun Iwamoto,PAGEPress,1
A5074419878,Jun Iwamoto,Wolters Kluwer - Lippincott Williams & Wilkins,1
A5074419878,Jun Iwamoto,Wolters Kluwer - Medknow,1
A5074460611,Li Li,Hindawi,2
A5074624353,Wei Li,Hindawi,1
A5074719379,Feng Wang,Elsevier,1
A5074719379,Feng Wang,Taylor and Francis,1
A5074730004,Didier Raoult,PLoS,21
A5074730004,Didier Raoult,Springer - Nature Publishing Group,11
A5074730004,Didier Raoult,Springer,8
A5074730004,Didier Raoult,American Society for Microbiology,6
A5074730004,Didier Raoult,Springer - Biomed Central (BMC),4
A5074730004,Didier Raoult,Elsevier,3
A5074730004,Didier Raoult,Frontiers,3
A5074730004,Didier Raoult,BioMed Central (BMC),1
A5074730004,Didier Raoult,MDPI,1
A5074730004,Didier Raoult,Wiley,1
A5074737950,Lei Wang,Hindawi,1
A5074749301,Li liu,Hindawi,1
A5074804419,Guilherme Malafaia,Elsevier,46
A5074921115,Bin Zhang,Hindawi,1
A5075131520,Yu Zhang,Elsevier,1
A5075133693,Tao Wang,Royal Society of Chemistry (RSC),1
A5075145729,Liu Hui,SAGE Publications,1
A5075176228,Jing Wang,IEEE: Institute of Electrical and Electronics Engineers,1
A5075203798,Jing Chen,Hindawi,1
A5075209901,Bo Wang,Hindawi,1
A5075408879,Ming Li,Hindawi,1
A5075429693,Min Zhang,Hindawi,1
A5075631027,Yang Liu,Hindawi,1
A5075653084,Bin Liu,IEEE: Institute of Electrical and Electronics Engineers,1
A5075766567,Tao Zhang,IEEE: Institute of Electrical and Electronics Engineers,1
A5075868044,A. Maxim,IEEE: Institute of Electrical and Electronics Engineers,48
A5075934484,Nan Li,Hindawi,1
A5075982894,Jing Zhang,IEEE: Institute of Electrical and Electronics Engineers,1
A5076006482,Jun Chen,Hindawi,1
A5076006482,Jun Chen,IEEE: Institute of Electrical and Electronics Engineers,1
A5076180869,Chao Wang,Wiley,1
A5076239257,Bo Wang,IEEE: Institute of Electrical and Electronics Engineers,1
A5076310461,Tao Zhang,IOS Press (bought by Sage November 2023),1
A5076390617,Li Zhang,Hindawi,1
A5076514018,Jing Wang,Hindawi,1
A5076573459,Jing Zhang,PLoS,1
A5076576939,Wei Wang,Hindawi,1
A5076637678,Yu Liu,Hindawi,1
A5076874458,Feng Li,Hindawi,1
A5077065515,Hui Zhang,Oxford University Press,1
A5077083938,Jing Liu,Springer - Nature Publishing Group,1
A5077121399,Jing Zhang,IEEE: Institute of Electrical and Electronics Engineers,1
A5077239749,Li Zhang,Wiley,1
A5077345820,Yu Wang,Hindawi,1
A5077478614,Jie Zhang,Elsevier,1
A5077501110,Nan Li,IEEE: Institute of Electrical and Electronics Engineers,1
A5077556327,Feng Li,Hindawi,1
A5077615813,Wei Wang,Hindawi,1
A5077661122,Wei Zhang,Hindawi,1
A5077744630,Yang Zhang,Hindawi,1
A5077744630,Yang Zhang,Springer - Biomed Central (BMC),1
A5077797526,Zhang Yong,Hindawi,1
A5077876044,Jing Wang,Hindawi,1
A5077952151,Bin Wang,Springer,1
A5077967270,Wei Wang,Hindawi,1
A5078027241,Feng Wang,Hindawi,1
A5078227951,Zhao Wei,Wiley,1
A5078352370,Yang Yang,Hindawi,1
A5078355847,Rui Wang,Hindawi,1
A5078437006,Tao Liu,IOS Press (bought by Sage November 2023),1
A5078459918,Hiroshi Otake,Elsevier,91
A5078459918,Hiroshi Otake,BMJ Publishing,3
A5078459918,Hiroshi Otake,Scientific Research Publishing (SCIRP),3
A5078459918,Hiroshi Otake,Springer,2
A5078459918,Hiroshi Otake,Hindawi,1
A5078459918,Hiroshi Otake,Wolters Kluwer,1
A5078459918,Hiroshi Otake,Wolters Kluwer - Lippincott Williams & Wilkins,1
A5078575247,Xi Chen,Springer - Nature Publishing Group,1
A5078667415,Ping Zhang,Hindawi,3
A5078694845,Feng Wang,Taylor and Francis - Dove Press,1
A5078723687,Li Wang,Hindawi,1
A5078761832,Yang Yang,Hindawi,1
A5078785070,Xin Li,Hindawi,1
A5078793951,Xi Chen,Wiley,1
A5078964173,Wei Zhao,Microbiology Society,1
A5079000764,Lei Wang,Hindawi,1
A5079080607,HIDENORI TOYOOKA,Wiley,1
A5079097812,Fei Wang,Hindawi,1
A5079255534,Yang Yang,SAGE Publications,1
A5079306986,Yan Liu,Hindawi,1
A5079369822,Jing Li,Hindawi,1
A5079410269,Ming Li,Association for Computing Machinery (ACM),1
A5079456875,Ling Wang,Hindawi,1
A5079524660,Yang Li,Hindawi,2
A5079564498,Gang Li,Hindawi,1
A5079628703,Peng Zhang,Wiley,1
A5079659417,Hui Zhang,Springer,1
A5079659944,Zhang Lin,Wiley,1
A5079667699,Yan Wang,Elsevier,1
A5079684072,Hong Wang,IEEE: Institute of Electrical and Electronics Engineers,1
A5079856514,Jun Li,Springer,1
A5080030367,Jing Wang,Hindawi,1
A5080102032,Hao Wang,IEEE: Institute of Electrical and Electronics Engineers,3
A5080102032,Hao Wang,Springer,1
A5080102032,Hao Wang,Springer - Nature Publishing Group,1
A5080107160,Li Wang,Hindawi,1
A5080152723,Qi Wang,Elsevier,1
A5080152723,Qi Wang,Hindawi,1
A5080165722,Feng Wang,Springer,1
A5080214623,Jing Chen,Hindawi,1
A5080292153,Fang Wang,American Chemical Society (ACS),1
A5080314329,Xin Zhang,Elsevier,1
A5080515342,Bo Wang,IEEE: Institute of Electrical and Electronics Engineers,1
A5080573629,Yu Wang,Hindawi,1
A5080586741,Wei Zhao,Springer,1
A5080722372,Hong Zhang,Wiley,1
A5080841606,Min Li,MDPI,1
A5080888456,Wei Wang,Hindawi,1
A5080918574,Yi Wang,Hindawi,1
A5080963601,Yan Wang,Hindawi,1
A5081105455,R Wang,Verduci Editore,1
A5081128160,Feng Wang,Royal Society Publishing,1
A5081145818,Yang Wang,Hindawi,1
A5081215680,Jian Zhang,Hindawi,1
A5081222629,Zhang Yan,Hindawi,1
A5081361669,Jun Chen,Hindawi,1
A5081389569,Jian Wang,Hindawi,1
A5081416836,Yan Chen,Springer,1
A5081442362,Ying Liu,Hindawi,1
A5081578647,Wei Zhang,Hindawi,1
A5081583686,Bin Liu,Hindawi,1
A5081732023,Yan Wang,Hindawi,1
A5081740800,Xi Chen,Hindawi,1
A5081787039,Yang Liu,IEEE: Institute of Electrical and Electronics Engineers,1
A5081878490,Wei Liu,Hindawi,1
A5081883041,Bin Liu,IEEE: Institute of Electrical and Electronics Engineers,1
A5081914206,Bo Zhang,PLoS,1
A5081943916,Qian Wang,IEEE: Institute of Electrical and Electronics Engineers,1
A5081959698,Nan Li,Hindawi,1
A5082176657,Xi Chen,Hindawi,1
A5082218269,Ying Zhang,Elsevier,1
A5082308509,Wei Wang,Hindawi,1
A5082431907,Jin Wang,PLoS,1
A5082431907,Jin Wang,Springer - Biomed Central (BMC),1
A5082473674,Lei Li,Hindawi,1
A5082484382,Jun Lu,Hindawi,1
A5082520075,Jun Zhang,Hindawi,1
A5082659189,Min Wang,Springer - Nature Publishing Group,1
A5082687712,Jing Liu,Mary Ann Liebert,1
A5082831505,Fang Liu,Frontiers,1
A5082831505,Fang Liu,Spandidos,1
A5083001885,Peng Zhang,Hindawi,1
A5083085819,Yang Liu,Hindawi,1
A5083174655,Jing Yang,Hindawi,1
A5083177876,Jie Zhang,Elsevier,1
A5083211635,Jian Li,IEEE: Institute of Electrical and Electronics Engineers,1
A5083309031,Yan Chen,Hindawi,1
A5083368496,Li Wang,Hindawi,1
A5083549881,Yang Wang,Hindawi,1
A5083612965,Qian Zhang,Hindawi,1
A5083639800,Tao Zhang,IEEE: Institute of Electrical and Electronics Engineers,1
A5083718325,Yang Liu,Hindawi,1
A5083760509,Hui Zhang,Hindawi,1
A5083836939,Yan Zhang,Hindawi,1
A5083878190,Li Jian,Hindawi,1
A5083910412,Li Zhang,Hindawi,1
A5083938464,Gang Wang,PLoS,1
A5084017154,Jie Chen,Hindawi,1
A5084094930,Yu Zhang,IEEE: Institute of Electrical and Electronics Engineers,1
A5084142912,Feng Wang,Korean Cancer Association,1
A5084178417,Na Li,IEEE: Institute of Electrical and Electronics Engineers,1
A5084332474,Min Li,IEEE: Institute of Electrical and Electronics Engineers,1
A5084384992,Nan Li,Spandidos,1
A5084420442,Chao Wang,IEEE: Institute of Electrical and Electronics Engineers,1
A5084520508,Jie Chen,Hindawi,1
A5084537113,Lei Wang,Hindawi,1
A5084591027,Wei Zhang,Spandidos,1
A5084614462,Bo Wang,IEEE: Institute of Electrical and Electronics Engineers,1
A5084707917,T. Liu,International Union of Crystallography,1
A5084722772,Fei Wang,Hindawi,1
A5084783928,Jun Zhang,Elsevier,1
A5084822670,Yan Liu,Hindawi,1
A5084898086,Jing Li,Hindawi,1
A5085060421,Li Zhang,Hindawi,1
A5085189560,Jing Wang,Hindawi,1
A5085254243,Yi Zhang,Hindawi,2
A5085288510,Xin Zhang,Hindawi,1
A5085322722,Dan Wang,Hindawi,1
A5085381341,Feng Li,Hindawi,1
A5085383621,Bin Liu,Springer - Nature Publishing Group,1
A5085389749,Jin Zhang,Hindawi,1
A5085409183,Yang Li,Hindawi,1
A5085490668,Qian Wang,IEEE: Institute of Electrical and Electronics Engineers,1
A5085490668,Qian Wang,PLoS,1
A5085545717,Qi Wang,IEEE: Institute of Electrical and Electronics Engineers,1
A5085728168,Jian Xu,Springer - Nature Publishing Group,1
A5085791361,Bin Zhang,Hindawi,1
A5085805297,Yong Zhang,Bentham Open,1
A5085824540,Ying Wang,PLoS,1
A5085908047,Wei Zhang,Hindawi,1
A5086048534,M. Ghoranneviss,Springer,6
A5086048534,M. Ghoranneviss,Elsevier,2
A5086148808,Бо Ли,Hindawi,1
A5086281055,Xi Chen,Hindawi,1
A5086482529,Jing Yang,Spandidos,1
A5086482529,Jing Yang,Taylor and Francis,1
A5086482529,Jing Yang,Taylor and Francis - Dove Press,1
A5086496427,J. Zhang,Verduci Editore,1
A5086548040,Jing Zhang,IEEE: Institute of Electrical and Electronics Engineers,1
A5086548040,Jing Zhang,Springer - Nature Publishing Group,1
A5086649060,Qiang Li,Hindawi,1
A5086680292,Jing Wang,Springer - Nature Publishing Group,1
A5086722841,Feng Wang,Hindawi,1
A5086969294,Wei Wang,Hindawi,1
A5086979542,Jian Xu,Hindawi,2
A5087020908,QIAN ZHANG,SAGE Publications,1
A5087037668,Ying Liu,Hindawi,1
A5087046173,Hui Zhang,Hindawi,1
A5087078912,Fang Wang,Hindawi,1
A5087130734,Yang Wang,Wiley,1
A5087293551,Yang Yang,Hindawi,1
A5087551327,Lei Zhang,American Society for Biochemistry and Molecular Biology (ASBMB),1
A5087652433,Jun Liu,BioScientifica,1
A5087827780,Li Liu,IEEE: Institute of Electrical and Electronics Engineers,1
A5087884119,Lin Wang,Hindawi,1
A5087957404,Rui Wang,Hindawi,1
A5088175638,Wei Chen,IEEE: Institute of Electrical and Electronics Engineers,1
A5088306081,Na Li,Hindawi,1
A5088314544,Wei Chen,Hindawi,1
A5088351037,Hao Wang,Hindawi,1
A5088392375,Tao Wang,Hindawi,1
A5088440625,Bo Wang,IEEE: Institute of Electrical and Electronics Engineers,1
A5088584400,Nan Li,Hindawi,1
A5088649703,Jing Zhao,Hindawi,1
A5088664461,Yang Li,ASTM International,1
A5088710227,Jun Liu,Hindawi,1
A5088917060,Yu Zhang,Hindawi,1
A5088946682,Li Zhang,Hindawi,1
A5089104834,Xin Wang,Hindawi,1
A5089191258,Yan Wang,Springer,1
A5089272863,Lei Liu,Impact Journals,1
A5089272863,Lei Liu,PLoS,1
A5089272863,Lei Liu,Wiley,1
A5089278084,Lei Liu,Hindawi,2
A5089328680,Na Li,Hindawi,1
A5089349240,Jun Zhang,Hindawi,1
A5089399346,Yu Zhang,Springer - Nature Publishing Group,1
A5089549247,Jing Li,Hindawi,1
A5089693614,Xin Wang,Taylor and Francis - Dove Press,1
A5089710739,Fang Liu,IOP Publishing,1
A5089710739,Fang Liu,PLoS,1
A5089770704,Jie Li,IEEE: Institute of Electrical and Electronics Engineers,1
A5089831302,Lei Liu,IEEE: Institute of Electrical and Electronics Engineers,1
A5089934202,Wei Chen,IEEE: Institute of Electrical and Electronics Engineers,1
A5089966233,Jian Li,IEEE: Institute of Electrical and Electronics Engineers,1
A5090046373,Peng Zhang,Hindawi,1
A5090142205,Yu Zhang,IEEE: Institute of Electrical and Electronics Engineers,1
A5090162145,Yan Zhang,Hindawi,1
A5090318045,Bin Wang,SAGE Publications,1
A5090652983,Yan Li,Hindawi,1
A5090667107,Bo Li,Hindawi,1
A5090702152,Ying Liu,IOS Press (bought by Sage November 2023),1
A5090894779,Feng Wang,Hindawi,1
A5090926374,Hao Zhang,Hindawi,1
A5090934439,Yan Wang,Springer - Biomed Central (BMC),1
A5090967419,Jian Wang,Hindawi,1
A5091020799,Tao Li,Hindawi,1
A5091020799,Tao Li,Wiley,1
A5091089625,Lei Wang,IEEE: Institute of Electrical and Electronics Engineers,1
A5091188832,Lei Liu,Springer - Biomed Central (BMC),1
A5091402216,Jie Zhang,Hindawi,1
A5091432366,Lei Wang,Spandidos,1
A5091432366,Lei Wang,Wiley,1
A5091446477,Jie Li,Hindawi,1
A5091588373,Jian Li,IEEE: Institute of Electrical and Electronics Engineers,1
A5091654591,Yi Wang,Springer,1
A5091665906,Yan Zhang,Hindawi,1
A5091751350,Lei Zhang,Hindawi,1
A5091790870,Jian Zhang,Elsevier - Cell Press,1
A5091790870,Jian Zhang,Springer - Nature Publishing Group,1
A5091830806,Xin Wang,Hindawi,1
A5091862443,Jing Wang,Hindawi,1
A5092014438,Qian Wang,Springer,1
A5092021398,Feng Wang,Frontiers,1
A5092082089,Yu Zhang,Elsevier - Cell Press,1
A5092162766,Yu Zhang,PLoS,1
A5092457773,Lei Li,Elsevier - Cell Press,1
A5098187694,D. Liakopoulos,Brill,1
A5098487117,D. Liakopoulos,Brill,1
A5100306730,Jian Li,PLoS,1
A5100317954,Wei Li,IEEE: Institute of Electrical and Electronics Engineers,1
A5100317957,Wei Li,Springer,1
A5100317965,Wei Li,Hindawi,1
A5100317967,Wei Li,Elmer Press,1
A5100317967,Wei Li,Spandidos,1
A5100317967,Wei Li,Wiley,1
A5100317986,Wei Li,Hindawi,1
A5100317989,Wei Li,IEEE: Institute of Electrical and Electronics Engineers,1
A5100317992,Wei Li,Hindawi,1
A5100317994,Wei Li,IEEE: Institute of Electrical and Electronics Engineers,1
A5100318002,Wei Li,IEEE: Institute of Electrical and Electronics Engineers,1
A5100318019,Wei Li,IEEE: Institute of Electrical and Electronics Engineers,2
A5100318069,Wei Li,Hindawi,1
A5100318082,Wei Li,Elsevier - Cell Press,1
A5100318082,Wei Li,Hindawi,1
A5100318082,Wei Li,"International Scientific Information, Inc",1
A5100318082,Wei Li,Oxford University Press,1
A5100318082,Wei Li,Taylor and Francis - Dove Press,1
A5100318100,Wei Li,IEEE: Institute of Electrical and Electronics Engineers,1
A5100318113,Wei Li,Wiley,1
A5100318125,Wei Li,Royal Society of Chemistry (RSC),1
A5100318144,Wei Li,Elsevier,1
A5100318158,Wei Li,Elsevier,1
A5100318158,Wei Li,Society for Neuroscience,1
A5100318166,Wei Li,Elsevier,1
A5100318166,Wei Li,Hindawi,1
A5100318191,Wei Li,IEEE: Institute of Electrical and Electronics Engineers,1
A5100318200,Wei Li,Taylor and Francis,1
A5100318210,Wei Li,Baishideng Publishing Group,1
A5100318225,Wei Li,Hindawi,1
A5100318238,Wei Li,Hindawi,1
A5100318238,Wei Li,National Academy of Sciences (NAS),1
A5100318238,Wei Li,Taylor and Francis - Dove Press,1
A5100318243,Wei Li,Hindawi,1
A5100318254,Wei Li,Springer - Nature Publishing Group,1
A5100318255,Wei Li,IEEE: Institute of Electrical and Electronics Engineers,1
A5100318256,Wei Li,Elsevier,1
A5100318256,Wei Li,IEEE: Institute of Electrical and Electronics Engineers,1
A5100318307,Wei Li,Hindawi,1
A5100318307,Wei Li,Wiley,1
A5100318313,Wei Li,IEEE: Institute of Electrical and Electronics Engineers,1
A5100318324,Wei Li,Hindawi,1
A5100318325,Wěi Li,Wiley,3
A5100318325,Wěi Li,American Society for Microbiology,1
A5100318325,Wěi Li,Elsevier,1
A5100318325,Wěi Li,Hindawi,1
A5100318325,Wěi Li,Spandidos,1
A5100318325,Wěi Li,Springer - Nature Publishing Group,1
A5100318327,Wei Li,Wiley,1
A5100318334,Wei Li,Hindawi,1
A5100318350,Wěi Li,Elsevier,1
A5100318350,Wěi Li,Hindawi,1
A5100318387,Wei Li,Springer,1
A5100318402,Wei Li,Asian Pacific Organization for Cancer Prevention,1
A5100318403,Wei Li,Taylor and Francis,1
A5100318406,Wei Li,Elsevier - Cell Press,1
A5100318406,Wei Li,PLoS,1
A5100318420,Wei Li,Hindawi,1
A5100318462,Wei Li,Association for Computing Machinery (ACM),2
A5100318462,Wei Li,IEEE: Institute of Electrical and Electronics Engineers,1
A5100318464,Wei Li,Hindawi,1
A5100318820,Yong Zhang,IEEE: Institute of Electrical and Electronics Engineers,1
A5100318825,Yong Zhang,Elsevier,1
A5100320398,Bo Zhang,Karger,1
A5100321361,Fang Wang,PLoS,1
A5100321381,Fang Wang,IEEE: Institute of Electrical and Electronics Engineers,1
A5100321381,Fang Wang,Wiley,1
A5100321398,Fang Wang,Springer,1
A5100321405,Fang Wang,Elsevier,1
A5100321405,Fang Wang,Taylor and Francis - Dove Press,1
A5100321414,Fang Wang,Hindawi,1
A5100321414,Fang Wang,Impact Journals,1
A5100321414,Fang Wang,Springer - Biomed Central (BMC),1
A5100321431,Fang Wang,Taylor and Francis,1
A5100321435,Fang Wang,Hindawi,1
A5100321443,Fang Wang,Hindawi,1
A5100321444,Fang Wang,PLoS,1
A5100321446,Fang Wang,Scientific.net,1
A5100321464,Fang Wang,Springer,1
A5100321469,Fang Wang,PLoS,1
A5100321481,Fang Wang,IOS Press (bought by Sage November 2023),1
A5100321493,Fang Wang,Wiley,2
A5100321493,Fang Wang,Elsevier - Cell Press,1
A5100321493,Fang Wang,SAGE Publications,1
A5100322467,Yan Wang,Hindawi,1
A5100322487,Yan Wang,Wiley,1
A5100322501,Yang Wang,Hindawi,1
A5100322505,Yan Wang,Wiley,1
A5100322552,Yan Wang,IOP Publishing,1
A5100322554,Yang Wang,Impact Journals,1
A5100322554,Yang Wang,Taylor and Francis,1
A5100322562,Yang Wang,Hindawi,1
A5100322589,Yan Wang,Taylor and Francis,1
A5100322600,Yan Wang,IEEE: Institute of Electrical and Electronics Engineers,1
A5100322615,Yan Wang,Springer,1
A5100322615,Yan Wang,Wiley,1
A5100322617,Yan Wang,Hindawi,1
A5100322657,Yan Wang,AME Publishing Company,1
A5100322657,Yan Wang,Wiley,1
A5100322659,Yan Wang,Springer,2
A5100322671,Yang Wang,Wiley,1
A5100322684,Yan Wang,Canadian Science Publishing,1
A5100322684,Yan Wang,Taylor and Francis,1
A5100322684,Yan Wang,Wiley,1
A5100322699,Yan Wang,Hindawi,1
A5100322712,Yan Wang,Springer - Nature Publishing Group,3
A5100322712,Yan Wang,Hindawi,1
A5100322712,Yan Wang,IEEE: Institute of Electrical and Electronics Engineers,1
A5100322712,Yan Wang,Trans Tech Publications Ltd,1
A5100322731,Yang Wang,Hindawi,1
A5100322731,Yang Wang,Springer - Nature Publishing Group,1
A5100322740,Yan Wang,IOS Press (bought by Sage November 2023),1
A5100322752,Yan Wang,Hindawi,2
A5100322756,Yan Wang,Elsevier,1
A5100322764,Yang Wang,Taylor and Francis - Dove Press,1
A5100322769,Yan Wang,IEEE: Institute of Electrical and Electronics Engineers,1
A5100322776,Yang Wang,Wiley,1
A5100322817,Yan Wang,Elsevier,1
A5100322825,Yan Wang,Hindawi,1
A5100322864,Lingling Wang,Springer,2
A5100322864,Lingling Wang,BioMed Central (BMC),1
A5100322866,Yang Wang,Hindawi,1
A5100322866,Yang Wang,Wiley,1
A5100322872,Yan Wang,Hindawi,1
A5100322879,Yang Wang,Hindawi,2
A5100322879,Yang Wang,BioMed Central (BMC),1
A5100322879,Yang Wang,Cellular Physiol Biochem Press,1
A5100322879,Yang Wang,Elsevier,1
A5100322879,Yang Wang,Springer - Nature Publishing Group,1
A5100322887,Yang Wang,IEEE: Institute of Electrical and Electronics Engineers,1
A5100322887,Yang Wang,PLoS,1
A5100322908,Yan Wang,Elsevier,1
A5100322915,Yang Wang,IOP Publishing,1
A5100322919,Yan Wang,Hindawi,1
A5100322934,Yang Wang,IEEE: Institute of Electrical and Electronics Engineers,1
A5100322938,Yan Wang,Elsevier,2
A5100322938,Yan Wang,Springer - Nature Publishing Group,2
A5100322938,Yan Wang,Cellular Physiol Biochem Press,1
A5100322938,Yan Wang,Hindawi,1
A5100322938,Yan Wang,Impact Journals,1
A5100322938,Yan Wang,Spandidos,1
A5100322938,Yan Wang,Springer,1
A5100322938,Yan Wang,Springer - Biomed Central (BMC),1
A5100322938,Yan Wang,Taylor and Francis,1
A5100322948,Yan Wang,IOP Publishing,1
A5100322966,Yan Wang,IOS Press (bought by Sage November 2023),1
A5100323011,Yang Wang,Springer,1
A5100323015,Yan Wang,Hindawi,1
A5100323330,Hui Zhang,Hindawi,2
A5100323333,Hui Zhang,Wiley,1
A5100323343,Hui Zhang,Elsevier,1
A5100323378,Hui Zhang,Hindawi,1
A5100323389,Hui Zhang,BioMed Central (BMC),1
A5100323391,Hui Zhang,PLoS,1
A5100323392,Hui Zhang,Spandidos,1
A5100323402,Hui Zhang,Hindawi,1
A5100323405,Hui Zhang,Hindawi,1
A5100323405,Hui Zhang,Taylor and Francis,1
A5100323451,Hui Zhang,Springer,1
A5100323451,Hui Zhang,Taylor and Francis,1
A5100323459,Hui Zhang,Hindawi,1
A5100323465,Hui Zhang,Hindawi,1
A5100323469,Hui Zhang,Royal Society of Chemistry (RSC),1
A5100323469,Hui Zhang,Taylor and Francis,1
A5100323469,Hui Zhang,Taylor and Francis - Dove Press,1
A5100323476,Hui Zhang,IEEE: Institute of Electrical and Electronics Engineers,1
A5100323483,Hui Zhang,Hindawi,1
A5100323495,Hui Zhang,BioMed Central (BMC),1
A5100323524,Hui Zhang,PLoS,1
A5100323524,Hui Zhang,Springer,1
A5100323524,Hui Zhang,Springer - Nature Publishing Group,1
A5100323524,Hui Zhang,Taylor and Francis - Dove Press,1
A5100323524,Hui Zhang,Wiley,1
A5100323552,Hui Zhang,Hindawi,1
A5100323568,Hui Zhang,Hindawi,1
A5100323572,Hui Zhang,Springer,1
A5100323577,Hui Zhang,IEEE: Institute of Electrical and Electronics Engineers,1
A5100324997,Wei Zhang,Hindawi,1
A5100324999,Wei Zhang,Hindawi,1
A5100325001,Wei Zhang,Springer,1
A5100325012,Hong Li,PLoS,1
A5100325014,Hong Li,Taylor and Francis,1
A5100325544,Yi Wang,Springer - Biomed Central (BMC),1
A5100326826,Dan Liu,IEEE: Institute of Electrical and Electronics Engineers,2
A5100326828,Dan Liu,PLoS,1
A5100326828,Dan Liu,Springer,1
A5100326831,Dan Liu,Hindawi,3
A5100326831,Dan Liu,Springer - Nature Publishing Group,2
A5100326831,Dan Liu,Elsevier,1
A5100326831,Dan Liu,Frontiers,1
A5100326831,Dan Liu,IEEE: Institute of Electrical and Electronics Engineers,1
A5100326831,Dan Liu,IOP Publishing,1
A5100326831,Dan Liu,Mary Ann Liebert,1
A5100326831,Dan Liu,Spandidos,1
A5100326831,Dan Liu,Springer,1
A5100326844,Dan Liu,Hindawi,2
A5100326850,Dan Liu,Frontiers,1
A5100326850,Dan Liu,Hindawi,1
A5100326850,Dan Liu,Wiley,1
A5100326855,Dan Liŭ,IEEE: Institute of Electrical and Electronics Engineers,1
A5100326859,Dan Liu,Hindawi,1
A5100326860,Dan Liu,Elsevier,1
A5100326863,Dan Liu,Hindawi,1
A5100326863,Dan Liu,Wiley,1
A5100326881,Dan Liu,Mary Ann Liebert,1
A5100326884,Dan Liu,IEEE: Institute of Electrical and Electronics Engineers,1
A5100326886,Dan Liu,Mary Ann Liebert,1
A5100327329,Xin Zhang,Hindawi,1
A5100327329,Xin Zhang,PLoS,1
A5100327329,Xin Zhang,Springer,1
A5100327362,Xin Zhang,Hindawi,1
A5100327375,Xin Zhang,Hindawi,1
A5100327375,Xin Zhang,Springer - Biomed Central (BMC),1
A5100327385,Xin Zhang,Springer,1
A5100327390,Xin Zhang,Hindawi,1
A5100327404,Xin Zhang,IOS Press (bought by Sage November 2023),1
A5100327420,Xin Zhang,Hindawi,1
A5100327438,Xın Zhang,Springer,1
A5100327453,Xin Zhang,World Scientific Publishing Company,1
A5100327509,Xin Zhang,Hindawi,1
A5100327515,Xin Zhang,IEEE: Institute of Electrical and Electronics Engineers,1
A5100327526,Xin Zhang,Springer,1
A5100327527,Xin Zhang,Frontiers,1
A5100327558,Xin Zhang,Hindawi,1
A5100327584,Xin Zhang,PLoS,1
A5100327584,Xin Zhang,Portland Press,1
A5100327616,Xin Zhang,Springer - Biomed Central (BMC),1
A5100327617,Xin Zhang,Taylor and Francis,1
A5100327629,Xin Zhang,Springer,1
A5100327788,Xin Wang,Springer,1
A5100327793,Xin Wang,Elsevier,1
A5100327810,Xin Wang,Hindawi,1
A5100327815,Xin Wang,Hindawi,1
A5100327828,Xin Wang,IEEE: Institute of Electrical and Electronics Engineers,1
A5100327833,Xin Wang,IOS Press (bought by Sage November 2023),1
A5100327835,Xin Wang,Hindawi,2
A5100327835,Xin Wang,Spandidos,2
A5100327835,Xin Wang,Elsevier,1
A5100327836,Xin Wang,Hindawi,2
A5100327836,Xin Wang,Elsevier,1
A5100327839,Xin Wang,Hindawi,1
A5100327844,Xin Wang,Elsevier - Cell Press,1
A5100327844,Xin Wang,Springer - Nature Publishing Group,1
A5100327859,Xin Wang,Springer - Biomed Central (BMC),1
A5100327900,Xin Wang,Hindawi,1
A5100327918,Xin Wang,Elsevier,1
A5100327957,Xin Wang,Hindawi,1
A5100327957,Xin Wang,Spandidos,1
A5100327957,Xin Wang,Springer,1
A5100327957,Xin Wang,Springer - Biomed Central (BMC),1
A5100327965,Xin Wang,Wiley,1
A5100327977,Xin Wang,Springer,1
A5100327977,Xin Wang,Wiley,1
A5100327998,Xin Wang,IEEE: Institute of Electrical and Electronics Engineers,1
A5100328022,Xin Wang,Springer,1
A5100328026,Xin Wang,Hindawi,1
A5100328041,Xin Wang,Hindawi,1
A5100328087,Xin Wang,Hindawi,2
A5100328100,Xin Wang,Springer - Nature Publishing Group,1
A5100328102,Xin Wang,Japan Oil Chemists' Society,1
A5100328102,Xin Wang,Oxford University Press,1
A5100328102,Xin Wang,Wiley,1
A5100328112,Xin Wang,Hindawi,1
A5100328117,Xin Wang,Hindawi,1
A5100328128,Xin Wang,Hindawi,1
A5100328155,Xin Wang,Hindawi,1
A5100329833,Xi Chen,Impact Journals,1
A5100329833,Xi Chen,Springer - Biomed Central (BMC),1
A5100329833,Xi Chen,Wiley,1
A5100329836,Xi Chen,Springer - Biomed Central (BMC),1
A5100329840,Xi Chen,IOS Press (bought by Sage November 2023),1
A5100329858,Xi Chen,Hindawi,1
A5100329867,Xi Chen,Association for Computing Machinery (ACM),1
A5100329868,Xi Chen,IEEE: Institute of Electrical and Electronics Engineers,1
A5100329875,Xi Chen,Hindawi,1
A5100329875,Xi Chen,Portland Press,1
A5100329875,Xi Chen,Spandidos,1
A5100329875,Xi Chen,Springer - Nature Publishing Group,1
A5100329875,Xi Chen,Wiley,1
A5100329885,Xi Chen,Ivyspring International Publisher,1
A5100329885,Xi Chen,Springer - Nature Publishing Group,1
A5100329885,Xi Chen,Taylor and Francis - Dove Press,1
A5100329909,Xi Chen,Wiley,1
A5100329931,Xi Chen,Hindawi,2
A5100329932,Xi Chen,Elsevier,1
A5100329932,Xi Chen,IEEE: Institute of Electrical and Electronics Engineers,1
A5100329938,Xi Chen,Oxford University Press,1
A5100329981,Xi Chen,Elsevier - Cell Press,1
A5100329981,Xi Chen,Hindawi,1
A5100329981,Xi Chen,Royal Society of Chemistry (RSC),1
A5100329982,Xi Chen,Hindawi,1
A5100329989,Xi Chen,Elsevier - Cell Press,1
A5100329993,Xi Chen,Hindawi,1
A5100329996,Xi Chen,IEEE: Institute of Electrical and Electronics Engineers,1
A5100330005,Xi Chen,Frontiers,1
A5100330006,Xi Chen,Elsevier,2
A5100330009,Xi Chen,Hindawi,1
A5100330034,Xi Chen,SAGE Publications,1
A5100330058,Xi Chen,Hindawi,1
A5100330058,Xi Chen,Springer - Nature Publishing Group,1
A5100330066,Xi Chen,Spandidos,1
A5100330381,Qian Li,Hindawi,1
A5100330803,Jun Li,Wolters Kluwer - Lippincott Williams & Wilkins,1
A5100332157,Jun Wang,IEEE: Institute of Electrical and Electronics Engineers,1
A5100332820,Jie Chen,Hindawi,1
A5100332848,Jie Chen,Hindawi,1
A5100332848,Jie Chen,IEEE: Institute of Electrical and Electronics Engineers,1
A5100332857,Jie Chen,Taylor and Francis,1
A5100332880,Jie Chen,Taylor and Francis,1
A5100332883,Jie Chen,Hindawi,1
A5100332904,Jie Chen,Elsevier,1
A5100332904,Jie Chen,Wiley,1
A5100332907,Jie Chen,PLoS,1
A5100332932,Jie Chen,Spandidos,1
A5100332958,Jie Chen,IEEE: Institute of Electrical and Electronics Engineers,1
A5100332975,Jie Chen,PLoS,1
A5100332975,Jie Chen,Taylor and Francis - Dove Press,1
A5100332996,Jie Chen,Hindawi,1
A5100332996,Jie Chen,Impact Journals,1
A5100332996,Jie Chen,Springer - Nature Publishing Group,1
A5100332999,Jie Chen,Elsevier - Cell Press,1
A5100332999,Jie Chen,Springer,1
A5100333005,Jie Chen,Hindawi,1
A5100333009,Jie Chen,Wiley,1
A5100333014,Jie Chen,Hindawi,1
A5100333015,Jie Chen,Wiley,1
A5100335172,Bo Zhang,Elsevier,1
A5100335186,Bo Zhang,Hindawi,1
A5100335189,Bo Zhang,Elsevier,1
A5100335189,Bo Zhang,Taylor and Francis,1
A5100335191,Bo Zhang,Springer - Nature Publishing Group,1
A5100335192,Bo Zhang,Hindawi,1
A5100335203,Bo Zhang,Hindawi,1
A5100335210,Bo Zhang,Wolters Kluwer,1
A5100335228,Bo Zhang,Hindawi,2
A5100335238,Bo Zhang,Hindawi,1
A5100335238,Bo Zhang,Impact Journals,1
A5100335238,Bo Zhang,Taylor and Francis - Dove Press,1
A5100335238,Bo Zhang,Wiley,1
A5100335283,Bo Zhang,The Company of Biologists,1
A5100335295,Bo Zhang,Elsevier,1
A5100335295,Bo Zhang,Royal Society of Chemistry (RSC),1
A5100335304,Bo Zhang,Springer - Nature Publishing Group,1
A5100335328,Bo Zhang,Hindawi,1
A5100335328,Bo Zhang,"International Scientific Information, Inc",1
A5100335341,Bo Zhang,Hindawi,1
A5100335372,Bo Zhang,Korean Society of Neurogastroenterology and Motility,1
A5100335376,Bo Zhang,Elsevier - Cell Press,1
A5100335392,Bo Zhang,IEEE: Institute of Electrical and Electronics Engineers,1
A5100335403,Bo Zhang,American Chemical Society (ACS),1
A5100335407,Bo Zhang,Elsevier,1
A5100335760,Wei Wang,IEEE: Institute of Electrical and Electronics Engineers,1
A5100335790,Li Wang,Wiley,1
A5100335817,Li Wang,Hindawi,2
A5100335860,Li Wang,Elsevier,2
A5100335860,Li Wang,Frontiers,1
A5100335860,Li Wang,Impact Journals,1
A5100335860,Li Wang,SAGE Publications,1
A5100335860,Li Wang,Spandidos,1
A5100335860,Li Wang,Springer,1
A5100335860,Li Wang,Taylor and Francis - Dove Press,1
A5100335860,Li Wang,Wiley,1
A5100335876,Li Wang,Endocrine Society,1
A5100335900,Li Wang,Hindawi,1
A5100335904,Li Wang,Hindawi,1
A5100335923,Li Wang,IEEE: Institute of Electrical and Electronics Engineers,1
A5100335945,Li Wang,Hindawi,1
A5100335946,Li Wang,IEEE: Institute of Electrical and Electronics Engineers,1
A5100335949,Li Wang,IEEE: Institute of Electrical and Electronics Engineers,1
A5100335950,Li Wang,Springer - Biomed Central (BMC),1
A5100335950,Li Wang,Wiley,1
A5100335956,Li Wang,Springer,1
A5100335967,Li Wang,Taylor and Francis,1
A5100336023,Li Wang,Hindawi,1
A5100336028,Li Wang,Springer - Biomed Central (BMC),1
A5100336078,Li Wang,Hindawi,1
A5100336102,Li Wang,Spandidos,1
A5100336107,Li Wang,Hindawi,1
A5100336116,Li Wang,Cognizant Communication Corporation,1
A5100336122,Li Wang,Hindawi,3
A5100336122,Li Wang,Frontiers,1
A5100336124,Li Wang,IEEE: Institute of Electrical and Electronics Engineers,1
A5100336161,Li Wang,Elsevier,1
A5100336161,Li Wang,Springer - Nature Publishing Group,1
A5100336161,Li Wang,Taylor and Francis,1
A5100336169,Li Wang,Hindawi,1
A5100336185,Lı Wang,Elsevier,1
A5100336197,Li Wang,Frontiers,1
A5100336213,Li Wang,Cellular Physiol Biochem Press,1
A5100336213,Li Wang,Elsevier,1
A5100336213,Li Wang,Springer,1
A5100336214,Li Wang,Springer,1
A5100336220,Li Wang,Taylor and Francis,1
A5100336237,Li Wang,Hindawi,1
A5100336281,Li Wang,Spandidos,2
A5100336284,Li Wang,Frontiers,1
A5100336284,Li Wang,Springer - Nature Publishing Group,1
A5100336752,Jing Li,IEEE: Institute of Electrical and Electronics Engineers,1
A5100336756,Jing Li,Wiley,1
A5100336761,Jing Li,Hindawi,1
A5100336765,Jing Li,Hindawi,1
A5100336796,Jing Li,Elsevier,2
A5100336796,Jing Li,Hindawi,2
A5100336796,Jing Li,Spandidos,1
A5100336796,Jing Li,Springer - Nature Publishing Group,1
A5100336800,Jing Li,Spandidos,1
A5100336803,Jing Li,Hindawi,1
A5100336803,Jing Li,Springer,1
A5100336825,Jing Li,Springer,1
A5100336827,Jing Li,Cellular Physiol Biochem Press,1
A5100336830,Jing Li,IOS Press (bought by Sage November 2023),1
A5100336858,Jing Li,Cellular Physiol Biochem Press,1
A5100336858,Jing Li,Portland Press,1
A5100336868,Jing Li,Elsevier,1
A5100336869,Jing Li,Wiley,1
A5100336895,Jing Li,Frontiers,1
A5100336899,Jing Li,Wolters Kluwer - Lippincott Williams & Wilkins,1
A5100336919,Jing Li,Hindawi,1
A5100336920,Jing Li,Wiley,1
A5100336923,Jing Li,Hindawi,1
A5100336923,Jing Li,Impact Journals,1
A5100336923,Jing Li,Taylor and Francis - Dove Press,1
A5100336928,Jing Li,Elsevier,1
A5100336938,Jing Li,IEEE: Institute of Electrical and Electronics Engineers,1
A5100336946,Jing Li,Elsevier,2
A5100336949,Jing Li,Springer,1
A5100336952,Jing Li,Hindawi,1
A5100336971,Jing Li,Springer,1
A5100336974,Jing Li,American Society for Microbiology,1
A5100336982,Jing Li,IOS Press (bought by Sage November 2023),1
A5100336992,Jing Li,Hindawi,1
A5100337007,Jing Li,Royal Society of Chemistry (RSC),1
A5100337026,Jing Li,IEEE: Institute of Electrical and Electronics Engineers,3
A5100337048,Jing Li,Springer,1
A5100337087,Jing Li,Wiley,1
A5100337091,Jing Li,Wiley,1
A5100337108,Jing Li,Spandidos,1
A5100337136,Jing Li,Hindawi,1
A5100337145,Jing Li,Springer,1
A5100337152,Jing Li,PLoS,1
A5100337152,Jing Li,Spandidos,1
A5100337852,Jing Li,Hindawi,1
A5100337858,Jing Li,Impact Journals,1
A5100337858,Jing Li,PLoS,1
A5100337861,Jing Li,Taylor and Francis - Dove Press,1
A5100338060,Tao Liu,Elsevier,3
A5100338061,Tao Liu,IEEE: Institute of Electrical and Electronics Engineers,1
A5100338067,Tao Liu,Elsevier,2
A5100338067,Tao Liu,Wiley,2
A5100338067,Tao Liu,Elsevier - Cell Press,1
A5100338067,Tao Liu,IEEE: Institute of Electrical and Electronics Engineers,1
A5100338067,Tao Liu,Royal Society of Chemistry (RSC),1
A5100338073,Tao Liu,Elsevier,1
A5100338083,Tao Liu,Association for Computing Machinery (ACM),1
A5100338083,Tao Liu,IEEE: Institute of Electrical and Electronics Engineers,1
A5100338087,Tao Liu,Elsevier,1
A5100338087,Tao Liu,Hindawi,1
A5100338087,Tao Liu,Wiley,1
A5100338122,Tao Liu,Taylor and Francis,1
A5100338131,Tao Liu,Elsevier,1
A5100338131,Tao Liu,IEEE: Institute of Electrical and Electronics Engineers,1
A5100338592,Ping Wang,APS: American Physiological Society,1
A5100338602,Ping Wang,Taylor and Francis,1
A5100338606,Ping Wang,Frontiers,3
A5100338606,Ping Wang,Oxford University Press,1
A5100338606,Ping Wang,Springer - Biomed Central (BMC),1
A5100338606,Ping Wang,Taylor and Francis,1
A5100338625,Ping Wang,Elsevier,1
A5100338625,Ping Wang,Hindawi,1
A5100338632,Ping Wang,American Association for Cancer Research,1
A5100338632,Ping Wang,American Physiological Society,1
A5100338632,Ping Wang,Elsevier,1
A5100338632,Ping Wang,Hindawi,1
A5100338632,Ping Wang,IOS Press (bought by Sage November 2023),1
A5100338632,Ping Wang,PLoS,1
A5100338635,Ping Wang,Hindawi,1
A5100338642,Ping Wang,Elsevier - Cell Press,1
A5100338651,Ping Wang,Taylor and Francis - Dove Press,1
A5100338672,Ping Wang,IOS Press (bought by Sage November 2023),1
A5100338694,Ping Wang,Hindawi,1
A5100338700,Ping Wang,Hindawi,1
A5100338703,Ping Wang,Hindawi,1
A5100338716,Ping Wang,Hindawi,1
A5100338726,Ping Wang,Elsevier,1
A5100338727,Ping Wang,Springer - Nature Publishing Group,1
A5100338841,Wei Zhang,IEEE: Institute of Electrical and Electronics Engineers,1
A5100339330,Hong Li,Royal Society of Chemistry (RSC),1
A5100339335,Hong Li,IEEE: Institute of Electrical and Electronics Engineers,1
A5100339335,Hong Li,SAGE Publications,1
A5100339335,Hong Li,Springer - Biomed Central (BMC),1
A5100339336,Hong Li,PLoS,1
A5100339336,Hong Li,Portland Press,1
A5100339336,Hong Li,Taylor and Francis - Dove Press,1
A5100339336,Hong Li,Wiley,1
A5100339352,Hong Li,IEEE: Institute of Electrical and Electronics Engineers,1
A5100339376,Hong Li,Springer,1
A5100339381,Hong Li,IEEE: Institute of Electrical and Electronics Engineers,1
A5100339401,Hong Li,Elsevier,1
A5100339418,Hong Li,IOS Press (bought by Sage November 2023),2
A5100339427,Hong Li,Wiley,1
A5100339428,Hong Li,Hindawi,1
A5100339451,Hong Li,Hindawi,1
A5100339879,Xin Zhang,IEEE: Institute of Electrical and Electronics Engineers,1
A5100339882,Xin Zhang,IEEE: Institute of Electrical and Electronics Engineers,1
A5100340344,Yan Li,Springer,1
A5100340344,Yan Li,Taylor and Francis - Dove Press,1
A5100340530,Qian Li,IEEE: Institute of Electrical and Electronics Engineers,2
A5100340538,Qian Li,IEEE: Institute of Electrical and Electronics Engineers,1
A5100340539,Qian Li,Portland Press,2
A5100340539,Qian Li,Elsevier,1
A5100340547,Qian Li,Wiley,1
A5100340563,Qian Li,American Chemical Society (ACS),1
A5100340563,Qian Li,Springer,1
A5100340564,Qian Li,IEEE: Institute of Electrical and Electronics Engineers,1
A5100340578,Qian Li,Springer - Biomed Central (BMC),1
A5100340580,Qian Li,PLoS,1
A5100340631,Qian Li,Elsevier,1
A5100340631,Qian Li,Elsevier - Cell Press,1
A5100340631,Qian Li,Impact Journals,1
A5100340644,Qian Li,Frontiers,1
A5100340644,Qian Li,Oxford University Press,1
A5100340663,Qian Li,Taylor and Francis,1
A5100340674,Qian Li,Elsevier,1
A5100340685,Qian Li,Frontiers,1
A5100340687,Qian Li,Springer,1
A5100340688,Qian Li,Spandidos,1
A5100340688,Qian Li,Springer - Biomed Central (BMC),1
A5100340851,Min Wang,Hindawi,1
A5100340886,Min Wang,Springer - Biomed Central (BMC),1
A5100340889,Min Wang,Association for Computing Machinery (ACM),1
A5100340891,Min Wang,IEEE: Institute of Electrical and Electronics Engineers,1
A5100340897,Min Wang,Springer,1
A5100340903,Min Wang,Taylor and Francis - Dove Press,1
A5100340910,Min Wang,Hindawi,2
A5100340910,Min Wang,Taylor and Francis - Dove Press,2
A5100340910,Min Wang,American Association for Cancer Research,1
A5100340910,Min Wang,American Chemical Society (ACS),1
A5100340910,Min Wang,IOS Press (bought by Sage November 2023),1
A5100340910,Min Wang,Wiley,1
A5100340922,Min Wang,Hindawi,1
A5100340926,Min Wang,IEEE: Institute of Electrical and Electronics Engineers,1
A5100340933,Min Wang,Elsevier,1
A5100340933,Min Wang,Royal Society of Chemistry (RSC),1
A5100340933,Min Wang,Springer,1
A5100340934,Min Wang,IOS Press (bought by Sage November 2023),2
A5100340936,Min Wang,IOS Press (bought by Sage November 2023),1
A5100340947,Min Wang,Wiley,1
A5100340952,Min Wang,Ivyspring International Publisher,1
A5100340959,Min Wang,IEEE: Institute of Electrical and Electronics Engineers,1
A5100340968,Min Wang,Hindawi,1
A5100340999,Nan Li,Hindawi,1
A5100341013,Nan Li,American Society for Biochemistry and Molecular Biology (ASBMB),1
A5100341013,Nan Li,Oxford University Press,1
A5100341013,Nan Li,Springer,1
A5100341038,Nan Li,Elsevier,1
A5100341038,Nan Li,Taylor and Francis,1
A5100341041,Nan Li,Portland Press,1
A5100341056,Nan Li,Oxford University Press,1
A5100341065,Nan Li,IEEE: Institute of Electrical and Electronics Engineers,1
A5100341066,Nan Li,Hindawi,2
A5100341089,Nan Li,Hindawi,1
A5100341090,Nan Li,Springer,1
A5100341096,Nan Li,Elsevier,1
A5100341104,Nan Li,Hindawi,1
A5100341105,Nan Li,American Society for Biochemistry and Molecular Biology (ASBMB),4
A5100341105,Nan Li,Elsevier,4
A5100341111,Nan Li,Portland Press,1
A5100341123,Nan Li,Springer,1
A5100341125,Nan Li,Elsevier,1
A5100341206,Qi Wang,IOP Publishing,1
A5100341210,Qi Wang,Elsevier,1
A5100341210,Qi Wang,Frontiers,1
A5100341232,Qi Wang,Springer,1
A5100341235,Qi Wang,Spandidos,1
A5100341235,Qi Wang,Springer,1
A5100341267,Qi Wang,Springer,1
A5100341269,Qi Wang,IEEE: Institute of Electrical and Electronics Engineers,3
A5100341269,Qi Wang,Elsevier,1
A5100341289,Qi Wang,Hindawi,1
A5100341289,Qi Wang,Spandidos,1
A5100341303,Qi Wang,Frontiers,1
A5100341304,Qi Wang,Royal Society of Chemistry (RSC),1
A5100341321,Qi Wang,IEEE: Institute of Electrical and Electronics Engineers,2
A5100341321,Qi Wang,Hindawi,1
A5100341330,Qi Wang,Springer - Nature Publishing Group,1
A5100341332,Qi Wang,Springer,1
A5100341353,Qi Wang,IEEE: Institute of Electrical and Electronics Engineers,1
A5100341365,Qi Wang,Elsevier - Cell Press,1
A5100341376,Qi Wang,IEEE: Institute of Electrical and Electronics Engineers,1
A5100341378,Qi Wang,Springer,1
A5100341388,Qi Wang,Bentham Open,1
A5100341388,Qi Wang,Royal Society of Chemistry (RSC),1
A5100341830,Lei Li,Springer,1
A5100342557,Yán Li,Wiley,1
A5100342637,Wei Li,BioMed Central (BMC),1
A5100342656,Qian Zhang,Springer,1
A5100342662,Qian Zhang,IEEE: Institute of Electrical and Electronics Engineers,1
A5100343143,Xin Li,IEEE: Institute of Electrical and Electronics Engineers,1
A5100343147,Xin Li,Wiley,1
A5100343687,Bo Li,Elsevier,1
A5100343694,Bo Li,American Heart Association,1
A5100343694,Bo Li,Hindawi,1
A5100344298,Wei Chen,Hindawi,3
A5100344298,Wei Chen,Wiley,1
A5100344320,Wei Chen,Springer,1
A5100344331,Wei Chen,Hindawi,1
A5100344375,Wei Chen,Taylor and Francis,1
A5100344375,Wei Chen,Taylor and Francis - Dove Press,1
A5100344375,Wei Chen,Wiley,1
A5100344377,Wei Chen,American Society for Microbiology,1
A5100344384,Wei Chen,Hindawi,1
A5100344395,Wei Chen,Elsevier,2
A5100344395,Wei Chen,Hindawi,1
A5100344395,Wei Chen,Taylor and Francis - Dove Press,1
A5100344403,Wei Chen,Spandidos,1
A5100344403,Wei Chen,Springer - Nature Publishing Group,1
A5100344407,Wei Chen,Portland Press,1
A5100344420,Wei Chen,Spandidos,1
A5100344458,Wei Chen,Hindawi,2
A5100344463,Wei Chen,Hindawi,1
A5100344481,Wei Chen,Hindawi,5
A5100344489,Wei Chen,Springer,1
A5100344492,Wei Chen,Elsevier,1
A5100344503,Wei Chen,BMJ Publishing,1
A5100344518,Wei Chen,Bentham Open,1
A5100344522,Wei Chen,IOS Press (bought by Sage November 2023),1
A5100344522,Wei Chen,Springer - Nature Publishing Group,1
A5100344533,Wei Chen,PLoS,1
A5100344533,Wei Chen,Taylor and Francis - Dove Press,1
A5100344564,Wei Chen,IEEE: Institute of Electrical and Electronics Engineers,1
A5100344582,Wei Chen,IEEE: Institute of Electrical and Electronics Engineers,1
A5100344582,Wei Chen,Springer - Nature Publishing Group,1
A5100345314,Jing Zhang,Springer,1
A5100345321,Jing Zhang,Hindawi,2
A5100345328,Jing Zhang,Hindawi,1
A5100345350,Jing Zhang,Elsevier,1
A5100345350,Jing Zhang,Impact Journals,1
A5100345350,Jing Zhang,Spandidos,1
A5100345350,Jing Zhang,Springer - Biomed Central (BMC),1
A5100345373,Jing Zhang,Frontiers,1
A5100345373,Jing Zhang,Wiley,1
A5100345393,Jing Zhang,American Chemical Society (ACS),1
A5100345396,Jing Zhang,Future Medicine - Future Science Group,1
A5100345396,Jing Zhang,Hindawi,1
A5100345417,Jing Zhang,Hindawi,1
A5100345417,Jing Zhang,IEEE: Institute of Electrical and Electronics Engineers,1
A5100345419,Jing Zhang,Elsevier,1
A5100345419,Jing Zhang,Hindawi,1
A5100345438,Jing Zhang,Hindawi,1
A5100345461,Jing Zhang,IEEE: Institute of Electrical and Electronics Engineers,1
A5100345466,Jing Zhang,Springer - Biomed Central (BMC),1
A5100345466,Jing Zhang,Wiley,1
A5100345489,Jing Zhang,Wiley,1
A5100345515,Jing Zhang,Taylor and Francis - Dove Press,1
A5100345516,Jing Zhang,Hindawi,1
A5100345608,Yu Liu,Elsevier,1
A5100345609,Yu Liu,Hindawi,1
A5100345622,Yu Liu,Hindawi,1
A5100345653,Yu Liu,Hindawi,1
A5100345653,Yu Liu,Spandidos,1
A5100345662,Yu Liu,Elsevier,1
A5100345666,Yu Liu,Elsevier,1
A5100345666,Yu Liu,Hindawi,1
A5100345666,Yu Liu,Springer,1
A5100345669,Yu Liu,Elsevier,1
A5100345669,Yu Liu,Hindawi,1
A5100345691,Yu Liu,Elsevier - Cell Press,1
A5100345704,Yu Liu,Hindawi,1
A5100345722,Yu Liu,IOS Press (bought by Sage November 2023),1
A5100345786,Yu Liu,Hindawi,1
A5100345792,Yu Liu,Hindawi,1
A5100345820,Yu Liu,Elsevier,1
A5100345820,Yu Liu,Impact Journals,1
A5100345845,Yu Liu,Hindawi,1
A5100345855,Yu Liu,Hindawi,1
A5100345887,Yu Liu,MDPI,1
A5100345916,Yu Liu,Springer,1
A5100345933,Yu Liu,Wiley,1
A5100345962,Yu Liu,Hindawi,1
A5100345966,Yu Liu,IOS Press (bought by Sage November 2023),1
A5100345976,Yu Liu,Elsevier,1
A5100345976,Yu Liu,Springer,1
A5100345978,Yu Liu,Hindawi,1
A5100346104,Jin Wang,Elsevier,1
A5100346104,Jin Wang,Taylor and Francis - Dove Press,1
A5100346109,Jin Wang,PLoS,1
A5100346109,Jin Wang,Springer,1
A5100346122,Jin Wang,IOP Publishing,1
A5100346128,Jin Wang,Spandidos,2
A5100346128,Jin Wang,Elsevier,1
A5100346147,Jin Wang,Elsevier - Cell Press,1
A5100346147,Jin Wang,IEEE: Institute of Electrical and Electronics Engineers,1
A5100346147,Jin Wang,IOS Press (bought by Sage November 2023),1
A5100346163,Jin Wang,PLoS,1
A5100346172,Jin Wang,IEEE: Institute of Electrical and Electronics Engineers,1
A5100346173,Jin Wang,Elsevier,1
A5100346174,Jin Wang,Elsevier,1
A5100346179,Jin Wang,Springer,1
A5100346183,Jin Wang,IOP Publishing,1
A5100346201,Jin Wang,Hindawi,1
A5100346219,Jin Wang,Hindawi,1
A5100346966,Ying Wang,Elsevier - Cell Press,1
A5100346966,Ying Wang,Frontiers,1
A5100346972,Ying Wang,Spandidos,1
A5100347000,Ying Wang,SAGE Publications,3
A5100347000,Ying Wang,Springer - Nature Publishing Group,1
A5100347000,Ying Wang,Taylor and Francis,1
A5100347012,Ying Wang,Hindawi,1
A5100347057,Ying Wang,Hindawi,2
A5100347063,Ying Wang,Portland Press,1
A5100347063,Ying Wang,Spandidos,1
A5100347067,Ying Wang,IEEE: Institute of Electrical and Electronics Engineers,1
A5100347067,Ying Wang,Springer,1
A5100347070,Ying Wang,Hindawi,1
A5100347075,Ying Wang,Wiley,1
A5100347091,Ying Wang,American Society for Microbiology,2
A5100347091,Ying Wang,APS: American Physiological Society,1
A5100347106,Ying Wang,PLoS,1
A5100347116,Ying Wang,Hindawi,1
A5100347131,Ying Wang,Taylor and Francis,1
A5100347133,Ying Wang,Elsevier,1
A5100347133,Ying Wang,Hindawi,1
A5100347133,Ying Wang,Springer,1
A5100347137,Ying Wang,Wiley,1
A5100347150,Ying Wang,PLoS,1
A5100347150,Ying Wang,Springer,1
A5100347150,Ying Wang,Taylor and Francis,1
A5100347153,Ying Wang,Frontiers,1
A5100347154,Ying Wang,Hindawi,1
A5100347178,Ying Wang,Frontiers,1
A5100347181,Ying Wang,IEEE: Institute of Electrical and Electronics Engineers,2
A5100347183,Ying Wang,IEEE: Institute of Electrical and Electronics Engineers,1
A5100347195,Ying Wang,Springer,1
A5100347212,Ying Wang,Elsevier,1
A5100347212,Ying Wang,Hindawi,1
A5100347214,Ying Wang,Hindawi,1
A5100347223,Ying Wang,IEEE: Institute of Electrical and Electronics Engineers,1
A5100347226,Ying Wang,Springer - Biomed Central (BMC),1
A5100347238,Ying Wang,Wiley,1
A5100347247,Ying Wang,Elsevier - Cell Press,1
A5100347258,Ying Wang,Springer,1
A5100347261,Ying Wang,IEEE: Institute of Electrical and Electronics Engineers,1
A5100347261,Ying Wang,Springer,1
A5100347267,Ying Wang,Hindawi,1
A5100347267,Ying Wang,SAGE Publications,1
A5100347268,Ying Wang,Springer,1
A5100347547,Lin Wang,IEEE: Institute of Electrical and Electronics Engineers,1
A5100347948,Ming Li,IEEE: Institute of Electrical and Electronics Engineers,1
A5100349482,Lei Liu,Elsevier,1
A5100349482,Lei Liu,Hindawi,1
A5100349496,Lei Liu,IEEE: Institute of Electrical and Electronics Engineers,1
A5100349510,Lei Liu,Springer - Nature Publishing Group,1
A5100349517,Lei Liu,IEEE: Institute of Electrical and Electronics Engineers,2
A5100349542,Lei Liu,IOS Press (bought by Sage November 2023),1
A5100349547,Lei Liu,American Society for Biochemistry and Molecular Biology (ASBMB),1
A5100349547,Lei Liu,Taylor and Francis,1
A5100349548,Lei Liu,Springer - Biomed Central (BMC),1
A5100349558,Lei Liu,Hindawi,1
A5100349568,Lei Liu,MDPI,1
A5100349568,Lei Liu,Taylor and Francis,1
A5100349590,Lei Liu,Cellular Physiol Biochem Press,1
A5100349590,Lei Liu,SAGE Publications,1
A5100349606,Lei Liu,Frontiers,1
A5100349609,Lei Liu,PLoS,1
A5100349618,Lei Liu,Springer,1
A5100349634,Lei Liu,PLoS,1
A5100349659,Lei Liu,Hindawi,1
A5100349663,Lei Liu,Hindawi,1
A5100349663,Lei Liu,SAGE Publications,1
A5100350982,Yan Liu,Springer,1
A5100350984,Yan Liu,IEEE: Institute of Electrical and Electronics Engineers,1
A5100350997,Yan Liu,IOP Publishing,1
A5100350999,Yan Liu,IEEE: Institute of Electrical and Electronics Engineers,1
A5100351009,Yan Liu,PLoS,1
A5100351009,Yan Liu,Portland Press,1
A5100351009,Yan Liu,Spandidos,1
A5100351039,Yan Liu,SAGE Publications,1
A5100351056,Yan Liu,Springer,2
A5100351056,Yan Liu,American Society for Biochemistry and Molecular Biology (ASBMB),1
A5100351056,Yan Liu,Hindawi,1
A5100351056,Yan Liu,IOS Press (bought by Sage November 2023),1
A5100351056,Yan Liu,"International Scientific Information, Inc",1
A5100351056,Yan Liu,Ivyspring International Publisher,1
A5100351056,Yan Liu,SAGE Publications,1
A5100351061,Yan Liu,Springer,1
A5100351095,Yan Liu,Hindawi,3
A5100351100,Yan Liu,Hindawi,1
A5100351100,Yan Liu,Wiley,1
A5100351107,Yan Liu,Springer,1
A5100351117,Yan Liu,Royal Society of Chemistry (RSC),1
A5100351117,Yan Liu,SAGE Publications,1
A5100351131,Yan Liu,PLoS,1
A5100351147,Yan Liu,Wiley,1
A5100351162,Yan Liu,Elsevier,1
A5100351175,Yan Liu,Hindawi,2
A5100351175,Yan Liu,Association for Computing Machinery (ACM),1
A5100351175,Yan Liu,SAGE Publications,1
A5100351175,Yan Liu,Springer,1
A5100351176,Yan Liu,Wiley,1
A5100351177,Yan Liu,Hindawi,1
A5100351177,Yan Liu,Spandidos,1
A5100351184,Yan Liu,Elsevier,1
A5100351185,Yan Liu,Hindawi,1
A5100351321,Ming Li,Frontiers,1
A5100351339,Ming Li,Springer,1
A5100351340,Ming Li,Elsevier,1
A5100351348,Ming Li,Wolters Kluwer,1
A5100351357,Ming Li,Taylor and Francis - Dove Press,1
A5100351366,Ming Li,PLoS,2
A5100351378,Ming Li,Hindawi,1
A5100351382,Ming Li,Hindawi,1
A5100351404,Ming Li,Spandidos,1
A5100351409,Ming Li,Springer,1
A5100351421,Ming Li,IEEE: Institute of Electrical and Electronics Engineers,1
A5100351426,Ming Li,Elsevier,1
A5100351429,Ming Li,Hindawi,1
A5100351439,Ming Li,IEEE: Institute of Electrical and Electronics Engineers,1
A5100351441,Ming Li,Springer,1
A5100351450,Ming Li,Wiley,1
A5100351464,Ming Li,Elsevier,1
A5100351464,Ming Li,Springer,1
A5100351472,Ming Li,Oxford University Press,1
A5100351484,Ming Li,Springer - Nature Publishing Group,1
A5100351511,Ming Li,Hindawi,1
A5100351513,Ming Li,BioMed Central (BMC),1
A5100351518,Ming Li,American Society for Clinical Investigation,1
A5100351522,Ming Li,IEEE: Institute of Electrical and Electronics Engineers,1
A5100351535,Ming Li,SAGE Publications,1
A5100351540,Ming Li,Elsevier,1
A5100351543,Ming Li,Taylor and Francis - Dove Press,2
A5100351543,Ming Li,Springer - Nature Publishing Group,1
A5100351792,Lin Zhang,IEEE: Institute of Electrical and Electronics Engineers,1
A5100351819,Lin Zhang,IEEE: Institute of Electrical and Electronics Engineers,1
A5100351822,Lin Zhang,Hindawi,1
A5100351828,Lin Zhang,Springer,1
A5100351842,Lin Zhang,Hindawi,1
A5100351849,Lin Zhang,IEEE: Institute of Electrical and Electronics Engineers,1
A5100351861,Lin Zhang,Hindawi,1
A5100351886,Lin Zhang,Hindawi,1
A5100351895,Lin Zhang,Wiley,1
A5100351902,Lin Zhang,Elsevier,1
A5100351902,Lin Zhang,Hindawi,1
A5100351902,Lin Zhang,Springer - Nature Publishing Group,1
A5100351913,Lin Zhang,IEEE: Institute of Electrical and Electronics Engineers,1
A5100351919,Lin Zhang,Elsevier,1
A5100351923,Lin Zhang,IEEE: Institute of Electrical and Electronics Engineers,1
A5100351924,Lin Zhang,Elsevier,1
A5100351924,Lin Zhang,Hindawi,1
A5100351933,Lin Zhang,American Heart Association,1
A5100351967,Lin Zhang,Hindawi,1
A5100351970,Lin Zhang,Springer - Biomed Central (BMC),2
A5100351970,Lin Zhang,Wiley,1
A5100351982,Lin Zhang,Taylor and Francis,1
A5100352534,Jun Wang,IOP Publishing,1
A5100352903,Ming Li,IEEE: Institute of Electrical and Electronics Engineers,1
A5100353471,Hao Chen,Hindawi,2
A5100353481,Hao Chen,Springer - Biomed Central (BMC),1
A5100353528,Hao Chen,Taylor and Francis - Dove Press,1
A5100353533,Hao Chen,Spandidos,1
A5100353545,Hao Chen,Elsevier,1
A5100353584,Hao Chen,Frontiers,1
A5100353596,Hao Chen,Wiley,1
A5100353612,Hao Chen,Springer - Biomed Central (BMC),1
A5100353625,Hao Chen,IEEE: Institute of Electrical and Electronics Engineers,1
A5100353663,Hao Chen,Hindawi,1
A5100353663,Hao Chen,Springer,1
A5100353666,Hao Chen,Hindawi,1
A5100353673,Hao Chen,Royal Society of Chemistry (RSC),3
A5100353673,Hao Chen,Wiley,3
A5100353673,Hao Chen,Frontiers,1
A5100353673,Hao Chen,Hindawi,1
A5100353673,Hao Chen,IOS Press (bought by Sage November 2023),1
A5100353673,Hao Chen,PLoS,1
A5100353748,Xin Li,AME Publishing Company,1
A5100353748,Xin Li,Hindawi,1
A5100353748,Xin Li,National Academy of Sciences (NAS),1
A5100353759,Xin Li,Hindawi,1
A5100353761,Xin Li,Hindawi,1
A5100353767,Xin Li,Elsevier,1
A5100353780,Xin Li,Hindawi,1
A5100353780,Xin Li,IEEE: Institute of Electrical and Electronics Engineers,1
A5100353780,Xin Li,IOS Press (bought by Sage November 2023),1
A5100353780,Xin Li,Springer - Nature Publishing Group,1
A5100353833,Xin Li,IOS Press (bought by Sage November 2023),1
A5100353891,Xin Li,Frontiers,3
A5100353891,Xin Li,Elsevier - Cell Press,2
A5100353891,Xin Li,Taylor and Francis,2
A5100353906,Xin Li,Hindawi,1
A5100353906,Xin Li,Wiley,1
A5100353909,Xin Li,Wiley,1
A5100353939,Xin Li,Elsevier,1
A5100353939,Xin Li,IOS Press (bought by Sage November 2023),1
A5100353939,Xin Li,Springer,1
A5100353939,Xin Li,Taylor and Francis,1
A5100353939,Xin Li,Wiley,1
A5100353948,Xin Li,Elsevier,1
A5100353978,Xin Li,Hindawi,1
A5100353983,Xin Li,Spandidos,1
A5100353997,Xin Li,Hindawi,2
A5100354007,Xin Li,Elsevier,1
A5100354018,Xin Li,Hindawi,2
A5100354018,Xin Li,Wiley,2
A5100354018,Xin Li,Elsevier,1
A5100354018,Xin Li,Springer - Nature Publishing Group,1
A5100354018,Xin Li,Taylor and Francis,1
A5100354049,Xin Li,Hindawi,1
A5100354049,Xin Li,Wiley,1
A5100354056,Xin Li,Springer - Nature Publishing Group,1
A5100354067,Xin Li,American Chemical Society (ACS),1
A5100354077,Xin Li,American Chemical Society (ACS),1
A5100354091,Xin Li,IEEE: Institute of Electrical and Electronics Engineers,1
A5100354096,Xin Li,Spandidos,1
A5100354543,Yang Zhang,Hindawi,2
A5100354547,Yang Zhang,Springer,1
A5100354550,Yang Zhang,IEEE: Institute of Electrical and Electronics Engineers,1
A5100354550,Yang Zhang,Springer,1
A5100354579,Yang Zhang,Spandidos,1
A5100354601,Yang Zhang,Elsevier,1
A5100354601,Yang Zhang,Hindawi,1
A5100354611,Yang Zhang,IEEE: Institute of Electrical and Electronics Engineers,1
A5100354612,Yang Zhang,Hindawi,1
A5100354626,Yang Zhang,Hindawi,1
A5100354630,Yang Zhang,Springer - Nature Publishing Group,1
A5100354636,Yang Zhang,Spandidos,1
A5100354637,Yang Zhang,Springer,1
A5100354648,Yang Zhang,Hindawi,1
A5100354659,Yang Zhang,Elsevier,2
A5100354659,Yang Zhang,Hindawi,1
A5100354669,Yang Zhang,Chinese Medical Association,1
A5100354669,Yang Zhang,Spandidos,1
A5100354669,Yang Zhang,Wiley,1
A5100354674,Yang Zhang,American Society for Biochemistry and Molecular Biology (ASBMB),1
A5100354674,Yang Zhang,Hindawi,1
A5100354674,Yang Zhang,Springer,1
A5100354713,Yang Zhang,IEEE: Institute of Electrical and Electronics Engineers,1
A5100354722,Yang Zhang,Hindawi,1
A5100354725,Yang Zhang,Cellular Physiol Biochem Press,1
A5100354730,Yang Zhang,Spandidos,1
A5100355322,Xiaogang Li,IEEE: Institute of Electrical and Electronics Engineers,1
A5100355634,Yang Liu,Cellular Physiol Biochem Press,1
A5100355646,Yang Liu,IEEE: Institute of Electrical and Electronics Engineers,1
A5100355646,Yang Liu,Royal Society of Chemistry (RSC),1
A5100355668,Yang Liu,Hindawi,1
A5100355692,Yang Liu,Association for Computing Machinery (ACM),1
A5100355692,Yang Liu,Hindawi,1
A5100355692,Yang Liu,Springer - Nature Publishing Group,1
A5100355723,Yang Liu,Hindawi,1
A5100355734,Yang Liu,Spandidos,1
A5100355739,Yang Liu,Hindawi,2
A5100355742,Yang Liu,IEEE: Institute of Electrical and Electronics Engineers,1
A5100355756,Yang Liu,MDPI,1
A5100355773,Yang Liu,Hindawi,4
A5100355773,Yang Liu,Spandidos,2
A5100355773,Yang Liu,Springer,2
A5100355773,Yang Liu,American Society for Biochemistry and Molecular Biology (ASBMB),1
A5100355773,Yang Liu,Frontiers,1
A5100355773,Yang Liu,Impact Journals,1
A5100355773,Yang Liu,Portland Press,1
A5100355773,Yang Liu,Wiley,1
A5100355782,Yang Liu,Hindawi,1
A5100355887,Yang Liu,Association for Computing Machinery (ACM),1
A5100355890,Yang Liu,Hindawi,2
A5100355893,Yang Liu,Hindawi,1
A5100355922,Yang Liu,Hindawi,1
A5100355946,Yang Liu,Frontiers,1
A5100355964,Yang Liu,IEEE: Institute of Electrical and Electronics Engineers,2
A5100355964,Yang Liu,Elsevier,1
A5100355964,Yang Liu,IOP Publishing,1
A5100355964,Yang Liu,Taylor and Francis,1
A5100355976,Yang Liu,IEEE: Institute of Electrical and Electronics Engineers,1
A5100356010,Yang Liu,PLoS,1
A5100356037,Yang Liu,Elsevier,2
A5100356037,Yang Liu,Elsevier - Cell Press,1
A5100356044,Yang Liu,Frontiers,1
A5100356100,Yang Liu,Hindawi,2
A5100356134,Yang Liu,Royal Society of Chemistry (RSC),1
A5100356140,Yang Liu,Springer - Nature Publishing Group,1
A5100356146,Yang Liu,Hindawi,2
A5100356169,Yang Liu,Hindawi,1
A5100357448,Yan Li,Springer - Nature Publishing Group,1
A5100357875,Yan Li,Hindawi,1
A5100358022,Jing Zhao,Hindawi,1
A5100358725,Hong Zhang,MDPI,1
A5100358766,Bo Zhang,IEEE: Institute of Electrical and Electronics Engineers,1
A5100358862,Yang Liu,IEEE: Institute of Electrical and Electronics Engineers,1
A5100358902,Jun Liu,IEEE: Institute of Electrical and Electronics Engineers,1
A5100358931,Ying Li,IEEE: Institute of Electrical and Electronics Engineers,1
A5100360957,Li Li,IEEE: Institute of Electrical and Electronics Engineers,1
A5100360971,Li Li,IEEE: Institute of Electrical and Electronics Engineers,1
A5100360989,Li Li,Springer,1
A5100361004,Li Li,Hindawi,1
A5100361005,Li Li,Elsevier,1
A5100361005,Li Li,Hindawi,1
A5100361005,Li Li,Taylor and Francis,1
A5100361005,Li Li,Wiley,1
A5100361020,Li Li,IEEE: Institute of Electrical and Electronics Engineers,1
A5100361027,Li Li,Springer,1
A5100361031,Li Li,IEEE: Institute of Electrical and Electronics Engineers,1
A5100361041,Li Li,Springer,1
A5100361046,Li Li,Hindawi,2
A5100361061,Li Li,Springer,1
A5100361063,Li Li,CMB Association Publisher,1
A5100361077,Li Li,IEEE: Institute of Electrical and Electronics Engineers,1
A5100361099,Li Li,Hindawi,1
A5100361104,Li Li,IEEE: Institute of Electrical and Electronics Engineers,1
A5100361111,Li Li,Elsevier,1
A5100361117,Li Li,IEEE: Institute of Electrical and Electronics Engineers,1
A5100361131,Li Li,Hindawi,1
A5100361131,Li Li,Wiley,1
A5100361142,Li Li,IEEE: Institute of Electrical and Electronics Engineers,1
A5100361147,Li Li,Mary Ann Liebert,1
A5100361147,Li Li,Royal Society of Chemistry (RSC),1
A5100361182,Li Li,SAGE Publications,1
A5100361186,Li Li,IEEE: Institute of Electrical and Electronics Engineers,2
A5100361190,Li Li,Hindawi,1
A5100361194,Li Li,Springer - Biomed Central (BMC),1
A5100361203,Li Li,Royal Society of Chemistry (RSC),1
A5100361204,Li Li,Hindawi,1
A5100361210,Li Li,Hindawi,1
A5100361212,Li Li,Hindawi,1
A5100361219,Li Li,Elsevier,1
A5100361237,Li Li,PLoS,1
A5100361245,Li Li,Hindawi,1
A5100361256,Li Li,Hindawi,1
A5100361257,Li Li,Hindawi,2
A5100361259,Li Li,Taylor and Francis,1
A5100361281,Li Li,IEEE: Institute of Electrical and Electronics Engineers,1
A5100361285,Li Li,Oxford University Press,1
A5100361285,Li Li,Springer,1
A5100361285,Li Li,Taylor and Francis,1
A5100361285,Li Li,Taylor and Francis - Dove Press,1
A5100361286,Li Li,Hindawi,1
A5100361301,Li Li,Frontiers,1
A5100361304,Li Li,Frontiers,1
A5100361304,Li Li,Hindawi,1
A5100361304,Li Li,Impact Journals,1
A5100361312,Li Li,Hindawi,1
A5100361326,Li Li,IOS Press (bought by Sage November 2023),3
A5100361334,Li Li,IEEE: Institute of Electrical and Electronics Engineers,1
A5100361344,Li Li,Spandidos,1
A5100361348,Li Li,Hindawi,2
A5100361348,Li Li,Elsevier,1
A5100361348,Li Li,Spandidos,1
A5100361351,Li Li,Spandidos,1
A5100361352,Li Li,Taylor and Francis,1
A5100361371,Li Li,Elsevier,1
A5100361387,Li Li,PLoS,1
A5100361395,Li Li,SAGE Publications,1
A5100361602,Jun Liu,Elsevier,1
A5100361602,Jun Liu,Hindawi,1
A5100361602,Jun Liu,Taylor and Francis - Dove Press,1
A5100361613,Jun Liu,IEEE: Institute of Electrical and Electronics Engineers,1
A5100361633,Jun Li,Springer - Biomed Central (BMC),1
A5100361638,Jun Li,Wiley,1
A5100361663,Jun Li,IEEE: Institute of Electrical and Electronics Engineers,1
A5100361689,Jun Li,Hindawi,1
A5100361689,Jun Li,Springer,1
A5100361693,Jun Liu,Wiley,1
A5100361707,Jun Liu,Elsevier - Cell Press,1
A5100361707,Jun Liu,IEEE: Institute of Electrical and Electronics Engineers,1
A5100361707,Jun Liu,IOS Press (bought by Sage November 2023),1
A5100361716,Jun Li,Elsevier,1
A5100361759,Jun Li,Hindawi,1
A5100361773,Jun Li,Spandidos,1
A5100361776,Jun Liu,Hindawi,1
A5100361781,Jun Li,Springer,1
A5100361797,Jun Liu,Wiley,1
A5100361804,Jun Li,Springer - Nature Publishing Group,1
A5100361814,Jun Li,Spandidos,1
A5100361823,Jun Li,Hindawi,1
A5100361828,Jun Liu,Springer - Nature Publishing Group,1
A5100361841,Jun Li,IOP Publishing,1
A5100361849,Jun Li,Trans Tech Publications Ltd,1
A5100361872,Jun Li,APS: American Physiological Society,1
A5100361872,Jun Li,Elsevier,1
A5100361872,Jun Li,Taylor and Francis,1
A5100361872,Jun Li,Wiley,1
A5100361873,Jun Liu,Frontiers,1
A5100361873,Jun Liu,"International Scientific Information, Inc",1
A5100361885,Jun Liu,Elsevier,1
A5100361892,Jun Li,Springer - Nature Publishing Group,1
A5100361921,­Jun Li­,BioMed Central (BMC),1
A5100361921,­Jun Li­,Portland Press,1
A5100361921,­Jun Li­,Spandidos,1
A5100361923,Jun Li,Hindawi,1
A5100361950,Jun Li,IEEE: Institute of Electrical and Electronics Engineers,2
A5100361956,Jun Li,IEEE: Institute of Electrical and Electronics Engineers,1
A5100361956,Jun Li,Spandidos,1
A5100361966,Jun Li,Hindawi,1
A5100361979,Jun Liu,Springer,1
A5100361984,Jun Li,Hindawi,1
A5100361984,Jun Li,PLoS,1
A5100361988,Jun Liu,Wiley,1
A5100361993,Jun Liu,Wiley,2
A5100362013,Jun Li,Springer,1
A5100362017,Jun Li,Spandidos,1
A5100362023,Jun Li,Elsevier,1
A5100362036,Jun Li,Association for Computing Machinery (ACM),1
A5100362041,Jun Li,IEEE: Institute of Electrical and Electronics Engineers,2
A5100362041,Jun Li,Springer,1
A5100362042,Jun Liu,Elsevier,1
A5100362062,Jun Li,IEEE: Institute of Electrical and Electronics Engineers,1
A5100362067,Jun Li,Wiley,1
A5100362080,Jun Li,Hindawi,1
A5100362088,Jun Li,Springer - Nature Publishing Group,1
A5100362092,Jun Li,Hindawi,2
A5100362092,Jun Li,Wiley,2
A5100362092,Jun Li,Springer,1
A5100362125,Jun Li,IOS Press (bought by Sage November 2023),1
A5100362128,Jun Liu,AIMS Press,1
A5100362132,Jun Li,IEEE: Institute of Electrical and Electronics Engineers,2
A5100362133,Jun Liu,APS: American Physiological Society,1
A5100362133,Jun Liu,Elsevier,1
A5100362133,Jun Liu,Oxford University Press,1
A5100362156,Jun Li,Hindawi,1
A5100362988,Yang Wang,Hindawi,1
A5100364016,Peng Zhang,Springer,1
A5100364021,Peng Zhang,PLoS,1
A5100364045,Peng Zhang,Spandidos,2
A5100364045,Peng Zhang,Cellular Physiol Biochem Press,1
A5100364045,Peng Zhang,Springer,1
A5100364059,Peng Zhang,Elsevier - Cell Press,1
A5100364068,Peng Zhang,Springer,1
A5100364073,Peng Zhang,Elsevier,1
A5100364096,Peng Zhang,Hindawi,1
A5100364096,Peng Zhang,PLoS,1
A5100364119,Peng Zhang,Springer,1
A5100364121,Peng Zhang,Hindawi,1
A5100364133,Peng Zhang,Nature Publishing Group,1
A5100364153,Peng Zhang,Taylor and Francis - Dove Press,1
A5100364154,Peng Zhang,Elsevier,1
A5100364154,Peng Zhang,Portland Press,1
A5100364154,Peng Zhang,Spandidos,1
A5100364162,Peng Zhang,Taylor and Francis,1
A5100364185,Peng Zhang,Emerald,1
A5100364188,Peng Zhang,Mary Ann Liebert,1
A5100364188,Peng Zhang,Springer,1
A5100364204,Peng Zhang,PeerJ,1
A5100364206,Peng Zhang,Cellular Physiol Biochem Press,1
A5100364223,Peng Zhang,Cellular Physiol Biochem Press,1
A5100364224,Peng Zhang,Nature Publishing Group,1
A5100364225,Peng Zhang,Spandidos,1
A5100364257,Peng Zhang,Hindawi,1
A5100364886,Yi Wang,IEEE: Institute of Electrical and Electronics Engineers,1
A5100364899,Yi Wang,Taylor and Francis - Dove Press,1
A5100364910,Yi Wang,Hindawi,1
A5100364925,Yi Wang,Taylor and Francis - Dove Press,1
A5100364953,Yi Wang,Hindawi,1
A5100364960,Yi Wang,Hindawi,1
A5100364966,Yi Wang,Hindawi,1
A5100364966,Yi Wang,IEEE: Institute of Electrical and Electronics Engineers,1
A5100364987,Yi Wang,Hindawi,1
A5100364988,Yi Wang,Association for Computing Machinery (ACM),1
A5100365001,Yi Wang,Wiley,1
A5100365016,Yi Wang,Wiley,1
A5100365024,Yi Wang,Springer,2
A5100365024,Yi Wang,Hindawi,1
A5100365024,Yi Wang,Spandidos,1
A5100365034,Yi Wang,BMJ Publishing,1
A5100365036,Yi Wang,Hindawi,1
A5100365038,Yi Wang,Hindawi,1
A5100365043,Yi Wang,Hindawi,3
A5100365326,Xin Zhang,IEEE: Institute of Electrical and Electronics Engineers,1
A5100367305,Gang Wang,Springer,1
A5100367305,Gang Wang,Springer - Biomed Central (BMC),1
A5100367305,Gang Wang,Wiley,1
A5100367317,Gang Wang,Portland Press,1
A5100367317,Gang Wang,Spandidos,1
A5100367328,Gang Wang,Hindawi,1
A5100367350,Gang Wang,Springer,1
A5100367350,Gang Wang,Springer - Nature Publishing Group,1
A5100367353,Gang Wang,Hindawi,1
A5100367356,Gang Wang,Elsevier,1
A5100367358,Gang Wang,Springer,1
A5100367375,Gang Wang,Hindawi,2
A5100367379,Gang Wang,Wiley,2
A5100367379,Gang Wang,Hindawi,1
A5100367379,Gang Wang,IOS Press (bought by Sage November 2023),1
A5100367379,Gang Wang,Spandidos,1
A5100367379,Gang Wang,Springer,1
A5100367389,Gang Wang,SAGE Publications,2
A5100367389,Gang Wang,Springer,1
A5100367389,Gang Wang,Taylor and Francis,1
A5100367389,Gang Wang,Tech Science Press,1
A5100367389,Gang Wang,Wiley,1
A5100367393,Gang Wang,Oxford University Press,1
A5100367415,Gang Wang,Taylor and Francis,1
A5100367417,Gang Wang,Springer - Nature Publishing Group,6
A5100367419,Gang Wang,Hindawi,2
A5100367421,Gang Wang,IEEE: Institute of Electrical and Electronics Engineers,1
A5100367428,Gang Wang,Wiley,1
A5100367434,Gang Wang,Taylor and Francis,1
A5100367447,Gang Wang,Elsevier,1
A5100367448,Gang Wang,Springer - Biomed Central (BMC),1
A5100367482,Gang Wang,American Heart Association,1
A5100367482,Gang Wang,Oxford University Press,1
A5100367994,Na Li,IEEE: Institute of Electrical and Electronics Engineers,1
A5100368024,Na Li,IEEE: Institute of Electrical and Electronics Engineers,1
A5100368025,Na Li,Spandidos,1
A5100368030,Na Li,IEEE: Institute of Electrical and Electronics Engineers,1
A5100368048,Na Li,Hindawi,2
A5100368048,Na Li,IEEE: Institute of Electrical and Electronics Engineers,2
A5100368048,Na Li,Association for Computing Machinery (ACM),1
A5100368058,Na Li,Hindawi,1
A5100368058,Na Li,IEEE: Institute of Electrical and Electronics Engineers,1
A5100368058,Na Li,IOS Press (bought by Sage November 2023),1
A5100368058,Na Li,Impact Journals,1
A5100368058,Na Li,Royal Society of Chemistry (RSC),1
A5100368058,Na Li,Spandidos,1
A5100368064,Na Li,IEEE: Institute of Electrical and Electronics Engineers,1
A5100368080,Na Li,IEEE: Institute of Electrical and Electronics Engineers,1
A5100368094,Na Li,Hindawi,1
A5100368108,Na Li,Springer,1
A5100368110,Na Li,Cellular Physiol Biochem Press,1
A5100368110,Na Li,Hindawi,1
A5100368110,Na Li,Taylor and Francis,1
A5100368114,Na Li,Hindawi,1
A5100368118,Na Li,Wiley,1
A5100368134,Na Li,IEEE: Institute of Electrical and Electronics Engineers,1
A5100368134,Na Li,Springer,1
A5100368136,Na Li,Hindawi,2
A5100368136,Na Li,Portland Press,1
A5100368157,Na Li,Hindawi,1
A5100368162,Na Li,Hindawi,1
A5100368167,Na Li,Hindawi,1
A5100368193,Na Li,Wiley,1
A5100368195,Na Li,IEEE: Institute of Electrical and Electronics Engineers,1
A5100368210,Na Li,Royal Society of Chemistry (RSC),1
A5100368210,Na Li,Wiley,1
A5100368211,Na Li,Hindawi,1
A5100368213,Na Li,Elsevier,1
A5100368215,Na Li,Wiley,1
A5100368885,Xiang Zhang,Verduci Editore,1
A5100369573,Hong Wang,Springer,1
A5100369619,Hong Wang,IEEE: Institute of Electrical and Electronics Engineers,1
A5100369619,Hong Wang,IOS Press (bought by Sage November 2023),1
A5100369619,Hong Wang,Springer,1
A5100370326,Jian Wang,IEEE: Institute of Electrical and Electronics Engineers,1
A5100370341,Jian Wang,Hindawi,1
A5100370342,Jian Wang,PLoS,1
A5100370348,Jian Wang,Hindawi,1
A5100370365,Jian Wang,Wiley,1
A5100370375,Jian Wang,Wolters Kluwer,1
A5100370382,Jian Wang,Hindawi,1
A5100370407,Jian Wang,BioScientifica,1
A5100370421,Jian Wang,Elsevier,1
A5100370424,Jian Wang,IOS Press (bought by Sage November 2023),1
A5100370429,Jian Wang,American Chemical Society (ACS),1
A5100370437,Jian Wang,Hindawi,1
A5100370458,Jian Wang,Elsevier,1
A5100370458,Jian Wang,Spandidos,1
A5100370458,Jian Wang,West China Medical Publishers,1
A5100370460,Jian Wang,Hindawi,1
A5100370460,Jian Wang,Spandidos,1
A5100370460,Jian Wang,Springer,1
A5100370482,Jian Wang,Wiley,1
A5100370498,Jian Wang,Hindawi,1
A5100370508,Jian Wang,Hindawi,1
A5100370510,Jian Wang,IEEE: Institute of Electrical and Electronics Engineers,1
A5100370514,Jian Wang,Royal Society of Chemistry (RSC),1
A5100370519,Jian Wang,Hindawi,2
A5100370519,Jian Wang,Spandidos,2
A5100370519,Jian Wang,Springer,2
A5100370519,Jian Wang,American Association for Cancer Research,1
A5100370519,Jian Wang,Cellular Physiol Biochem Press,1
A5100370519,Jian Wang,Oxford University Press,1
A5100370519,Jian Wang,PLoS,1
A5100370519,Jian Wang,Springer - Biomed Central (BMC),1
A5100370559,Jian Wang,Hindawi,2
A5100370559,Jian Wang,SAGE Publications,1
A5100370559,Jian Wang,Spandidos,1
A5100370559,Jian Wang,Wolters Kluwer - Lippincott Williams & Wilkins,1
A5100370562,Jian Wang,Wiley,1
A5100370566,Jian Wang,Hindawi,1
A5100370574,Jian Wang,IEEE: Institute of Electrical and Electronics Engineers,1
A5100370588,Jian Wang,Hindawi,1
A5100370590,Jian Wang,Frontiers,1
A5100370869,Hong Wang,Impact Journals,1
A5100370869,Hong Wang,Mary Ann Liebert,1
A5100370871,Hong Wang,Impact Journals,1
A5100370893,Hong Wang,IEEE: Institute of Electrical and Electronics Engineers,1
A5100370901,Hong Wang,"National Institute of Infectious Diseases, Japanese",1
A5100370911,Hong Wang,IEEE: Institute of Electrical and Electronics Engineers,1
A5100370914,Hong Wang,Frontiers,2
A5100370919,Hong Wang,IEEE: Institute of Electrical and Electronics Engineers,1
A5100370939,Hong Wang,American Society for Biochemistry and Molecular Biology (ASBMB),1
A5100370940,Hong Wang,Springer - Biomed Central (BMC),1
A5100370940,Hong Wang,Wiley,1
A5100370968,Hong Wang,Hindawi,1
A5100370968,Hong Wang,Korean Society for Molecular and Cellular Biology,1
A5100370968,Hong Wang,PLoS,1
A5100370968,Hong Wang,Taylor and Francis - Dove Press,1
A5100370972,Hong Wang,Hindawi,2
A5100370972,Hong Wang,IOP Publishing,1
A5100370972,Hong Wang,Springer,1
A5100370972,Hong Wang,Taylor and Francis - Dove Press,1
A5100370992,Hong Wang,IEEE: Institute of Electrical and Electronics Engineers,1
A5100370997,Hong Wang,Hindawi,1
A5100370998,Hong Wang,Royal Society of Chemistry (RSC),1
A5100371007,Hong Wang,IEEE: Institute of Electrical and Electronics Engineers,1
A5100371014,Hong Wang,Hindawi,1
A5100371016,Hong Wang,IEEE: Institute of Electrical and Electronics Engineers,1
A5100372293,Bin Wang,Hindawi,1
A5100372310,Bin Wang,Wiley,1
A5100372311,Bin Wang,Springer,1
A5100372311,Bin Wang,Wiley,1
A5100372313,Bin Wang,Springer - Nature Publishing Group,1
A5100372334,Bin Wang,Springer,1
A5100372343,Bin Wang,IEEE: Institute of Electrical and Electronics Engineers,2
A5100372343,Bin Wang,Elsevier,1
A5100372343,Bin Wang,Hindawi,1
A5100372343,Bin Wang,Taylor and Francis,1
A5100372359,Bin Wang,Springer,2
A5100372359,Bin Wang,Taylor and Francis,1
A5100372364,Bin Wang,Wiley,1
A5100372375,Bin Wang,Wiley,1
A5100372378,Bin Wang,IEEE: Institute of Electrical and Electronics Engineers,4
A5100372391,Bin Wang,"International Scientific Information, Inc",1
A5100372408,Bin Wang,Elsevier,1
A5100373944,Yang Li,Wiley,1
A5100373945,Li Yang,Wiley,1
A5100374360,Bo Li,Hindawi,2
A5100374376,Bo Li,Hindawi,1
A5100374413,Bo Li,Elsevier,1
A5100374413,Bo Li,Taylor and Francis - Dove Press,1
A5100374413,Bo Li,Wiley,1
A5100374423,Bo Li,Hindawi,1
A5100374424,Bo Li,Hindawi,1
A5100374429,Bo Li,Impact Journals,1
A5100374429,Bo Li,Taylor and Francis - Dove Press,1
A5100374460,Bo Li,Frontiers,1
A5100374460,Bo Li,PLoS,1
A5100374464,Bo Li,Elsevier,1
A5100374484,Bo Li,IOS Press (bought by Sage November 2023),1
A5100374484,Bo Li,PLoS,1
A5100374484,Bo Li,Spandidos,1
A5100374494,Bo Li,IOS Press (bought by Sage November 2023),2
A5100374494,Bo Li,Hindawi,1
A5100374526,Bo Li,Hindawi,1
A5100374916,Jing Liu,Wiley,1
A5100374917,Jing Liu,Portland Press,1
A5100374926,Jing Liu,Springer,1
A5100374938,Jing Liu,Springer - Nature Publishing Group,1
A5100374938,Jing Liu,Wiley,1
A5100374954,Jing Liu,Hindawi,1
A5100374963,Jing Liu,Hindawi,1
A5100374963,Jing Liu,IOP Publishing,1
A5100374963,Jing Liu,Wiley,1
A5100374964,Jing Liu,Hindawi,1
A5100374972,Jing Liu,Hindawi,1
A5100374974,Jing Liu,Springer,1
A5100374997,Jing Liu,Hindawi,1
A5100374998,Jing Liu,PLoS,1
A5100375028,Jing Liu,IEEE: Institute of Electrical and Electronics Engineers,1
A5100375035,Jing Liu,Hindawi,1
A5100375038,Jing Liu,IOS Press (bought by Sage November 2023),2
A5100375039,Jing Liu,IEEE: Institute of Electrical and Electronics Engineers,1
A5100375041,Jing Liu,IOS Press (bought by Sage November 2023),1
A5100375042,Jing Liu,Springer,1
A5100375042,Jing Liu,Springer - Nature Publishing Group,1
A5100375053,Jing Liu,Wiley,1
A5100375065,Jing Liu,IEEE: Institute of Electrical and Electronics Engineers,1
A5100375065,Jing Liu,Royal Society of Chemistry (RSC),1
A5100375073,Jing Liu,Hindawi,1
A5100375083,Jing Liu,American Society for Clinical Investigation,1
A5100375101,Jing Liu,Hindawi,1
A5100375136,Jing Liu,Hindawi,1
A5100375136,Jing Liu,Springer - Nature Publishing Group,1
A5100375137,Jing Liu,Springer - Nature Publishing Group,1
A5100375142,Jing Liu,Taylor and Francis,1
A5100375710,Tao Zhang,Impact Journals,1
A5100375710,Tao Zhang,Wiley,1
A5100375714,Tao Zhang,Elsevier,1
A5100375743,Tao Zhang,IOS Press (bought by Sage November 2023),1
A5100375746,Tao Zhang,Springer - Nature Publishing Group,1
A5100375770,Tao Zhang,Spandidos,1
A5100375773,Tao Zhang,IEEE: Institute of Electrical and Electronics Engineers,1
A5100375778,Tao Zhang,IOP Publishing,1
A5100375787,Tao Zhang,Hindawi,1
A5100375792,Tao Zhang,IEEE: Institute of Electrical and Electronics Engineers,1
A5100375793,Tao Zhang,Springer - Nature Publishing Group,1
A5100375804,Tao Zhang,IEEE: Institute of Electrical and Electronics Engineers,1
A5100375815,Tao Zhang,Elsevier,1
A5100375815,Tao Zhang,Springer,1
A5100375844,Tao Zhang,Elsevier - Cell Press,1
A5100375844,Tao Zhang,Taylor and Francis,1
A5100375845,Tao Zhang,Springer - Nature Publishing Group,1
A5100375857,Tao Zhang,Taylor and Francis,1
A5100375860,Tao Zhang,The Japan Institute of Metals and Materials,3
A5100375875,Tao Zhang,BioScientifica,1
A5100375877,Tao Zhang,IOS Press (bought by Sage November 2023),1
A5100375885,Tao Zhang,Wiley,2
A5100375885,Tao Zhang,Chinese Medical Association,1
A5100375885,Tao Zhang,Hindawi,1
A5100375885,Tao Zhang,Taylor and Francis - Dove Press,1
A5100375926,Tao� Zhang,Cellular Physiol Biochem Press,1
A5100376068,Feng Li,PLoS,1
A5100378019,Yan Chen,Hindawi,1
A5100378024,Yan Chen,Taylor and Francis - Dove Press,1
A5100378038,Yan Chen,Frontiers,1
A5100378054,Yan Chen,Hindawi,1
A5100378089,Yan Chen,Hindawi,1
A5100378101,Yan Chen,Frontiers,1
A5100378101,Yan Chen,Hindawi,1
A5100378107,Yan Chen,Hindawi,1
A5100378110,Yan Chen,IOS Press (bought by Sage November 2023),1
A5100378111,Yan Chen,Elsevier,3
A5100378111,Yan Chen,Wiley,1
A5100378117,Yan Chen,PLoS,1
A5100378136,Yan Chen,Wiley,1
A5100378139,Yan Chen,Hindawi,1
A5100378141,Yan Chen,Wiley,1
A5100378142,Yan Chen,Frontiers,1
A5100378142,Yan Chen,Springer - Nature Publishing Group,1
A5100378146,Yan Chen,Hindawi,1
A5100378159,Yan Chen,Wiley,2
A5100378159,Yan Chen,Elsevier,1
A5100378159,Yan Chen,Karger,1
A5100378159,Yan Chen,PLoS,1
A5100378180,Yan Chen,Association for Computing Machinery (ACM),1
A5100378279,Feng Wang,PLoS,1
A5100378318,Jing Wang,IOS Press (bought by Sage November 2023),1
A5100378341,Jing Wang,Hindawi,4
A5100378341,Jing Wang,Frontiers,1
A5100378367,Jing Wang,Springer - Nature Publishing Group,1
A5100378370,Jing Wang,IEEE: Institute of Electrical and Electronics Engineers,1
A5100378403,Jing Wang,Hindawi,1
A5100378415,Jing Wang,Hindawi,1
A5100378427,Jing Wang,Hindawi,1
A5100378428,Jing Wang,Springer - Biomed Central (BMC),1
A5100378428,Jing Wang,Taylor and Francis - Dove Press,1
A5100378447,Jing Wang,IOS Press (bought by Sage November 2023),1
A5100378447,Jing Wang,Wiley,1
A5100378454,Jing Wang,Hindawi,1
A5100378462,Jing Wang,Hindawi,1
A5100378464,Jing Wang,Wiley,1
A5100378475,Jing Wang,Hindawi,1
A5100378493,Jing Wang,Elsevier,1
A5100378493,Jing Wang,IOS Press (bought by Sage November 2023),1
A5100378494,Jing Wang,Elsevier,1
A5100378499,Jing Wang,Hindawi,1
A5100378503,Jing Wang,Hindawi,1
A5100378506,Jing Wang,Elsevier,1
A5100378506,Jing Wang,Wiley,1
A5100378509,Jing Wang,American Society for Biochemistry and Molecular Biology (ASBMB),1
A5100378529,Jing Wang,Hindawi,2
A5100378529,Jing Wang,Wiley,1
A5100378537,Jing Wang,Hindawi,1
A5100378563,Jing Wang,American Society for Biochemistry and Molecular Biology (ASBMB),1
A5100378570,Jing Wang,Springer,1
A5100378570,Jing Wang,Wiley,1
A5100378575,Jing Wang,Hindawi,1
A5100378575,Jing Wang,IEEE: Institute of Electrical and Electronics Engineers,1
A5100378578,Jing Wang,Royal Society of Chemistry (RSC),1
A5100378586,Jing Wang,Hindawi,1
A5100378594,Jing Wang,Mary Ann Liebert,1
A5100378594,Jing Wang,Springer - Nature Publishing Group,1
A5100378602,Jing Wang,Springer - Nature Publishing Group,1
A5100378610,Jing Wang,Hindawi,1
A5100378618,Jing Wang,Frontiers,1
A5100378627,Jing Wang,IOS Press (bought by Sage November 2023),1
A5100378656,Jing Wang,Hindawi,3
A5100378656,Jing Wang,Frontiers,1
A5100378656,Jing Wang,Wiley,1
A5100378677,Jing Wang,Hindawi,2
A5100378679,Jing Wang,Hindawi,2
A5100378679,Jing Wang,SAGE Publications,1
A5100378685,Jing Wang,Royal Society of Chemistry (RSC),1
A5100378691,Jing Wang,Elsevier,1
A5100378691,Jing Wang,IOS Press (bought by Sage November 2023),1
A5100378695,Jing Wang,IEEE: Institute of Electrical and Electronics Engineers,1
A5100378705,Jing Wang,Wolters Kluwer - Lippincott Williams & Wilkins,1
A5100378722,Jing Wang,Elsevier,1
A5100378723,Jing Wang,Hindawi,1
A5100378741,H. J. Yang,Elsevier - Cell Press,1
A5100378741,H. J. Yang,Hindawi,1
A5100378741,H. J. Yang,"International Scientific Information, Inc",1
A5100378741,H. J. Yang,Wiley,1
A5100378742,Jing Wang,IOS Press (bought by Sage November 2023),1
A5100378748,Jing Wang,Hindawi,1
A5100379155,Li Chen,IEEE: Institute of Electrical and Electronics Engineers,2
A5100379155,Li Chen,Springer - Nature Publishing Group,1
A5100379172,Li Chen,Springer - Biomed Central (BMC),2
A5100379181,Li Chen,Elsevier,1
A5100379193,Li Chen,Hindawi,1
A5100379195,Li Chen,Elsevier - Cell Press,2
A5100379195,Li Chen,Mary Ann Liebert,1
A5100379195,Li Chen,National Academy of Sciences (NAS),1
A5100379198,Li Chen,Taylor and Francis,1
A5100379207,Li Chen,Springer,1
A5100379216,Li Chen,Springer - Nature Publishing Group,1
A5100379217,Li Chen,Springer - Biomed Central (BMC),1
A5100379221,Li Chen,Springer - Nature Publishing Group,1
A5100379239,Li Chen,Springer - Nature Publishing Group,1
A5100379241,Li Chen,Springer - Biomed Central (BMC),1
A5100379249,Li Chen,Royal Society of Chemistry (RSC),1
A5100379250,Li Chen,Springer - Nature Publishing Group,1
A5100379262,Li Chen,Springer - Nature Publishing Group,2
A5100379262,Li Chen,Hindawi,1
A5100379270,Li Chen,Springer,1
A5100379272,Li Chen,IEEE: Institute of Electrical and Electronics Engineers,1
A5100379277,Li Chen,Wiley,1
A5100379278,Li Chen,Hindawi,1
A5100379279,Li Chen,Wiley,2
A5100379281,Li Chen,Springer,1
A5100379281,Li Chen,Taylor and Francis - Dove Press,1
A5100379297,Li Chen,Elsevier,1
A5100379297,Li Chen,PLoS,1
A5100379310,Li Chen,Springer - Biomed Central (BMC),1
A5100379320,Li Chen,Karger,1
A5100379320,Li Chen,Portland Press,1
A5100379331,Li Chen,Hindawi,1
A5100379344,Li Chen,Hindawi,1
A5100379347,Li Chen,Hindawi,1
A5100379363,Li Chen,Springer,1
A5100379364,Li Chen,Hindawi,1
A5100379364,Li Chen,PLoS,1
A5100380258,Yan Li,Hindawi,1
A5100380262,Yan Li,Hindawi,1
A5100380296,Yan Li,Hindawi,2
A5100380296,Yan Li,Wiley,1
A5100380321,Yan Li,Wiley,1
A5100380324,Yan Li,Taylor and Francis - Dove Press,1
A5100380332,Yan Li,Hindawi,1
A5100380336,Yan Li,Hindawi,1
A5100380336,Yan Li,IEEE: Institute of Electrical and Electronics Engineers,1
A5100380339,Yan Li,Hindawi,1
A5100380342,Yan Li,Springer - Nature Publishing Group,1
A5100380382,Yan Li,SAGE Publications,1
A5100380387,Yan Li,Springer,1
A5100380392,Yan Li,PLoS,1
A5100380402,Yan Li,Elsevier,1
A5100380419,Yan Li,Elsevier - Cell Press,1
A5100380435,Yan Li,Elsevier,1
A5100380437,Yan Li,Hindawi,1
A5100380449,Yan Li,Springer,1
A5100380651,Dan Li,Hindawi,1
A5100380660,Dan Li,Frontiers,1
A5100380660,Dan Li,PLoS,1
A5100380662,Dan Li,Taylor and Francis - Dove Press,1
A5100380678,Dan Li,Spandidos,1
A5100380679,Dan Li,Hindawi,1
A5100380697,Dan Li,Hindawi,1
A5100380699,Dan Li,Springer,1
A5100380711,Dan Li,Hindawi,1
A5100380711,Dan Li,IEEE: Institute of Electrical and Electronics Engineers,1
A5100380714,Dan Li,Hindawi,1
A5100380716,Dan Li,Portland Press,1
A5100380723,Dan Li,Hindawi,1
A5100380728,Dan Li,Taylor and Francis - Dove Press,1
A5100380729,Dan Li,Spandidos,1
A5100380731,Dan Li,IEEE: Institute of Electrical and Electronics Engineers,1
A5100380731,Dan Li,IOP Publishing,1
A5100380733,Dan Li,Hindawi,1
A5100380736,Dan Li,Elsevier,1
A5100380747,Dan Li,Springer,2
A5100380747,Dan Li,Elsevier,1
A5100380747,Dan Li,Hindawi,1
A5100380747,Dan Li,SAGE Publications,1
A5100380747,Dan Li,Spandidos,1
A5100380747,Dan Li,Springer - Nature Publishing Group,1
A5100380772,Dan Li,IOS Press (bought by Sage November 2023),1
A5100380773,Dan Li,"International Scientific Information, Inc",1
A5100380794,Dan Li,Elsevier - Cell Press,1
A5100380795,Dan Li,Hindawi,1
A5100380810,Dan Li,Hindawi,1
A5100380816,Dan Li,Impact Journals,1
A5100380980,Jing Li,Hindawi,1
A5100382044,Ming Li,Ivyspring International Publisher,1
A5100382044,Ming Li,Springer,1
A5100382064,Ming Li,Elsevier,1
A5100382402,Li Wang,Springer - Nature Publishing Group,1
A5100382432,Li Wang,IEEE: Institute of Electrical and Electronics Engineers,1
A5100382445,Wang Li,Hindawi,1
A5100382574,Hui Zhang,Hindawi,1
A5100384597,Jun Wang,SAGE Publications,1
A5100384613,Jun Wang,IEEE: Institute of Electrical and Electronics Engineers,1
A5100384657,Jun Wang,IEEE: Institute of Electrical and Electronics Engineers,1
A5100384664,Jun Wang,IEEE: Institute of Electrical and Electronics Engineers,1
A5100384671,Jun Wang,Cellular Physiol Biochem Press,2
A5100384671,Jun Wang,Elsevier,2
A5100384671,Jun Wang,Springer - Nature Publishing Group,1
A5100384671,Jun Wang,Wiley,1
A5100384679,Jun Wang,American Physiological Society,1
A5100384680,Jun Wang,Oxford University Press,1
A5100384680,Jun Wang,Portland Press,1
A5100384680,Jun Wang,Wiley,1
A5100384686,Jun Wang,Association for Computing Machinery (ACM),1
A5100384704,Jun Wang,Hindawi,1
A5100384716,Jun Wang,Elsevier,4
A5100384716,Jun Wang,Springer,1
A5100384716,Jun Wang,Wiley,1
A5100384739,Jun Wang,Springer,1
A5100384771,Jun Wang,Elsevier,1
A5100384777,Jun Wang,"International Scientific Information, Inc",1
A5100384777,Jun Wang,PLoS,1
A5100384778,Jun Wang,Wiley,1
A5100384799,Jun Wang,Elsevier - Cell Press,1
A5100384817,Jun Wang,Hindawi,1
A5100384821,Jun Wang,Wiley,1
A5100384857,Jun Wang,Hindawi,1
A5100384877,Jun Wang,IOS Press (bought by Sage November 2023),2
A5100384904,Jun Wang,IOS Press (bought by Sage November 2023),1
A5100384910,Jun Wang,Hindawi,1
A5100384913,Jun Wang,Hindawi,1
A5100384916,Jun Wang,Hindawi,1
A5100384930,Jun Wang,Springer - Biomed Central (BMC),1
A5100384940,Jun Wang,Elsevier,1
A5100386029,Ying Zhang,Elsevier,4
A5100386044,Ying Zhang,Springer,1
A5100386061,Ying Zhang,IOP Publishing,1
A5100386063,Ying Zhang,Hindawi,1
A5100386104,Ying Zhang,IEEE: Institute of Electrical and Electronics Engineers,1
A5100386104,Ying Zhang,Spandidos,1
A5100386123,Ying Zhang,Pharmacotherapy Group,1
A5100386129,Ying Zhang,Hindawi,1
A5100386136,Ying Zhang,Hindawi,1
A5100386140,Ying Zhang,Springer - Biomed Central (BMC),1
A5100386142,Ying Zhang,SAGE Publications,1
A5100386165,Ying Zhang,IEEE: Institute of Electrical and Electronics Engineers,1
A5100386179,Ying Zhang,IEEE: Institute of Electrical and Electronics Engineers,1
A5100386179,Ying Zhang,Springer,1
A5100386191,Ying Zhang,Elsevier,1
A5100386203,Ying Zhang,Hindawi,1
A5100386204,Ying Zhang,Hindawi,1
A5100386209,Ying Zhang,Hindawi,1
A5100386224,Ying Zhang,Elsevier,1
A5100386228,Ying Zhang,Hindawi,1
A5100386229,Ying Zhang,Taylor and Francis,1
A5100386252,Ying Zhang,IEEE: Institute of Electrical and Electronics Engineers,1
A5100386259,Ying Zhang,American Society for Biochemistry and Molecular Biology (ASBMB),1
A5100386261,Ying Zhang,Hindawi,1
A5100386262,Ying Zhang,Elsevier,1
A5100386265,Ying Zhang,Hindawi,1
A5100386267,Ying Zhang,IEEE: Institute of Electrical and Electronics Engineers,1
A5100386275,Ying Zhang,Elsevier,1
A5100386275,Ying Zhang,Hindawi,1
A5100386275,Ying Zhang,Springer,1
A5100386275,Ying Zhang,Wiley,1
A5100386284,Ying Zhang,IEEE: Institute of Electrical and Electronics Engineers,1
A5100386749,Jing Li,IEEE: Institute of Electrical and Electronics Engineers,1
A5100387509,Hui Liu,Hindawi,1
A5100387514,Hui Liu,IEEE: Institute of Electrical and Electronics Engineers,1
A5100387527,Hui Liu,Spandidos,1
A5100387540,Hui Liu,IOS Press (bought by Sage November 2023),2
A5100387566,Hui Liu,Taylor and Francis - Dove Press,1
A5100387574,Hui Liu,Portland Press,1
A5100387574,Hui Liu,Springer - Nature Publishing Group,1
A5100387599,Hui Liu,American Chemical Society (ACS),1
A5100387599,Hui Liu,Royal Society of Chemistry (RSC),1
A5100387603,Hui Liu,MDPI,1
A5100387609,Hui Liu,Frontiers,1
A5100387609,Hui Liu,PLoS,1
A5100387609,Hui Liu,Springer,1
A5100387617,Hui Liu,Hindawi,1
A5100387627,Hui Liu,IEEE: Institute of Electrical and Electronics Engineers,1
A5100387628,Hui Liu,Spandidos,1
A5100387631,Hui Liu,Hindawi,1
A5100387633,Hui Liu,Hindawi,1
A5100387646,Hui Liu,Hindawi,1
A5100387654,Hui Liu,IEEE: Institute of Electrical and Electronics Engineers,1
A5100387656,Hui Liu,IEEE: Institute of Electrical and Electronics Engineers,2
A5100388018,Yi Zhang,Hindawi,1
A5100388021,Yi Zhang,Hindawi,1
A5100388033,Yi Zhang,IEEE: Institute of Electrical and Electronics Engineers,1
A5100388075,Yi Zhang,Springer - Biomed Central (BMC),1
A5100388089,Yi Zhang,Elsevier,3
A5100388089,Yi Zhang,Spandidos,2
A5100388089,Yi Zhang,American Society for Biochemistry and Molecular Biology (ASBMB),1
A5100388089,Yi Zhang,Frontiers,1
A5100388089,Yi Zhang,Mary Ann Liebert,1
A5100388089,Yi Zhang,Springer - Nature Publishing Group,1
A5100388089,Yi Zhang,Taylor and Francis - Dove Press,1
A5100388091,Yi Zhang,MDPI,1
A5100388117,Yi Zhang,IEEE: Institute of Electrical and Electronics Engineers,2
A5100388118,Yi Zhang,IOS Press (bought by Sage November 2023),1
A5100388126,Yi Zhang,Springer - Nature Publishing Group,1
A5100388148,Yi Zhang,IEEE: Institute of Electrical and Electronics Engineers,1
A5100388191,Yi Zhang,SAGE Publications,1
A5100388218,Yi Zhang,Frontiers,1
A5100388230,Yi Zhang,Elsevier,1
A5100388297,Yi Zhang,Wiley,1
A5100388300,Yi Zhang,Hindawi,1
A5100388301,Yi Zhang,Bentham Open,1
A5100388339,Yi Zhang,Wiley,1
A5100388349,Yi Zhang,Springer - Nature Publishing Group,1
A5100389179,Wei Wang,Hindawi,1
A5100389186,Wei Wang,IOS Press (bought by Sage November 2023),1
A5100390983,Qian Wang,Elsevier,1
A5100390994,Qian Wang,IEEE: Institute of Electrical and Electronics Engineers,1
A5100391001,Qian Wang,Elsevier,1
A5100391001,Qian Wang,Elsevier - Cell Press,1
A5100391028,Qian Wang,Wiley,1
A5100391036,Qian Wang,Springer,1
A5100391049,Qian Wang,Springer,1
A5100391054,Qian Wang,Hindawi,1
A5100391060,Qian Wang,Springer - Biomed Central (BMC),1
A5100391066,Qian Wang,Association for Computing Machinery (ACM),1
A5100391090,Qian Wang,Hindawi,2
A5100391097,Qian Wang,Hindawi,1
A5100391098,Qian Wang,Spandidos,1
A5100391101,Qian Wang,Impact Journals,1
A5100391101,Qian Wang,Springer,1
A5100391106,Qian Wang,Wiley,1
A5100391110,Qian Wang,Wiley,1
A5100391116,Qian Wang,IOP Publishing,2
A5100391116,Qian Wang,Springer,1
A5100391120,Qian Wang,Hindawi,1
A5100391123,Qian Wang,Hindawi,1
A5100391125,Qian Wang,IOS Press (bought by Sage November 2023),1
A5100391149,Qian Wang,Elsevier - Cell Press,1
A5100391172,Qian Wang,Hindawi,1
A5100391177,Qian Wang,Spandidos,1
A5100391181,Qian Wang,Association for Computing Machinery (ACM),1
A5100391651,Wei Wang,Springer,1
A5100391674,Wei Wang,IEEE: Institute of Electrical and Electronics Engineers,2
A5100391674,Wei Wang,Springer,1
A5100391684,Wei Wang,IEEE: Institute of Electrical and Electronics Engineers,1
A5100391684,Wei Wang,IOS Press (bought by Sage November 2023),1
A5100391690,Wei Wang,Hindawi,1
A5100391700,Wei Wang,Elsevier,2
A5100391706,Wei Wang,IOS Press (bought by Sage November 2023),1
A5100391706,Wei Wang,Springer,1
A5100391711,Wei Wang,Hindawi,1
A5100391728,Wei Wang,Hindawi,1
A5100391736,Wei Wang,Hindawi,1
A5100391738,Wei Wang,Hindawi,1
A5100391743,Wei Wang,Hindawi,1
A5100391744,Wei Wang,Hindawi,1
A5100391744,Wei Wang,PLoS,1
A5100391749,Wei Wang,Frontiers,1
A5100391750,Wei Wang,Hindawi,1
A5100391774,Wei Wang,Wiley,1
A5100391794,Wei Wang,Hindawi,1
A5100391796,Wei Wang,IEEE: Institute of Electrical and Electronics Engineers,1
A5100391847,Wei Wang,Hindawi,1
A5100391847,Wei Wang,Impact Journals,1
A5100391883,Wei Wang,Hindawi,5
A5100391890,Wei Wang,Portland Press,2
A5100391890,Wei Wang,Cellular Physiol Biochem Press,1
A5100391890,Wei Wang,Elsevier,1
A5100391890,Wei Wang,Karger,1
A5100391890,Wei Wang,Springer,1
A5100391890,Wei Wang,Wiley,1
A5100391894,Wei Wang,American Association for Cancer Research,1
A5100391894,Wei Wang,Spandidos,1
A5100391895,Wei Wang,Taylor and Francis,1
A5100391896,Wei Wang,Hindawi,1
A5100391896,Wei Wang,World Scientific Publishing Company,1
A5100391924,Wei Wang,IEEE: Institute of Electrical and Electronics Engineers,1
A5100391935,Wei Wang,Hindawi,1
A5100391941,Wei Wang,Springer,3
A5100391941,Wei Wang,Elsevier - Cell Press,1
A5100391941,Wei Wang,PLoS,1
A5100391941,Wei Wang,Portland Press,1
A5100391941,Wei Wang,Spandidos,1
A5100391977,Wei Wang,Springer - Nature Publishing Group,1
A5100391991,Wei Wang,IEEE: Institute of Electrical and Electronics Engineers,1
A5100392000,Wei Wang,IEEE: Institute of Electrical and Electronics Engineers,1
A5100392000,Wei Wang,Springer,1
A5100392002,Wei Wang,Royal Society of Chemistry (RSC),1
A5100392002,Wei Wang,Taylor and Francis,1
A5100392005,Wei Wang,American Chemical Society (ACS),1
A5100392005,Wei Wang,Bentham Open,1
A5100392019,Wei Wang,Elsevier - Cell Press,1
A5100392019,Wei Wang,Hindawi,1
A5100392019,Wei Wang,Springer,1
A5100392021,Wei Wang,Hindawi,1
A5100392028,Wei Wang,Hindawi,1
A5100392035,Wei Wang,Springer - Nature Publishing Group,1
A5100392067,Wei Wang,IEEE: Institute of Electrical and Electronics Engineers,1
A5100392089,Wei Wang,Canadian Science Publishing,1
A5100392089,Wei Wang,Elsevier,1
A5100392093,Wei Wang,Hindawi,1
A5100392098,Wei Wang,Research Square,1
A5100392117,Wei Wang,IEEE: Institute of Electrical and Electronics Engineers,1
A5100392122,Wei Wang,Hindawi,1
A5100392123,Wei Wang,Hindawi,1
A5100392130,Wei Wang,Springer,1
A5100392130,Wei Wang,Springer - Nature Publishing Group,1
A5100392130,Wei Wang,Wiley,1
A5100392165,Wei Wang,IEEE: Institute of Electrical and Electronics Engineers,1
A5100392171,Wei Wang,Hindawi,1
A5100392171,Wei Wang,Portland Press,1
A5100392180,Wei Wang,Hindawi,1
A5100392203,Wei Wang,Frontiers,1
A5100392203,Wei Wang,Springer,1
A5100392244,Wei Wang,American Chemical Society (ACS),1
A5100392255,Wei Wang,Royal Society of Chemistry (RSC),1
A5100392259,Wei Wang,Hindawi,1
A5100392263,Wei Wang,IEEE: Institute of Electrical and Electronics Engineers,1
A5100392271,Wei Wang,IEEE: Institute of Electrical and Electronics Engineers,1
A5100392297,Wei Wang,Portland Press,1
A5100392305,Wei Wang,IEEE: Institute of Electrical and Electronics Engineers,1
A5100392329,Wei Wang,PLoS,1
A5100392329,Wei Wang,Portland Press,1
A5100392329,Wei Wang,Spandidos,1
A5100392763,Jie Li,IOS Press (bought by Sage November 2023),1
A5100392763,Jie Li,Wiley,1
A5100392771,Bin Zhang,Canadian Science Publishing,1
A5100392771,Bin Zhang,Spandidos,1
A5100392778,Bin Zhang,Spandidos,1
A5100392778,Bin Zhang,Wiley,1
A5100392786,Bin Zhang,Wiley,1
A5100392806,Bin Zhang,Wiley,2
A5100392806,Bin Zhang,PLoS,1
A5100392827,Bin Zhang,Wiley,1
A5100392836,Bin Zhang,Springer,2
A5100392836,Bin Zhang,IEEE: Institute of Electrical and Electronics Engineers,1
A5100392836,Bin Zhang,Wiley,1
A5100392839,Bin Zhang,Elsevier,1
A5100392839,Bin Zhang,Spandidos,1
A5100392839,Bin Zhang,Wiley,1
A5100392847,Bin Zhang,Hindawi,1
A5100392853,Bin Zhang,Hindawi,1
A5100392879,Bin Zhang,Elsevier,1
A5100392879,Bin Zhang,Springer - Nature Publishing Group,1
A5100392881,Bin Zhang,Wolters Kluwer,1
A5100392899,Bin Zhang,Hindawi,1
A5100392899,Bin Zhang,IEEE: Institute of Electrical and Electronics Engineers,1
A5100392906,Bin Zhang,Elsevier,1
A5100392919,Bin Zhang,Elsevier,1
A5100392923,Bin Zhang,Spandidos,1
A5100392923,Bin Zhang,Springer - Biomed Central (BMC),1
A5100392928,Bin Zhang,Elsevier,1
A5100394798,Jing Chen,Wiley,1
A5100394804,Jing Chen,Springer,1
A5100394807,Jing Chen,Hindawi,2
A5100394807,Jing Chen,Elsevier,1
A5100394807,Jing Chen,Springer,1
A5100394807,Jing Chen,Wiley,1
A5100394815,Jing Chen,Elsevier,2
A5100394817,Jing Chen,Wiley,1
A5100394824,Jing Chen,Elsevier - Cell Press,1
A5100394850,Jing Chen,Hindawi,1
A5100394874,Jing Chen,Elsevier - Cell Press,1
A5100394877,Jing Chen,Frontiers,1
A5100394889,Jing Chen,Hindawi,1
A5100394895,Jing Chen,Springer - Biomed Central (BMC),1
A5100394898,Jing Chen,Wiley,1
A5100394923,Jing Chen,Hindawi,1
A5100394935,Jing Chen,Hindawi,1
A5100394941,Jing Chen,Elsevier,1
A5100394946,Jing Chen,Taylor and Francis,1
A5100394972,Jing Chen,Hindawi,1
A5100394977,Jing Chen,Spandidos,1
A5100394986,Jing Chen,Elsevier - Cell Press,1
A5100395398,Hui Wang,Hindawi,1
A5100395440,Bin Liu,Hindawi,1
A5100395450,Bin Liu,Wiley,2
A5100395450,Bin Liu,Taylor and Francis - Dove Press,1
A5100395476,Bin Liu,Elsevier,1
A5100395487,Bin Liu,IEEE: Institute of Electrical and Electronics Engineers,1
A5100395552,Bin Liu,IOS Press (bought by Sage November 2023),1
A5100395563,Bin Liu,Spandidos,1
A5100395563,Bin Liu,Springer,1
A5100395573,Bin Liu,Wiley,1
A5100395574,Bin Liu,Taylor and Francis - Dove Press,1
A5100395576,Bin Liu,Springer,1
A5100395591,Bin Liu,American Society for Microbiology,1
A5100395591,Bin Liu,PLoS,1
A5100395591,Bin Liu,Springer - Nature Publishing Group,1
A5100396782,Hao Zhang,American Association for Cancer Research,1
A5100396799,Hao Zhang,Springer - Nature Publishing Group,1
A5100396825,Hao Zhang,Hindawi,2
A5100396841,Hao Zhang,Hindawi,1
A5100396872,Hao Zhang,American Chemical Society (ACS),1
A5100396872,Hao Zhang,Hindawi,1
A5100396872,Hao Zhang,IEEE: Institute of Electrical and Electronics Engineers,1
A5100396876,Hao Zhang,Royal Society of Chemistry (RSC),1
A5100396882,Hao Zhang,Taylor and Francis,1
A5100396885,Hao Zhang,Hindawi,1
A5100396913,Hao Zhang,Taylor and Francis - Dove Press,1
A5100396927,Hao Zhang,Elsevier,1
A5100396936,Hao Zhang,Royal Society of Chemistry (RSC),1
A5100396936,Hao Zhang,Spandidos,1
A5100396939,Hao Zhang,Springer,1
A5100396941,Hao Zhang,Oxford University Press,1
A5100396959,Hao Zhang,Springer - Nature Publishing Group,1
A5100396965,Hao Zhang,Elsevier,1
A5100396976,Hao Zhang,Frontiers,1
A5100396986,Hao Zhang,Hindawi,1
A5100396996,Hao Zhang,IEEE: Institute of Electrical and Electronics Engineers,1
A5100397001,Hao Zhang,Optica (formerly Optical Society of America -OSA-),1
A5100397032,Hao Zhang,Elsevier,1
A5100397053,Hao Zhang,Hindawi,1
A5100397064,Hao Zhang,Mary Ann Liebert,1
A5100397064,Hao Zhang,Wiley,1
A5100397370,Yang Yang,MDPI,1
A5100397391,Yang Yang,Elsevier,1
A5100397394,Yang Yang,IEEE: Institute of Electrical and Electronics Engineers,1
A5100397400,Yang Yang,PLoS,1
A5100397400,Yang Yang,Royal Society of Chemistry (RSC),1
A5100397400,Yang Yang,Spandidos,1
A5100397400,Yang Yang,Wiley,1
A5100397406,Yang Yang,Impact Journals,1
A5100397410,Yang Yang,Frontiers,1
A5100397410,Yang Yang,Taylor and Francis,1
A5100397419,Yang Yang,Spandidos,1
A5100397426,Yang Yang,Frontiers,1
A5100397426,Yang Yang,Springer - Nature Publishing Group,1
A5100397426,Yang Yang,Taylor and Francis - Dove Press,1
A5100397426,Yang Yang,Wiley,1
A5100397429,Yang Yang,Portland Press,1
A5100397430,Yang Yang,SAGE Publications,1
A5100397440,Yang Yang,Wiley,1
A5100397456,Yang Yang,Springer - Nature Publishing Group,1
A5100397475,Yang Yang,Taylor and Francis - Dove Press,1
A5100397489,Yang Yang,Frontiers,1
A5100397489,Yang Yang,Springer - Biomed Central (BMC),1
A5100397498,Yang Yang,IEEE: Institute of Electrical and Electronics Engineers,1
A5100397510,Yang Yang,De Gruyter,1
A5100397510,Yang Yang,Elsevier,1
A5100397510,Yang Yang,Impact Journals,1
A5100397510,Yang Yang,Springer,1
A5100397510,Yang Yang,Springer - Biomed Central (BMC),1
A5100397510,Yang Yang,Wiley,1
A5100397525,Yang Yang,Wolters Kluwer - Lippincott Williams & Wilkins,1
A5100397529,Yang Yang,Hindawi,1
A5100397539,Yang Yang,Elsevier,1
A5100397541,Yang Yang,IEEE: Institute of Electrical and Electronics Engineers,2
A5100397543,Yang Yang,Elsevier,1
A5100397548,Yang Yang,IEEE: Institute of Electrical and Electronics Engineers,1
A5100397552,Yang Yang,Hindawi,1
A5100397581,Yang Yang,PLoS,3
A5100397585,Yang Yang,Hindawi,2
A5100397587,Yang Yang,Elsevier,1
A5100397588,Yang Yang,American Chemical Society (ACS),1
A5100397588,Yang Yang,IEEE: Institute of Electrical and Electronics Engineers,1
A5100397591,Yang Yang,IOS Press (bought by Sage November 2023),1
A5100397594,Yang Yang,Wiley,1
A5100397616,Yang Yang,Hindawi,1
A5100397621,Yang Yang,Taylor and Francis - Dove Press,1
A5100397659,Yang Yang,IEEE: Institute of Electrical and Electronics Engineers,1
A5100397681,Yang Yang,Wiley,1
A5100397711,Yang Yang,Hindawi,1
A5100397716,Yang Yang,IEEE: Institute of Electrical and Electronics Engineers,1
A5100397719,Yang Yang,Cold Spring Harbor Laboratory Press,1
A5100397725,Yang Yang,Springer - Nature Publishing Group,1
A5100397738,Yang� Yang,Elsevier,1
A5100397738,Yang� Yang,Hindawi,1
A5100397738,Yang� Yang,Springer - Biomed Central (BMC),1
A5100397740,Yang Yang,Hindawi,1
A5100397749,Yang Yang,Royal Society of Chemistry (RSC),1
A5100397765,Yang Yang,Hindawi,1
A5100397800,Yang Yang,Elsevier,1
A5100398270,Bin Wang,IEEE: Institute of Electrical and Electronics Engineers,1
A5100398646,Ling Wang,Hindawi,1
A5100398647,Ling Wang,Hindawi,1
A5100398647,Ling Wang,IEEE: Institute of Electrical and Electronics Engineers,1
A5100398648,Ling Wang,Spandidos,1
A5100398655,Ling Wang,Hindawi,1
A5100398661,Ling Wang,Hindawi,1
A5100398685,Ling Wang,IEEE: Institute of Electrical and Electronics Engineers,1
A5100398696,Ling Wang,Springer,1
A5100398707,Ling Wang,Taylor and Francis,1
A5100398717,Ling Wang,PLoS,1
A5100398717,Ling Wang,Springer,1
A5100398721,Ling Wang,PLoS,1
A5100398721,Ling Wang,Spandidos,1
A5100398729,Ling Wang,Association for Computing Machinery (ACM),1
A5100398732,Ling Wang,Hindawi,2
A5100398732,Ling Wang,Elsevier,1
A5100398732,Ling Wang,Frontiers,1
A5100398732,Ling Wang,PLoS,1
A5100398732,Ling Wang,SAGE Publications,1
A5100398732,Ling Wang,Spandidos,1
A5100398732,Ling Wang,Wolters Kluwer,1
A5100400217,Jun Zhang,Wiley,2
A5100400217,Jun Zhang,IEEE: Institute of Electrical and Electronics Engineers,1
A5100400217,Jun Zhang,IOP Publishing,1
A5100400217,Jun Zhang,Springer,1
A5100400706,Min Li,Elsevier,1
A5100400726,Min Li,Wiley,1
A5100400729,Min Li,Hindawi,1
A5100400735,Min Li,Springer,1
A5100400736,Min Li,SAGE Publications,1
A5100400746,Min Li,Hindawi,1
A5100400748,Min Li,Wiley,1
A5100400752,Min Li,Spandidos,2
A5100400752,Min Li,Wiley,1
A5100400753,Min Li,IEEE: Institute of Electrical and Electronics Engineers,1
A5100400756,Min Li,Hindawi,1
A5100400781,Min Li,Portland Press,1
A5100400782,Min Li,IEEE: Institute of Electrical and Electronics Engineers,1
A5100401558,Qian Zhang,Hindawi,1
A5100401602,Qian Zhang,IEEE: Institute of Electrical and Electronics Engineers,1
A5100401632,Qian Zhang,IEEE: Institute of Electrical and Electronics Engineers,1
A5100401633,Qian Zhang,Royal Society of Chemistry (RSC),1
A5100401636,Qian Zhang,Hindawi,1
A5100401640,Qian Zhang,Wiley,1
A5100401653,Qian Zhang,Elsevier - Cell Press,1
A5100401659,Qian Zhang,Elsevier - Cell Press,1
A5100401687,Qian Zhang,Cellular Physiol Biochem Press,1
A5100401712,Qian Zhang,IEEE: Institute of Electrical and Electronics Engineers,1
A5100401720,Qian Zhang,Hindawi,1
A5100401720,Qian Zhang,Taylor and Francis - Dove Press,1
A5100401723,Qian Zhang,Cellular Physiol Biochem Press,1
A5100401732,Qian Zhang,Elsevier,1
A5100401743,Qian Zhang,American Society for Microbiology,1
A5100401743,Qian Zhang,Hindawi,1
A5100401743,Qian Zhang,Spandidos,1
A5100401743,Qian Zhang,Springer,1
A5100401747,Qian Zhang,Hindawi,1
A5100401752,Qian Zhang,Hindawi,1
A5100402408,Jian Li,IEEE: Institute of Electrical and Electronics Engineers,1
A5100402427,Jian Li,Taylor and Francis - Dove Press,1
A5100402448,Jian Li,"International Scientific Information, Inc",1
A5100402458,Jian Li,IOS Press (bought by Sage November 2023),1
A5100402458,Jian Li,Springer,1
A5100402479,Jian Li,Hindawi,1
A5100402479,Jian Li,Springer - Biomed Central (BMC),1
A5100402533,Jian Li,BioMed Central (BMC),1
A5100402534,Jian Li,Elsevier,2
A5100402534,Jian Li,Spandidos,2
A5100402534,Jian Li,Hindawi,1
A5100402534,Jian Li,Springer - Nature Publishing Group,1
A5100402534,Jian Li,Taylor and Francis,1
A5100402538,Jian Li,SPIE,1
A5100402578,Jing Li,PLoS,1
A5100402578,Jing Li,Spandidos,1
A5100402580,Jian Li,Springer - Nature Publishing Group,1
A5100402585,Jian Li,IOS Press (bought by Sage November 2023),1
A5100402597,Jian Li,Hindawi,1
A5100402604,Jian Li,Portland Press,1
A5100402604,Jian Li,Wiley,1
A5100402608,Jian Li,Spandidos,2
A5100402608,Jian Li,Wiley,1
A5100402609,Jian Li,Hindawi,1
A5100402612,Jian Li,Springer - Nature Publishing Group,1
A5100402617,Jian Li,Hindawi,1
A5100402625,Jian Li,Spandidos,1
A5100402840,Min Zhang,IOS Press (bought by Sage November 2023),1
A5100402850,Min Zhang,Hindawi,1
A5100402851,Min Zhang,Frontiers,2
A5100402851,Min Zhang,Elsevier,1
A5100402853,Min Zhang,PLoS,1
A5100402855,Min Zhang,SAGE Publications,1
A5100402865,Min Zhang,Springer - Nature Publishing Group,1
A5100402869,Min Zhang,Wiley,1
A5100402873,Min Zhang,Wiley,1
A5100402876,Min Zhang,IOS Press (bought by Sage November 2023),2
A5100402876,Min Zhang,IEEE: Institute of Electrical and Electronics Engineers,1
A5100402879,Min Zhang,Springer - Biomed Central (BMC),1
A5100402917,Min Zhang,Mary Ann Liebert,1
A5100402920,Min Zhang,Hindawi,1
A5100402922,Min Zhang,Hindawi,1
A5100402925,Min Zhang,IOS Press (bought by Sage November 2023),2
A5100402925,Min Zhang,Hindawi,1
A5100402941,Min Zhang,Spandidos,1
A5100402941,Min Zhang,Springer,1
A5100402981,Min Zhang,Frontiers,1
A5100402981,Min Zhang,Japan Atherosclerosis Society,1
A5100402981,Min Zhang,Springer - Biomed Central (BMC),1
A5100402983,Min Zhang,IEEE: Institute of Electrical and Electronics Engineers,1
A5100402993,Min Zhang,IEEE: Institute of Electrical and Electronics Engineers,1
A5100402996,Min Zhang,IOS Press (bought by Sage November 2023),1
A5100402999,Min Zhang,Elsevier,1
A5100403002,Min Zhang,Wolters Kluwer,1
A5100403008,Min Zhang,Hindawi,1
A5100403018,Min Zhang,Hindawi,1
A5100403019,Min Zhang,Hindawi,1
A5100403020,Min Zhang,Hindawi,1
A5100403020,Min Zhang,Wiley,1
A5100403086,Lin Wang,Hindawi,1
A5100403087,Lin Wang,American Society for Clinical Investigation,1
A5100403087,Lin Wang,Royal Society of Chemistry (RSC),1
A5100403087,Lin Wang,Wiley,1
A5100403122,Lin Wang,Wiley,1
A5100403135,Lin Wang,Mary Ann Liebert,1
A5100403151,Lin Wang,Hindawi,1
A5100403169,Lin Wang,Bentham Open,1
A5100403173,Lin Wang,Springer,1
A5100403179,Lin Wang,Springer - Nature Publishing Group,1
A5100403181,Lin Wang,Hindawi,1
A5100403207,Lin Wang,Hindawi,1
A5100403214,Lin Wang,Hindawi,1
A5100403226,Lin Wang,Hindawi,1
A5100403227,Lin Wang,IEEE: Institute of Electrical and Electronics Engineers,1
A5100403235,Lin Wang,Hindawi,1
A5100403266,Lin Wang,Springer,1
A5100405768,Ping Zhang,Hindawi,1
A5100405777,Ping Zhang,Spandidos,1
A5100405778,Ping Zhang,Taylor and Francis,1
A5100405781,Ping Zhang,IEEE: Institute of Electrical and Electronics Engineers,2
A5100405781,Ping Zhang,Elsevier,1
A5100405781,Ping Zhang,Hindawi,1
A5100405781,Ping Zhang,IOP Publishing,1
A5100405781,Ping Zhang,International Union of Crystallography,1
A5100405781,Ping Zhang,Pharmacotherapy Group,1
A5100405781,Ping Zhang,Springer - Biomed Central (BMC),1
A5100405787,Ping Zhang,Elsevier,1
A5100405788,Ping Zhang,Hindawi,2
A5100405797,Ping Zhang,The Japanese Society of Toxicology,1
A5100405824,Ping Zhang,Frontiers,1
A5100405827,Ping Zhang,IEEE: Institute of Electrical and Electronics Engineers,1
A5100405828,Ping Zhang,Hindawi,1
A5100405838,Ping Zhang,Wiley,1
A5100405840,Ping Zhang,IEEE: Institute of Electrical and Electronics Engineers,1
A5100405840,Ping Zhang,Taylor and Francis,1
A5100405855,Ping Zhang,Hindawi,1
A5100405903,Jin Zhang,MDPI,1
A5100405907,Jin Zhang,Hindawi,1
A5100405908,Jin Zhang,Impact Journals,1
A5100405920,Jin Zhang,Elsevier - Cell Press,1
A5100405935,Jin Zhang,PLoS,1
A5100405936,Jin Zhang,American Society of Civil Engineers,1
A5100405947,Jin Zhang,Hindawi,1
A5100405955,Jin Zhang,Taylor and Francis - Dove Press,1
A5100405985,Jin Zhang,Springer,1
A5100405986,Jin Zhang,Hindawi,1
A5100405986,Jin Zhang,Spandidos,1
A5100405991,Jin Zhang,Hindawi,1
A5100406017,Jin Zhang,Portland Press,1
A5100406019,Jin Zhang,IEEE: Institute of Electrical and Electronics Engineers,1
A5100406022,Jin Zhang,IEEE: Institute of Electrical and Electronics Engineers,1
A5100406022,Jin Zhang,IOS Press (bought by Sage November 2023),1
A5100406904,Chao Wang,PLoS,1
A5100406933,Chao Wang,Elsevier,1
A5100406958,Chao Wang,IEEE: Institute of Electrical and Electronics Engineers,1
A5100406963,Chao Wang,Springer,1
A5100407005,Chao Wang,BioMed Central (BMC),1
A5100407017,Chao Wang,Royal Society of Chemistry (RSC),1
A5100407017,Chao Wang,SAGE Publications,1
A5100407027,Chao Wang,Portland Press,1
A5100407045,Chao Wang,Hindawi,1
A5100407056,Chao Wang,Hindawi,2
A5100407077,Chao Wang,Hindawi,1
A5100407113,Chao Wang,Hindawi,1
A5100407123,Chao Wang,PLoS,1
A5100407133,Chao Wang,IEEE: Institute of Electrical and Electronics Engineers,1
A5100407161,Chao Wang,Oxford University Press,1
A5100407177,Chao Wang,Taylor and Francis - Dove Press,1
A5100407980,Bo Wang,Cognizant Communication Corporation,2
A5100407980,Bo Wang,Elsevier - Cell Press,1
A5100407980,Bo Wang,Hindawi,1
A5100407980,Bo Wang,Spandidos,1
A5100407985,Bo Wang,MDPI,1
A5100407989,Bo Wang,Hindawi,1
A5100407997,Bo Wang,Springer,1
A5100407999,Bo Wang,IOS Press (bought by Sage November 2023),1
A5100408002,Bo Wang,Hindawi,1
A5100408006,Bo Wang,Elsevier,1
A5100408006,Bo Wang,Hindawi,1
A5100408006,Bo Wang,Wiley,1
A5100408014,Bo Wang,IEEE: Institute of Electrical and Electronics Engineers,1
A5100408046,Bo Wang,Springer - Nature Publishing Group,1
A5100408050,Bo Wang,Hindawi,1
A5100408058,Bo Wang,PLoS,1
A5100408080,Bo Wang,IOS Press (bought by Sage November 2023),1
A5100408085,Bo Wang,Hindawi,1
A5100408086,Bo Wang,Wolters Kluwer,1
A5100408152,Bo Wang,Hindawi,1
A5100408154,Bo Wang,Wiley,1
A5100408156,Bo Wang,Hindawi,1
A5100408158,Bo Wang,Hindawi,1
A5100408160,Bo Wang,Hindawi,1
A5100408160,Bo Wang,IOS Press (bought by Sage November 2023),1
A5100408160,Bo Wang,Springer,1
A5100408164,Bo Wang,IEEE: Institute of Electrical and Electronics Engineers,1
A5100408177,Bo Wang,Elsevier - Cell Press,1
A5100408177,Bo Wang,Korean Society for Molecular and Cellular Biology,1
A5100408183,Bo Wang,Trans Tech Publications Ltd,1
A5100408189,Bo Wang,Karger,1
A5100408193,Bo Wang,IEEE: Institute of Electrical and Electronics Engineers,1
A5100408209,Bo Wang,American Heart Association,1
A5100408222,Bo Wang,American Society for Biochemistry and Molecular Biology (ASBMB),1
A5100408943,Ping Li,"International Scientific Information, Inc",1
A5100408943,Ping Li,Wiley,1
A5100408949,Ping Li,Springer,1
A5100409199,Gang Li,Springer - Nature Publishing Group,1
A5100409203,Gang Li,IEEE: Institute of Electrical and Electronics Engineers,1
A5100409238,Wei Zhao,American Society for Biochemistry and Molecular Biology (ASBMB),1
A5100409238,Wei Zhao,Hindawi,1
A5100409238,Wei Zhao,Springer,1
A5100409246,Wei Zhao,SAGE Publications,1
A5100409248,Wei Zhao,Hindawi,1
A5100409861,Jian Zhang,IEEE: Institute of Electrical and Electronics Engineers,1
A5100409879,Jian Zhang,Hindawi,3
A5100409879,Jian Zhang,Portland Press,2
A5100409879,Jian Zhang,Spandidos,2
A5100409879,Jian Zhang,American Association for Cancer Research,1
A5100409879,Jian Zhang,Elsevier,1
A5100409879,Jian Zhang,Elsevier - Cell Press,1
A5100409879,Jian Zhang,"International Scientific Information, Inc",1
A5100409879,Jian Zhang,PLoS,1
A5100409879,Jian Zhang,Springer,1
A5100409879,Jian Zhang,Taylor and Francis - Dove Press,1
A5100409892,Jian Zhang,PLoS,2
A5100409899,Jian Zhang,American Chemical Society (ACS),1
A5100409939,Jian Zhang,Wiley,1
A5100409969,Jian Zhang,Springer,1
A5100409969,Jian Zhang,Wiley,1
A5100409975,Jian Zhang,IEEE: Institute of Electrical and Electronics Engineers,1
A5100409987,Jian Zhang,Hindawi,1
A5100409987,Jian Zhang,Taylor and Francis - Dove Press,1
A5100410040,Jian Zhang,Taylor and Francis,1
A5100410059,Jian Zhang,Hindawi,2
A5100410082,Jian Zhang,PLoS,1
A5100410090,Jian Zhang,Wolters Kluwer,1
A5100410099,Jian Zhang,Hindawi,1
A5100410107,Jian Zhang,IEEE: Institute of Electrical and Electronics Engineers,1
A5100410108,Jian Zhang,Hindawi,1
A5100410263,Hong Li,Wiley,1
A5100410576,Yang Liu,Impact Journals,1
A5100410576,Yang Liu,Springer - Biomed Central (BMC),1
A5100410602,Yu Zhang,IOS Press (bought by Sage November 2023),1
A5100411784,Dan Wang,Taylor and Francis,1
A5100411792,Dan Wang,Wolters Kluwer - Lippincott Williams & Wilkins,1
A5100411794,Dan Wang,Hindawi,3
A5100411794,Dan Wang,Elsevier,1
A5100411794,Dan Wang,IEEE: Institute of Electrical and Electronics Engineers,1
A5100411794,Dan Wang,Springer - Nature Publishing Group,1
A5100411797,Dan Wang,IEEE: Institute of Electrical and Electronics Engineers,1
A5100411812,Dan Wang,Springer - Nature Publishing Group,1
A5100411814,Dan Wang,BioMed Central (BMC),1
A5100411814,Dan Wang,PLoS,1
A5100411814,Dan Wang,Portland Press,1
A5100411814,Dan Wang,Springer,1
A5100411814,Dan Wang,Wiley,1
A5100411814,Dan Wang,Wolters Kluwer - Lippincott Williams & Wilkins,1
A5100411815,Dan Wang,Wiley,1
A5100411817,Dan Wang,Impact Journals,1
A5100411823,Dan Wang,Elsevier,1
A5100411823,Dan Wang,Hindawi,1
A5100411823,Dan Wang,IOS Press (bought by Sage November 2023),1
A5100411831,Dan Wang,Elsevier,1
A5100411833,Dan Wang,Hindawi,1
A5100411839,Dan Wang,Springer - Nature Publishing Group,1
A5100411848,Dan Wang,MDPI,1
A5100411848,Dan Wang,Springer - Nature Publishing Group,1
A5100411850,Dan Wang,PLoS,1
A5100411859,Dan Wang,IEEE: Institute of Electrical and Electronics Engineers,1
A5100411862,Dan Wang,Taylor and Francis,1
A5100411866,Dan Wang,Spandidos,1
A5100411886,Dan Wang,Springer,1
A5100411888,Dan Wang,Cambridge University Press,1
A5100411904,Dan Wang,Springer - Nature Publishing Group,1
A5100413042,Ping Wang,Hindawi,1
A5100413042,Ping Wang,IEEE: Institute of Electrical and Electronics Engineers,1
A5100413406,Jing Liu,Springer,1
A5100414003,Ying Li,Hindawi,1
A5100414021,Ying Liu,IEEE: Institute of Electrical and Electronics Engineers,1
A5100414025,Ying Li,Hindawi,1
A5100414034,Ying Li,Wolters Kluwer - Lippincott Williams & Wilkins,1
A5100414044,Ying Liu,Elsevier,1
A5100414049,Ying Li,SAGE Publications,1
A5100414057,Ying Liu,Hindawi,1
A5100414057,Ying Liu,PLoS,1
A5100414090,Ying Liu,Springer - Biomed Central (BMC),1
A5100414092,Ying Liu,Hindawi,2
A5100414092,Ying Liu,IOS Press (bought by Sage November 2023),1
A5100414097,Ying Liu,Hindawi,1
A5100414133,Ying Li,Hindawi,1
A5100414136,Ying Li,Hindawi,2
A5100414148,Ying Li,Elsevier - Cell Press,1
A5100414156,Ying Li,Taylor and Francis - Dove Press,1
A5100414175,Ying Li,IEEE: Institute of Electrical and Electronics Engineers,1
A5100414179,Ying Li,Taylor and Francis - Dove Press,1
A5100414179,Ying Li,Wiley,1
A5100414192,Ying Li,Associação Brasileira de Divulgação Científica (ABDC),1
A5100414193,Ying Liu,IEEE: Institute of Electrical and Electronics Engineers,1
A5100414208,Ying Li,Taylor and Francis,1
A5100414212,Ying Liu,IOS Press (bought by Sage November 2023),1
A5100414223,Ying Liu,IEEE: Institute of Electrical and Electronics Engineers,1
A5100414228,Ying Li,Frontiers,1
A5100414228,Ying Li,IOS Press (bought by Sage November 2023),1
A5100414228,Ying Li,Wiley,1
A5100414249,Ying Liu,Impact Journals,1
A5100414283,Ying Liu,Hindawi,1
A5100414285,Ying Liu,Hindawi,4
A5100414285,Ying Liu,Royal Society of Chemistry (RSC),2
A5100414285,Ying Liu,Wiley,2
A5100414285,Ying Liu,Cellular Physiol Biochem Press,1
A5100414285,Ying Liu,Elsevier - Cell Press,1
A5100414285,Ying Liu,MDPI,1
A5100414285,Ying Liu,Springer,1
A5100414285,Ying Liu,Taylor and Francis,1
A5100414291,Ying Liu,Cellular Physiol Biochem Press,1
A5100414293,Ying Liu,Associação Brasileira de Divulgação Científica (ABDC),1
A5100414299,Ying Li,Elsevier,1
A5100414308,Ying Li,Impact Journals,1
A5100414317,Ying Liu,PLoS,1
A5100414320,Ying Li,Elsevier,1
A5100414321,Ying Li,Wiley,1
A5100414323,Ying Li,Frontiers,1
A5100414341,Ying Liu,Elsevier,1
A5100414379,Ying Liu,SAGE Publications,1
A5100414387,Ying Liu,IOP Publishing,1
A5100414390,Ying Li,IEEE: Institute of Electrical and Electronics Engineers,1
A5100414403,Ying Liu,Springer - Nature Publishing Group,1
A5100414405,Ying Liu,Karger,1
A5100414405,Ying Liu,Springer - Nature Publishing Group,1
A5100414405,Ying Liu,Wiley,1
A5100414426,Ying Li,Elsevier - Cell Press,1
A5100414452,Ying Liu,Springer,1
A5100414459,Ying Liu,PAGEPress,1
A5100414460,Ying Li,American Physiological Society,4
A5100414460,Ying Li,Wiley,4
A5100414460,Ying Li,Elsevier,2
A5100414463,Ying Li,Taylor and Francis,1
A5100414464,Ying Li,PLoS,1
A5100414467,Ying Li,PLoS,1
A5100414473,Ying Liu,Hindawi,2
A5100414473,Ying Liu,Cellular Physiol Biochem Press,1
A5100414473,Ying Liu,Spandidos,1
A5100414483,Ying Li,IEEE: Institute of Electrical and Electronics Engineers,1
A5100414484,Ying Li,Springer,1
A5100414485,Ying Li,IOS Press (bought by Sage November 2023),1
A5100414488,Ying Liu,Hindawi,1
A5100414490,Ying Liu,International Union of Crystallography,1
A5100414490,Ying Liu,Taylor and Francis,1
A5100415140,Wei Zhang,IEEE: Institute of Electrical and Electronics Engineers,2
A5100417894,Dan Wang,Springer - Nature Publishing Group,1
A5100418062,Ling Wang,Wiley,1
A5100418063,Ling Wang,Spandidos,1
A5100418066,Wang Ling,Wiley,1
A5100418072,Ling Wang,PLoS,1
A5100418073,Ling Wang,PLoS,1
A5100418073,Ling Wang,Tech Science Press,1
A5100418722,Li Liu,PLoS,1
A5100418746,Li Liu,IEEE: Institute of Electrical and Electronics Engineers,2
A5100418746,Li Liu,Hindawi,1
A5100418747,Li Liu,Wiley,1
A5100418765,Li Liu,Elsevier,1
A5100418765,Li Liu,Taylor and Francis,1
A5100418768,Li Liu,Elsevier,1
A5100418768,Li Liu,Springer - Biomed Central (BMC),1
A5100418770,Li Liu,Springer,1
A5100418783,Li Liu,Springer,1
A5100418789,Li Liu,Cellular Physiol Biochem Press,1
A5100418815,Li Liu,Hindawi,1
A5100418815,Li Liu,Wiley,1
A5100418817,Li Liu,Frontiers,1
A5100418822,Li Liu,Wiley,1
A5100418828,Li Liu,Hindawi,1
A5100418828,Li Liu,Springer - Nature Publishing Group,1
A5100418831,Li Liu,Hindawi,1
A5100418834,Li Liu,Wiley,3
A5100418834,Li Liu,Frontiers,1
A5100418837,Li Liu,IEEE: Institute of Electrical and Electronics Engineers,1
A5100418845,Li Liu,MDPI,1
A5100418848,Li Liu,Hindawi,1
A5100418864,Li Liu,IEEE: Institute of Electrical and Electronics Engineers,1
A5100418867,Li Liu,Elsevier,1
A5100418876,Li Liu,IEEE: Institute of Electrical and Electronics Engineers,2
A5100418876,Li Liu,Hindawi,1
A5100418889,Li Liu,Elsevier,2
A5100418899,Li Liu,Elsevier,1
A5100418899,Li Liu,Ivyspring International Publisher,1
A5100418899,Li Liu,Taylor and Francis,1
A5100418902,Li Liu,Elsevier,1
A5100418903,Li Liu,Wiley,1
A5100418911,Li Liu,Elsevier - Cell Press,1
A5100418914,Li Liu,Elsevier,1
A5100418914,Li Liu,IOS Press (bought by Sage November 2023),1
A5100418937,Li Liu,IEEE: Institute of Electrical and Electronics Engineers,1
A5100418953,Zhang Li,Elsevier,1
A5100418953,Zhang Li,IEEE: Institute of Electrical and Electronics Engineers,1
A5100418953,Zhang Li,Spandidos,1
A5100419713,Yong Zhang,Impact Journals,1
A5100419729,Yong Zhang,Hindawi,2
A5100419731,Yong Zhang,Association for Computing Machinery (ACM),1
A5100419755,Yong Zhang,Hindawi,1
A5100419763,Yong Zhang,Springer,1
A5100419785,Yong Zhang,Mary Ann Liebert,1
A5100419785,Yong Zhang,National Academy of Sciences (NAS),1
A5100419798,Yong Zhang,Elsevier,1
A5100419818,Yong Zhang,Hindawi,1
A5100419828,Yong Zhang,American Society for Biochemistry and Molecular Biology (ASBMB),1
A5100419828,Yong Zhang,Elsevier,1
A5100419828,Yong Zhang,Springer - Biomed Central (BMC),1
A5100419847,Yong Zhang,IOS Press (bought by Sage November 2023),1
A5100419847,Yong Zhang,Springer,1
A5100419855,Yong Zhang,Elsevier,1
A5100419855,Yong Zhang,PLoS,1
A5100419902,Yong Zhang,Hindawi,1
A5100420940,Jun Li,Hindawi,1
A5100420981,Juan Li,Royal Society of Chemistry (RSC),1
A5100420981,Juan Li,Springer - Nature Publishing Group,1
A5100420982,Juan Li,Taylor and Francis,1
A5100420987,Juan Li,PLoS,2
A5100420987,Juan Li,Hindawi,1
A5100420987,Juan Li,IEEE: Institute of Electrical and Electronics Engineers,1
A5100420987,Juan Li,Springer,1
A5100421009,Juan Li,Taylor and Francis - Dove Press,1
A5100421013,Juan Li,Elsevier,1
A5100421017,Juan Li,Hindawi,1
A5100421024,Juan Li,Impact Journals,1
A5100421027,Juan Li,IEEE: Institute of Electrical and Electronics Engineers,1
A5100421045,Juan Li,IEEE: Institute of Electrical and Electronics Engineers,1
A5100421057,Juan Li,Japan Society of Histochemistry and Cytochemistry,1
A5100421060,Juan Li,PLoS,1
A5100421078,Juan Li,Elsevier,1
A5100421080,Juan Li,American Chemical Society (ACS),1
A5100421080,Juan Li,Taylor and Francis,1
A5100421080,Juan Li,Wiley,1
A5100421250,Yang Li,Elsevier,1
A5100421250,Yang Li,Springer,1
A5100421258,Yang Li,Hindawi,1
A5100421277,Yang Li,ASTM International,1
A5100421314,Yang Li,eLife Sciences Publications,1
A5100421320,Yang Li,Modestum,1
A5100421326,Yang Li,Hindawi,1
A5100421336,Yang Li,Hindawi,1
A5100421383,Yang Li,Spandidos,2
A5100421383,Yang Li,IOS Press (bought by Sage November 2023),1
A5100421472,Yang Li,IEEE: Institute of Electrical and Electronics Engineers,1
A5100421479,Yang Li,IEEE: Institute of Electrical and Electronics Engineers,1
A5100421485,Yang Li,SAGE Publications,1
A5100421521,Yang Li,Elsevier - Cell Press,1
A5100421591,Yang Li,PLoS,1
A5100421591,Yang Li,Taylor and Francis - Dove Press,1
A5100421604,Yang Li,Spandidos,1
A5100421612,Yang Li,Hindawi,1
A5100421619,Yang Li,Modestum,1
A5100421627,Yang Li,Hindawi,1
A5100421656,Yang Li,Elsevier,1
A5100421668,Yang Li,IEEE: Institute of Electrical and Electronics Engineers,1
A5100421672,Yang Li,American Chemical Society (ACS),1
A5100421729,Yang Li,Hindawi,1
A5100421729,Yang Li,Springer - Nature Publishing Group,1
A5100421742,Yang Li,Spandidos,2
A5100421770,Yang Li,Hindawi,1
A5100421779,Yang Li,Wiley,1
A5100421802,Yang Li,Hindawi,1
A5100421802,Yang Li,Springer,1
A5100421802,Yang Li,Taylor and Francis - Dove Press,1
A5100421802,Yang Li,Wiley,1
A5100421808,Yang Li,Springer,1
A5100421809,Yang Li,Elsevier,1
A5100421809,Yang Li,Royal Society of Chemistry (RSC),1
A5100421839,Yang Li,Elsevier,1
A5100421941,Rui Zhang,IEEE: Institute of Electrical and Electronics Engineers,1
A5100421943,Rui Zhang,Taylor and Francis - Dove Press,1
A5100421967,Rui Zhang,"International Scientific Information, Inc",1
A5100421978,Rui Zhang,IEEE: Institute of Electrical and Electronics Engineers,1
A5100421978,Rui Zhang,IOS Press (bought by Sage November 2023),1
A5100421978,Rui Zhang,Springer,1
A5100422027,Rui Zhang,Hindawi,1
A5100422057,Rui Zhang,Wiley,1
A5100422067,Rui Zhang,Spandidos,2
A5100422067,Rui Zhang,Cellular Physiol Biochem Press,1
A5100422067,Rui Zhang,Elsevier,1
A5100422067,Rui Zhang,Korean Society for Molecular and Cellular Biology,1
A5100422067,Rui Zhang,Mary Ann Liebert,1
A5100422067,Rui Zhang,Taylor and Francis - Dove Press,1
A5100422095,Rui Zhang,PLoS,1
A5100422099,Rui Zhang,Royal Society of Chemistry (RSC),1
A5100422101,Rui Zhang,Elsevier - Cell Press,1
A5100422101,Rui Zhang,Hindawi,1
A5100422101,Rui Zhang,SAGE Publications,1
A5100422102,Rui Zhang,Hindawi,1
A5100422113,Rui Zhang,Wiley,1
A5100422157,Rui Zhang,Elsevier,1
A5100422164,Rui Zhang,Hindawi,1
A5100422178,Rui Zhang,Springer - Nature Publishing Group,1
A5100422186,Rui Zhang,Elsevier,1
A5100422187,Rui Zhang,Hindawi,1
A5100422203,Rui Zhang,Royal Society of Chemistry (RSC),1
A5100422247,Feng Wang,Hindawi,2
A5100422786,Qian Wang,Hindawi,1
A5100422786,Qian Wang,IEEE: Institute of Electrical and Electronics Engineers,1
A5100423359,Yang Wang,Spandidos,1
A5100423803,Hui Li,Hindawi,1
A5100423818,Hui Li,Hindawi,1
A5100423834,Hui Li,Wiley,1
A5100423847,Hui Li,Oxford University Press,1
A5100423847,Hui Li,Springer,1
A5100423851,Hui Li,Hindawi,1
A5100423886,Hui Li,Hindawi,1
A5100423886,Hui Li,Wiley,1
A5100423889,Hui Li,Royal Society of Chemistry (RSC),1
A5100423891,Hui Li,Hindawi,1
A5100423905,Hui Li,Hindawi,2
A5100423905,Hui Li,Spandidos,2
A5100423905,Hui Li,Elsevier,1
A5100423905,Hui Li,Springer - Biomed Central (BMC),1
A5100423922,Hui Li,Elsevier - Cell Press,1
A5100423922,Hui Li,Hindawi,1
A5100423922,Hui Li,Spandidos,1
A5100423951,Hui Li,Elsevier,1
A5100423958,Hui Li,IOS Press (bought by Sage November 2023),1
A5100423962,Hui Li,IOS Press (bought by Sage November 2023),1
A5100423962,Hui Li,Spandidos,1
A5100423970,Hui Li,Oxford University Press,1
A5100423976,Hui Li,Elsevier,1
A5100423976,Hui Li,IOP Publishing,1
A5100423976,Hui Li,PLoS,1
A5100423976,Hui Li,Springer - Nature Publishing Group,1
A5100423990,Hui Li,Spandidos,2
A5100423995,Hui Li,Elsevier,1
A5100423995,Hui Li,Springer - Nature Publishing Group,1
A5100424342,Yong Wang,IEEE: Institute of Electrical and Electronics Engineers,1
A5100424345,Yong Wang,IEEE: Institute of Electrical and Electronics Engineers,1
A5100424345,Yong Wang,Taylor and Francis - Dove Press,1
A5100424356,Yong Wang,Impact Journals,1
A5100424372,Yong Wang,Springer,1
A5100424406,Yong Wang,Hindawi,1
A5100424416,Yong Wang,PLoS,1
A5100424421,Yong Wang,Portland Press,1
A5100424423,Wang Yong,SAGE Publications,1
A5100424435,Yong Wang,Spandidos,2
A5100424435,Yong Wang,Springer - Nature Publishing Group,1
A5100424451,Yong Wang,Springer,1
A5100424459,Yong Wang,IEEE: Institute of Electrical and Electronics Engineers,1
A5100424487,Yong Wang,Spandidos,1
A5100424505,Yong Wang,Springer,1
A5100424507,Yong Wang,Wolters Kluwer - Medknow,1
A5100424516,Yong Wang,Springer,1
A5100424528,Yong Wang,IEEE: Institute of Electrical and Electronics Engineers,1
A5100424546,Yong Wang,Taylor and Francis,1
A5100424547,Yong Wang,Portland Press,1
A5100424547,Yong Wang,Taylor and Francis - Dove Press,1
A5100424549,Yong Wang,Wiley,1
A5100424560,Yong Wang,Impact Journals,1
A5100425402,Li Zhang,Hindawi,1
A5100425408,Li Zhang,Wiley,1
A5100425431,Li Zhang,Association for Computing Machinery (ACM),1
A5100425444,Li Zhang,Spandidos,2
A5100425448,Li Zhang,Hindawi,1
A5100425454,Li Zhang,Elsevier,1
A5100425469,Li Zhang,Springer,1
A5100425484,Li Zhang,Hindawi,1
A5100425493,Li Zhang,Hindawi,1
A5100425496,Li Zhang,Springer - Biomed Central (BMC),1
A5100425496,Li Zhang,Wiley,1
A5100425505,Li Zhang,Hindawi,1
A5100425518,Li Zhang,Association for Computing Machinery (ACM),1
A5100425519,Li Zhang,Spandidos,1
A5100425523,Li Zhang,Springer - Nature Publishing Group,1
A5100425537,Li Zhang,De Gruyter,1
A5100425543,Li Zhang,Taylor and Francis - Dove Press,1
A5100425546,Li Zhang,Hindawi,1
A5100425549,Li Zhang,Hindawi,1
A5100425554,Li Zhang,Hindawi,4
A5100425554,Li Zhang,Ivyspring International Publisher,1
A5100425554,Li Zhang,Spandidos,1
A5100425554,Li Zhang,Springer,1
A5100425554,Li Zhang,Springer - Nature Publishing Group,1
A5100425554,Li Zhang,Taylor and Francis,1
A5100425564,Li Zhang,IEEE: Institute of Electrical and Electronics Engineers,1
A5100425574,Li Zhang,Hindawi,1
A5100425579,Li Zhang,Hindawi,1
A5100425585,Li Zhang,Royal Society of Chemistry (RSC),2
A5100425585,Li Zhang,IOP Publishing,1
A5100425588,Li Zhang,Springer - Biomed Central (BMC),1
A5100425590,Li Zhang,Canadian Science Publishing,1
A5100425605,Li Zhang,IOP Publishing,1
A5100425644,Li Zhang,Taylor and Francis,1
A5100425671,Li Zhang,Spandidos,4
A5100425671,Li Zhang,American Thoracic Society,1
A5100425671,Li Zhang,Canadian Science Publishing,1
A5100425671,Li Zhang,Elsevier,1
A5100425671,Li Zhang,Hindawi,1
A5100425671,Li Zhang,Springer - Nature Publishing Group,1
A5100425671,Li Zhang,Taylor and Francis - Dove Press,1
A5100425671,Li Zhang,Wiley,1
A5100425671,Li Zhang,Wolters Kluwer,1
A5100425672,Li Zhang,Spandidos,1
A5100425675,Li Zhang,Taylor and Francis,1
A5100425690,Lı Zhang,Springer,1
A5100425695,Li Zhang,PLoS,1
A5100425706,Li Zhang,PLoS,1
A5100425706,Li Zhang,Springer - Nature Publishing Group,1
A5100425709,Li Zhang,IEEE: Institute of Electrical and Electronics Engineers,1
A5100425714,Li Zhang,Hindawi,1
A5100425717,Li Zhang,Hindawi,1
A5100425733,Li Zhang,Elsevier,1
A5100425738,Li Zhang,Springer - Biomed Central (BMC),2
A5100425738,Li Zhang,Springer,1
A5100425743,Li Zhang,Hindawi,1
A5100425745,Li Zhang,Wiley,1
A5100425752,Li Zhang,SAGE Publications,1
A5100425772,Li Zhang,IEEE: Institute of Electrical and Electronics Engineers,1
A5100425776,Li Zhang,Hindawi,1
A5100427615,Hui Li,PLoS,1
A5100427618,Hui Li,Hindawi,1
A5100428173,Jie Li,British Institute of Radiology,1
A5100428176,Jie Li,Royal Society of Chemistry (RSC),1
A5100428187,Jie Li,The Company of Biologists,1
A5100428220,Jie Li,Wiley,2
A5100428226,Jie Li,SAGE Publications,1
A5100428245,Jie Li,Wiley,1
A5100428255,Jie Li,IEEE: Institute of Electrical and Electronics Engineers,1
A5100428260,Jie Li,IEEE: Institute of Electrical and Electronics Engineers,1
A5100428314,Jie Li,"International Scientific Information, Inc",1
A5100428322,Jie Li,Hindawi,2
A5100428322,Jie Li,Spandidos,2
A5100428322,Jie Li,Elsevier,1
A5100428326,Jie Li,Frontiers,1
A5100428354,Jie Li,Hindawi,1
A5100428355,Jie Li,Hindawi,1
A5100428524,Ying Zhang,Cellular Physiol Biochem Press,1
A5100428524,Ying Zhang,Frontiers,1
A5100428524,Ying Zhang,Taylor and Francis - Dove Press,1
A5100428821,Jie Chen,IEEE: Institute of Electrical and Electronics Engineers,1
A5100428821,Jie Chen,IOS Press (bought by Sage November 2023),1
A5100429872,Qiang Li,Wiley,2
A5100429872,Qiang Li,Wolters Kluwer - Medknow,1
A5100429888,Qiang Li,Elsevier - Cell Press,1
A5100429898,Qiang Li,IEEE: Institute of Electrical and Electronics Engineers,1
A5100429902,Qiang Li,Elsevier,1
A5100429904,Qiang Li,Chinese Academy of Sciences,1
A5100429907,Qiang Li,FUNPEC-RP,1
A5100429907,Qiang Li,Spandidos,1
A5100429918,Qiang Li,Springer,1
A5100429921,Qiang Li,Hindawi,1
A5100429934,Qiang Li,Hindawi,1
A5100429940,Qiang Li,Hindawi,1
A5100429945,Qiang Li,IOS Press (bought by Sage November 2023),1
A5100429967,Qiang Li,Elsevier,1
A5100429975,Qiang Li,Hindawi,3
A5100429975,Qiang Li,Wiley,1
A5100429976,Qiang Li,Elsevier,1
A5100429976,Qiang Li,Hindawi,1
A5100429992,Qiang Li,Hindawi,1
A5100430014,Qiang Li,IEEE: Institute of Electrical and Electronics Engineers,1
A5100430024,Qiang Li,Hindawi,1
A5100430036,Qiang Li,Elsevier,1
A5100430040,Qiang Li,Hindawi,2
A5100430041,Qiang Li,Cellular Physiol Biochem Press,1
A5100430070,Qiang Li,Taylor and Francis,1
A5100430074,Qiang Li,IEEE: Institute of Electrical and Electronics Engineers,1
A5100430232,Hong Zhang,Hindawi,1
A5100430234,Hong Zhang,Oxford University Press,1
A5100430234,Hong Zhang,Spandidos,1
A5100430234,Hong Zhang,Springer,1
A5100430241,Hong Zhang,Frontiers,1
A5100430241,Hong Zhang,Springer,1
A5100430243,Hong Zhang,Spandidos,1
A5100430253,Hong Zhang,PLoS,1
A5100430253,Hong Zhang,Springer - Biomed Central (BMC),1
A5100430256,Hong Zhang,IOS Press (bought by Sage November 2023),1
A5100430256,Hong Zhang,Spandidos,1
A5100430282,Hong Zhang,Springer,1
A5100430306,Hong Zhang,Frontiers,3
A5100430306,Hong Zhang,Springer,3
A5100430306,Hong Zhang,IEEE: Institute of Electrical and Electronics Engineers,1
A5100430306,Hong Zhang,Wiley,1
A5100430317,Hong Zhang,Spandidos,1
A5100430322,Hong Zhang,AVES Yayincilik Ltd,1
A5100430323,Hong Zhang,Elsevier,1
A5100430333,Hong Zhang,Cellular Physiol Biochem Press,1
A5100430333,Hong Zhang,Elsevier,1
A5100430342,Hong Zhang,PLoS,1
A5100430342,Hong Zhang,Taylor and Francis - Dove Press,1
A5100430359,Hong Zhang,Springer - Biomed Central (BMC),1
A5100430364,Hong Zhang,Hindawi,1
A5100430367,Hong Zhang,Hindawi,1
A5100430372,Hong Zhang,Elsevier,1
A5100430719,Ying Liu,Hindawi,1
A5100431122,Rui Wang,IEEE: Institute of Electrical and Electronics Engineers,1
A5100431147,Rui Wang,Springer - Nature Publishing Group,1
A5100431152,Rui Wang,Spandidos,1
A5100431163,Rui Wang,IEEE: Institute of Electrical and Electronics Engineers,2
A5100431163,Rui Wang,Hindawi,1
A5100431169,Feng Wang,IEEE: Institute of Electrical and Electronics Engineers,1
A5100431194,Rui Wang,Hindawi,1
A5100431213,Rui Wang,Elsevier,1
A5100431239,Rui Wang,Taylor and Francis,1
A5100431252,Feng Wang,Impact Journals,1
A5100431254,Rui Wang,Elsevier,1
A5100431254,Rui Wang,Taylor and Francis,1
A5100431279,Rui Wang,Hindawi,1
A5100431330,Feng Wang,Elsevier - Cell Press,1
A5100431366,Rui Wang,Elsevier,1
A5100431366,Rui Wang,Frontiers,1
A5100431387,Rui Wang,Hindawi,1
A5100431391,Feng Wang,Springer - Biomed Central (BMC),1
A5100431408,Rui Wang,American Chemical Society (ACS),1
A5100431408,Rui Wang,Hindawi,1
A5100431408,Rui Wang,SAGE Publications,1
A5100431408,Rui Wang,Springer - Nature Publishing Group,1
A5100431409,Rui Wang,Frontiers,1
A5100431409,Rui Wang,Hindawi,1
A5100431409,Rui Wang,Impact Journals,1
A5100431428,Rui Wang,Hindawi,1
A5100431441,Feng Wang,Elsevier,1
A5100431442,Rui Wang,Springer,1
A5100431623,Wei Liu,American Diabetes Association,2
A5100431623,Wei Liu,Hindawi,1
A5100431678,Wei Liu,Springer,1
A5100431687,Wei Liu,Elsevier - Cell Press,1
A5100431688,Wei Liu,Hindawi,1
A5100431706,Wei Liu,Ivyspring International Publisher,1
A5100431706,Wei Liu,Springer - Nature Publishing Group,1
A5100431723,Wei Liu,Springer,1
A5100431723,Wei Liu,Springer - Nature Publishing Group,1
A5100431723,Wei Liu,Taylor and Francis,1
A5100431730,Wei Liu,PLoS,1
A5100431734,Wei Liu,American Physiological Society,1
A5100431738,Wei Liu,Elsevier,1
A5100431738,Wei Liu,Taylor and Francis,1
A5100431774,Wei Liu,Springer,1
A5100431782,Wei Liu,"International Scientific Information, Inc",1
A5100431798,Wei Liu,"International Scientific Information, Inc",1
A5100431810,Wei Liu,Hindawi,1
A5100431810,Wei Liu,Taylor and Francis,1
A5100431816,Wei Liu,Frontiers,1
A5100431816,Wei Liu,Royal Society of Chemistry (RSC),1
A5100431816,Wei Liu,Spandidos,1
A5100431816,Wei Liu,Taylor and Francis - Dove Press,1
A5100431817,Wei Liu,Spandidos,1
A5100431817,Wei Liu,Springer,1
A5100431817,Wei Liu,Springer - Nature Publishing Group,1
A5100431845,Wei Liu,Elsevier,1
A5100431848,Wei Liu,IEEE: Institute of Electrical and Electronics Engineers,1
A5100431884,Wei Liu,BioScientifica,1
A5100431895,Wei Liu,Hindawi,2
A5100431895,Wei Liu,Cold Spring Harbor Laboratory Press,1
A5100431918,Wei Liu,Hindawi,1
A5100431923,Wei Liu,Hindawi,1
A5100431941,Wei Liu,Elsevier,1
A5100431943,Wei Liu,American Society for Microbiology,1
A5100431943,Wei Liu,Impact Journals,1
A5100431945,Wei Liu,Hindawi,1
A5100431954,Wei Liu,Spandidos,1
A5100431965,Wei Liu,Oxford University Press,2
A5100431965,Wei Liu,Springer,1
A5100431977,Wei Liu,IOP Publishing,1
A5100431998,Wei Liu,Hindawi,1
A5100432002,Wei Liu,Portland Press,1
A5100432003,Wei Liu,Springer - Nature Publishing Group,1
A5100432006,Wei Liu,IEEE: Institute of Electrical and Electronics Engineers,1
A5100432006,Wei Liu,Springer - Biomed Central (BMC),1
A5100432026,Wei Liu,Elsevier,1
A5100432027,Wei Liu,Royal Society Publishing,1
A5100432606,Wei Chen,IEEE: Institute of Electrical and Electronics Engineers,1
A5100432613,Peng Li,Hindawi,1
A5100432619,Peng Li,IOS Press (bought by Sage November 2023),2
A5100432627,Peng Li,Hindawi,1
A5100432665,Peng Li,Hindawi,2
A5100432667,Peng Li,IEEE: Institute of Electrical and Electronics Engineers,1
A5100432672,Peng Li,Springer - Biomed Central (BMC),1
A5100432714,Peng Li,Elsevier,1
A5100432714,Peng Li,Royal Society of Chemistry (RSC),1
A5100432719,Peng Li,Wiley,1
A5100432721,Peng Li,Elsevier,1
A5100432734,Peng Li,Frontiers,1
A5100432747,Peng Li,Hindawi,1
A5100432748,Peng Li,Springer - Nature Publishing Group,1
A5100432770,Peng Li,IEEE: Institute of Electrical and Electronics Engineers,3
A5100432772,Peng Li,Frontiers,1
A5100432772,Peng Li,Spandidos,1
A5100432784,Peng Li,Oxford University Press,1
A5100432789,Peng Li,Elsevier,1
A5100432789,Peng Li,"International Scientific Information, Inc",1
A5100432795,Peng Li,Springer - Nature Publishing Group,1
A5100433054,Jun Zhang,Frontiers,1
A5100433063,Jun Zhang,IEEE: Institute of Electrical and Electronics Engineers,1
A5100433067,Jun Zhang,Hindawi,1
A5100433067,Jun Zhang,Wiley,1
A5100433068,Jun Zhang,Hindawi,1
A5100433106,Jun Zhang,Springer,1
A5100433112,Jun Zhang,Hindawi,1
A5100433120,Jun Zhang,IEEE: Institute of Electrical and Electronics Engineers,1
A5100433127,Jun Zhang,Hindawi,1
A5100433138,Jun Zhang,Hindawi,1
A5100433138,Jun Zhang,Springer,1
A5100433142,Jun Zhang,Springer,1
A5100433153,Jun Zhang,Wiley,1
A5100433174,Jun Zhang,Springer - Biomed Central (BMC),1
A5100433187,Jun Zhang,Spandidos,1
A5100433188,Jun Zhang,IEEE: Institute of Electrical and Electronics Engineers,1
A5100433198,Jun Zhang,IEEE: Institute of Electrical and Electronics Engineers,1
A5100433230,Jun Zhang,Hindawi,1
A5100433245,Zhang Jun,Hindawi,1
A5100433246,Jun Zhang,IEEE: Institute of Electrical and Electronics Engineers,1
A5100433248,Jun Zhang,Elsevier,1
A5100433248,Jun Zhang,Hindawi,1
A5100433248,Jun Zhang,Taylor and Francis - Dove Press,1
A5100433259,Jun Zhang,IEEE: Institute of Electrical and Electronics Engineers,1
A5100433266,Jun Zhang,IEEE: Institute of Electrical and Electronics Engineers,1
A5100433276,Jun Zhang,Taylor and Francis,1
A5100433289,Jun Zhang,Elsevier - Cell Press,1
A5100433301,Jun Zhang,Elsevier,1
A5100433374,Yu Zhang,Springer,1
A5100433374,Yu Zhang,Wiley,1
A5100433385,Yu Zhang,IEEE: Institute of Electrical and Electronics Engineers,1
A5100433388,Yu Zhang,Wiley,1
A5100433396,Yu Zhang,Hindawi,1
A5100433400,Yu Zhang,Hindawi,1
A5100433406,Yu Zhang,Hindawi,1
A5100433406,Yu Zhang,Taylor and Francis,1
A5100433408,Yu Zhang,Hindawi,1
A5100433410,Yu Zhang,Frontiers,1
A5100433411,Yu Zhang,Springer - Nature Publishing Group,1
A5100433414,Yu Zhang,IOP Publishing,1
A5100433414,Yu Zhang,Springer - Nature Publishing Group,1
A5100433418,Yu Zhang,PLoS,1
A5100433424,Yu Zhang,IEEE: Institute of Electrical and Electronics Engineers,1
A5100433435,Yu Zhang,Springer,1
A5100433452,Yu Zhang,Wiley,1
A5100433470,Yu Zhang,Hindawi,1
A5100433479,Yu Zhang,"International Scientific Information, Inc",1
A5100433516,Yu Zhang,IEEE: Institute of Electrical and Electronics Engineers,1
A5100433532,Yu Zhang,De Gruyter,1
A5100433539,Yu Zhang,eLife Sciences Publications,1
A5100433546,Yu Zhang,Elsevier,1
A5100433561,Yu Zhang,Springer - Biomed Central (BMC),1
A5100433564,Yu Zhang,Hindawi,1
A5100433581,Yu Zhang,Hindawi,1
A5100433592,Yu Zhang,Springer - Nature Publishing Group,1
A5100433614,Yu Zhang,Hindawi,1
A5100433617,Yu Zhang,Springer - Biomed Central (BMC),1
A5100433638,Yu Zhang,Taylor and Francis - Dove Press,1
A5100433658,Yu Zhang,Hindawi,1
A5100433668,Yu Zhang,American Association for Cancer Research,1
A5100433684,Yu Zhang,Hindawi,2
A5100433685,Yu Zhang,Spandidos,1
A5100433687,Yu Zhang,Elsevier,1
A5100433692,Yu Zhang,Hindawi,1
A5100433702,Yu Zhang,Springer,1
A5100433702,Yu Zhang,Taylor and Francis,1
A5100433712,Yu Zhang,Hindawi,1
A5100433719,Yu Zhang,American Society for Microbiology,1
A5100433731,Yu Zhang,Springer - Nature Publishing Group,1
A5100433732,Yu Zhang,Hindawi,2
A5100433732,Yu Zhang,Taylor and Francis - Dove Press,1
A5100433732,Yu Zhang,Wiley,1
A5100433737,Yu Zhang,Spandidos,1
A5100433740,Yu Zhang,Hindawi,1
A5100433740,Yu Zhang,PLoS,1
A5100433763,Yu Zhang,Hindawi,2
A5100433763,Yu Zhang,Springer - Biomed Central (BMC),1
A5100433793,Lei Zhang,Elsevier,1
A5100433814,Lei Zhang,Elsevier,1
A5100433814,Lei Zhang,Wiley,1
A5100433831,Lei Zhang,Portland Press,1
A5100433842,Lei Zhang,Elsevier,1
A5100433858,Lei Zhang,Portland Press,1
A5100433880,Lei Zhang,Hindawi,1
A5100433894,Lei Zhang,IEEE: Institute of Electrical and Electronics Engineers,2
A5100433899,Lei Zhang,Hindawi,3
A5100433917,Lei Zhang,Hindawi,1
A5100433917,Lei Zhang,IOS Press (bought by Sage November 2023),1
A5100433946,Lei Zhang,Hindawi,1
A5100433953,Lei Zhang,IEEE: Institute of Electrical and Electronics Engineers,1
A5100433983,Lei Zhang,Frontiers,1
A5100433985,Lei Zhang,IEEE: Institute of Electrical and Electronics Engineers,1
A5100433988,Lei Zhang,IEEE: Institute of Electrical and Electronics Engineers,1
A5100433989,Lei Zhang,Hindawi,1
A5100433999,Lei Zhang,Hindawi,1
A5100434028,Lei Zhang,Hindawi,4
A5100434028,Lei Zhang,Association for Computing Machinery (ACM),1
A5100434028,Lei Zhang,Cold Spring Harbor Laboratory Press,1
A5100434028,Lei Zhang,IEEE: Institute of Electrical and Electronics Engineers,1
A5100434031,Lei Zhang,Hindawi,1
A5100434056,Lei Zhang,Frontiers,1
A5100434072,Lei Zhang,Cellular Physiol Biochem Press,1
A5100434072,Lei Zhang,Frontiers,1
A5100434072,Lei Zhang,IEEE: Institute of Electrical and Electronics Engineers,1
A5100434336,Liu Li,Hindawi,1
A5100434525,Wei Zhao,Springer,1
A5100434730,Jun Li,Hindawi,1
A5100435466,Ping Li,Elsevier,1
A5100435466,Ping Li,Wiley,1
A5100435468,Ping Li,IOS Press (bought by Sage November 2023),1
A5100435469,Ping Li,IOP Publishing,1
A5100435475,Ping Li,IEEE: Institute of Electrical and Electronics Engineers,1
A5100435491,Ping Li,Portland Press,1
A5100435494,Ping Li,IEEE: Institute of Electrical and Electronics Engineers,2
A5100435494,Ping Li,Hindawi,1
A5100435501,Ping Li,Spandidos,1
A5100435503,Ping Li,IEEE: Institute of Electrical and Electronics Engineers,1
A5100435517,Ping Li,Hindawi,2
A5100435518,Ping Li,PLoS,1
A5100435518,Ping Li,Springer,1
A5100435520,Ping Li,Frontiers,1
A5100435520,Ping Li,Hindawi,1
A5100435520,Ping Li,Impact Journals,1
A5100435520,Ping Li,Spandidos,1
A5100435520,Ping Li,Springer - Biomed Central (BMC),1
A5100435520,Ping Li,Wolters Kluwer,1
A5100435530,Ping Li,Wiley,1
A5100435536,Ping Li,Springer,1
A5100435550,Ping Li,Wiley,1
A5100435558,Ping Li,Cellular Physiol Biochem Press,1
A5100435558,Ping Li,Elsevier - Cell Press,1
A5100435558,Ping Li,IOS Press (bought by Sage November 2023),1
A5100435573,Ping Li,Spandidos,2
A5100435573,Ping Li,Frontiers,1
A5100435575,Ping Li,Hindawi,1
A5100435590,Ping Li,Cellular Physiol Biochem Press,1
A5100435590,Ping Li,Springer - Nature Publishing Group,1
A5100435653,Dan Wang,Hindawi,1
A5100435715,Lei Wang,Spandidos,1
A5100435716,Lei Wang,IOS Press (bought by Sage November 2023),1
A5100435721,Lei Wang,Springer - Biomed Central (BMC),1
A5100435726,Lei Wang,American Society for Biochemistry and Molecular Biology (ASBMB),1
A5100435726,Lei Wang,Taylor and Francis - Dove Press,1
A5100435728,Lei Wang,Springer,1
A5100435738,Lei Wang,Hindawi,1
A5100435745,Lei Wang,Wiley,1
A5100435752,Wang Lei,IEEE: Institute of Electrical and Electronics Engineers,1
A5100435763,Lei Wang,Hindawi,1
A5100435797,Lei Wang,Springer - Biomed Central (BMC),1
A5100435801,Lei Wang,Hindawi,1
A5100435801,Lei Wang,PLoS,1
A5100435801,Lei Wang,Spandidos,1
A5100435829,Lei Wang,Hindawi,2
A5100435832,Lei Wang,Hindawi,1
A5100435832,Lei Wang,Oxford University Press,1
A5100435848,Lei Wang,Springer - Nature Publishing Group,1
A5100435864,Lei Wang,IEEE: Institute of Electrical and Electronics Engineers,1
A5100435871,Lei Wang,Hindawi,1
A5100435890,Lei Wang,ASPET: American Society for Pharmacology and Experimental Therapeutics,1
A5100435903,Lei Wang,Spandidos,2
A5100435903,Lei Wang,Taylor and Francis - Dove Press,1
A5100435904,Lei Wang,IEEE: Institute of Electrical and Electronics Engineers,1
A5100435904,Lei Wang,Taylor and Francis - Dove Press,1
A5100435904,Lei Wang,Wiley,1
A5100435914,Lei Wang,Wiley,1
A5100435917,Lei Wang,American Society for Biochemistry and Molecular Biology (ASBMB),1
A5100435927,Lei Wang,Hindawi,1
A5100435927,Lei Wang,Taylor and Francis - Dove Press,1
A5100435955,Lei Wang,Tech Science Press,1
A5100435976,Lei Wang,Springer,1
A5100435992,Lei Wang,Elsevier,1
A5100435994,Lei Wang,IEEE: Institute of Electrical and Electronics Engineers,1
A5100436005,Lei Wang,Springer - Nature Publishing Group,1
A5100436005,Lei Wang,Wiley,1
A5100436011,Lei Wang,Springer,1
A5100436028,Lei Wang,Bentham Open,1
A5100436052,Lei Wang,Taylor and Francis - Dove Press,1
A5100436058,Lei Wang,Hindawi,1
A5100436059,Lei Wang,Hindawi,1
A5100436059,Lei Wang,Spandidos,1
A5100436067,Lei Wang,Mary Ann Liebert,1
A5100436067,Lei Wang,Springer,1
A5100436090,Lei Wang,Hindawi,2
A5100436090,Lei Wang,Wiley,1
A5100436098,Lei Wang,Springer,1
A5100436098,Lei Wang,Springer - Biomed Central (BMC),1
A5100436099,Lei Wang,Hindawi,1
A5100436111,Lei Wang,Hindawi,1
A5100436130,Lei Wang,Hindawi,1
A5100436140,Lei Wang,IEEE: Institute of Electrical and Electronics Engineers,1
A5100436146,Lei Wang,Portland Press,1
A5100436155,Lei Wang,Springer,1
A5100436159,Lei Wang,Springer,1
A5100436162,Lei Wang,Springer - Biomed Central (BMC),1
A5100436164,Lei Wang,IEEE: Institute of Electrical and Electronics Engineers,1
A5100436175,Lei Wang,Hindawi,1
A5100436175,Lei Wang,Springer - Nature Publishing Group,1
A5100436175,Lei Wang,Wiley,1
A5100436176,Lei Wang,Hindawi,1
A5100436455,Yang Zhang,Spandidos,2
A5100436606,Jie Zhang,Hindawi,1
A5100436618,Jie Zhang,Elsevier,1
A5100436618,Jie Zhang,Frontiers,1
A5100436618,Jie Zhang,Wiley,1
A5100436620,Jie Zhang,PLoS,1
A5100436622,Jie Zhang,Taylor and Francis - Dove Press,1
A5100436631,Jie Zhang,Hindawi,3
A5100436638,Jie Zhang,IEEE: Institute of Electrical and Electronics Engineers,1
A5100436684,Jie Zhang,Frontiers,1
A5100436684,Jie Zhang,Springer - Biomed Central (BMC),1
A5100436699,Jie Zhang,Springer,1
A5100436703,Jie Zhang,Hindawi,1
A5100436704,Jie Zhang,Elsevier,1
A5100436704,Jie Zhang,Tech Science Press,1
A5100436712,Jie Zhang,Hindawi,2
A5100436719,Jie Zhang,PLoS,2
A5100436719,Jie Zhang,Elsevier,1
A5100436719,Jie Zhang,Elsevier - Cell Press,1
A5100436719,Jie Zhang,Spandidos,1
A5100436756,Jie Zhang,Spandidos,1
A5100436760,Jie Zhang,Frontiers,1
A5100436762,Jie Zhang,Wiley,1
A5100436791,Jie Zhang,Elsevier,1
A5100436791,Jie Zhang,PLoS,1
A5100436791,Jie Zhang,SAGE Publications,1
A5100436808,Jie Zhang,Elsevier,1
A5100436831,Jie Zhang,Hindawi,1
A5100436833,Jie Zhang,Portland Press,1
A5100436834,Jie Zhang,Frontiers,2
A5100436834,Jie Zhang,Elsevier,1
A5100436834,Jie Zhang,Hindawi,1
A5100436834,Jie Zhang,IEEE: Institute of Electrical and Electronics Engineers,1
A5100436834,Jie Zhang,Taylor and Francis - Dove Press,1
A5100436846,Jie Zhang,MDPI,1
A5100437917,Li Yang,Hindawi,1
A5100438621,Gang Li,American Chemical Society (ACS),2
A5100438631,Gang Li,Elsevier,1
A5100438635,Gang Li,Karger,1
A5100438635,Gang Li,Wiley,1
A5100438640,Gang Li,IEEE: Institute of Electrical and Electronics Engineers,1
A5100438669,Gang Li,Taylor and Francis - Dove Press,1
A5100438676,Gang Li,IEEE: Institute of Electrical and Electronics Engineers,1
A5100438676,Gang Li,IOS Press (bought by Sage November 2023),1
A5100438687,Gang Li,Springer,1
A5100438687,Gang Li,Springer - Biomed Central (BMC),1
A5100438687,Gang Li,Taylor and Francis - Dove Press,1
A5100438687,Gang Li,Wiley,1
A5100438690,Gang Li,Taylor and Francis,1
A5100438696,Gang Li,Elsevier,1
A5100438696,Gang Li,Wiley,1
A5100438698,Gang Li,Wiley,1
A5100438708,Gang Li,Taylor and Francis,1
A5100438749,Gang Li,Wiley,1
A5100438769,Gang Li,Hindawi,1
A5100438769,Gang Li,Springer,1
A5100438784,Gang Li,Hindawi,1
A5100438788,Gang� Li,Elsevier,2
A5100438788,Gang� Li,Taylor and Francis,1
A5100439149,Yan Li,Frontiers,1
A5100439965,Jing Li,IOS Press (bought by Sage November 2023),1
A5100439986,Jie Wang,Hindawi,2
A5100439986,Jie Wang,Karger,1
A5100439994,Jie Wang,IOS Press (bought by Sage November 2023),2
A5100439998,Jie Wang,Hindawi,1
A5100440013,Jie Wang,AME Publishing Company,1
A5100440013,Jie Wang,Hindawi,1
A5100440013,Jie Wang,PLoS,1
A5100440013,Jie Wang,Portland Press,1
A5100440014,Jie Wang,AME Publishing Company,1
A5100440056,Jie Wang,Spandidos,1
A5100440069,Jie Wang,MDPI,1
A5100440080,Jie Wang,Hindawi,1
A5100440086,Jie Wang,PLoS,1
A5100440113,Jie Wang,American Chemical Society (ACS),1
A5100440119,Jie Wang,IEEE: Institute of Electrical and Electronics Engineers,1
A5100440120,Jie Wang,Cellular Physiol Biochem Press,1
A5100440120,Jie Wang,Elsevier - Cell Press,1
A5100440139,Jie Wang,Elsevier,1
A5100440164,Jie Wang,Tech Science Press,1
A5100440167,Jie Wang,IEEE: Institute of Electrical and Electronics Engineers,1
A5100440179,Jie Wang,Hindawi,1
A5100440182,Jie Wang,IEEE: Institute of Electrical and Electronics Engineers,1
A5100440186,Jie Wang,Wiley,1
A5100440252,Lei Li,IOP Publishing,1
A5100440256,Lei Li,Wiley,1
A5100440257,Lei Li,Springer,1
A5100440258,Lei Li,Springer - Biomed Central (BMC),1
A5100440268,Lei Li,Hindawi,1
A5100440268,Lei Li,PLoS,1
A5100440274,Lei Li,Elsevier,1
A5100440283,Lei Li,Wiley,1
A5100440288,Lei Li,Elsevier - Cell Press,1
A5100440299,Lei Li,Springer - Nature Publishing Group,1
A5100440302,Lei Li,Hindawi,1
A5100440304,Lei Li,IEEE: Institute of Electrical and Electronics Engineers,1
A5100440311,Lei Li,Hindawi,1
A5100440315,Lei Li,Wiley,1
A5100440316,Lei Li,Hindawi,1
A5100440326,Lei Li,IEEE: Institute of Electrical and Electronics Engineers,3
A5100440340,Lei Li,PLoS,1
A5100440352,Lei Li,Frontiers,1
A5100440352,Lei Li,Hindawi,1
A5100440367,Lei Li,Elsevier - Cell Press,1
A5100440367,Lei Li,Wiley,1
A5100440407,Lei Li,Hindawi,1
A5100440418,Lei Li,Springer - Biomed Central (BMC),1
A5100440423,Lei Li,IEEE: Institute of Electrical and Electronics Engineers,1
A5100440426,Lei Li,IEEE: Institute of Electrical and Electronics Engineers,1
A5100440800,Tao Li,Association for Computing Machinery (ACM),1
A5100440812,Tao Li,Hindawi,1
A5100441462,Wei Zhang,IOP Publishing,1
A5100441521,Wei Zhang,Elsevier,1
A5100441526,Wei Zhang,Hindawi,1
A5100441545,Wei Zhang,Hindawi,1
A5100441562,Wei Zhang,Hindawi,1
A5100441570,Wěi Zhāng,IOS Press (bought by Sage November 2023),1
A5100441581,Wei Zhang,Spandidos,2
A5100441581,Wei Zhang,Hindawi,1
A5100441583,Wei Zhang,Elsevier - Cell Press,1
A5100441583,Wei Zhang,"International Scientific Information, Inc",1
A5100441631,Wei Zhang,BioMed Central (BMC),1
A5100441631,Wei Zhang,Portland Press,1
A5100441642,Wei Zhang,Hindawi,1
A5100441647,Wei Zhang,Scientific.net,1
A5100441649,Wei Zhang,Hindawi,1
A5100441650,Wei Zhang,Wiley,2
A5100441683,Wei Zhang,IEEE: Institute of Electrical and Electronics Engineers,1
A5100441686,Wei Zhang,Elsevier,1
A5100441686,Wei Zhang,Spandidos,1
A5100441686,Wei Zhang,Springer - Biomed Central (BMC),1
A5100441688,Wei Zhang,Taylor and Francis,1
A5100441706,Wei Zhang,Hindawi,2
A5100441726,Wei Zhang,IEEE: Institute of Electrical and Electronics Engineers,1
A5100441730,Wei Zhang,Elsevier,2
A5100441730,Wei Zhang,AME Publishing Company,1
A5100441730,Wei Zhang,Scientific.net,1
A5100441739,Wei Zhang,Hindawi,1
A5100441748,Wei Zhang,Spandidos,1
A5100441749,Wei Zhang,Hindawi,1
A5100441765,Wei Zhang,Elsevier - Cell Press,1
A5100441775,Wei Zhang,PLoS,1
A5100441781,Wei Zhang,Springer,1
A5100441786,Wei Zhang,Impact Journals,1
A5100441786,Wei Zhang,Wiley,1
A5100441816,Wei Zhang,Frontiers,1
A5100445061,Yu Wang,IOP Publishing,1
A5100445094,Yu Wang,Frontiers,1
A5100445097,Yu Wang,"International Scientific Information, Inc",1
A5100445098,Yu Wang,Elsevier,1
A5100445121,Yu Wang,Elsevier,1
A5100445130,Yu Wang,Hindawi,1
A5100445154,Yu Wang,Lippincott Williams and Wilkins,1
A5100445155,Yu Wang,Wiley,1
A5100445163,Yu Wang,Springer - Biomed Central (BMC),1
A5100445170,Yu Wang,Frontiers,1
A5100445193,Yu Wang,Cellular Physiol Biochem Press,1
A5100445193,Yu Wang,Elsevier,1
A5100445193,Yu Wang,Hindawi,1
A5100445193,Yu Wang,Spandidos,1
A5100445218,Yu Wang,IOS Press (bought by Sage November 2023),1
A5100445227,Yu Wang,IEEE: Institute of Electrical and Electronics Engineers,1
A5100445230,Yu Wang,Springer,1
A5100445244,Yu Wang,Hindawi,1
A5100445247,Yu Wang,Elsevier,1
A5100445255,Yu Wang,American Association for Cancer Research,1
A5100445255,Yu Wang,Elsevier,1
A5100445287,Yu Wang,Elsevier,1
A5100445290,Yu Wang,SAGE Publications,1
A5100445300,Yu Wang,Wiley,1
A5100445312,Yu Wang,Hindawi,1
A5100445334,Yu Wang,De Gruyter,1
A5100445337,Yu Wang,Spandidos,1
A5100445337,Yu Wang,Wiley,1
A5100445346,Yu Wang,Elsevier,1
A5100445346,Yu Wang,Mary Ann Liebert,1
A5100445346,Yu Wang,Wiley,1
A5100445351,Yu Wang,BioMed Central (BMC),1
A5100445386,Yu Wang,Springer - Biomed Central (BMC),1
A5100445392,Yu Wang,IEEE: Institute of Electrical and Electronics Engineers,1
A5100446027,Hao Wang,Cellular Physiol Biochem Press,1
A5100446035,Hao Wang,Hindawi,1
A5100446035,Hao Wang,Oxford University Press,1
A5100446035,Hao Wang,Springer - Nature Publishing Group,1
A5100446043,Hao Wang,Hindawi,1
A5100446062,Hao Wang,Springer,1
A5100446064,Hao Wang,Hindawi,2
A5100446065,Hao Wang,Hindawi,1
A5100446072,Hao Wang,Cognizant Communication Corporation,1
A5100446081,Hao Wang,Hindawi,1
A5100446090,Hao Wang,Hindawi,1
A5100446100,Hao Wang,Hindawi,1
A5100446107,Hao Wang,Hindawi,1
A5100446107,Hao Wang,Spandidos,1
A5100446107,Hao Wang,Springer,1
A5100446142,Hao Wang,Spandidos,1
A5100446146,Hao Wang,Hindawi,1
A5100446167,Hao Wang,Hindawi,1
A5100446222,Hao Wang,IEEE: Institute of Electrical and Electronics Engineers,3
A5100448816,Feng Li,Hindawi,1
A5100448816,Feng Li,Spandidos,1
A5100448822,Feng Li,Elsevier,1
A5100448825,Feng Li,Cellular Physiol Biochem Press,1
A5100448832,Feng Li,Springer,1
A5100448854,Feng Li,Elsevier,1
A5100448921,Feng Li,IOS Press (bought by Sage November 2023),1
A5100448933,Feng Li,IOS Press (bought by Sage November 2023),1
A5100448936,Feng Li,Wiley,2
A5100448936,Feng Li,Elsevier,1
A5100448936,Feng Li,Spandidos,1
A5100448945,Feng Li,SAGE Publications,1
A5100448982,Feng Li,Clinical Laboratory Publications GmbH,1
A5100448982,Feng Li,Hindawi,1
A5100448990,Feng Li,Elsevier,1
A5100448999,Feng Li,Hindawi,1
A5100449076,Bin Wang,Hindawi,1
A5100449591,Jing Yang,SAGE Publications,1
A5100449592,Jing Yang,Taylor and Francis - Dove Press,1
A5100450126,Jun Chen,Spandidos,1
A5100450146,Jun Chen,Elsevier,1
A5100450147,Jun Chen,PLoS,1
A5100450173,Jun Chen,Wiley,1
A5100450174,Jun Chen,American Society for Biochemistry and Molecular Biology (ASBMB),1
A5100450174,Jun Chen,IOS Press (bought by Sage November 2023),1
A5100450174,Jun Chen,Portland Press,1
A5100450174,Jun Chen,Wiley,1
A5100450183,Jun Chen,Wolters Kluwer,1
A5100450187,Jun Chen,Spandidos,1
A5100450196,Jun Chen,Springer,1
A5100450200,Jun Chen,MDPI,1
A5100450204,Jun Chen,Hindawi,1
A5100450207,Jun Chen,Hindawi,1
A5100450217,Jun Chen,IEEE: Institute of Electrical and Electronics Engineers,1
A5100450234,Jun Chen,BioMed Central (BMC),1
A5100450240,Jun Chen,Elsevier,1
A5100450254,Jun Chen,"International Scientific Information, Inc",1
A5100450261,Jun Chen,IEEE: Institute of Electrical and Electronics Engineers,1
A5100450273,Jun Chen,Hindawi,1
A5100450278,Jun Chen,Springer - Nature Publishing Group,1
A5100450278,Jun Chen,Wolters Kluwer,1
A5100452041,Wei Zhang,Elsevier,1
A5100452041,Wei Zhang,PLoS,1
A5100452044,Wei Zhang,Taylor and Francis,1
A5100452376,Jing Wang,Elsevier,1
A5100453004,Fang Liu,Taylor and Francis,1
A5100453027,Fang Liu,Hindawi,1
A5100453027,Fang Liu,Springer - Nature Publishing Group,1
A5100453043,Fang Liu,Wiley,1
A5100453051,Fang Liu,Hindawi,1
A5100453070,Fang Liu,Elsevier - Cell Press,1
A5100453075,Fang Liu,IEEE: Institute of Electrical and Electronics Engineers,1
A5100453091,Fang Liu,Taylor and Francis,1
A5100453099,Fang Liu,Hindawi,1
A5100453114,Fang Liu,American Thoracic Society,2
A5100453114,Fang Liu,Royal Society of Chemistry (RSC),2
A5100453114,Fang Liu,SAGE Publications,1
A5100453114,Fang Liu,Wiley,1
A5100453115,Fang Liu,SAGE Publications,1
A5100453121,Fang Liu,Hindawi,1
A5100453122,Fang Liu,Hindawi,1
A5100453122,Fang Liu,IEEE: Institute of Electrical and Electronics Engineers,1
A5100453123,Fang Liu,Springer,1
A5100453126,Fang Liu,Hindawi,2
A5100453381,Tao Wang,Royal Society of Chemistry (RSC),1
A5100453396,Tao Wang,Springer - Biomed Central (BMC),3
A5100453396,Tao Wang,Elsevier,2
A5100453396,Tao Wang,Spandidos,1
A5100453396,Tao Wang,Taylor and Francis - Dove Press,1
A5100453405,Tao Wang,Springer - Nature Publishing Group,1
A5100453415,Tao Wang,Elsevier,1
A5100453429,Tao Wang,Hindawi,1
A5100453431,Tao Wang,Royal Society of Chemistry (RSC),1
A5100453450,Tao Wang,BMJ Publishing,1
A5100453450,Tao Wang,Wolters Kluwer,1
A5100453455,Tao Wang,Springer,1
A5100453495,Tao Wang,IOS Press (bought by Sage November 2023),1
A5100453495,Tao Wang,Springer,1
A5100453502,Tao Wang,Spandidos,1
A5100453525,Tao Wang,Springer - Biomed Central (BMC),1
A5100453530,Tao Wang,Springer - Biomed Central (BMC),1
A5100453570,Tao Wang,Springer,1
A5100453572,Tao Wang,Taylor and Francis,1
A5100453579,Tao Wang,IEEE: Institute of Electrical and Electronics Engineers,1
A5100453584,Tao Wang,Hindawi,1
A5100453599,Tao Wang,IEEE: Institute of Electrical and Electronics Engineers,1
A5100453627,Tao Wang,BioMed Central (BMC),1
A5100453630,Tao Wang,National Academy of Sciences (NAS),1
A5100453651,Tao Wang,American Chemical Society (ACS),1
A5100453659,Tao Wang,PLoS,1
A5100453659,Tao Wang,Springer,1
A5100453670,Tao Wang,SAGE Publications,1
A5100453671,Tao Wang,Hindawi,1
A5100453680,Tao Wang,Taylor and Francis - Dove Press,1
A5100453680,Tao Wang,Wolters Kluwer - Lippincott Williams & Wilkins,1
A5100453682,Tao Wang,Frontiers,1
A5100453688,Tao Wang,Cellular Physiol Biochem Press,1
A5100453700,Tao Wang,Royal Society of Chemistry (RSC),1
A5100453716,Tao Wang,Portland Press,1
A5100453732,Tao Wang,Hindawi,1
A5100453873,Wei Wang,Taylor and Francis - Dove Press,1
A5100453999,Jie Li,IEEE: Institute of Electrical and Electronics Engineers,1
A5100454002,Jie Liu,Taylor and Francis - Dove Press,1
A5100454004,Jie Liu,Springer,1
A5100454012,Jie Liu,Elsevier,1
A5100454028,Jie Liu,Hindawi,1
A5100454028,Jie Liu,PLoS,1
A5100454052,Jie Liu,IOP Publishing,1
A5100454057,Jie Liu,Royal Society of Chemistry (RSC),2
A5100454062,Jie Liu,Royal Society of Chemistry (RSC),1
A5100454086,Jie Liu,Hindawi,1
A5100454100,Jie Liu,IEEE: Institute of Electrical and Electronics Engineers,1
A5100454108,Jie Liu,Frontiers,1
A5100454108,Jie Liu,Wiley,1
A5100454119,Jie Liu,Taylor and Francis - Dove Press,2
A5100454119,Jie Liu,Impact Journals,1
A5100454130,Jie Liu,Hindawi,1
A5100454130,Jie Liu,Taylor and Francis - Dove Press,1
A5100454135,Jie Liu,Hindawi,1
A5100454138,Jie Liu,Royal Society of Chemistry (RSC),1
A5100454141,Jie Liu,Karger,1
A5100454161,Jie Liu,Mary Ann Liebert,1
A5100454165,Jie Liu,Hindawi,1
A5100454165,Jie Liu,Spandidos,1
A5100454165,Jie Liu,Springer,1
A5100454174,Jie Liu,Elsevier,2
A5100454174,Jie Liu,Nature Publishing Group,1
A5100454179,Jie Liu,Hindawi,1
A5100454183,Jie Liu,Elsevier,1
A5100454191,Jie Liu,IEEE: Institute of Electrical and Electronics Engineers,1
A5100454193,Jie Liu,Springer - Nature Publishing Group,1
A5100454196,Jie Liu,SAGE Publications,1
A5100454199,Jie Liu,Royal Society of Chemistry (RSC),2
A5100454199,Jie Liu,American Heart Association,1
A5100454206,Jie Liu,Hindawi,1
A5100454210,Jie Liu,Springer - Biomed Central (BMC),1
A5100454211,Jie Liu,Hindawi,2
A5100454227,Jie Liu,Hindawi,1
A5100454227,Jie Liu,Royal Society of Chemistry (RSC),1
A5100454227,Jie Liu,Wiley,1
A5100454242,Jie Li,IOS Press (bought by Sage November 2023),1
A5100454325,Jian Li,Taylor and Francis,1
A5100454845,Yan Wang,Spandidos,1
A5100455225,Tao Li,IOS Press (bought by Sage November 2023),1
A5100455247,Tao Li,Royal Society of Chemistry (RSC),1
A5100455248,Tao Li,Frontiers,1
A5100455273,Tao Li,Elsevier,1
A5100455275,Tao Li,Spandidos,2
A5100455286,Tao Li,Hindawi,1
A5100455290,Tao Li,PLoS,1
A5100455297,Tao Li,Hindawi,1
A5100455306,Tao Li,Elsevier,1
A5100455306,Tao Li,springer,1
A5100455312,Tao Li,Hindawi,3
A5100455312,Tao Li,Elsevier,2
A5100455312,Tao Li,Spandidos,1
A5100455340,Tao Li,EHP Publishing (NIEHS),1
A5100455340,Tao Li,Elsevier,1
A5100455340,Tao Li,Hindawi,1
A5100455340,Tao Li,Taylor and Francis,1
A5100455340,Tao Li,Taylor and Francis - Dove Press,1
A5100455353,Tao Li,Hindawi,1
A5100455353,Tao Li,Taylor and Francis - Dove Press,1
A5100455364,Tao Li,Hindawi,1
A5100455369,Tao Li,Elsevier,1
A5100455369,Tao Li,Frontiers,1
A5100455369,Tao Li,Taylor and Francis - Dove Press,1
A5100455376,Tao Li,Springer,1
A5100455382,Tao Li,Elsevier,1
A5100455391,Tao Li,Taylor and Francis,1
A5100455395,Tao Li,Hindawi,1
A5100455395,Tao Li,IOS Press (bought by Sage November 2023),1
A5100455395,Tao Li,PLoS,1
A5100455395,Tao Li,Taylor and Francis - Dove Press,1
A5100455398,Tao Li,Springer - Biomed Central (BMC),1
A5100455717,Fei Wang,Elsevier,1
A5100455717,Fei Wang,Hindawi,1
A5100455718,Fei Wang,IEEE: Institute of Electrical and Electronics Engineers,1
A5100455723,Fei Wang,Taylor and Francis - Dove Press,1
A5100455735,Fei Wang,Hindawi,1
A5100455737,Fei Wang,Royal Society of Chemistry (RSC),1
A5100455747,Fei Wang,IOS Press (bought by Sage November 2023),1
A5100455750,Fei Wang,Springer,1
A5100455758,Fei Wang,Hindawi,1
A5100455764,Fei Wang,Springer - Nature Publishing Group,1
A5100455768,Fei Wang,Hindawi,1
A5100455769,Fei Wang,Springer,1
A5100455775,Fei Wang,American Society of Plant Biologists,1
A5100455778,Fei Wang,IEEE: Institute of Electrical and Electronics Engineers,1
A5100455807,Fei Wang,American Society for Clinical Investigation,1
A5100455807,Fei Wang,Elsevier,1
A5100455824,Fei Wang,Hindawi,1
A5100455839,Fei Wang,Elsevier,1
A5100455845,Fei Wang,Hindawi,1
A5100455845,Fei Wang,Karger,1
A5100455845,Fei Wang,Wolters Kluwer,1
A5100455846,Fei Wang,Hindawi,1
A5100455849,Fei Wang,Hindawi,1
A5100455852,Fei Wang,Oxford University Press,1
A5100455866,Fei Wang,Wiley,1
A5100455868,Fei Wang,IEEE: Institute of Electrical and Electronics Engineers,2
A5100455874,Fei Wang,EDP Sciences,1
A5100455879,Fei Wang,Hindawi,2
A5100455896,Fei Wang,Hindawi,1
A5100455903,Fei Wang,IEEE: Institute of Electrical and Electronics Engineers,1
A5100455922,Fei Wang,Hindawi,2
A5100455932,Fei Wang,Wiley,1
A5100455958,Fei Wang,Hindawi,1
A5100455967,Fei Wang,IEEE: Institute of Electrical and Electronics Engineers,2
A5100455967,Fei Wang,Cellular Physiol Biochem Press,1
A5100455967,Fei Wang,Mary Ann Liebert,1
A5100456117,Yan Zhang,Hindawi,1
A5100456117,Yan Zhang,IOS Press (bought by Sage November 2023),1
A5100456117,Yan Zhang,Taylor and Francis,1
A5100456152,Yan Zhang,Wiley,1
A5100456165,Yan Zhang,SAGE Publications,1
A5100456175,Yan Zhang,Hindawi,1
A5100456180,Yan Zhang,Hindawi,1
A5100456193,Yan Zhang,Elsevier,1
A5100456195,Yan Zhang,Elsevier,1
A5100456227,Yan Zhang,American Medical Association,1
A5100456227,Yan Zhang,Taylor and Francis,1
A5100456245,Yan Zhang,Spandidos,1
A5100456258,Yan Zhang,Hindawi,1
A5100456287,Yan Zhang,Springer,1
A5100456297,Yan Zhang,Spandidos,1
A5100456303,Yan Zhang,IEEE: Institute of Electrical and Electronics Engineers,4
A5100456312,Yan Zhang,Elsevier - Cell Press,1
A5100456327,Yan Zhang,Elsevier,1
A5100456355,Yan Zhang,Hindawi,2
A5100456355,Yan Zhang,IEEE: Institute of Electrical and Electronics Engineers,1
A5100456367,Yan Zhang,Impact Journals,1
A5100456370,Yan Zhang,Hindawi,2
A5100456377,Yan Zhang,Hindawi,1
A5100456377,Yan Zhang,Springer - Nature Publishing Group,1
A5100456393,Yan Zhang,Springer - Biomed Central (BMC),1
A5100456437,Yan Zhang,Elsevier - Cell Press,1
A5100456437,Yan Zhang,Hindawi,1
A5100456445,Yan Zhang,Hindawi,1
A5100456460,Yan Zhang,Elsevier,1
A5100456460,Yan Zhang,IEEE: Institute of Electrical and Electronics Engineers,1
A5100456460,Yan Zhang,Wiley,1
A5100456472,Liang Wang,Wiley,1
A5100456473,Liang Wang,Hindawi,1
A5100456475,Liang Wang,Springer,1
A5100456492,Liang Wang,IEEE: Institute of Electrical and Electronics Engineers,1
A5100456514,Liang Wang,IEEE: Institute of Electrical and Electronics Engineers,1
A5100456518,Liang Wang,Hindawi,1
A5100456534,Liang Wang,Wiley,3
A5100456534,Liang Wang,BioMed Central (BMC),1
A5100456534,Liang Wang,Elsevier,1
A5100456534,Liang Wang,Hindawi,1
A5100456534,Liang Wang,PLoS,1
A5100456534,Liang Wang,Spandidos,1
A5100456567,Liang Wang,Springer - Biomed Central (BMC),2
A5100456567,Liang Wang,Elsevier,1
A5100456567,Liang Wang,Impact Journals,1
A5100456567,Liang Wang,Ivyspring International Publisher,1
A5100456567,Liang Wang,Spandidos,1
A5100456567,Liang Wang,Taylor and Francis,1
A5100456567,Liang Wang,Taylor and Francis - Dove Press,1
A5100456617,Liang Wang,Springer - Biomed Central (BMC),1
A5100457627,Wei Wang,IEEE: Institute of Electrical and Electronics Engineers,1
A5100457633,Wei Wang,Spandidos,1
A5100458776,Ying Wang,IEEE: Institute of Electrical and Electronics Engineers,1
A5100459980,Jun Yang,Hindawi,1
A5100459985,Jing Yang,Hindawi,2
A5100459985,Jing Yang,IEEE: Institute of Electrical and Electronics Engineers,1
A5100459997,Jing Yang,IEEE: Institute of Electrical and Electronics Engineers,1
A5100460140,Bo Zhang,BioMed Central (BMC),1
A5100460656,Hui Wang,Hindawi,1
A5100460666,Hui Wang,Springer - Biomed Central (BMC),1
A5100460682,Hui Wang,Taylor and Francis - Dove Press,1
A5100460717,Hui Wang,Hindawi,1
A5100460717,Hui Wang,PLoS,1
A5100460747,Hui Wang,Elsevier,1
A5100460750,Hui Wang,Wiley,1
A5100460757,Hui Wang,Hindawi,2
A5100460757,Hui Wang,Cellular Physiol Biochem Press,1
A5100460757,Hui Wang,Rockefeller University Press,1
A5100460770,Hui Wang,Hindawi,1
A5100460787,Hui Wang,Wiley,1
A5100460801,Hui Wang,Hindawi,1
A5100460802,Hui Wang,Wiley,1
A5100460823,Hui Wang,Elsevier,1
A5100460827,Hui Wang,BioMed Central (BMC),1
A5100460827,Hui Wang,Hindawi,1
A5100460840,Hui Wang,Hindawi,1
A5100460842,Hui Wang,Wiley,1
A5100460845,Hui Wang,Yonsei University College of Medicine,1
A5100460871,Hui Wang,Wiley,1
A5100460894,Hui Wang,Hindawi,1
A5100460897,Hui Wang,Hindawi,1
A5100460897,Hui Wang,Portland Press,1
A5100460913,Hui Wang,Hindawi,1
A5100460913,Hui Wang,SAGE Publications,1
A5100460915,Hui Wang,Springer,1
A5100460916,Hui Wang,PLoS,1
A5100460916,Hui Wang,SAGE Publications,1
A5100460917,Hui Wang,Hindawi,2
A5100460917,Hui Wang,Elsevier,1
A5100460917,Hui Wang,IEEE: Institute of Electrical and Electronics Engineers,1
A5100460917,Hui Wang,Springer,1
A5100460922,Hui Wang,Royal Society Publishing,1
A5100460922,Hui Wang,Springer - Biomed Central (BMC),1
A5100460922,Hui Wang,Springer - Nature Publishing Group,1
A5100460922,Hui Wang,Wiley,1
A5100460930,Hui Wang,Hindawi,1
A5100460935,Hui Wang,Hindawi,1
A5100460944,Hui Wang,Frontiers,1
A5100460953,Hui Wang,Elsevier,1
A5100460953,Hui Wang,IEEE: Institute of Electrical and Electronics Engineers,1
A5100460960,Hui Wang,ASPET: American Society for Pharmacology and Experimental Therapeutics,1
A5100460965,Hui Wang,Elsevier,1
A5100462701,Ying Li,"International Scientific Information, Inc",1
A5100528758,Yang Zhang,Springer - Nature Publishing Group,1
A5100528838,Jian Xu,Springer - Nature Publishing Group,1
A5100529729,Lin Wang,IEEE: Institute of Electrical and Electronics Engineers,2
A5100543776,Hong Zhang,IEEE: Institute of Electrical and Electronics Engineers,1
A5100552628,Li Bo,IOS Press (bought by Sage November 2023),1
A5100563378,Ming Li,IEEE: Institute of Electrical and Electronics Engineers,1
A5100577104,Ying Li,Wiley,1
A5100585858,Yan Zhang,IEEE: Institute of Electrical and Electronics Engineers,1
A5100591044,Hao Chen,IEEE: Institute of Electrical and Electronics Engineers,1
A5100597152,Jian Xu,Springer - Nature Publishing Group,1
A5100599411,Yan Li,Elsevier,1
A5100599720,Yi Wang,Hindawi,1
A5100599811,Hao Wang,Elsevier,1
A5100600022,Peng Li,IEEE: Institute of Electrical and Electronics Engineers,1
A5100600050,Qi Wang,IEEE: Institute of Electrical and Electronics Engineers,1
A5100600156,Feng Li,Taylor and Francis,1
A5100600233,Wei Li,Hindawi,1
A5100600473,Gang Wang,Springer - Nature Publishing Group,1
A5100600786,Jing Li,IEEE: Institute of Electrical and Electronics Engineers,1
A5100600960,Yan Li,PLoS,1
A5100600960,Yan Li,Spandidos,1
A5100600960,Yan Li,Taylor and Francis - Dove Press,1
A5100601412,Jun Li,Elsevier,6
A5100601665,Yan Li,IEEE: Institute of Electrical and Electronics Engineers,2
A5100601871,Tao Liu,Elsevier,1
A5100602098,Yi Wang,Hindawi,1
A5100602299,Jian Li,IEEE: Institute of Electrical and Electronics Engineers,2
A5100602753,Lei Zhang,IEEE: Institute of Electrical and Electronics Engineers,1
A5100602877,Fang Liu,Bentham Open,1
A5100603359,Hui Wang,IEEE: Institute of Electrical and Electronics Engineers,1
A5100603359,Hui Wang,Taylor and Francis,1
A5100603360,Hui Wang,IEEE: Institute of Electrical and Electronics Engineers,1
A5100603362,Hui Wang,IEEE: Institute of Electrical and Electronics Engineers,3
A5100603379,Jian Xu,Hindawi,1
A5100604078,Jie Zhang,Taylor and Francis,1
A5100604280,Wei Li,Springer - Nature Publishing Group,1
A5100604499,Hong Zhang,American Association of Immunologists,1
A5100604501,Hong Zhang,Canadian Science Publishing,1
A5100604501,Hong Zhang,Hindawi,1
A5100604633,Yong Wang,Elsevier,1
A5100606318,Lei Zhang,Elsevier,1
A5100606318,Lei Zhang,Springer,1
A5100606421,Feng Li,Hindawi,1
A5100606482,Yu Liu,IEEE: Institute of Electrical and Electronics Engineers,1
A5100606833,Jian Li,SPIE,1
A5100607116,Yong Zhang,Spandidos,1
A5100607850,Hong Li,Spandidos,1
A5100608080,Yan Wang,IEEE: Institute of Electrical and Electronics Engineers,1
A5100608084,Yan Wang,SAGE Publications,1
A5100608271,Min Wang,IEEE: Institute of Electrical and Electronics Engineers,1
A5100608566,Wei Liu,IEEE: Institute of Electrical and Electronics Engineers,1
A5100608695,Hui Wang,Hindawi,1
A5100608698,Hui Wang,IOS Press (bought by Sage November 2023),1
A5100609014,Wei Zhang,IEEE: Institute of Electrical and Electronics Engineers,1
A5100609297,Jun Chen,Wiley,1
A5100609768,Xin Li,IEEE: Institute of Electrical and Electronics Engineers,1
A5100609965,Fang Liu,PLoS,1
A5100609965,Fang Liu,Wiley,1
A5100609967,Fang Liu,IEEE: Institute of Electrical and Electronics Engineers,1
A5100609989,Lei Li,Wiley,1
A5100610356,Wei Wang,Wiley,1
A5100610570,Lei Wang,Hindawi,1
A5100611475,Lei Li,IEEE: Institute of Electrical and Electronics Engineers,1
A5100611652,Wei Liu,Elsevier,1
A5100611652,Wei Liu,Wiley,1
A5100611808,Lei Zhang,Elsevier,1
A5100611811,Lei Zhang,Spandidos,1
A5100612403,Xin Li,Hindawi,1
A5100612403,Xin Li,Springer,1
A5100612403,Xin Li,Wiley,1
A5100612612,Jin Zhang,IEEE: Institute of Electrical and Electronics Engineers,1
A5100612612,Jin Zhang,Springer,1
A5100612615,Zhang Jin,Hindawi,1
A5100612715,Yan Chen,Springer - Nature Publishing Group,1
A5100613541,Wei Li,IEEE: Institute of Electrical and Electronics Engineers,1
A5100613640,Yang Liu,SAGE Publications,1
A5100613817,Yu Zhang,Springer - Nature Publishing Group,1
A5100613817,Yu Zhang,Wiley,1
A5100613825,Yang Wang,Hindawi,1
A5100614363,Ming Li,Elsevier,1
A5100614547,Wei Zhang,Hindawi,1
A5100614945,Lei Zhang,Wiley,1
A5100615376,Jie Li,IEEE: Institute of Electrical and Electronics Engineers,1
A5100615869,Wei Liu,American Society for Microbiology,1
A5100615869,Wei Liu,Springer - Biomed Central (BMC),1
A5100616189,Lei Zhang,IEEE: Institute of Electrical and Electronics Engineers,1
A5100617006,Jie Chen,Hindawi,1
A5100617097,Jing Li,IEEE: Institute of Electrical and Electronics Engineers,1
A5100617401,Jun Lü,Hindawi,1
A5100617466,Wei Wang,Hindawi,1
A5100617513,Min Li,Elsevier,1
A5100617737,Zhang Hong,Hindawi,1
A5100617810,Yan Zhang,Wiley,1
A5100618270,Jian Wang,Nature Publishing Group,1
A5100618357,Yü Liu,Hindawi,1
A5100618357,Yü Liu,Springer - Nature Publishing Group,1
A5100618684,Min Zhang,IEEE: Institute of Electrical and Electronics Engineers,1
A5100618818,Wei Wang,IEEE: Institute of Electrical and Electronics Engineers,2
A5100619143,Jing Zhang,IEEE: Institute of Electrical and Electronics Engineers,1
A5100619511,Yan Wang,Elsevier,1
A5100620598,Yi Zhang,Cold Spring Harbor Laboratory Press,1
A5100620598,Yi Zhang,IEEE: Institute of Electrical and Electronics Engineers,1
A5100620601,Yi Zhang,IEEE: Institute of Electrical and Electronics Engineers,3
A5100620788,Wei Zhang,IEEE: Institute of Electrical and Electronics Engineers,1
A5100620971,Yang Zhang,Taylor and Francis - Dove Press,1
A5100621178,Wang Yu,Hindawi,1
A5100621208,Jing Zhang,Hindawi,1
A5100621214,Jing Zhang,Hindawi,1
A5100621214,Jing Zhang,Springer - Biomed Central (BMC),1
A5100621216,Jing Zhang,PLoS,1
A5100621216,Jing Zhang,Spandidos,1
A5100621420,Qian Wang,PLoS,1
A5100621763,Jing Chen,Hindawi,1
A5100621923,Lei Wang,Hindawi,1
A5100622343,Qian Zhang,Frontiers,1
A5100622379,Hao Chen,IOS Press (bought by Sage November 2023),1
A5100622691,Tao Wang,IEEE: Institute of Electrical and Electronics Engineers,1
A5100623113,Lei Zhang,Wolters Kluwer,1
A5100623290,Wei Zhang,IEEE: Institute of Electrical and Electronics Engineers,2
A5100623617,Jing Zhang,Hindawi,1
A5100623617,Jing Zhang,PLoS,1
A5100623617,Jing Zhang,Wiley,1
A5100623618,Jing Zhang,Elsevier - Cell Press,1
A5100623618,Jing Zhang,Frontiers,1
A5100624421,Bo Li,Elsevier,1
A5100624421,Bo Li,Mary Ann Liebert,1
A5100624421,Bo Li,Oxford University Press,1
A5100625037,Wei Zhang,Elsevier,2
A5100625120,Yan Liu,Portland Press,1
A5100625139,Jun Wang,IOS Press (bought by Sage November 2023),1
A5100625717,Yang Liu,SAGE Publications,1
A5100626316,Hui Zhang,Hindawi,1
A5100626318,Hui Zhang,SAGE Publications,1
A5100627148,Hui Li,Hindawi,1
A5100628078,Yang Wang,Hindawi,2
A5100628179,Jun Yang,Springer,1
A5100628350,Yang Li,IEEE: Institute of Electrical and Electronics Engineers,1
A5100628350,Yang Li,Taylor and Francis,1
A5100628741,Ying Wang,IEEE: Institute of Electrical and Electronics Engineers,1
A5100628874,Jie Wang,SAGE Publications,1
A5100628877,Jie Wang,Spandidos,1
A5100628923,Ying Wang,Hindawi,1
A5100629419,Juan Li,IEEE: Institute of Electrical and Electronics Engineers,1
A5100629622,Li Yang,Frontiers,1
A5100629688,Li Hui,IEEE: Institute of Electrical and Electronics Engineers,1
A5100629688,Li Hui,IOP Publishing,1
A5100629871,Jing Zhang,Wiley,1
A5100630077,Yong Zhang,Hindawi,1
A5100630417,Yi Wang,"International Scientific Information, Inc",1
A5100630417,Yi Wang,Springer,1
A5100630506,Yan Li,IEEE: Institute of Electrical and Electronics Engineers,1
A5100630518,Hao Wang,Hindawi,1
A5100630789,Jing Zhao,PLoS,1
A5100630793,Jing Zhao,Hindawi,1
A5100631094,Ying Liu,SAGE Publications,1
A5100631272,Tao Wang,Hindawi,1
A5100631575,Wang Yong,IEEE: Institute of Electrical and Electronics Engineers,1
A5100631609,Min Li,Frontiers,1
A5100631609,Min Li,IEEE: Institute of Electrical and Electronics Engineers,1
A5100632438,Tao Wang,American Society for Biochemistry and Molecular Biology (ASBMB),1
A5100632441,Tao Wang,Hindawi,1
A5100632441,Tao Wang,Oxford University Press,1
A5100632608,Hui Li,Dovepress,1
A5100632608,Hui Li,Springer - Nature Publishing Group,1
A5100632990,Jie Zhang,IEEE: Institute of Electrical and Electronics Engineers,1
A5100633358,Tao Zhang,Elsevier,1
A5100633559,Wang Jing,IEEE: Institute of Electrical and Electronics Engineers,1
A5100633560,Wang Jing,IEEE: Institute of Electrical and Electronics Engineers,1
A5100633636,Yan Liu,Oxford University Press,1
A5100634274,Yan Chen,Royal Society of Chemistry (RSC),1
A5100634513,Hui Li,Elsevier,1
A5100634516,Hui Li,Portland Press,1
A5100634568,Tao Wang,Hindawi,1
A5100635013,Jian Li,Wiley,1
A5100635758,Qian Zhang,Elsevier,1
A5100635758,Qian Zhang,IEEE: Institute of Electrical and Electronics Engineers,1
A5100635867,Jun Li,IEEE: Institute of Electrical and Electronics Engineers,1
A5100636014,Lin Wang,IEEE: Institute of Electrical and Electronics Engineers,1
A5100636568,Hong Zhang,IEEE: Institute of Electrical and Electronics Engineers,1
A5100636685,Gang Li,IEEE: Institute of Electrical and Electronics Engineers,1
A5100636688,Gang Li,IEEE: Institute of Electrical and Electronics Engineers,1
A5100637184,Wei Zhang,Springer,1
A5100637299,Yong Wang,Elsevier,1
A5100637532,Jin Wang,Springer,1
A5100637534,Jin Wang,Wiley,1
A5100638346,Xin Zhang,Mary Ann Liebert,1
A5100638756,Tao Zhang,IEEE: Institute of Electrical and Electronics Engineers,1
A5100638913,Jun Wang,Hindawi,1
A5100639134,Jian Zhang,IEEE: Institute of Electrical and Electronics Engineers,1
A5100639535,Jun Zhang,Hindawi,1
A5100640040,Yu Wang,IEEE: Institute of Electrical and Electronics Engineers,1
A5100640312,Yang Wang,Taylor and Francis,1
A5100640488,Yan Li,IEEE: Institute of Electrical and Electronics Engineers,2
A5100640543,Wei Zhang,Taylor and Francis,1
A5100640575,Yi Wang,IEEE: Institute of Electrical and Electronics Engineers,1
A5100641575,Yan Zhang,Springer - Nature Publishing Group,1
A5100641714,Wei Liu,IEEE: Institute of Electrical and Electronics Engineers,1
A5100641908,Lei Li,Springer,1
A5100642011,Yong Wang,Springer - Nature Publishing Group,1
A5100642015,Yong Wang,IEEE: Institute of Electrical and Electronics Engineers,1
A5100642363,Zhang Wei,IEEE: Institute of Electrical and Electronics Engineers,1
A5100642364,Wei Zhang,Springer,1
A5100642775,Hong Li,Spandidos,1
A5100642775,Hong Li,Springer,1
A5100642778,Hong Li,Springer - Biomed Central (BMC),1
A5100643197,Jing Wang,Spandidos,1
A5100643197,Jing Wang,Taylor and Francis - Dove Press,1
A5100643198,Jing Wang,Elsevier,2
A5100643198,Jing Wang,Mary Ann Liebert,1
A5100643198,Jing Wang,Spandidos,1
A5100643679,Yu Wang,Hindawi,1
A5100644473,Jing Zhao,Impact Journals,1
A5100644577,Wei Zhao,Springer - Biomed Central (BMC),2
A5100644577,Wei Zhao,Spandidos,1
A5100644648,Jun Zhang,Wiley,1
A5100645058,Chao Wang,Springer,1
A5100645122,Yan Li,Hindawi,1
A5100645927,Hao Chen,Springer - Biomed Central (BMC),1
A5100646609,Jing Li,Hindawi,1
A5100647065,Lei Liu,Elsevier,1
A5100647967,Lei Wang,IEEE: Institute of Electrical and Electronics Engineers,1
A5100648406,Tao Zhang,IEEE: Institute of Electrical and Electronics Engineers,1
A5100648406,Tao Zhang,IOP Publishing,1
A5100648727,Jie Li,Hindawi,1
A5100649033,Min Li,SAGE Publications,1
A5100649046,Bo Zhang,Elsevier,1
A5100649203,Wei Li,Hindawi,1
A5100649565,Rui Wang,IEEE: Institute of Electrical and Electronics Engineers,1
A5100649565,Rui Wang,IOS Press (bought by Sage November 2023),1
A5100649898,Peng Li,Hindawi,1
A5100650047,Jun Chen,Elsevier,1
A5100650122,Wei Liu,IEEE: Institute of Electrical and Electronics Engineers,1
A5100650306,Zhang Jun,Wiley,1
A5100650704,Xi Chen,Hindawi,1
A5100650728,Gang Li,IEEE: Institute of Electrical and Electronics Engineers,1
A5100650932,Xin Li,Hindawi,1
A5100651229,Yu Zhang,Springer,1
A5100651242,Jing Wang,Hindawi,1
A5100651434,Jian Zhang,IEEE: Institute of Electrical and Electronics Engineers,1
A5100652050,Yan Wang,IOS Press (bought by Sage November 2023),1
A5100652122,Ying Zhang,IEEE: Institute of Electrical and Electronics Engineers,1
A5100652124,Ying Zhang,Elsevier,1
A5100652493,Wei Wang,Hindawi,2
A5100652493,Wei Wang,Spandidos,1
A5100653025,Li Yan,Springer - Biomed Central (BMC),2
A5100653072,Yu Wang,Hindawi,1
A5100653142,Tao Wang,IEEE: Institute of Electrical and Electronics Engineers,1
A5100653154,Hao Wang,Wiley,1
A5100653327,Wei Zhang,IEEE: Institute of Electrical and Electronics Engineers,1
A5100653917,Feng Li,Taylor and Francis - Dove Press,1
A5100653920,Feng Li,Hindawi,1
A5100654694,Wei Wang,IEEE: Institute of Electrical and Electronics Engineers,1
A5100654977,Hui Li,Association for Computing Machinery (ACM),1
A5100654977,Hui Li,Hindawi,1
A5100655593,Ping Li,Portland Press,1
A5100655593,Ping Li,Spandidos,1
A5100656241,Jie Li,Hindawi,1
A5100656258,Hui Li,Springer - Nature Publishing Group,1
A5100656514,Dong‐Mei Wu,Elsevier,1
A5100656514,Dong‐Mei Wu,Impact Journals,1
A5100656515,Dong‐Mei Wu,Portland Press,2
A5100656515,Dong‐Mei Wu,Elsevier,1
A5100656515,Dong‐Mei Wu,Springer - Biomed Central (BMC),1
A5100656516,Dong‐Mei Wu,Cellular Physiol Biochem Press,3
A5100656516,Dong‐Mei Wu,AME Publishing Company,1
A5100656516,Dong‐Mei Wu,Springer - Biomed Central (BMC),1
A5100656519,Dongmei Wu,American Physiological Society,1
A5100656520,Dongmei Wu,Elsevier,1
A5100656520,Dongmei Wu,Elsevier - Cell Press,1
A5100656520,Dongmei Wu,IOS Press (bought by Sage November 2023),1
A5100656520,Dongmei Wu,Portland Press,1
A5100656521,Dongmei Wu,Elsevier,1
A5100656521,Dongmei Wu,SAGE Publications,1
A5100656671,Rui Zhang,American Heart Association,1
A5100657020,Yan Wang,Springer,1
A5100657770,Min Li,Springer,1
A5100658032,Lin Zhang,PLoS,1
A5100658729,Hui Li,Hindawi,1
A5100658983,Lei Li,Portland Press,1
A5100659048,Jing Chen,IEEE: Institute of Electrical and Electronics Engineers,1
A5100659048,Jing Chen,IOP Publishing,1
A5100659187,Lei Zhang,Springer - Biomed Central (BMC),1
A5100659190,Lei Zhang,Springer - Biomed Central (BMC),1
A5100659191,Lei Zhang,Frontiers,1
A5100659269,Yang Zhang,Hindawi,1
A5100659786,Yang Wang,Cellular Physiol Biochem Press,1
A5100659786,Yang Wang,Wiley,1
A5100659787,Yang Wang,Elsevier - Cell Press,1
A5100659803,Feng Li,Springer - Biomed Central (BMC),1
A5100659803,Feng Li,Taylor and Francis - Dove Press,1
A5100659919,Jie Chen,Portland Press,1
A5100659921,Jie Chen,Cognizant Communication Corporation,1
A5100660575,Jie Liu,IEEE: Institute of Electrical and Electronics Engineers,1
A5100660612,Fang Liu,Hindawi,1
A5100661252,Xin Li,IEEE: Institute of Electrical and Electronics Engineers,1
A5100661844,Tao Liu,Springer,1
A5100661902,Yi Zhang,Elsevier,1
A5100661902,Yi Zhang,IOS Press (bought by Sage November 2023),1
A5100661905,Yi Zhang,IEEE: Institute of Electrical and Electronics Engineers,1
A5100662033,Jing Wang,SAGE Publications,1
A5100662048,Jing Zhang,Hindawi,1
A5100662051,Jing Zhang,IEEE: Institute of Electrical and Electronics Engineers,1
A5100662539,Yang Wang,Elsevier,1
A5100662545,Yan Li,Cellular Physiol Biochem Press,1
A5100662545,Yan Li,Royal Society of Chemistry (RSC),1
A5100662583,Ming Li,Hindawi,1
A5100662642,Jie Zhang,IEEE: Institute of Electrical and Electronics Engineers,1
A5100663071,Wei Zhang,Hindawi,1
A5100663265,Hui Zhang,Hindawi,1
A5100663269,Hui Zhang,Association for Computing Machinery (ACM),1
A5100663269,Hui Zhang,IEEE: Institute of Electrical and Electronics Engineers,1
A5100663398,Wei Liu,Spandidos,1
A5100663398,Wei Liu,Taylor and Francis,1
A5100663497,Jun Li,Elsevier,1
A5100663508,Yan Liu,Springer - Nature Publishing Group,1
A5100663664,Wei Li,Hindawi,2
A5100663666,Li Wei,IOS Press (bought by Sage November 2023),1
A5100663910,Hui Zhang,Springer - Biomed Central (BMC),1
A5100664424,Jiantao Li,SPIE,1
A5100664579,Ping Zhang,IOS Press (bought by Sage November 2023),1
A5100664640,Gang Li,Elsevier - Cell Press,1
A5100664640,Gang Li,Society of Exploration Geophysicists,1
A5100664762,Wei Chen,Hindawi,1
A5100664884,Lei Zhang,IEEE: Institute of Electrical and Electronics Engineers,1
A5100664920,Wei Zhang,Portland Press,1
A5100664921,Wei Zhang,Springer,1
A5100664990,Wei Wang,IEEE: Institute of Electrical and Electronics Engineers,1
A5100665448,Bin Wang,PLoS,2
A5100665448,Bin Wang,Royal Society of Chemistry (RSC),1
A5100665534,Lei Wang,IOP Publishing,1
A5100665918,Yan Li,IEEE: Institute of Electrical and Electronics Engineers,1
A5100665918,Yan Li,SAGE Publications,1
A5100666580,Juan Li,IEEE: Institute of Electrical and Electronics Engineers,1
A5100666583,Juan Li,IEEE: Institute of Electrical and Electronics Engineers,1
A5100667354,Tao Liu,Hindawi,1
A5100667768,Tao Liu,Springer,1
A5100667879,Jin Wang,Spandidos,1
A5100668329,Yang Li,PLoS,1
A5100668542,Yang Wang,Wiley,1
A5100669407,Bo Zhang,Wiley,1
A5100670187,Xin Zhang,SAGE Publications,1
A5100670746,Wei Zhang,IEEE: Institute of Electrical and Electronics Engineers,1
A5100671514,Yan Li,Springer,1
A5100671570,Min Zhang,Springer - Biomed Central (BMC),1
A5100671580,Min Zhang,PLoS,3
A5100671580,Min Zhang,Wolters Kluwer,1
A5100671581,Min Zhang,PLoS,2
A5100671582,Min Zhang,Elsevier,1
A5100672023,Hui Zhang,IOS Press (bought by Sage November 2023),3
A5100672024,Hui Zhang,SAGE Publications,1
A5100673270,Yu Liu,IEEE: Institute of Electrical and Electronics Engineers,1
A5100673610,Lei Zhang,IEEE: Institute of Electrical and Electronics Engineers,1
A5100673613,Lei Zhang,Elsevier,1
A5100673842,Bin Zhang,Wiley,1
A5100674295,Ying Zhang,Wiley,1
A5100674304,Ying Zhang,Frontiers,1
A5100674305,Ying Zhang,Hindawi,1
A5100674472,Feng Li,Hindawi,1
A5100674651,Jun Liu,IOS Press (bought by Sage November 2023),1
A5100675481,Rui Zhang,American Chemical Society (ACS),1
A5100675481,Rui Zhang,Springer - Nature Publishing Group,1
A5100675611,Weijian Li,Wiley,1
A5100676060,Yang Liu,Canadian Science Publishing,1
A5100676213,Bo Li,Springer - Biomed Central (BMC),1
A5100676379,Gang Wang,Royal Society of Chemistry (RSC),1
A5100677390,Jun Liu,Elsevier,1
A5100677514,Hui Li,Hindawi,1
A5100677514,Hui Li,Springer - Nature Publishing Group,1
A5100677736,Yan Li,Hindawi,1
A5100678224,Jun Liu,IEEE: Institute of Electrical and Electronics Engineers,1
A5100678225,Jun Liu,IEEE: Institute of Electrical and Electronics Engineers,1
A5100678679,Hui Wang,IEEE: Institute of Electrical and Electronics Engineers,2
A5100679018,Yang Liu,Springer - Biomed Central (BMC),1
A5100679241,Jie Li,IOP Publishing,1
A5100679241,Jie Li,Springer,1
A5100679241,Jie Li,Trans Tech Publications Ltd,1
A5100679836,Tao Liu,Springer - Biomed Central (BMC),1
A5100680426,Jian Zhang,Optica (formerly Optical Society of America -OSA-),1
A5100680432,Jian Zhang,Hindawi,1
A5100680432,Jian Zhang,Spandidos,1
A5100680659,Jing Zhang,Springer,1
A5100681652,Jing Wang,IEEE: Institute of Electrical and Electronics Engineers,1
A5100681666,Hui Zhang,IEEE: Institute of Electrical and Electronics Engineers,1
A5100681768,Yan Li,Cellular Physiol Biochem Press,1
A5100682321,Yang Liu,BioMed Central (BMC),1
A5100682321,Yang Liu,PLoS,1
A5100682444,Jie Liu,IOP Publishing,1
A5100682556,Qian Zhang,AME Publishing Company,1
A5100682902,Jun Wang,ComSIS Consortium,1
A5100683583,Wei Li,SPIE,1
A5100683594,Tao Zhang,Hindawi,1
A5100683792,Yong Wang,Hindawi,1
A5100684023,Jie Li,Royal Society of Chemistry (RSC),1
A5100684101,Wei Zhang,Elsevier,2
A5100684101,Wei Zhang,Portland Press,1
A5100684101,Wei Zhang,Wiley,1
A5100684105,Wei Zhang,Hindawi,1
A5100685148,Wei Zhang,Hindawi,1
A5100685294,Lin Wang,Taylor and Francis,1
A5100685327,Yan Li,Elsevier,1
A5100685327,Yan Li,Taylor and Francis,1
A5100685454,Wei Zhang,Hindawi,1
A5100685813,Hui Zhang,Wiley,1
A5100685860,Nan Li,IEEE: Institute of Electrical and Electronics Engineers,1
A5100685953,Wei Li,American Chemical Society (ACS),1
A5100686093,Jun Wang,Hindawi,1
A5100686100,Jun Wang,Taylor and Francis,1
A5100686366,Xin Zhang,Springer - Nature Publishing Group,1
A5100686671,Jian Wang,IEEE: Institute of Electrical and Electronics Engineers,1
A5100686671,Jian Wang,IOP Publishing,1
A5100687082,Min Li,BioMed Central (BMC),1
A5100687290,Jian Li,Hindawi,1
A5100687713,Jing Liu,Taylor and Francis,1
A5100687713,Jing Liu,Wiley,1
A5100687913,Qiang Li,ASTM International,1
A5100688135,Jun Wang,IEEE: Institute of Electrical and Electronics Engineers,1
A5100688193,Hao Wang,Hindawi,1
A5100688303,Yan Li,Elsevier,1
A5100688318,Bo Li,IEEE: Institute of Electrical and Electronics Engineers,2
A5100688594,Ming Li,IEEE: Institute of Electrical and Electronics Engineers,1
A5100688670,Gang Wang,Wiley,1
A5100688680,Wei Zhang,Frontiers,1
A5100688686,Wei Zhang,Spandidos,1
A5100688686,Wei Zhang,Taylor and Francis - Dove Press,1
A5100688689,Wei Zhang,Hindawi,1
A5100688707,Wei Zhao,Hindawi,1
A5100688707,Wei Zhao,Wolters Kluwer - Lippincott Williams & Wilkins,1
A5100688853,Wei Wang,Hindawi,1
A5100688855,Wei Wang,Hindawi,1
A5100688958,Zhang Hui,IEEE: Institute of Electrical and Electronics Engineers,1
A5100689303,Yan Li,Hindawi,1
A5100689605,Min Wang,Springer,1
A5100689763,Wei Li,Hindawi,1
A5100689770,Wei Li,Hindawi,1
A5100689770,Wei Li,IOP Publishing,1
A5100690398,Ping Zhang,Portland Press,1
A5100690769,Wang Feng,Elsevier,1
A5100691319,Jun Li,ASTM International,1
A5100691466,Ping Zhang,IEEE: Institute of Electrical and Electronics Engineers,1
A5100691473,Ping Zhang,Hindawi,1
A5100692029,Wei Wang,Elsevier,1
A5100692440,Feng Wang,IEEE: Institute of Electrical and Electronics Engineers,1
A5100692555,Wei Li,Hindawi,1
A5100693170,Hui Li,IOS Press (bought by Sage November 2023),1
A5100693303,Jing Wang,Wiley,1
A5100693703,Yang Liu,Elsevier,1
A5100694048,Wang Qi,IEEE: Institute of Electrical and Electronics Engineers,2
A5100694290,Lei Wang,Hindawi,1
A5100694293,Wei Zhang,IEEE: Institute of Electrical and Electronics Engineers,1
A5100695272,Yan Li,Wiley,2
A5100695272,Yan Li,Frontiers,1
A5100695272,Yan Li,PLoS,1
A5100695629,Jing Wang,Hindawi,1
A5100695670,Yang Li,Hindawi,1
A5100696289,Bo Li,Elsevier,1
A5100696824,Jian Wang,IEEE: Institute of Electrical and Electronics Engineers,1
A5100696828,Jian Wang,Springer,1
A5100696862,Jun Li,Springer,1
A5100697102,Wei Li,Elsevier,1
A5100697144,Jie Zhang,IEEE: Institute of Electrical and Electronics Engineers,1
A5100697693,Jing Yang,Taylor and Francis - Dove Press,1
A5100697861,Wei Wang,IEEE: Institute of Electrical and Electronics Engineers,1
A5100699718,Jing Wang,Elsevier,1
A5100699829,Wei Zhang,Springer - Nature Publishing Group,1
A5100699976,Jing Zhang,Elsevier,1
A5100699977,Jing Zhang,Hindawi,1
A5100699981,Jing Zhang,Hindawi,1
A5100702595,Ling Wang,Hindawi,1
A5100703011,Xin Li,Hindawi,1
A5100703074,Ping Wang,Springer - Biomed Central (BMC),1
A5100703080,Hui Li,Frontiers,1
A5100703128,Yong Wang,Wiley,1
A5100703131,Yong Wang,Spandidos,1
A5100703373,Wei Zhang,IEEE: Institute of Electrical and Electronics Engineers,2
A5100703493,Hui Zhang,"International Scientific Information, Inc",1
A5100703541,Wei Wang,Hindawi,1
A5100703836,Ling Wang,Springer,1
A5100703840,Ling Wang,Hindawi,1
A5100704177,Jin Zhang,IEEE: Institute of Electrical and Electronics Engineers,1
A5100704259,Xin Zhang,IEEE: Institute of Electrical and Electronics Engineers,1
A5100704992,Yang Wang,Springer,1
A5100705424,Jian Zhang,Hindawi,1
A5100705783,Yu Wang,PLoS,1
A5100706289,Jinli Zhang,IEEE: Institute of Electrical and Electronics Engineers,2
A5100706529,Rui Wang,IOP Publishing,1
A5100707081,Ying Wang,Elsevier,1
A5100707101,Yu Zhang,IOS Press (bought by Sage November 2023),1
A5100707577,Wang Jing,SAGE Publications,1
A5100707750,Yu Zhang,Elsevier,1
A5100707955,Hui Li,Hindawi,1
A5100708580,Yan Li,Taylor and Francis - Dove Press,2
A5100708680,Yong Zhang,PLoS,1
A5100709844,Dan Wang,Wiley,1
A5100710018,Ying Li,IEEE: Institute of Electrical and Electronics Engineers,1
A5100710202,Jing Zhang,Springer,1
A5100710279,Jian Li,Hindawi,1
A5100710279,Jian Li,Scientific.net,1
A5100710906,Wei Zhang,Impact Journals,1
A5100711101,Qiang Li,Springer,1
A5100711118,Qiang Li,IEEE: Institute of Electrical and Electronics Engineers,1
A5100711316,Yan Li,Spandidos,1
A5100711847,Chen Jie,SAGE Publications,1
A5100711850,Jie Chen,Hindawi,1
A5100712373,Yan Chen,Elsevier,1
A5100712374,Yan Chen,Wiley,1
A5100712376,Yan Chen,Hindawi,1
A5100712376,Yan Chen,Spandidos,1
A5100712378,Yan Chen,Elsevier,1
A5100712514,Chao Wang,IEEE: Institute of Electrical and Electronics Engineers,1
A5100713489,Min Li,Hindawi,1
A5100714117,Jian Wang,IEEE: Institute of Electrical and Electronics Engineers,1
A5100714128,Jing Chen,American Physiological Society,1
A5100714128,Jing Chen,Portland Press,1
A5100714128,Jing Chen,Taylor and Francis,1
A5100714129,Jing Chen,Elsevier,1
A5100714218,Qi Wang,Elsevier,1
A5100714578,Yang Wang,"International Scientific Information, Inc",1
A5100715317,Yong Zhang,Hindawi,1
A5100715317,Yong Zhang,IEEE: Institute of Electrical and Electronics Engineers,1
A5100715414,Hui Zhang,Hindawi,1
A5100716051,Ying Zhang,Hindawi,1
A5100716709,Dan Wang,Springer,1
A5100716770,Wei Li,Hindawi,1
A5100716772,Wei Li,IEEE: Institute of Electrical and Electronics Engineers,1
A5100716777,Wei Li,IOS Press (bought by Sage November 2023),1
A5100716886,Ying Liu,Taylor and Francis,1
A5100717825,Yi Wang,Hindawi,1
A5100717978,Jin Zhang,IEEE: Institute of Electrical and Electronics Engineers,1
A5100718284,Xi Chen,Hindawi,1
A5100718998,Wei Wang,IEEE: Institute of Electrical and Electronics Engineers,1
A5100719016,Min Li,SAGE Publications,1
A5100719254,Wei Chen,Springer,1
A5100719328,Lei Zhang,IEEE: Institute of Electrical and Electronics Engineers,1
A5100719335,Jie Li,Hindawi,2
A5100719335,Jie Li,Springer - Nature Publishing Group,1
A5100719808,Hao Chen,PLoS,1
A5100719808,Hao Chen,Springer,1
A5100720060,Jing Zhang,Hindawi,1
A5100720490,Gang Wang,IOS Press (bought by Sage November 2023),1
A5100720766,Qiang Li,Springer - Nature Publishing Group,1
A5100721167,Chao Wang,SAGE Publications,1
A5100721619,Yi Wang,Springer - Nature Publishing Group,1
A5100721699,Xi Chen,IEEE: Institute of Electrical and Electronics Engineers,1
A5100721764,Min Wang,Hindawi,1
A5100721766,Min Wang,SAGE Publications,1
A5100722246,Jie Zhang,Hindawi,1
A5100722310,Wei Liu,IEEE: Institute of Electrical and Electronics Engineers,1
A5100722569,Jun Chen,IEEE: Institute of Electrical and Electronics Engineers,1
A5100722789,Bin Liu,Wiley,1
A5100722980,Wei Zhao,Springer - Biomed Central (BMC),1
A5100722980,Wei Zhao,Wiley,1
A5100723045,Yan Li,Hindawi,1
A5100723246,Wei Wang,Spandidos,1
A5100723310,Yan Li,Bentham Open,1
A5100724709,Yang Wang,IEEE: Institute of Electrical and Electronics Engineers,1
A5100725601,Jing Liu,Hindawi,1
A5100725736,Zhang Bin,Hindawi,1
A5100726190,Jing Li,Wiley,1
A5100726408,Wei Wang,IEEE: Institute of Electrical and Electronics Engineers,2
A5100726586,Ying Wang,Hindawi,1
A5100727225,Hong Zhang,IEEE: Institute of Electrical and Electronics Engineers,1
A5100727231,Jing Zhang,IEEE: Institute of Electrical and Electronics Engineers,1
A5100727476,Yan Wang,Taylor and Francis,1
A5100727545,Wei Zhang,Hindawi,1
A5100727785,Bin Liu,Hindawi,1
A5100729293,Yan Liu,Hindawi,1
A5100729465,Bin Wang,Wiley,1
A5100729663,Hao Wang,Spandidos,1
A5100730402,Wei Zhang,Taylor and Francis - Dove Press,1
A5100730407,Wei Zhang,Elsevier - Cell Press,1
A5100730489,Xin Li,Springer,1
A5100730844,Yu Wang,Frontiers,1
A5100730844,Yu Wang,Springer,1
A5100730951,Wei Chen,Hindawi,1
A5100731014,Hui Wang,De Gruyter,1
A5100731323,Lei Zhang,IEEE: Institute of Electrical and Electronics Engineers,2
A5100731925,Yang Zhang,IOP Publishing,1
A5100731973,Jin Wang,Frontiers,1
A5100732073,Hui Wang,IOS Press (bought by Sage November 2023),1
A5100733367,Yong Wang,IEEE: Institute of Electrical and Electronics Engineers,1
A5100733463,Li Yang,Spandidos,1
A5100733463,Li Yang,Springer,1
A5100733485,Hui Li,Royal Society of Chemistry (RSC),1
A5100733485,Hui Li,Spandidos,1
A5100733607,Lei Zhang,Royal Society of Chemistry (RSC),1
A5100733607,Lei Zhang,SAGE Publications,1
A5100733607,Lei Zhang,Wiley,1
A5100733647,Bin Wang,IEEE: Institute of Electrical and Electronics Engineers,1
A5100733648,Bin Wang,IEEE: Institute of Electrical and Electronics Engineers,1
A5100733648,Bin Wang,Taylor and Francis,1
A5100734132,Hui Wang,Elsevier,1
A5100734534,Yi Wang,Hindawi,1
A5100734695,Yi Wang,IEEE: Institute of Electrical and Electronics Engineers,1
A5100734749,Jun Wang,Wiley,1
A5100735068,Lei Wang,IEEE: Institute of Electrical and Electronics Engineers,1
A5100735068,Lei Wang,IOP Publishing,1
A5100735424,Tao Zhang,Wiley,1
A5100735511,Lin Wang,American Society for Microbiology,1
A5100735527,Jin Zhang,Hindawi,1
A5100735570,Yan Zhang,Springer,1
A5100736091,Xin Wang,Elsevier,1
A5100736588,Yan Li,Wiley,1
A5100737055,Dan Wang,Wiley,1
A5100737361,Wei Zhang,Wiley,1
A5100738282,Wei Zhang,Wiley,1
A5100739666,Jian Xu,Wiley,1
A5100740183,Wei Zhang,IEEE: Institute of Electrical and Electronics Engineers,1
A5100740585,Ying Zhang,Elsevier,1
A5100740616,Wei Chen,IEEE: Institute of Electrical and Electronics Engineers,1
A5100740712,Yu Wang,De Gruyter,1
A5100741318,Ping Li,IEEE: Institute of Electrical and Electronics Engineers,1
A5100741396,Feng Wang,Cognizant Communication Corporation,1
A5100741399,Feng Wang,Springer - Biomed Central (BMC),2
A5100741399,Feng Wang,PLoS,1
A5100741429,Lei Zhang,Cellular Physiol Biochem Press,1
A5100741429,Lei Zhang,IEEE: Institute of Electrical and Electronics Engineers,1
A5100741429,Lei Zhang,Royal Society of Chemistry (RSC),1
A5100742518,Wei Zhang,Hindawi,1
A5100742701,Jian Li,Spandidos,1
A5100743523,Bo Li,Springer - Nature Publishing Group,1
A5100743731,Jun Lü,Wiley,1
A5100743733,Jun Lu,Hindawi,1
A5100744459,Min Zhang,Elsevier,1
A5100744890,Dan Li,Hindawi,1
A5100744919,Feng Li,IEEE: Institute of Electrical and Electronics Engineers,1
A5100745330,Yi Wang,IOS Press (bought by Sage November 2023),1
A5100745734,Qian Li,IEEE: Institute of Electrical and Electronics Engineers,1
A5100745736,Qian Li,SAGE Publications,1
A5100745809,Lin Wang,IEEE: Institute of Electrical and Electronics Engineers,1
A5100746534,Feng Li,Impact Journals,1
A5100747473,Jun Zhang,Spandidos,1
A5100747588,Lei Zhang,IEEE: Institute of Electrical and Electronics Engineers,1
A5100748083,Jing Zhang,Springer,1
A5100748083,Jing Zhang,Taylor and Francis - Dove Press,1
A5100749250,Tao Liu,Elsevier,1
A5100749251,Tao Liu,Elsevier,1
A5100749424,Qian Li,Elsevier,1
A5100749688,Wei Wang,Spandidos,2
A5100749688,Wei Wang,Taylor and Francis - Dove Press,1
A5100750037,Yu Zhang,IEEE: Institute of Electrical and Electronics Engineers,1
A5100750171,Min Zhang,Elsevier,1
A5100750217,Gang Li,Wiley,1
A5100750703,Li Min,Frontiers,1
A5100750703,Li Min,Mary Ann Liebert,1
A5100750703,Li Min,Springer,1
A5100751021,Wei Li,Spandidos,1
A5100751413,Lei Zhang,IEEE: Institute of Electrical and Electronics Engineers,1
A5100751792,Feng Wang,Hindawi,1
A5100752314,Min Zhang,Wiley,1
A5100752421,Jian Zhang,Elsevier,1
A5100752983,Bin Wang,Hindawi,1
A5100753238,Jing Yang,Hindawi,2
A5100753238,Jing Yang,IEEE: Institute of Electrical and Electronics Engineers,1
A5100753238,Jing Yang,IOS Press (bought by Sage November 2023),1
A5100753509,Qian Li,Hindawi,1
A5100753720,Jie Zhang,IEEE: Institute of Electrical and Electronics Engineers,1
A5100754578,Lei Li,Cellular Physiol Biochem Press,1
A5100754647,Li Yan,Springer - Nature Publishing Group,1
A5100754823,Wei Zhang,IEEE: Institute of Electrical and Electronics Engineers,2
A5100754828,Yan Zhang,Springer,1
A5100754832,Yan Zhang,Hindawi,1
A5100755246,Lin Wang,BioMed Central (BMC),1
A5100755889,Jun Li,IEEE: Institute of Electrical and Electronics Engineers,1
A5100756296,Jian Wang,American Chemical Society (ACS),1
A5100756547,Lei Zhang,IOS Press (bought by Sage November 2023),1
A5100756550,Lei Zhang,PLoS,1
A5100756634,Wei Zhang,Springer,1
A5100756636,Wei Zhang,Hindawi,1
A5100756636,Wei Zhang,IOS Press (bought by Sage November 2023),1
A5100756874,Wei Zhang,IEEE: Institute of Electrical and Electronics Engineers,1
A5100757098,Jing Zhang,Hindawi,1
A5100757101,Jing Zhang,Springer - Nature Publishing Group,1
A5100757663,Lei Wang,Springer,1
A5100757663,Lei Wang,Taylor and Francis,1
A5100757668,Lei Wang,Spandidos,1
A5100757744,Yang Li,Springer,1
A5100757983,Yan Chen,IEEE: Institute of Electrical and Electronics Engineers,1
A5100757983,Yan Chen,PLoS,1
A5100758062,Jian Wang,Hindawi,1
A5100758062,Jian Wang,Wiley,1
A5100758169,Bo Li,Springer,1
A5100758204,Min Li,Royal Society of Chemistry (RSC),1
A5100758537,Yi Zhang,Taylor and Francis - Dove Press,1
A5100758858,Fang Wang,Scientific.net,1
A5100758864,Wei Liu,Portland Press,1
A5100758871,Wei Liu,Frontiers,1
A5100759077,Jing Wang,IEEE: Institute of Electrical and Electronics Engineers,1
A5100759077,Jing Wang,IOP Publishing,1
A5100759204,Wei Liu,Hindawi,1
A5100759346,Lei Wang,IEEE: Institute of Electrical and Electronics Engineers,1
A5100759634,Jun Wang,MDPI,1
A5100760409,Li Yan,IEEE: Institute of Electrical and Electronics Engineers,1
A5100760638,Ling Wang,Taylor and Francis,1
A5100760704,Yang Li,Springer - Nature Publishing Group,1
A5100760756,Wei Liu,Hindawi,1
A5100760835,Jun Liu,Hindawi,1
A5100761191,Qian Wang,IEEE: Institute of Electrical and Electronics Engineers,1
A5100761365,Wei Zhang,Taylor and Francis - Dove Press,1
A5100761366,Hui Li,Elsevier,1
A5100761374,Hui Li,Wiley,1
A5100763925,Xin Zhang,Mary Ann Liebert,1
A5100765021,Lei Zhang,IOP Publishing,1
A5100765200,Jing Wang,Cellular Physiol Biochem Press,2
A5100765200,Jing Wang,Taylor and Francis,1
A5100765863,Wei Wang,SAGE Publications,1
A5100766053,Jiän Zhang,PLoS,1
A5100766053,Jiän Zhang,Taylor and Francis - Dove Press,1
A5100766062,Bin Wang,Springer,1
A5100766149,Yu Zhang,IEEE: Institute of Electrical and Electronics Engineers,1
A5100766197,Бо Лі,Taylor and Francis,1
A5100766586,Dan Liú,IEEE: Institute of Electrical and Electronics Engineers,1
A5100767367,Bin Liu,American Society for Biochemistry and Molecular Biology (ASBMB),1
A5100767367,Bin Liu,Frontiers,1
A5100767367,Bin Liu,Impact Journals,1
A5100767367,Bin Liu,Springer,1
A5100767367,Bin Liu,Taylor and Francis - Dove Press,1
A5100767367,Bin Liu,Wiley,1
A5100767435,Feng Li,Springer,1
A5100767665,Bin Wang,Elsevier,1
A5100767849,Lei Zhang,Elsevier - Cell Press,1
A5100767888,Yang Li,IEEE: Institute of Electrical and Electronics Engineers,1
A5100768349,Xu Jian,Hindawi,1
A5100768472,Feng Wang,Springer - Biomed Central (BMC),1
A5100768936,Jian Wang,IOS Press (bought by Sage November 2023),1
A5100769024,Hao Wang,Portland Press,1
A5100769024,Hao Wang,Wiley,1
A5100770129,Xin Wang,IEEE: Institute of Electrical and Electronics Engineers,1
A5100771044,Zhang Yi,PLoS,1
A5100771047,Zhang Yi,SAGE Publications,1
A5100772167,Xin Li,PLoS,1
A5100772205,Bo Li,Springer,1
A5100772254,Yan Liu,IEEE: Institute of Electrical and Electronics Engineers,1
A5100772356,Wei Wang,Hindawi,1
A5100772694,Jie Wang,Wiley,1
A5100772766,Weimin Qi,Taylor and Francis,1
A5100773035,Yan Li,Taylor and Francis,1
A5100773313,Yi Wang,Hindawi,1
A5100773352,Jian Wang,IEEE: Institute of Electrical and Electronics Engineers,1
A5100773459,Chao Wang,Hindawi,1
A5100773675,Hui Li,Wiley,1
A5100773796,Hao Zhang,Portland Press,1
A5100773874,Bo Li,Hindawi,1
A5100774126,Lin Zhang,Hindawi,1
A5100774472,Wei Li,Spandidos,1
A5100775905,Jing Li,Hindawi,1
A5100775907,Jing Li,IEEE: Institute of Electrical and Electronics Engineers,1
A5100775910,Jing Li,Springer - Nature Publishing Group,1
A5100776230,Wei Liu,American Chemical Society (ACS),1
A5100776276,Li Wei,Springer,1
A5100776413,Yu Liu,Wolters Kluwer - Lippincott Williams & Wilkins,1
A5100777320,Yan Zhang,Frontiers,1
A5100777320,Yan Zhang,PLoS,1
A5100777320,Yan Zhang,Springer,1
A5100778012,Ying Liu,Hindawi,1
A5100778176,Min Li,Elsevier,1
A5100779495,Rui Zhang,IEEE: Institute of Electrical and Electronics Engineers,1
A5100779597,Li Jun,SAGE Publications,2
A5100779699,Hong Li,Hindawi,1
A5100779879,Yan Wang,IEEE: Institute of Electrical and Electronics Engineers,1
A5100779893,Yi Wang,Taylor and Francis,1
A5100780163,Wei Liu,IEEE: Institute of Electrical and Electronics Engineers,1
A5100780396,Jing Yang,IEEE: Institute of Electrical and Electronics Engineers,1
A5100780397,Jing Yang,Taylor and Francis - Dove Press,1
A5100780576,Jie Li,IEEE: Institute of Electrical and Electronics Engineers,1
A5100780609,Lei Zhang,Elsevier,1
A5100780609,Lei Zhang,Portland Press,1
A5100780609,Lei Zhang,Springer - Biomed Central (BMC),1
A5100780612,Lei Zhang,Karger,1
A5100780731,Yong Wang,Springer,1
A5100780965,Tao Wang,SAGE Publications,1
A5100781379,Wei Zhang,Spandidos,1
A5100781382,Wei Zhang,Hindawi,2
A5100781382,Wei Zhang,Spandidos,1
A5100781635,Liu Yang,Wiley,1
A5100781638,Yang Liu,Elsevier,1
A5100782513,Lei Zhang,Hindawi,1
A5100782738,Ying Liu,IEEE: Institute of Electrical and Electronics Engineers,1
A5100782738,Ying Liu,Springer - Nature Publishing Group,1
A5100782741,Ying Liu,IEEE: Institute of Electrical and Electronics Engineers,1
A5100783084,Lin Wang,Springer,1
A5100783106,Jing Chen,Hindawi,1
A5100783183,Yang Wang,Wiley,1
A5100783301,Hong Zhang,ASTM International,1
A5100784036,Jun Chen,Elsevier,1
A5100784213,Yi Wang,IOP Publishing,1
A5100784324,Li Yang,Spandidos,1
A5100784365,Jing Wang,IEEE: Institute of Electrical and Electronics Engineers,1
A5100784754,Yang Wang,Cellular Physiol Biochem Press,1
A5100784754,Yang Wang,Wiley,1
A5100784853,Yang Wang,IEEE: Institute of Electrical and Electronics Engineers,1
A5100784878,Li Peng,Hindawi,1
A5100784878,Li Peng,Impact Journals,1
A5100785029,Wei Li,IOP Publishing,1
A5100785034,Wei Li,IEEE: Institute of Electrical and Electronics Engineers,1
A5100785059,Yan Wang,Elsevier,1
A5100785565,Yan Wang,IEEE: Institute of Electrical and Electronics Engineers,1
A5100786107,Jin Wang,Hindawi,1
A5100786294,Xin Wang,Wiley,1
A5100786356,Min Li,Association for Computing Machinery (ACM),1
A5100786654,Liang Wang,Springer,1
A5100814407,Lin Zhang,IEEE: Institute of Electrical and Electronics Engineers,1
A5100864739,Wei Zhao,Association for Computing Machinery (ACM),1
A5100870097,Lin Zhang,Elsevier,1
A5100889587,Yong Zhang,IEEE: Institute of Electrical and Electronics Engineers,1
A5100936798,Hong Li,IEEE: Institute of Electrical and Electronics Engineers,1
A5100939128,Yu Wang,IEEE: Institute of Electrical and Electronics Engineers,1
A5100945082,Feng Li,IEEE: Institute of Electrical and Electronics Engineers,1
A5100964711,Jie Wang,Taylor and Francis,1
A5101069784,Yang Liu,Springer,1
A5101216405,Yu Wang,PLoS,1
A5101232791,Yu Zhang,IEEE: Institute of Electrical and Electronics Engineers,1
A5101336186,Qian Zhang,Springer - Nature Publishing Group,1
A5101397149,Lei Zhang,Hindawi,1
A5101398880,Yang Wang,Springer - Nature Publishing Group,1
A5101403419,Qiang Li,Wiley,1
A5101404761,Yong Wang,Elsevier,2
A5101404761,Yong Wang,Springer,1
A5101407394,Yong Zhang,PLoS,1
A5101407825,Yan Liu,Tech Science Press,1
A5101408176,Jian Xu,Spandidos,1
A5101410620,Jing Liu,Springer,1
A5101412123,Bo Wang,Springer,1
A5101412124,Bo Wang,SAGE Publications,1
A5101413915,Min Wang,Hindawi,1
A5101416744,Jing Wang,Cognizant Communication Corporation,1
A5101421438,Wang Xin,Wiley,1
A5101423040,Qian Wang,Springer,1
A5101423831,Wei Zhang,Hindawi,1
A5101423831,Wei Zhang,Springer - Nature Publishing Group,1
A5101425694,Wei Zhao,Hindawi,1
A5101426633,Jing Chen,IEEE: Institute of Electrical and Electronics Engineers,1
A5101427524,Hui Li,Hindawi,1
A5101436377,Jing Li,Elsevier,1
A5101439529,Yu Wang,Hindawi,1
A5101443601,Yong Wang,Hindawi,1
A5101443725,Jing Chen,SAGE Publications,1
A5101444599,Qian Zhang,Hindawi,1
A5101445946,Bo Wang,IEEE: Institute of Electrical and Electronics Engineers,2
A5101446655,Jing Liu,Taylor and Francis - Dove Press,2
A5101446655,Jing Liu,Termedia Publishing,1
A5101446656,Jing Liu,Hindawi,1
A5101446656,Jing Liu,Springer,1
A5101449729,Xin Li,Hindawi,1
A5101453769,Jie Li,Frontiers,1
A5101455300,Wei Zhao,IEEE: Institute of Electrical and Electronics Engineers,2
A5101458603,Feng Li,Hindawi,1
A5101458953,Jie Liu,IEEE: Institute of Electrical and Electronics Engineers,1
A5101459862,Wei Li,SPIE,1
A5101467140,Jie Zhang,Wiley,1
A5101468387,Yang Wang,Springer - Nature Publishing Group,1
A5101473351,Dan Liu,Mary Ann Liebert,1
A5101477613,Yong Wang,Hindawi,1
A5101479066,Tao Li,IEEE: Institute of Electrical and Electronics Engineers,1
A5101480934,Dan Li,Springer,1
A5101486151,Zhang Jin,Hindawi,1
A5101486867,Jun Yang,Elsevier,1
A5101486868,Jun Yang,Elsevier,1
A5101487401,Jing Zhang,Hindawi,1
A5101488488,Gang Wang,Hindawi,1
A5101489740,Dan Li,Hindawi,1
A5101491257,Qiang Li,Hindawi,1
A5101492139,Qiang Li,IEEE: Institute of Electrical and Electronics Engineers,1
A5101492139,Qiang Li,Wiley,1
A5101492421,Yu Zhang,IEEE: Institute of Electrical and Electronics Engineers,1
A5101496931,Hui Liu,Association for Computing Machinery (ACM),1
A5101496931,Hui Liu,IEEE: Institute of Electrical and Electronics Engineers,1
A5101496931,Hui Liu,IOS Press (bought by Sage November 2023),1
A5101499128,Lei Zhang,SAGE Publications,1
A5101502858,Tao Li,IEEE: Institute of Electrical and Electronics Engineers,1
A5101505916,Qian Zhang,IOS Press (bought by Sage November 2023),2
A5101506227,Jun Wang,Elsevier,1
A5101507256,Bin Liu,Hindawi,1
A5101507888,Lei Zhang,Sociedade Brasileira de Genética,1
A5101509998,Hui Wang,Oxford University Press,1
A5101512674,Hui Liu,Hindawi,1
A5101518188,Ying Wang,Elsevier,1
A5101520036,Jing Wang,IEEE: Institute of Electrical and Electronics Engineers,1
A5101520677,Zhang Qian,Hindawi,1
A5101520987,Hui Liu,PLoS,1
A5101520987,Hui Liu,Portland Press,1
A5101520987,Hui Liu,Taylor and Francis - Dove Press,1
A5101521301,Yu Wang,Springer,1
A5101522282,Bin Wang,SAGE Publications,1
A5101523355,Yan Liu,Hindawi,1
A5101526257,Jun Yang,AIP Publishing,1
A5101526257,Jun Yang,IOS Press (bought by Sage November 2023),1
A5101526879,Zhang Rui,IEEE: Institute of Electrical and Electronics Engineers,2
A5101526880,Rui Zhang,Wiley,1
A5101526881,Zhang Rui,IEEE: Institute of Electrical and Electronics Engineers,1
A5101527583,Yong Wang,Springer,1
A5101528438,Juan Li,IEEE: Institute of Electrical and Electronics Engineers,1
A5101533110,Jin Zhang,IEEE: Institute of Electrical and Electronics Engineers,1
A5101534953,Lei Zhang,Wiley,1
A5101536531,Yang Zhang,Royal Society of Chemistry (RSC),1
A5101538539,Yan Li,Impact Journals,1
A5101540669,Zhang Yu,Elsevier,1
A5101546953,Bo Li,IEEE: Institute of Electrical and Electronics Engineers,1
A5101547727,Ying Wang,Hindawi,1
A5101554082,Ping Wang,Hindawi,1
A5101554609,Wei Liu,Springer - Nature Publishing Group,1
A5101555201,Yan Li,Hindawi,1
A5101555228,Wei Zhang,Elsevier,1
A5101555228,Wei Zhang,Wiley,1
A5101559441,Min Wang,SAGE Publications,1
A5101559744,Jing Zhang,Hindawi,1
A5101560857,Yan Li,Royal Society of Chemistry (RSC),1
A5101566029,Jun Yang,Wiley,1
A5101575178,Yan Zhang,Taylor and Francis,1
A5101575662,Jin Wang,Hindawi,1
A5101576125,Yan Wang,IEEE: Institute of Electrical and Electronics Engineers,1
A5101579694,Ying Liu,Taylor and Francis - Dove Press,1
A5101579694,Ying Liu,Wiley,1
A5101583691,Nan Li,The Company of Biologists,1
A5101588346,Yi Wang,Hindawi,1
A5101593074,Yu Wang,Hindawi,1
A5101594452,Jian Zhang,Hindawi,1
A5101595115,Yang Liu,Hindawi,1
A5101598620,Wang Xin,SAGE Publications,1
A5101600019,Jing Zhao,Dovepress,1
A5101601630,Wei Liu,IEEE: Institute of Electrical and Electronics Engineers,1
A5101602689,Ying Li,IEEE: Institute of Electrical and Electronics Engineers,2
A5101603815,Yan Wang,Springer - Nature Publishing Group,1
A5101605358,Yang Wang,IEEE: Institute of Electrical and Electronics Engineers,1
A5101605359,Yang Wang,IEEE: Institute of Electrical and Electronics Engineers,1
A5101607909,Chao Wang,IEEE: Institute of Electrical and Electronics Engineers,1
A5101609397,Yi Wang,Hindawi,1
A5101609466,Wang Jing,Elsevier,1
A5101609470,Wang Jing,Hindawi,1
A5101610149,Wei Zhao,Springer,1
A5101610936,Yang Li,Hindawi,1
A5101610936,Yang Li,PLoS,1
A5101612078,Zhang Jin,SAGE Publications,1
A5101618740,Hong Wang,IEEE: Institute of Electrical and Electronics Engineers,1
A5101619987,Juan Li,IOP Publishing,1
A5101619989,Juan Li,Springer - Nature Publishing Group,1
A5101627406,Ping Wang,Hindawi,1
A5101627722,Yan Zhang,IEEE: Institute of Electrical and Electronics Engineers,1
A5101628482,Wang Yu,Wiley,1
A5101631168,Bo Wang,Hindawi,1
A5101633848,Chao Wang,Wiley,1
A5101634746,Wei Zhang,BioScientifica,1
A5101637303,Wang Hong,SAGE Publications,1
A5101638340,Yusuke Fujii,Australian Society of Anaesthetists,1
A5101639721,Tao Li,Hindawi,1
A5101639721,Tao Li,Wiley,1
A5101639975,Wei Zhang,Elsevier,1
A5101639975,Wei Zhang,Taylor and Francis - Dove Press,1
A5101647700,Rui Zhang,Spandidos,1
A5101647700,Rui Zhang,Wiley,1
A5101650422,Dan Liu,Springer - Nature Publishing Group,1
A5101653132,Qi Wang,Hindawi,1
A5101655546,Ying Liu,Elsevier - Cell Press,1
A5101657244,Yang Wang,IEEE: Institute of Electrical and Electronics Engineers,2
A5101658006,Wei Liu,IEEE: Institute of Electrical and Electronics Engineers,1
A5101662499,Jun Liu,Hindawi,1
A5101662788,Yang Yang,Springer - Biomed Central (BMC),1
A5101669826,Wei Zhang,Hindawi,1
A5101671600,Yi Wang,Hindawi,1
A5101672854,Lei Wang,Springer - Nature Publishing Group,1
A5101674122,Ping Zhang,IEEE: Institute of Electrical and Electronics Engineers,1
A5101676868,Yang Li,Spandidos,1
A5101676868,Yang Li,Taylor and Francis - Dove Press,1
A5101677632,Hui Li,Hindawi,1
A5101677637,Rui Zhang,IEEE: Institute of Electrical and Electronics Engineers,1
A5101679434,Hui Wang,Spandidos,1
A5101680913,Jing Zhao,Royal Society of Chemistry (RSC),1
A5101681014,Jing Zhang,IEEE: Institute of Electrical and Electronics Engineers,1
A5101681105,Peng Zhang,Hindawi,1
A5101681466,Jin Wang,Spandidos,1
A5101682898,Yi Wang,Hindawi,1
A5101682898,Yi Wang,Springer - Nature Publishing Group,1
A5101682898,Yi Wang,Taylor and Francis,1
A5101682950,Jun Liu,Hindawi,1
A5101684590,Hong Li,Optica (formerly Optical Society of America -OSA-),1
A5101685602,Nan Li,IOP Publishing,1
A5101688452,Tao Li,Hindawi,1
A5101688452,Tao Li,Wiley,1
A5101690168,Jing Zhao,American Society for Biochemistry and Molecular Biology (ASBMB),1
A5101690323,Jing Yang,Elsevier,1
A5101691725,Bin Wang,Taylor and Francis,1
A5101693490,Ming Li,Springer,1
A5101693947,Fang Wang,Elsevier,1
A5101694878,Jun Li,Hindawi,1
A5101695655,Jing Zhang,Hindawi,1
A5101696593,Rui Wang,Hindawi,1
A5101697202,Ying Wang,Hindawi,1
A5101703841,Yan Zhang,IEEE: Institute of Electrical and Electronics Engineers,1
A5101706896,Tao Liu,IEEE: Institute of Electrical and Electronics Engineers,1
A5101706896,Tao Liu,Springer,1
A5101711605,Jing Wang,ASTM International,2
A5101711826,Jie Zhang,Elsevier,1
A5101714747,H. Zhong,International Union of Crystallography,34
A5101715046,Ali Nazari,Springer,1
A5101716192,Min Zhang,PLoS,1
A5101717809,Dan Li,IOS Press (bought by Sage November 2023),1
A5101718578,Yan Zhang,Springer,1
A5101720958,Jing Yang,IEEE: Institute of Electrical and Electronics Engineers,1
A5101721480,Jun Chen,Hindawi,1
A5101723469,Xin Wang,IEEE: Institute of Electrical and Electronics Engineers,1
A5101723568,Ying Zhang,Taylor and Francis,1
A5101725885,Yu Zhang,Hindawi,1
A5101727067,Hao Zhang,IEEE: Institute of Electrical and Electronics Engineers,1
A5101730287,Jie Liu,IEEE: Institute of Electrical and Electronics Engineers,1
A5101731118,Yan Li,IOP Publishing,1
A5101738160,Qi Wang,Springer - Biomed Central (BMC),1
A5101742727,Li Juan,Elsevier,1
A5101743303,Feng Wang,IEEE: Institute of Electrical and Electronics Engineers,1
A5101743572,Bin Wang,PLoS,1
A5101743921,Yan Liu,IEEE: Institute of Electrical and Electronics Engineers,1
A5101744646,Jie Chen,Wiley,1
A5101745924,Lei Wang,Hindawi,1
A5101748041,Jing Wang,IOS Press (bought by Sage November 2023),1
A5101748458,Tao Zhang,Hindawi,1
A5101748981,Yan Li,Elsevier,1
A5101748981,Yan Li,Hindawi,1
A5101750692,Rui Zhang,Springer,1
A5101753954,Zhang Bo,Springer,1
A5101753955,Bo Zhang,IEEE: Institute of Electrical and Electronics Engineers,1
A5101757005,Tao Liu,Hindawi,1
A5101758261,Wei Zhang,Taylor and Francis,1
A5101758904,Yan Chen,Hindawi,1
A5101758984,Jing Zhang,Hindawi,1
A5101759661,Bo Zhang,Wiley,1
A5101759670,Wei Liu,Springer,1
A5101761642,Wei Wang,IEEE: Institute of Electrical and Electronics Engineers,1
A5101763645,Jian Zhang,Hindawi,1
A5101763665,Qian Li,SAGE Publications,1
A5101763665,Qian Li,Springer,1
A5101765379,Jun Yang,Spandidos,1
A5101766670,Wei Zhang,IEEE: Institute of Electrical and Electronics Engineers,1
A5101770332,Wei Li,Canadian Science Publishing,1
A5101770872,Yi Wang,Portland Press,1
A5101771857,Qian Wang,IEEE: Institute of Electrical and Electronics Engineers,1
A5101772016,Liu Ying,IOS Press (bought by Sage November 2023),1
A5101776487,Jie Liu,IEEE: Institute of Electrical and Electronics Engineers,1
A5101777880,Min Zhang,IEEE: Institute of Electrical and Electronics Engineers,1
A5101785717,Wei Li,IEEE: Institute of Electrical and Electronics Engineers,1
A5101786234,Tao Wang,Springer,1
A5101789244,Jing Zhao,Hindawi,1
A5101790171,Jie Chen,Wiley,1
A5101790254,Yan Li,IEEE: Institute of Electrical and Electronics Engineers,1
A5101790494,Qi Wang,IEEE: Institute of Electrical and Electronics Engineers,1
A5101791479,Hong Wang,Springer,1
A5101792540,Yi Zhang,Hindawi,1
A5101793453,Yan Chen,Hindawi,1
A5101795782,Hui Wang,IEEE: Institute of Electrical and Electronics Engineers,1
A5101798871,Ping Wang,IEEE: Institute of Electrical and Electronics Engineers,1
A5101801469,Ying Li,IEEE: Institute of Electrical and Electronics Engineers,2
A5101801472,Ying Li,Elsevier,1
A5101802140,Hongquan Chen,Royal Society of Chemistry (RSC),1
A5101802385,Jing Li,Elsevier,1
A5101805939,Bin Wang,IOS Press (bought by Sage November 2023),1
A5101808099,Yu Wang,Hindawi,1
A5101809565,Xin Li,IEEE: Institute of Electrical and Electronics Engineers,1
A5101809583,Jun Wang,BioMed Central (BMC),1
A5101811219,Min Zhang,PLoS,1
A5101812357,Jian Li,Hindawi,2
A5101814183,Xin Wang,Wiley,1
A5101814840,Yan Li,Elsevier,1
A5101815136,Hui Liu,IEEE: Institute of Electrical and Electronics Engineers,1
A5101816531,Lin Wang,Hindawi,1
A5101818842,Lei Liu,Hindawi,1
A5101819941,Yan Liu,Hindawi,1
A5101820456,Yang Liu,Elsevier,1
A5101820930,Hui Li,Wiley,1
A5101820932,Hui Li,Springer,1
A5101829092,Lei Wang,IEEE: Institute of Electrical and Electronics Engineers,1
A5101829311,Jin Zhang,IEEE: Institute of Electrical and Electronics Engineers,1
A5101830011,Hui Liu,Hindawi,1
A5101830509,Hui Li,Wiley,1
A5101833024,Hui Wang,IEEE: Institute of Electrical and Electronics Engineers,1
A5101835221,Qian Li,IEEE: Institute of Electrical and Electronics Engineers,1
A5101841508,Hao Wang,EDP Sciences,1
A5101841825,Wei Zhao,Hindawi,1
A5101842461,Hong Wang,Association for Computing Machinery (ACM),1
A5101844896,Yu Zhang,PLoS,1
A5101846976,Jun Yang,Elsevier,1
A5101851212,Jin Wang,SAGE Publications,1
A5101852320,Jing Liu,IEEE: Institute of Electrical and Electronics Engineers,1
A5101855430,Hong Zhang,IEEE: Institute of Electrical and Electronics Engineers,1
A5101860413,Chen Jun,Elsevier,1
A5101860413,Chen Jun,Springer,1
A5101860830,Chao Wang,IOS Press (bought by Sage November 2023),1
A5101861850,Lei Wang,IEEE: Institute of Electrical and Electronics Engineers,1
A5101868642,Liang Wang,Hindawi,1
A5101869288,Hong Li,IEEE: Institute of Electrical and Electronics Engineers,1
A5101870488,Yu Wang,Springer - Biomed Central (BMC),1
A5101870787,Yang Liu,Wiley,1
A5101871331,Wei Zhang,The Japan Institute of Metals and Materials,1
A5101872244,Jian Li,Elsevier - Cell Press,1
A5101877339,Jian Xu,American Heart Association,3
A5101877339,Jian Xu,American Society for Biochemistry and Molecular Biology (ASBMB),3
A5101877339,Jian Xu,PLoS,3
A5101877929,Yu Zhang,IEEE: Institute of Electrical and Electronics Engineers,1
A5101879486,Wang Jun,Hindawi,1
A5101879933,Qi Wang,Springer - Biomed Central (BMC),1
A5101880132,Yang Li,Hindawi,1
A5101880175,Hao Wang,Royal Society of Chemistry (RSC),1
A5101882854,Jing Li,PLoS,1
A5101886618,Tao Wang,Hindawi,2
A5101886854,Yu Zhang,IEEE: Institute of Electrical and Electronics Engineers,1
A5101895062,Ping Wang,Elsevier - Cell Press,2
A5101895062,Ping Wang,MDPI,1
A5101895992,Ying Zhang,IEEE: Institute of Electrical and Electronics Engineers,1
A5101897890,Hui Li,Hindawi,1
A5101899269,Hui Zhang,IEEE: Institute of Electrical and Electronics Engineers,1
A5101903125,Jun Liu,IEEE: Institute of Electrical and Electronics Engineers,1
A5101904389,Jun Li,Springer,1
A5101906873,Wei Liu,Hindawi,1
A5101911113,Jun Yang,Hindawi,1
A5101917726,Lei Zhang,Hindawi,1
A5101919621,Yang Liu,IEEE: Institute of Electrical and Electronics Engineers,1
A5101923319,Ying Liu,IEEE: Institute of Electrical and Electronics Engineers,1
A5101930356,Yan Li,Hindawi,1
A5101930813,Wei Li,SPIE,1
A5101932080,Ying Liu,Hindawi,1
A5101933045,Bin Wang,Portland Press,1
A5101933924,Tao Wang,IEEE: Institute of Electrical and Electronics Engineers,1
A5101937669,Yang Li,Hindawi,1
A5101939501,Yu Wang,SAGE Publications,1
A5101940143,Chao Wang,Hindawi,1
A5101940143,Chao Wang,IEEE: Institute of Electrical and Electronics Engineers,1
A5101943107,Li Yang,Hindawi,1
A5101945802,Qian Li,IEEE: Institute of Electrical and Electronics Engineers,2
A5101947323,Qi Wang,Hindawi,1
A5101949154,Peng Zhang,IEEE: Institute of Electrical and Electronics Engineers,1
A5101949155,Peng Zhang,IEEE: Institute of Electrical and Electronics Engineers,1
A5101949155,Peng Zhang,Springer - Nature Publishing Group,1
A5101955899,Yan Chen,Hindawi,1
A5101962762,Wei Chen,IEEE: Institute of Electrical and Electronics Engineers,2
A5101964376,Hui Li,Hindawi,1
A5101970527,Tao Liu,Royal Society of Chemistry (RSC),1
A5101975094,Qi Wang,IEEE: Institute of Electrical and Electronics Engineers,1
A5101975705,Min Li,IEEE: Institute of Electrical and Electronics Engineers,2
A5101976608,Jing Zhao,Hindawi,1
A5101978970,Lei Liu,IEEE: Institute of Electrical and Electronics Engineers,1
A5101979804,Jie Chen,Hindawi,1
A5101981090,Fang Wang,Royal Society of Chemistry (RSC),1
A5101981092,Fang Wang,SAGE Publications,1
A5101981637,Hui Liu,IEEE: Institute of Electrical and Electronics Engineers,1
A5101981780,Yu Liu,IOP Publishing,1
A5101982203,Feng Wang,IEEE: Institute of Electrical and Electronics Engineers,1
A5101982490,Bin Zhang,IEEE: Institute of Electrical and Electronics Engineers,1
A5101983417,Yan Zhang,IEEE: Institute of Electrical and Electronics Engineers,1
A5101983801,Jie Li,Hindawi,1
A5101984581,Jian Li,Hindawi,1
A5101985994,Zhang Yong,Springer - Nature Publishing Group,1
A5101987392,Qi Wang,IEEE: Institute of Electrical and Electronics Engineers,1
A5101989559,Yan Chen,Elsevier,3
A5101989559,Yan Chen,Springer,1
A5101989559,Yan Chen,Wiley,1
A5101992212,Hui Li,IEEE: Institute of Electrical and Electronics Engineers,3
A5101992682,Yu Liu,IOS Press (bought by Sage November 2023),1
A5101992682,Yu Liu,Mary Ann Liebert,1
A5101992682,Yu Liu,Taylor and Francis,1
A5101993111,Wei Zhang,IEEE: Institute of Electrical and Electronics Engineers,1
A5101995233,Min Wang,IEEE: Institute of Electrical and Electronics Engineers,1
A5101996567,Qian Li,IEEE: Institute of Electrical and Electronics Engineers,1
A5101996816,Hui Wang,Wolters Kluwer,1
A5101998802,Li Hong,Hindawi,1
A5102000409,Bo Zhang,Karger,1
A5102003486,Xin Zhang,IEEE: Institute of Electrical and Electronics Engineers,1
A5102005976,Yang Liu,Hindawi,1
A5102006736,Jin Wang,Royal Society of Chemistry (RSC),1
A5102007222,Jian Li,Hindawi,1
A5102013013,Yong Wang,Hindawi,1
A5102013672,Li Jun,Hindawi,1
A5102014320,Wang Lin,IOP Publishing,1
A5102014717,Jian Li,Hindawi,1
A5102015424,Jing Zhao,Hindawi,1
A5102017562,Wei Wang,Hindawi,1
A5102021858,Yang Li,Elsevier,1
A5102022760,Fang Liu,Taylor and Francis - Dove Press,1
A5102023137,Wei Chen,Hindawi,1
A5102023839,Lei Zhang,Hindawi,1
A5102023989,Jing Zhao,Spandidos,2
A5102025755,Li Ping,Taylor and Francis,1
A5102028170,Xi Chen,IEEE: Institute of Electrical and Electronics Engineers,1
A5102484987,Yang Zhang,IOP Publishing,1
A5102647679,Ying Chun Li,Wiley,1
A5102725591,Jun Zhang,Wiley,1
A5102728879,Yi Zhang,Wiley,1
A5102745002,Li Yang,Wiley,1
A5102754404,Yu Zhang,Springer - Nature Publishing Group,1
A5102778991,Juan Li,Hindawi,1
A5102782865,Feng Wang,MDPI,1
A5102786560,Jian Xu,Hindawi,1
A5102792357,Jun Liu,Elsevier,1
A5102794270,Yan Liu,Hindawi,1
A5102819538,Jing Zhang,Taylor and Francis,1
A5102829821,Ming Li,IEEE: Institute of Electrical and Electronics Engineers,1
A5102843527,Feng Wang,IEEE: Institute of Electrical and Electronics Engineers,1
A5102867906,Yan Wang,Frontiers,1
A5102868122,Li Yang,Hindawi,1
A5102868743,Dan Liu,Hindawi,1
A5102871845,Jing Yang,Hindawi,1
A5102872389,Wang Min,Springer,1
A5102888516,Yi Wang,Hindawi,1
A5102900476,Ming Li,Hindawi,1
A5102903857,Jun Lu,Springer,1
A5102917382,Wei Li,Taylor and Francis,1
A5102924196,Wei Zhang,Hindawi,1
A5102937181,Hong Li,Hindawi,1
A5102953247,J. Liu,Wiley,1
A5102960220,Feng Wang,Hindawi,1
A5102973091,Yu Wang,Elsevier,1
A5102973091,Yu Wang,Hindawi,1
A5102974766,Ming Li,Hindawi,1
A5102985039,Yang Liu,Springer,1
A5102993611,Jing Zhao,IOS Press (bought by Sage November 2023),1
A5102995581,Jun Yang,Hindawi,1
A5103041386,Hong Zhang,IOP Publishing,1
A5103043669,Liang Wang,IEEE: Institute of Electrical and Electronics Engineers,1
A5103053297,Li Lei,IEEE: Institute of Electrical and Electronics Engineers,1
A5103053572,Xin Zhang,Springer,1
A5103073589,Jie Wang,Springer - Nature Publishing Group,1
A5103105312,Jun Ru Yang,Hindawi,1
A5103108220,Feng Wang,Hindawi,1
A5103110312,Li Chen,Hindawi,1
A5103111786,Lei Zhang,Wiley,1
A5103116435,Jing Chen,Elsevier,1
A5103141629,Dan Liu,Wiley,1
A5103157014,Lei Wang,SAGE Publications,1
A5103166485,Yang Wang,IEEE: Institute of Electrical and Electronics Engineers,1
A5103170672,Wei Liu,Wiley,1
A5103177501,Jing Zhang,Hindawi,1
A5103178479,Lei Liu,IOS Press (bought by Sage November 2023),1
A5103184233,Jie Wang,Hindawi,1
A5103186940,Z. Tao,Elsevier,1
A5103187234,Wei Wang,Wiley,1
A5103198031,Jing Wang,IEEE: Institute of Electrical and Electronics Engineers,1
A5103201487,Lin Zhang,IEEE: Institute of Electrical and Electronics Engineers,1
A5103213127,Dan Wang,IEEE: Institute of Electrical and Electronics Engineers,1
A5103218134,Wei Zhang,Springer - Biomed Central (BMC),1
A5103224227,Ying Zhang,Hindawi,1
A5103235582,Jing Zhao,Hindawi,1
A5103237433,Lei Liu,Hindawi,1
A5103247363,Jing Zhao,IEEE: Institute of Electrical and Electronics Engineers,1
A5103272289,Wei Zhao,IEEE: Institute of Electrical and Electronics Engineers,1
A5103274952,Qian Li,IEEE: Institute of Electrical and Electronics Engineers,1
A5103276659,Bo Wang,Hindawi,1
A5103282157,Yan Li,Karger,1
A5103401671,Li Li,Elsevier - Cell Press,1
A5103409441,Jing Yang,IEEE: Institute of Electrical and Electronics Engineers,1
A5103641532,Yang Li,IEEE: Institute of Electrical and Electronics Engineers,1
A5103756554,Jasti S. Rao,Springer - Nature Publishing Group,15
A5103756554,Jasti S. Rao,PLoS,10
A5103756554,Jasti S. Rao,American Society for Biochemistry and Molecular Biology (ASBMB),4
A5103756554,Jasti S. Rao,American Association for Cancer Research,3
A5103756554,Jasti S. Rao,Wiley,2
A5103756554,Jasti S. Rao,Elsevier,1
A5103756554,Jasti S. Rao,Spandidos,1
A5103756554,Jasti S. Rao,Springer,1
A5103821838,Jun Lu,Springer - Biomed Central (BMC),1
A5103836716,Rui Zhang,Association for Computing Machinery (ACM),1
A5104075260,Jie Chen,Hindawi,1
A5104080732,Yan Zhang,IEEE: Institute of Electrical and Electronics Engineers,1
A5104169440,Hong Zhang,Spandidos,1
A5104239516,Wei Li,Hindawi,1
A5104255973,Yang Yang,Wiley,1
A5104299271,Yang Yang,Elsevier,1
A5104319672,Yang Li,Elsevier,1
A5104668712,Jie Zhang,Springer,1
A5104928020,Wei Wang,Wiley,1
A5105235533,Li Li,IEEE: Institute of Electrical and Electronics Engineers,1
A5105667992,Jun Wang,Wiley,1
A5105690761,Yang Wang,Hindawi,1
A5105757192,Peng Li,Springer - Biomed Central (BMC),1
A5105797276,尚美 木本,Elsevier,1
A5106036096,Yu Wang,EMBO Press,1
A5106231611,Ying Li,PLoS,1
A5106235754,Bin Liu,American Society for Biochemistry and Molecular Biology (ASBMB),1
A5106387597,Min Li,Springer - Biomed Central (BMC),3
A5106387597,Min Li,Nature Publishing Group,1
A5106403837,Yan Wang,Hindawi,1
A5106406940,Lei Wang,IOS Press (bought by Sage November 2023),1
A5106407830,Li Li,IEEE: Institute of Electrical and Electronics Engineers,1
A5106596953,Min Li,Wiley,1
A5106725202,Juan Li,Royal Society of Chemistry (RSC),1
A5106920585,Peng Li,IOP Publishing,1
A5106975842,Jun Liu,Portland Press,1
A5106980048,Liakopoulos Dimitris,Megatrend University,1
A5107031356,Gang Wang,Hindawi,1
A5107062631,Tao Li,Elsevier,1
A5107114898,Li Li,IEEE: Institute of Electrical and Electronics Engineers,1
A5107170303,Min Li,IEEE: Institute of Electrical and Electronics Engineers,1
A5107306837,Yu Wang,Wiley,2
A5107306837,Yu Wang,Hindawi,1
A5107444519,Ying Zhang,IEEE: Institute of Electrical and Electronics Engineers,1
A5107838887,Hong Zhang,Hindawi,1
A5107842408,Qian Li,Elsevier - Cell Press,1
A5107863477,Yu Zhang,PLoS,1
A5107885846,Lei Li,Taylor and Francis - Dove Press,1
A5107889976,Li Wang,Hindawi,2
A5107889976,Li Wang,IEEE: Institute of Electrical and Electronics Engineers,1
A5107889976,Li Wang,IOS Press (bought by Sage November 2023),1
A5107891330,Fang Liu,Hindawi,1
A5107938911,Min Li,Wiley,1
A5107953153,Nan Li,Elsevier,1
A5107954647,Ying Zhang,IEEE: Institute of Electrical and Electronics Engineers,2
A5107957665,Peng Li,IEEE: Institute of Electrical and Electronics Engineers,1
A5108046685,Wei Li,Taylor and Francis - Dove Press,1
A5108046728,Ying Zhang,Springer,1
A5108046754,Ying Zhang,Frontiers,1
A5108047871,Yi Wang,Hindawi,1
A5108047871,Yi Wang,IOP Publishing,1
A5108047889,Yi-Xiang Wang,Taylor and Francis,1
A5108048810,Wei Zhao,Hindawi,1
A5108048810,Wei Zhao,IEEE: Institute of Electrical and Electronics Engineers,1
A5108049812,Lei Zhang,Hindawi,1
A5108052724,Yang Zhang,IEEE: Institute of Electrical and Electronics Engineers,1
A5108052996,Yang Yang,IEEE: Institute of Electrical and Electronics Engineers,1
A5108055084,Jing Liu,Taylor and Francis - Dove Press,1
A5108059654,Hui Zhang,Hindawi,1
A5108059677,Hong Li,Hindawi,1
A5108063768,Bo Wang,Elsevier,1
A5108069464,Li Li,Taylor and Francis,1
A5108108376,Liang Wang,Spandidos,1
A5108117231,Ying Zhang,IEEE: Institute of Electrical and Electronics Engineers,1
A5108144474,Peng Li,IEEE: Institute of Electrical and Electronics Engineers,1
A5108146628,Yang Liu,Wolters Kluwer - Medknow,1
A5108156794,Bin Wang,Hindawi,1
A5108240542,Wei Zhang,Springer - Nature Publishing Group,1
A5108258014,Bo Wang,IEEE: Institute of Electrical and Electronics Engineers,1
A5108361045,Jing Yang,IEEE: Institute of Electrical and Electronics Engineers,1
A5108397355,Fang Liu,Hindawi,2
A5108417396,G. Hempelmann,Elsevier,6
A5108417396,G. Hempelmann,Wolters Kluwer - Lippincott Williams & Wilkins,3
A5108417396,G. Hempelmann,Karger,1
A5108417396,G. Hempelmann,Springer,1
A5108448496,Jie Li,Hindawi,1
A5108572291,Ping Zhang,Elsevier - Cell Press,1
A5108574153,Jing Zhao,Hindawi,1
A5108574153,Jing Zhao,Karger,1
A5108576108,Yong Zhang,De Gruyter,1
A5108600470,Hua Zhong,International Union of Crystallography,7
A5108651569,Jun Lü,Springer - Nature Publishing Group,3
A5108651569,Jun Lü,Elsevier - Cell Press,1
A5108651569,Jun Lü,Hindawi,1
A5108651569,Jun Lü,Springer,1
A5108683792,Ying Liu,IEEE: Institute of Electrical and Electronics Engineers,1
A5108731091,Jun Yang,Elsevier,1
A5108732420,Qian Li,Wiley,1
A5108739892,Na Li,Hindawi,1
A5108779115,Bin Liu,Hindawi,1
A5108782830,Gang Wang,Hindawi,1
A5108811062,Y. Fujii,Wolters Kluwer - Lippincott Williams & Wilkins,1
A5108823933,Yi Zhang,Hindawi,1
A5108827472,Tao Wang,Frontiers,1
A5108831521,Yu Wang,Hindawi,1
A5108971751,Lei Wang,Springer - Biomed Central (BMC),1
A5109092413,Michael Fresenius,Springer - Nature Publishing Group,59
A5109092413,Michael Fresenius,Elsevier,1
A5109247804,Wei Zhang,Springer - Nature Publishing Group,1
A5109278193,Fazlul H. Sarkar,American Association for Cancer Research,16
A5109278193,Fazlul H. Sarkar,Wiley,16
A5109278193,Fazlul H. Sarkar,PLoS,4
A5109278193,Fazlul H. Sarkar,Elsevier,3
A5109278193,Fazlul H. Sarkar,Springer,2
A5109403893,Lei Liu,Wolters Kluwer - Lippincott Williams & Wilkins,1
A5109482157,Yu Liu,IEEE: Institute of Electrical and Electronics Engineers,1
A5109542843,Yuhji Saitoh,Springer,14
A5109542843,Yuhji Saitoh,Wolters Kluwer - Lippincott Williams & Wilkins,7
A5109542843,Yuhji Saitoh,Wiley,5
A5109542843,Yuhji Saitoh,Elsevier,2
A5109542843,Yuhji Saitoh,The Fukushima Society of Medical Science,2
A5109569139,Y. Saitoh,Elsevier,7
A5109569139,Y. Saitoh,Wolters Kluwer,6
A5109569139,Y. Saitoh,Wiley,5
A5109569139,Y. Saitoh,Oxford University Press,4
A5109569139,Y. Saitoh,Wiley-Blackwell,1
A5109583153,Rui Zhang,Hindawi,1
A5109678794,Hao Chen,Frontiers,1
A5109863564,Li Li,IEEE: Institute of Electrical and Electronics Engineers,1
A5109875525,Jing Li,IEEE: Institute of Electrical and Electronics Engineers,1
A5109948506,Jun Iwamoto,Karger,1
A5109948506,Jun Iwamoto,Taylor and Francis - Dove Press,1
A5109948506,Jun Iwamoto,Wolters Kluwer,1
A5109953883,Ping Wang,IEEE: Institute of Electrical and Electronics Engineers,1
A5109971899,J Li,Wiley,1
A5110124818,Yoshitaka Fujii,Wiley,2
A5110124818,Yoshitaka Fujii,Wolters Kluwer - Lippincott Williams & Wilkins,1
A5110151879,Yoshitaka Fujii,Springer,2
A5110151879,Yoshitaka Fujii,Elsevier,1
A5110163940,Hiroyoshi Tanaka,Springer,5
A5110163940,Hiroyoshi Tanaka,Elsevier,1
A5110163940,Hiroyoshi Tanaka,Wiley,1
A5110377414,Yang Yang,IEEE: Institute of Electrical and Electronics Engineers,1
A5110377895,Yan Wang,Spandidos,1
A5110380913,H Tanaka,Elsevier,1
A5110380913,H Tanaka,Oxford University Press,1
A5110380913,H Tanaka,Wiley,1
A5110468596,Ping Li,Springer - Nature Publishing Group,1
A5110515489,Feng Li,Springer - Nature Publishing Group,1
A5110516399,Xin Zhang,Hindawi,2
A5110516399,Xin Zhang,PLoS,2
A5110516399,Xin Zhang,Springer - Biomed Central (BMC),2
A5110516399,Xin Zhang,Impact Journals,1
A5110516399,Xin Zhang,Royal Society of Chemistry (RSC),1
A5110516399,Xin Zhang,Taylor and Francis,1
A5110516399,Xin Zhang,Taylor and Francis - Dove Press,1
A5110646701,Xin Li,Wiley,1
A5110667048,Xin Wang,Springer,1
A5110742141,Fei Wang,Springer - Nature Publishing Group,1
A5110795513,Yoshihiro Satō,Elsevier,24
A5110795513,Yoshihiro Satō,Center for Academic Publications Japan,8
A5110795513,Yoshihiro Satō,Karger,8
A5110795513,Yoshihiro Satō,Springer,8
A5110795513,Yoshihiro Satō,American Academy of Neurology,7
A5110795513,Yoshihiro Satō,American Heart Association,7
A5110795513,Yoshihiro Satō,Japanese Association for Laboratory Animal Science,7
A5110795513,Yoshihiro Satō,Yonsei University College of Medicine,6
A5110795513,Yoshihiro Satō,Wiley,4
A5110795513,Yoshihiro Satō,Bentham Science Publishers,2
A5110795513,Yoshihiro Satō,JAMA Network,2
A5110795513,Yoshihiro Satō,Lippincott Williams and Wilkins,2
A5110795513,Yoshihiro Satō,Taylor and Francis,2
A5110795513,Yoshihiro Satō,Taylor and Francis - Dove Press,2
A5110795513,Yoshihiro Satō,Wolters Kluwer,2
A5110795513,Yoshihiro Satō,BMJ Publishing,1
A5110795513,Yoshihiro Satō,Hindawi,1
A5110795513,Yoshihiro Satō,Kurume University School of Medicine,1
A5110795513,Yoshihiro Satō,Oxford University Press,1
A5110795513,Yoshihiro Satō,PAGEPress,1
A5110826850,Jun Yang,Elsevier,1
A5110848668,Feng Li,Frontiers,1
A5110875673,Shadi Riahi,SAGE Publications,15
A5110875673,Shadi Riahi,Elsevier,12
A5110875673,Shadi Riahi,Springer,10
A5110875673,Shadi Riahi,ICE Publishing,4
A5110875673,Shadi Riahi,Hanser Publications,3
A5110875673,Shadi Riahi,Taylor and Francis,3
A5110875673,Shadi Riahi,Emerald,1
A5111054898,Wei Zhao,Hindawi,1
A5111365052,Tao Wang,ASTM International,1
A5111410581,Yoshihiro Sato,Karger,2
A5111410581,Yoshihiro Sato,Springer,1
A5111499609,Li Wang,Hindawi,1
A5111499609,Li Wang,Mary Ann Liebert,1
A5111499609,Li Wang,Spandidos,1
A5111511007,Fei Wang,IEEE: Institute of Electrical and Electronics Engineers,1
A5111531609,Jun Yang,MDPI,1
A5111554215,Jun Wang,IEEE: Institute of Electrical and Electronics Engineers,1
A5111562782,Stefan Suttner,Wolters Kluwer - Lippincott Williams & Wilkins,8
A5111562782,Stefan Suttner,Springer,6
A5111562782,Stefan Suttner,Elsevier,2
A5111562782,Stefan Suttner,Lippincott Williams and Wilkins,1
A5111597301,Y. Zhang,Oxford University Press,1
A5111641520,Jie Li,Lippincott Williams and Wilkins,1
A5111763115,Lei Zhang,PLoS,1
A5111812676,Y. Sato,Elsevier,2
A5111812676,Y. Sato,Springer,1
A5111934554,S. Suttner,Wolters Kluwer,6
A5111934554,S. Suttner,Elsevier,5
A5111934554,S. Suttner,Wiley,4
A5111934554,S. Suttner,Thieme,3
A5111934554,S. Suttner,Wiley-Blackwell,3
A5111934554,S. Suttner,Wolters Kluwer - Lippincott Williams & Wilkins,3
A5111934554,S. Suttner,Oxford University Press,2
A5111934554,S. Suttner,Springer,1
A5111964102,Jun Wang,Hindawi,2
A5111964102,Jun Wang,Spandidos,2
A5111964102,Jun Wang,Springer,2
A5111964102,Jun Wang,Springer - Nature Publishing Group,1
A5112079336,Zhang Jin,IEEE: Institute of Electrical and Electronics Engineers,1
A5112114445,Jing Chen,Elsevier,2
A5112115843,Yong Wang,IEEE: Institute of Electrical and Electronics Engineers,1
A5112411768,Wei Li,Springer,1
A5112532734,Dan Wang,Springer,1
A5112534202,Xin Zhang,Hindawi,1
A5112542518,Hao Chen,Springer,1
A5112550617,Wang Hong,Springer,1
A5112577317,Jun Yang,IEEE: Institute of Electrical and Electronics Engineers,1
A5112658615,Yan Zhang,Future Medicine - Future Science Group,1
A5112664324,Jian Xu,Wiley,1
A5112723885,Jing Liu,Hindawi,1
A5112874868,Yang Li,Taylor and Francis - Dove Press,1
A5112887955,Li Li,Hindawi,1
A5112890524,Jie Zhang,Springer,1
A5112900684,Li Wang,Hindawi,1
A5112930506,Y. Sato,Elsevier,3
A5112930506,Y. Sato,BMJ Publishing,1
A5112930506,Y. Sato,Wolters Kluwer,1
A5112959879,Yang Zhang,Wiley,1
A5113079405,Yu Liu,IEEE: Institute of Electrical and Electronics Engineers,1
A5113087192,Jing Zhang,IEEE: Institute of Electrical and Electronics Engineers,1
A5113149079,Hui Li,Wiley,2
A5113186018,Dan Wang,Baishideng Publishing Group,1
A5113329408,Bo Li,Frontiers,1
A5113333854,Qian Li,Wiley,1
A5113353372,Hong Zhang,IEEE: Institute of Electrical and Electronics Engineers,3
A5113373874,Jian Xu,Wiley,1
A5113384513,Jing Wang,Hindawi,1
A5113414168,Qian Zhang,Springer,1
A5113414416,Jin Wang,IEEE: Institute of Electrical and Electronics Engineers,3
A5113414416,Jin Wang,IOS Press (bought by Sage November 2023),1
A5113414416,Jin Wang,Springer,1
A5113414416,Jin Wang,Springer - Nature Publishing Group,1
A5113414416,Jin Wang,Wiley,1
A5113427686,Yong Zhang,Spandidos,1
A5113507673,S N Piper,Georg Thieme Verlag,1
A5113517827,Hidenori Toyooka,Wiley,1
A5113566766,Hui Liu,Elsevier - Cell Press,1
A5113639147,S. N. Piper,Wolters Kluwer,7
A5113639147,S. N. Piper,Thieme,5
A5113639147,S. N. Piper,Wiley,5
A5113639147,S. N. Piper,Wiley-Blackwell,4
A5113639147,S. N. Piper,Elsevier,2
A5113639147,S. N. Piper,Oxford University Press,1
A5113639147,S. N. Piper,Springer,1
A5113639147,S. N. Piper,Wolters Kluwer - Lippincott Williams & Wilkins,1
A5113643499,Swen N. Piper,Wolters Kluwer - Lippincott Williams & Wilkins,10
A5113643499,Swen N. Piper,Springer,5
A5113643499,Swen N. Piper,Elsevier,3
A5113643499,Swen N. Piper,Lippincott Williams and Wilkins,1
A5113643499,Swen N. Piper,Wolters Kluwer,1
A5113716959,Jian Xu,Taylor and Francis,1
A5113788436,Yu Liu,"International Scientific Information, Inc",1
A5113904786,Rui Wang,Springer,1
A5114155974,Jing Zhang,Springer,1
A5114244118,Li Li,Springer - Nature Publishing Group,1
A5114375779,Peng Zhang,Elsevier,1
A5114375779,Peng Zhang,Frontiers,1
A5114375779,Peng Zhang,Springer - Nature Publishing Group,1
A5114377942,Bo Zhang,Springer - Nature Publishing Group,1
A5114378296,Yang Yang,Wiley,1
A5114546958,Jing Wei Liu,ASTM International,2
A5114549706,Gang Wang,Wiley,1
A5114585361,Li Zhang,IEEE: Institute of Electrical and Electronics Engineers,1
A5114608804,Jing Wang,Taylor and Francis,1
A5114804029,Rui Zhang,Springer,1
A5114860112,Jing Liu,IEEE: Institute of Electrical and Electronics Engineers,2
A5114889239,Yan Wang,Hindawi,1
A5114911316,Li Li,Springer - Biomed Central (BMC),1
A5114929650,Jian Zhang,Spandidos,1
A5114973643,Yang Liu,Hindawi,1
A5114994797,Ying Wang,American Diabetes Association,1
A5114994797,Ying Wang,American Thoracic Society,1
A5114994797,Ying Wang,Spandidos,1
A5115076700,Chao Wang,Hindawi,2
A5115588071,Jing Liu,Hindawi,1
A5115588071,Jing Liu,IEEE: Institute of Electrical and Electronics Engineers,1
A5115588160,Li Zhang,PLoS,1
A5115588577,Peng Zhang,Elsevier,1
A5115588655,Hao Zhang,PLoS,1
A5115589185,Jing Li,Hindawi,1
A5115589198,Jing Wang,Hindawi,2
A5115589198,Jing Wang,Spandidos,2
A5115589352,Hao Wang,Hindawi,1
A5115589622,Jian Wang,Impact Journals,1
A5115589622,Jian Wang,Taylor and Francis,1
A5115590096,Xin Zhang,Baishideng Publishing Group,1
A5115590096,Xin Zhang,Japan Atherosclerosis Society,1
A5115590684,Wei Wang,IEEE: Institute of Electrical and Electronics Engineers,1
A5115591660,Yan Wang,Wiley,1
A5115592026,Wei Zhang,Research Square,1
A5115593250,Yang Liu,Hindawi,1
A5115593250,Yang Liu,MDPI,1
A5115594996,Lei Wang,Wiley,1
A5115595101,Hui Wang,Elsevier,1
A5115596056,Rui Wang,PLoS,1
A5115596413,Yu Wang,Oxford University Press,1
A5115596731,Lei Wang,Wiley,1
A5115596787,Jun Li,IEEE: Institute of Electrical and Electronics Engineers,1
A5115596846,Wei Chen,PLoS,1
A5115596851,Hao Wang,IEEE: Institute of Electrical and Electronics Engineers,1
A5115596907,Yang Zhang,Taylor and Francis - Dove Press,1
A5115597675,Hong Wang,Spandidos,1
A5115600572,Jing Chen,IEEE: Institute of Electrical and Electronics Engineers,1
A5115601814,Jie Chen,Hindawi,3
A5115601814,Jie Chen,Springer - Nature Publishing Group,1
A5115601814,Jie Chen,Wiley,1
A5115601815,Jie Chen,Mary Ann Liebert,2
A5115601815,Jie Chen,Hindawi,1
A5115601815,Jie Chen,Springer - Biomed Central (BMC),1
A5115602019,Fang Wang,Wiley,1
A5115602022,Hui Wang,PLoS,1
A5115602022,Hui Wang,Springer - Biomed Central (BMC),1
A5115602045,Jie Wang,Hindawi,1
A5115602051,Yang Wang,Elsevier,1
A5115602051,Yang Wang,IEEE: Institute of Electrical and Electronics Engineers,1
A5115602070,Fang Wang,Elsevier,1
A5115602070,Fang Wang,Springer - Nature Publishing Group,1
A5115602070,Fang Wang,Taylor and Francis,1
A5115602070,Fang Wang,eLife Sciences Publications,1
A5115602155,Tao Zhang,Wiley,1
A5115602340,Hui Liu,IEEE: Institute of Electrical and Electronics Engineers,1
A5115602441,Lei Liu,Springer,1
A5115602441,Lei Liu,Wiley,1
A5115602686,Lei Li,IEEE: Institute of Electrical and Electronics Engineers,1
A5115602686,Lei Li,Taylor and Francis,1
A5115602707,Yang Wang,Wolters Kluwer,1
A5115602709,Yu Wang,IEEE: Institute of Electrical and Electronics Engineers,2
A5115602709,Yu Wang,Elsevier,1
A5115602710,Ying Wang,Taylor and Francis - Dove Press,1
A5115602710,Ying Wang,Wiley,1
A5115603610,Qian Zhang,Springer,2
A5115603610,Qian Zhang,Elsevier,1
A5115603610,Qian Zhang,Hindawi,1
A5115603610,Qian Zhang,IOS Press (bought by Sage November 2023),1
A5115603637,Rui Zhang,Wiley,1
A5115603655,Yan Zhang,Frontiers,1
A5115603655,Yan Zhang,Springer - Biomed Central (BMC),1
A5115603669,Jing Zhang,Elsevier,1
A5115603669,Jing Zhang,Hindawi,1
A5115603669,Jing Zhang,IEEE: Institute of Electrical and Electronics Engineers,1
A5115603684,Hui Zhang,Royal Society of Chemistry (RSC),1
A5115603709,Tao Liu,Hindawi,1
A5115604378,Lei Zhang,Spandidos,1
A5115604431,Dan Li,Springer - Biomed Central (BMC),1
A5115604615,Yu Liu,Frontiers,1
A5115605022,Tao Li,Springer - Nature Publishing Group,1
A5115694897,Jing Wang,IEEE: Institute of Electrical and Electronics Engineers,1
A5115695074,Lin Wang,Taylor and Francis - Dove Press,1
A5115695385,Tao Wang,IEEE: Institute of Electrical and Electronics Engineers,1
A5115695450,Yan Wang,Hindawi,1
A5115695473,Ping Wang,IEEE: Institute of Electrical and Electronics Engineers,1
A5115695478,Li Wang,IEEE: Institute of Electrical and Electronics Engineers,1
A5115695478,Li Wang,"International Scientific Information, Inc",1
A5115695478,Li Wang,Springer - Biomed Central (BMC),1
A5115695483,Yan Wang,Wiley,1
A5115695500,Wei Wang,Hindawi,2
A5115695500,Wei Wang,Elsevier - Cell Press,1
A5115695500,Wei Wang,Springer - Biomed Central (BMC),1
A5115695500,Wei Wang,Wolters Kluwer,1
A5115695506,Wei Wang,IEEE: Institute of Electrical and Electronics Engineers,1
A5115695510,Jun Wang,Royal Society of Chemistry (RSC),1
A5115695525,Lei Wang,Wiley,1
A5115695550,Yan Wang,Spandidos,1
A5116016368,Jing Liu,Elsevier,1
A5116016368,Jing Liu,Hindawi,1
A5116016368,Jing Liu,Taylor and Francis,1
A5116319512,Li Wang,PLoS,1
A5116337743,Wei Wang,IEEE: Institute of Electrical and Electronics Engineers,1
A5116568586,Jian Wang,Wiley,1
A5116719957,Wei Liu,Taylor and Francis - Dove Press,1
A5116736541,Li Wang,IEEE: Institute of Electrical and Electronics Engineers,3
A5117137724,Hui Wang,IEEE: Institute of Electrical and Electronics Engineers,1
A5117459284,Hong Zhang,Elsevier,1
A5117525036,Wei Wang,IOS Press (bought by Sage November 2023),1
A5117634646,Yang Zhang,Wiley,1
A5117779795,Hui Li,Hindawi,2
A5118941484,Li Wang,IOS Press (bought by Sage November 2023),1
A5118969723,Wei Wang,IEEE: Institute of Electrical and Electronics Engineers,1
A5118969723,Wei Wang,Wiley,1
A5118983736,Wei Zhang,AIMS Press,1
A5118983736,Wei Zhang,Hindawi,1
A5118983736,Wei Zhang,Springer,1
A5118983736,Wei Zhang,Wolters Kluwer - Lippincott Williams & Wilkins,1
A5119013751,Yan Wang,IEEE: Institute of Electrical and Electronics Engineers,1
A5119206315,Min Wang,Wiley,1
A5119268674,Min Zhang,Elsevier,1
A5119272133,Ying Wang,Hindawi,1
A5119272186,Jing Liu,Springer,2
A5119272186,Jing Liu,Cellular Physiol Biochem Press,1
A5119272186,Jing Liu,Frontiers,1
A5119272186,Jing Liu,Spandidos,1
A5119607022,Hui Zhang,Hindawi,1
A5119767597,Yong Zhang,Springer,1
A5119767597,Yong Zhang,Wiley,1
A5119929943,Yan Wang,IOP Publishing,1
A5119929943,Yan Wang,Taylor and Francis,1
A5125168263,Xi Chen,IOS Press (bought by Sage November 2023),1
A5132799693,J Boldt,Wolters Kluwer - Lippincott Williams & Wilkins,2
A5134056450,Bin Wang,Hindawi,1
