doi,retraction_year,publication_year,openalex_id
10.1083/jcb.6.2.301,1966,1959,W1987022795
10.1016/s0020-1693(00)93130-x,1967,1967,W1972122922
10.1126/science.141.3584.919,1968,1963,W2042875482
10.1515/9783111725093.1,1970,1970,W4237370419
10.1515/9783111725093.235,1970,1970,W4253527032
10.1515/9783111725093.237,1970,1970,W4255936380
10.1515/9783111725093.240,1970,1970,W4237538635
10.1056/nejm197306212882502,1975,1973,W2338758904
10.1016/0014-5793(75)80344-9,1977,1975,W1986056947
10.1038/262311a0,1977,1976,W2013851492
10.1042/bj1480567,1977,1975,W28348412
10.1042/bst0010849,1977,1975,W2413076774
10.1111/j.1471-4159.1976.tb07010.x,1977,1976,W1966776660
10.1515/9783486820225-001,1977,1977,W4242039444
10.1515/9783486820225-008,1977,1977,W4237019147
10.1515/9783486820225-010,1977,1977,W4253440612
10.1515/9783486820225-012,1977,1977,W4251849647
10.1515/9783486820225-013,1977,1977,W4234685843
10.1515/9783486820225-014,1977,1977,W4236662575
10.1515/9783486820225-019,1977,1977,W4251407416
10.1515/9783486820225-020,1977,1977,W4247013834
10.1515/9783486820225-024,1977,1977,W4236634261
10.1515/9783486820225-025,1977,1977,W4241827594
10.1515/9783486820225-027,1977,1977,W4254902448
10.1016/b978-0-12-484760-6.50011-4,1979,1979,W3179564380
10.1016/b978-0-12-484760-6.50016-3,1979,1979,W2486839928
10.1016/b978-0-12-484760-6.50021-7,1979,1979,W3181896181
10.1016/0002-9343(80)90167-9,1980,1980,W2092136989
10.1172/jci108759,1980,1977,W1979347184
10.1172/jci108966,1980,1977,W2050763953
10.1172/jci109108,1980,1978,W1969572070
10.1172/jci109394,1980,1979,W2145525161
10.1210/jcem-47-1-216,1980,1978,W1985607550
10.2337/diab.29.2.159,1980,1980,W2139730797
10.1002/ana.410080324,1981,1980,W2018927427
10.1073/pnas.78.11.7152,1982,1981,W2076415795
10.1172/jci110239,1982,1981,W2143972741
10.2307/3213336,1982,1981,W2319331341
10.1016/0002-9149(80)90510-x,1983,1980,W1538683236
10.1016/s0002-9149(79)80132-0,1983,1979,W4255286901
10.1056/nejm198101153040301,1983,1981,W2009764844
10.1126/science.6337398,1983,1983,W1990769798
10.1152/ajpheart.1981.240.3.h399,1983,1981,W2337577155
10.1161/01.res.49.4.1017,1983,1981,W1886435725
10.7326/0003-4819-89-6-867,1983,1978,W2168491680
10.1073/pnas.80.15.4694,1984,1983,W2084821079
10.1172/jci110109,1984,1981,W1899426945
10.3109/02713688208997686,1984,1982,W2027491635
10.1016/b978-0-12-484787-3.50008-0,1985,1985,W3021170874
10.1016/s0735-1097(85)80047-4,1985,1985,W2037338461
10.1073/pnas.78.11.6729,1985,1981,W1971850234
10.1161/01.res.43.5.705,1985,1978,W1960359682
10.1172/jci109397,1985,1979,W2053960683
10.1172/jci110061,1985,1981,W2081069883
10.1016/b978-0-12-484772-9.50008-6,1986,1986,W3021860128
10.1016/b978-0-12-484772-9.50011-6,1986,1986,W3020984834
10.1016/b978-0-12-484772-9.50016-5,1986,1986,W3020886983
10.1016/b978-0-12-484772-9.50021-9,1986,1986,W3178060350
10.1016/b978-0-12-484772-9.50022-0,1986,1986,W4253945759
10.1148/radiology.154.3.577,1986,1985,W2408774567
10.1148/radiology.155.1.11,1986,1985,W2094890578
10.1152/ajpheart.1984.247.4.h610,1986,1984,W2220434183
10.1515/9783110863932-001,1986,1986,W4229650266
10.1515/9783110863932-003,1986,1986,W4233805470
10.1515/9783110863932-009,1986,1986,W4248781581
10.1515/9783110863932-011,1986,1986,W4247659394
10.1515/9783110863932-fm,1986,1986,W4255681629
10.1007/bf02552680,1987,1984,W1986143259
10.1073/pnas.83.18.7008,1987,1986,W4229804070
10.1084/jem.163.6.1583,1987,1986,W3519831
10.1097/00003246-198309000-00010,1987,1983,W2063752019
10.1097/00003246-198312000-00001,1987,1983,W2046081248
10.3928/0147-7447-19870301-06,1988,1987,W2407644352
10.1073/pnas.84.24.9011,1989,1987,W2072040756
10.1126/science.3047873,1989,1988,W2010710172
10.1126/science.6417790,1989,1983,W1992607863
10.1126/science.6810463,1989,1982,W2069819664
10.1128/jcm.26.9.1791-1794.1988,1989,1988,W1705062945
10.1136/bmj.298.6682.1215,1989,1989,W2021900435
10.1176/ajp.139.11.1447,1989,1982,W2465586851
10.1002/j.1460-2075.1989.tb08465.x,1990,1989,W2136585491
10.1002/jnr.490230113,1990,1989,W2520534
10.1002/pd.1970090505,1990,1989,W1983166293
10.1007/bf00637383,1990,1989,W2095355405
10.1007/bf01964817,1990,1985,W2013121170
10.1037/0097-7403.13.1.3,1990,1987,W4233966445
10.1073/pnas.86.20.8005,1990,1989,W2077418208
10.1093/nar/18.14.4268,1990,1990,W4252626346
10.1111/j.1432-1033.1988.tb14419.x,1990,1988,W2043772210
10.1002/j.1460-2075.1990.tb08121.x,1991,1990,W16658660
10.1002/jlb.46.5.428,1991,1989,W1915795479
10.1007/bf01790093,1991,1988,W4251830586
10.1016/0006-291x(89)92008-1,1991,1989,W2665742
10.1016/0092-8674(89)90288-2,1991,1989,W2091403058
10.1016/s0022-5347(17)39791-4,1991,1990,W2412092240
10.1111/j.1432-1033.1990.tb19421.x,1991,1990,W1966851399
10.1111/j.1600-0897.1990.tb01046.x,1991,1990,W2025634923
10.2337/diab.38.12.1643,1991,1989,W2099465853
10.1002/ijc.2910490412,1992,1991,W2015330587
10.1002/j.1460-2075.1990.tb07480.x,1992,1990,W810227741
10.1016/0038-1101(91)90174-w,1992,1990,W2036691784
10.1016/0092-8674(90)90066-n,1992,1990,W2045010016
10.1016/0140-6736(90)92206-w,1992,1990,W1993194389
10.1016/0140-6736(91)90597-i,1992,1991,W2068867504
10.1038/354476a0,1992,1991,W2022907394
10.1073/pnas.86.20.7928,1992,1989,W2011892883
10.1089/aid.1991.7.789,1992,1991,W2075439692
10.1126/science.254.5033.826,1992,1991,W2056330934
10.1002/eji.1830170806,1993,1987,W2067369639
10.1007/bf02935565,1993,1992,W1971989363
10.1016/0022-510x(92)90154-d,1993,1992,W1973339296
10.1016/b978-0-12-676350-8.50015-3,1993,1993,W2263217500
10.1016/b978-0-12-676350-8.50019-0,1993,1993,W2391479486
10.1073/pnas.83.10.3171,1993,1986,W2063878922
10.1111/j.1471-4159.1989.tb07431.x,1993,1989,W1977801302
10.1128/iai.59.6.1888-1892.1991,1993,1991,W4229721953
10.1515/9783486818666-001,1993,1993,W4255644853
10.3109/00207459008986624,1993,1990,W2052233048
10.1002/j.1460-2075.1990.tb07896.x,1994,1990,W1958327809
10.1016/0014-5793(92)81355-p,1994,1992,W2088366175
10.1073/pnas.84.11.3545,1994,1987,W2048175423
10.1093/nar/22.6.953,1994,1994,W1993659641
10.1126/science.7680491,1994,1993,W2023587164
10.1128/iai.61.1.338-342.1993,1994,1993,W2144278530
10.1128/mcb.13.8.5112-5121.1993,1994,1993,W4249165128
10.1006/abbi.1994.1170,1995,1994,W1968222554
10.1006/bbrc.1995.1675,1995,1995,W2064438499
10.1016/0029-7844(95)00007-e,1995,1995,W2086665334
10.1016/s0022-3476(95)70354-3,1995,1995,W2038795821
10.1038/370456a0,1995,1994,W2063840208
10.1093/infdis/168.4.1059,1995,1993,W2320097823
10.1128/iai.62.2.657-664.1994,1995,1994,W4246388193
10.1128/mcb.14.4.2564-2576.1994,1995,1994,W4231854770
10.1007/bf02331830,1996,1995,W1966965701
10.1016/s0015-0282(16)56090-7,1996,1993,W80342516
10.1016/s0140-6736(95)91723-3,1996,1995,W2066158994
10.1016/s0143-4179(96)90052-9,1996,1996,W2057427528
10.1098/rspb.1991.0017,1996,1991,W2122704688
10.1515/9783486791969.305,1996,1996,W2498289662
10.1515/9783486818567-toc,1996,1996,W4244904655
10.1515/9783486830262.397,1996,1996,W4253280734
10.1515/9783486830262.fm,1996,1996,W4252965417
10.1515/9783486830262.toc,1996,1996,W4229798013
10.1520/jfs13893j,1996,1996,W1911085593
10.2307/3578497,1996,1993,W2021275534
10.1002/(sici)1098-1136(199602)16:23.0.co;2-b,1997,1996,
10.1016/s0003-4975(96)00685-6,1997,1997,W4317523811
10.1038/380707a0,1997,1996,W1990303896
10.1073/pnas.89.17.8049,1997,1992,W2089963616
10.1073/pnas.92.7.2979,1997,1995,W2008936283
10.1073/pnas.93.24.14053,1997,1996,W2134636854
10.1084/jem.181.2.793,1997,1995,W2096440330
10.1089/aid.1996.12.1571,1997,1996,W2082321780
10.1093/chemse/15.1.137,1997,1990,W1968148970
10.1126/science.270.5236.628,1997,1995,W2025917824
10.1126/science.272.5267.1489,1997,1996,W2002021255
10.1126/science.8171334,1997,1994,W2085098826
10.1128/jb.176.14.4424-4429.1994,1997,1994,W1790891469
10.1128/mcb.15.6.3424,1997,1995,W2097122796
10.1515/9783050073835-002,1997,1997,W4254503647
10.1515/9783050073835-004,1997,1997,W4245093100
10.1515/9783050073835-005,1997,1997,W4235655492
10.1515/9783050073835-toc,1997,1997,W4248192905
10.1016/0014-5793(91)80550-m,1998,1991,W2002106163
10.1016/0014-5793(95)00496-v,1998,1995,W2095326928
10.1016/0165-2478(96)02548-5,1998,1996,W2413499742
10.1016/0896-6273(95)90230-9,1998,1995,W1995269644
10.1016/s0092-8674(00)81822-x,1998,1996,W1783700000
10.1016/s0092-8674(00)81866-8,1998,1997,W2025382405
10.1016/s0167-8809(97)00053-4,1998,1997,W2001262222
10.1016/s0896-6273(00)80968-x,1998,1997,W2009868552
10.1038/37678,1998,1997,W3046472350
10.1038/37810,1998,1997,W4317563722
10.1038/sj.ejcn.1600476,1998,1997,W1978486851
10.1042/bj3060787,1998,1995,W1875166327
10.1073/pnas.92.7.2558,1998,1995,W2050596106
10.1097/00000542-199808000-00003,1998,1998,W2121927963
10.1113/jphysiol.1994.sp020220,1998,1994,W4234016141
10.1113/jphysiol.1997.sp022001,1998,1997,W2025624753
10.1128/iai.65.7.2759-2764.1997,1998,1997,W4240733798
10.1136/bmj.317.7159.687,1998,1998,W2043446398
10.1139/m96-039,1998,1996,W1997771588
10.1161/01.cir.94.3.547,1998,1996,W2075994083
10.1515/9783486831184.toc,1998,1998,W4230690307
10.1515/9783486831184.v,1998,1998,W4250623922
10.1515/9783486831184.vii,1998,1998,W4245991006
10.1515/9783486831184.xxxiii,1998,1998,W4235368258
10.5694/j.1326-5377.1998.tb126727.x,1998,1998,W2465135711
10.1002/glia.440020508,1999,1989,W2076982033
10.1002/ijc.2910430519,1999,1989,W2051531396
10.1006/exer.1997.0449,1999,1998,W2023953146
10.1016/0168-583x(95)00853-5,1999,1996,W1996406191
10.1016/s0266-3538(98)00079-7,1999,1999,W116183116
10.1021/bi970564o,1999,1997,W4232636003
10.1038/emm.1999.11,1999,1999,W2130047243
10.1046/j.1460-9568.1999.00436.x,1999,1999,W2071803081
10.1056/nejm199701233360415,1999,1997,W2343807134
10.1056/nejm199802053380607,1999,1998,W1967597016
10.1074/jbc.271.8.4154,1999,1996,W2011163178
10.1074/jbc.273.29.18019,1999,1998,W2084471046
10.1093/emboj/16.19.5855,1999,1997,W2019340338
10.1093/emboj/16.8.2119,1999,1997,W2161587689
10.1093/jac/40.5.745,1999,1997,W2103518172
10.1126/science.269.5225.841,1999,1995,W2089088878
10.1177/028418519503600442,1999,1995,W4244691457
10.1515/9783110937770-015,1999,1999,W4238181518
10.1002/(sici)1096-8628(19961230)66:4%3c403::aid-ajmg4%3e3.0.co;2-l,2000,1996,
10.1007/bf00210477,2000,1993,W1970380395
10.1016/s0003-4975(00)01485-5,2000,2000,W2078742106
10.1016/s0003-4975(98)01155-2,2000,1999,W2047564001
10.1016/s0140-6736(99)05131-4,2000,2000,W2117077848
10.1016/s0266-3538(99)00163-3,2000,2000,W1555221690
10.1016/s0378-8741(99)00177-4,2000,2000,W2194969576
10.1073/pnas.87.23.9290,2000,1990,W1964822159
10.1073/pnas.96.10.5873,2000,1999,W2075082286
10.1073/pnas.96.24.13845,2000,1999,W1975865405
10.1093/jn/130.2.171,2000,2000,W3046517416
10.1111/j.1600-0668.1999.t01-1-00007.x,2000,1999,W2135793260
10.1111/j.1600-0668.1999.t01-2-00005.x,2000,1999,W2063917031
10.1111/j.1600-0668.1999.t01-3-00003.x,2000,1999,W10195271
10.1111/j.1600-0668.1999.t01-3-00004.x,2000,1999,W2137822053
10.1126/science.11542874,2000,1993,W1979442531
10.1126/science.288.5468.1058,2000,2000,W2024576520
10.1164/ajrccm.155.2.9032197,2000,1997,W2085023490
10.1164/ajrccm.158.1.9801028,2000,1998,W2160632636
10.1007/s001280000154,2001,2000,W1969672712
10.1016/s0006-8993(01)02789-5,2001,2001,W2049340858
10.1016/s0010-0277(00)00078-0,2001,2000,W2143321381
10.1016/s0043-1648(01)00645-7,2001,2001,W2050326061
10.1016/s0168-1702(99)00088-x,2001,1998,W2001063999
10.1016/s0272-7358(99)00055-0,2001,2000,W1988012390
10.1016/s0370-2693(01)00865-6,2001,2001,W1975441140
10.1016/s0920-1211(00)00155-8,2001,2001,W2021981726
10.1037/0022-3514.77.4.774,2001,1999,W4233681721
10.1073/pnas.96.20.11566,2001,1999,W2095284151
10.1073/pnas.97.1.297,2001,2000,W2001752380
10.1099/0022-1317-82-11-2837,2001,2001,W1953457194
10.1111/j.1360-0443.1991.tb01856.x,2001,1991,W2032625650
10.1136/gut.31.12.1358,2001,1990,W2163091610
10.1136/gut.31.5.a589,2001,1990,W4249757308
10.1177/014616720026200,2001,2000,
10.1200/jco.1995.13.10.2483,2001,1995,W1872096120
10.1002/1097-4652(2001)9999:9999%3c000::aid-jcp1045%3e3.0.co;2-0,2002,2001,
10.1006/aphy.2002.6289,2002,2002,W2051125922
10.1007/bf02487706,2002,1997,W2076868395
10.1016/s0019-0578(00)00014-8,2002,2000,W1967825665
10.1016/s0043-1648(01)00823-7,2002,2001,W2059818221
10.1016/s0092-8674(00)80887-9,2002,2000,W2080485991
10.1016/s0169-4332(01)90582-3,2002,2002,W4237442835
10.1016/s0300-483x(02)00028-8,2002,2002,W2008679311
10.1016/s0300-483x(02)00388-8,2002,2002,W2073322800
10.1016/s0899-9007(02)90845-2,2002,2002,W2034477517
10.1016/s0925-4773(02)00288-5,2002,2002,W2468975728
10.1016/s0925-4773(02)00292-7,2002,2002,W1517524597
10.1016/s0925-4773(02)00294-0,2002,2002,W2415089456
10.1016/s0925-4773(02)00299-x,2002,2002,W2076632462
10.1016/s0925-4773(02)00300-3,2002,2002,W1489960151
10.1016/s0925-4773(02)00302-7,2002,2002,W4244860328
10.1016/s0925-4773(02)00304-0,2002,2002,W2038662595
10.1016/s0925-4773(02)00305-2,2002,2002,W2472034163
10.1016/s0925-4773(02)00306-4,2002,2002,W1967660655
10.1016/s0925-4773(02)00340-4,2002,2002,W4252816561
10.1016/s0925-4773(02)00347-7,2002,2002,W4232187966
10.1016/s0925-4773(02)00348-9,2002,2002,W2085333163
10.1016/s0925-4773(02)00354-4,2002,2002,W4237812976
10.1016/s0925-4773(02)00356-8,2002,2002,W4251301606
10.1016/s0925-4773(02)00380-5,2002,2002,W4233930986
10.1016/s0925-4773(02)00387-8,2002,2002,W3210859608
10.1016/s0925-4773(02)00417-3,2002,2002,W4238353252
10.1016/s0925-4773(02)00418-5,2002,2002,W4229527979
10.1016/s0925-4773(02)00422-7,2002,2002,W4210813386
10.1016/s0925-4773(03)00113-8,2002,2002,W1999284557
10.1016/s0925-5273(02)00107-x,2002,2002,W2059739133
10.1016/s1053-8119(01)92536-4,2002,2001,W2033105401
10.1016/s1053-8119(01)92538-8,2002,2001,W2078534453
10.1016/s1364-6826(01)00115-8,2002,2001,W2048297385
10.1016/s1567-133x(02)00052-2,2002,2002,W2009553579
10.1016/s1567-133x(02)00055-8,2002,2002,W2045588585
10.1016/s1567-133x(02)00058-3,2002,2002,W4249056592
10.1038/35001001,2002,2000,W2779327081
10.1053/ejvx.2000.0005,2002,2001,W2047582082
10.1055/s-2001-17398,2002,2001,W1988041728
10.1056/nejm199810153391601,2002,1998,W2032002843
10.1074/jbc.m103321200,2002,2001,W2010035812
10.1093/emboj/19.15.3956,2002,2000,W2166794559
10.1101/gad.937201,2002,2001,W2153212259
10.1103/physrevb.63.245201,2002,2001,W2060235722
10.1103/physrevb.64.035209,2002,2001,W2071052123
10.1103/physrevlett.86.3843,2002,2001,W1966882115
10.1109/nrc.1998.677994,2002,1998,W2163935401
10.1111/j.1349-7006.2001.tb01122.x,2002,2001,W4236902439
10.1126/science.1058812,2002,2001,W2059723761
10.1126/science.1064773,2002,2001,W1991234745
10.1126/science.283.5400.357,2002,1999,W2063808707
10.1126/science.288.5466.656,2002,2000,W1981908156
10.1126/science.288.5475.2338,2002,2000,W1988975535
10.1126/science.291.5501.100,2002,2001,W2071761071
10.1126/science.291.5501.134,2002,2001,W2138577306
10.1161/01.hyp.35.1.202,2002,2000,W2080162113
10.1177/014616729824800,2002,1998,
10.1177/096777200000800209,2002,2000,W2462495719
10.1002/1521-4095(200108)13:16%3c1273::aid-adma1273%3e3.0.co;2-p,2003,2001,
10.1002/1521-4095(20020219)14:4%3c323::aid-adma323%3e3.0.co;2-5,2003,2002,
10.1007/bf02828181,2003,2002,W73249838
10.1016/0196-8904(93)90092-o,2003,1993,W1991478938
10.1016/s0006-291x(02)00444-8,2003,2002,W1994836157
10.1016/s0006-3495(03)74953-4,2003,2003,W4253346004
10.1016/s0006-8993(99)01437-7,2003,1999,W1985549238
10.1016/s0008-8749(03)00157-6,2003,2003,W1973516221
10.1016/s0020-7683(02)00582-6,2003,2003,W2132956556
10.1016/s0022-0396(03)00062-7,2003,2003,W2028995508
10.1016/s0048-3575(02)00104-9,2003,2002,W2005604402
10.1016/s0166-6851(02)00303-1,2003,2003,W2010805647
10.1016/s0168-583x(99)00542-x,2003,1999,W2004230428
10.1016/s0921-8777(98)00007-x,2003,1998,W2081512480
10.1023/a:1007189828584,2003,2000,W4249096996
10.1023/a:1025027231938,2003,2003,W64005509
10.1038/20208,2003,1999,W1496668015
10.1038/35000172,2003,2000,W1628347788
10.1038/35101577,2003,2001,W1502176667
10.1038/35106539,2003,2001,W2027264781
10.1038/nature00948,2003,2002,W1980097780
10.1039/b208572k,2003,2003,W2101351862
10.1046/j.1528-1157.2003.05203.x,2003,2003,W1831524103
10.1056/nejmoa012710,2003,2002,W2065065616
10.1063/1.1400097,2003,2001,W1981862612
10.1073/pnas.91.24.11743,2003,1994,W2044706469
10.1086/376438,2003,2003,W2091633036
10.1088/0022-3727/36/1/302,2003,2002,W1991521057
10.1103/physreve.61.880,2003,2000,W2061768277
10.1109/fuzz.2003.1206609,2003,2003,W1932076813
10.1109/ictel.2003.1191486,2003,2003,W2011401431
10.1109/tc.2003.1214335,2003,2003,W2071248866
10.1126/science.1064204,2003,2001,W2058831540
10.1126/science.1070563,2003,2002,W2586490552
10.1126/science.1074501,2003,2002,W2044307156
10.1126/science.281.5379.1009,2003,1998,W2012300945
10.1128/jb.183.6.1983-1989.2001,2003,2001,W2166013208
10.1172/jci114186,2003,1989,W2039008259
10.1172/jci116914,2003,1993,W2019366167
10.1172/jci17321,2003,2003,W2085476131
10.1186/1476-4598-2-2,2003,2003,W2165192683
10.3923/pjbs.2003.1548.1552,2003,2003,W2071557861
10.7326/0003-4819-123-9-199511010-00005,2003,1995,W2072594041
10.1002/1521-396x(200207)192:1%3c212::aid-pssa212%3e3.0.co;2-b,2004,2002,
10.1002/glia.10344,2004,2004,W2409095566
10.1002/pssa.200306153,2004,2003,W4237771183
10.1006/bbrc.2001.5190,2004,2001,W2041356343
10.1007/bf03342546,2004,2004,W2397689472
10.1016/j.amjmed.2004.05.019,2004,2004,W1996178930
10.1016/j.applthermaleng.2003.08.017,2004,2003,W2026059519
10.1016/j.ejphar.2004.02.002,2004,2003,W2056428797
10.1016/j.fct.2003.09.009,2004,2003,W2040687425
10.1016/j.ijom.2003.09.015,2004,2004,W4234200202
10.1016/j.jmatprotec.2004.04.356,2004,2004,W2049529011
10.1016/j.jmva.2004.10.006,2004,2004,W2074455405
10.1016/s0006-3223(02)01912-1,2004,2003,W2039154366
10.1016/s0010-7824(98)00122-x,2004,1998,W2093781951
10.1016/s0013-9351(02)00084-1,2004,2003,W1964218932
10.1016/s0014-2999(02)02420-2,2004,2002,W12398910
10.1016/s0016-5085(03)83760-5,2004,2003,W1967816008
10.1016/s0016-5085(03)83878-7,2004,2003,W2126720064
10.1016/s0016-5085(03)83922-7,2004,2003,W2018975474
10.1016/s0016-5085(03)83929-x,2004,2003,W1993548410
10.1016/s0016-5085(03)83937-9,2004,2003,W2125466305
10.1016/s0016-5085(03)83946-x,2004,2003,W2103824694
10.1016/s0022-4804(03)00285-3,2004,2004,W2046948299
10.1016/s0092-8674(03)00200-9,2004,2003,W2075641622
10.1016/s0140-1963(03)00003-x,2004,2003,W2039627586
10.1016/s0734-9750(02)00096-4,2004,2003,W2064654286
10.1023/a:1018999919169,2004,2000,W2159600323
10.1038/sj.onc.1207786,2004,2003,W2031078011
10.1039/b308034j,2004,2003,W2139084722
10.1046/j.1440-1681.2002.03780.x,2004,2002,W2000589388
10.1073/pnas.0402344101,2004,2004,W2157480538
10.1073/pnas.2637011100,2004,2004,W2008666091
10.1074/jbc.m106610200,2004,2001,W2098877593
10.1080/10575630108041293,2004,2001,W11833624
10.1093/carcin/bgh127,2004,2003,W2316101210
10.1093/carcin/bgh141,2004,2004,W4252133839
10.1093/ije/dyh094,2004,2004,W4233510558
10.1095/biolreprod.104.030718,2004,2004,W4232603147
10.1109/cicc.2004.1358760,2004,2004,W1979522010
10.1109/esscir.2004.1356693,2004,2004,W1996577645
10.1109/isscc.2004.1332736,2004,2004,W3146352182
10.1109/jmems.2004.828734,2004,2004,W2004809719
10.1109/telsks.2003.1246305,2004,2003,W2155532774
10.1109/vlsic.2004.1346630,2004,2004,W2123245780
10.1109/vlsic.2004.1346631,2004,2004,W1989577560
10.1111/j.1549-0831.1999.tb00004.x,2004,1999,W1985052456
10.1111/j.1550-7408.2003.tb00635.x,2004,2003,W2051815760
10.1111/j.1741-6892.2004.00468.x,2004,2004,W2075194556
10.1126/science.1096750,2004,2004,W2054246163
10.1136/gut.52.3.363,2004,2003,W2158312547
10.1182/blood-2002-04-1255,2004,2003,W2344080611
10.1210/me.2002-0330,2004,2003,W2105455633
10.1248/bpb.26.1517,2004,2003,W2049890390
10.1345/aph.1c086,2004,2003,W2076272818
10.1385/endo:22:3:193,2004,2003,W2093840350
10.1515/9783110914825-003,2004,2004,W4299574035
10.1515/9783110914825-toc,2004,2004,W4238500394
10.1515/9783486781687-030,2004,2004,W4239339623
10.1515/9783486781687-031,2004,2004,W4252102808
10.1001/jama.289.12.1533,2005,2003,W2118466490
10.1002/mana.200310289,2005,2005,W2112084755
10.1006/bbrc.1997.7931,2005,1998,W2372529849
10.1007/11008941_18,2005,2005,W1882220231
10.1007/11596370_7,2005,2005,W193303270
10.1007/s00605-003-0035-4,2005,2003,W2135872811
10.1007/s10350-003-0067-9,2005,2004,W2077375863
10.1016/0026-0495(92)90118-t,2005,1992,W2082209709
10.1016/j.annemergmed.2004.09.036,2005,2005,W2052173205
10.1016/j.diabres.2003.10.029,2005,2004,W1982775636
10.1016/j.irle.2005.05.001,2005,2005,W4232657398
10.1016/j.jfoodeng.2005.05.060,2005,2005,W1982227622
10.1016/j.jsc.2003.06.002,2005,2003,W2002284107
10.1016/j.prosdent.2004.03.002,2005,2004,W2146324629
10.1016/j.spl.2004.12.014,2005,2005,W2053892099
10.1016/s0736-5748(03)00070-4,2005,2003,W2029725588
10.1016/s0899-9007(01)00610-4,2005,2001,W2068609111
10.1016/s0957-4166(03)00584-6,2005,2003,W2000937777
10.1021/bp025791i,2005,2003,W1957696462
10.1038/nature02715,2005,2004,W2091408465
10.1038/nature03828,2005,2005,W2013313420
10.1038/sj.cr.7290376,2005,2005,W2020613110
10.1038/sj.onc.1206311,2005,2002,W1979977994
10.1038/sj.onc.1208866,2005,2005,W2136460560
10.1042/bj1870261,2005,1980,W4252057939
10.1042/bj1990069,2005,1981,W2163438132
10.1046/j.1365-2362.1997.1160662.x,2005,1997,W2019142470
10.1046/j.1524-4741.2002.08405.x,2005,2002,W1985929861
10.1063/1.1641184,2005,2004,W2004678529
10.1063/1.1855387,2005,2005,W2062585923
10.1063/1.1896510,2005,2005,W2159834254
10.1063/1.1896513,2005,2005,W2081618123
10.1073/pnas.0400460101,2005,2004,W2029140710
10.1073/pnas.96.6.2937,2005,1999,W2079326336
10.1083/jcb.146.4.791,2005,1999,W2146626810
10.1095/biolreprod.105.046870,2005,2005,W2150185326
10.1097/01.aog.0000142738.68439.9e,2005,2004,W2129297021
10.1097/01.jsm.0000157652.47572.56,2005,2005,W2006519946
10.1097/01.tp.0000122221.28546.6d,2005,2004,W2022636856
10.1103/physrevb.68.134406,2005,2003,W2040023211
10.1109/camp.2005.45,2005,2005,W2069810382
10.1109/jssc.2004.838004,2005,2005,W1970055011
10.1109/rfic.2005.1489827,2005,2005,W2152937710
10.1109/vlsic.2005.1469367,2005,2005,W2156937879
10.1109/vlsic.2005.1469378,2005,2005,W1985057918
10.1111/j.1349-7006.2004.tb03322.x,2005,2004,W2010945974
10.1126/science.1098225,2005,2004,W1976758542
10.1126/science.1100582,2005,2005,W2052549590
10.1128/cdli.6.2.254-259.1999,2005,1999,W4240028168
10.1128/iai.69.8.5107-5114.2001,2005,2001,W2155566448
10.1128/jvi.77.24.13248-13256.2003,2005,2003,W4241064199
10.1136/bmj.331.7512.356,2005,2005,W2052682376
10.1143/jpsj.73.1651,2005,2004,W2181804459
10.1152/jappl.1994.76.6.2281,2005,1994,W2158558898
10.1158/0008-5472.can-03-2556,2005,2004,W2085115221
10.1158/0008-5472.can-04-0552,2005,2004,W2156683995
10.1212/wnl.59.5.724,2005,2002,W2030138373
10.1216/rmjm/1181069735,2005,2005,W2037428094
10.1524/9783486834062.xii,2005,2005,W3142920907
10.1524/9783486834062.xiii,2005,2005,W2482316275
10.1890/03-0488,2005,2004,W1983748726
10.2117/psysoc.2004.158,2005,2004,W2026870256
10.2337/diabetes.54.1.152,2005,2005,W2136125500
10.4049/jimmunol.170.3.1566,2005,2003,W4206561823
10.1001/archinte.165.18.2142,2006,2005,W1997204463
10.1002/14651858.cd002285,2006,2000,W2108672469
10.1002/art.10305,2006,2002,W2102066248
10.1002/bjs.4775,2006,2004,W2074918881
10.1002/hyp.5790,2006,2005,W2131972660
10.1002/pi.2076,2006,2006,W2129307823
10.1002/pssb.200540069,2006,2005,W2154088190
10.1007/11841760_18,2006,2006,W1591692738
10.1007/bf02829223,2006,2006,W2322179366
10.1007/bf02973885,2006,2005,W4229775722
10.1016/j.ajog.2004.03.087,2006,2004,W2618281492
10.1016/j.apsusc.2006.03.013,2006,2006,W2065893465
10.1016/j.avb.2005.08.004,2006,2005,W4238845965
10.1016/j.bbrc.2006.06.142,2006,2006,W2311471145
10.1016/j.ctnm.2004.09.002,2006,2005,W1997569321
10.1016/j.febslet.2005.12.094,2006,2006,W2077167412
10.1016/j.freeradbiomed.2006.09.021,2006,2006,W2015213791
10.1016/j.giec.2006.03.005,2006,2006,W2094309112
10.1016/j.jconhyd.2005.05.014,2006,2005,W1964783112
10.1016/j.jhin.2005.10.007,2006,2006,W2169024443
10.1016/j.jtcvs.2005.10.003,2006,2006,W3193272249
10.1016/j.jvs.2004.08.055,2006,2004,W2104623627
10.1016/j.lfs.2005.05.045,2006,2005,W2060032404
10.1016/j.nucengdes.2006.03.043,2006,2006,W1964716131
10.1016/j.oraloncology.2005.05.003,2006,2005,W2000639509
10.1016/j.porgcoat.2006.02.001,2006,2006,W2086679320
10.1016/j.procbio.2005.07.017,2006,2005,W2093304249
10.1016/j.saa.2005.04.013,2006,2005,W2124390479
10.1016/j.tetasy.2005.01.011,2006,2005,W1971520562
10.1016/s0043-1354(01)00355-4,2006,2002,W2399820653
10.1016/s0140-6736(05)67488-0,2006,2005,W2149096244
10.1016/s0899-7071(03)00150-5,2006,2004,W2101221185
10.1021/ja027891q,2006,2002,W1982135300
10.1021/ja034848+,2006,2003,W2021183378
10.1021/ja036157j,2006,2003,W1977477952
10.1038/35013144,2006,2000,W1652297607
10.1038/emm.2006.8,2006,2006,W4256262873
10.1038/nature00913,2006,2002,W2087424390
10.1038/nbt0402-376,2006,2002,W11923844
10.1038/nm1424,2006,2006,W2074507371
10.1038/sj.gt.3301831,2006,2002,W2070207708
10.1051/rnd:2006004,2006,2006,W2086758008
10.1056/nejmoa033374,2006,2004,W1976282634
10.1063/1.1456034,2006,2002,W2052876833
10.1063/1.1927272,2006,2005,W1799456929
10.1073/pnas.0507024103,2006,2006,W2150406437
10.1074/jbc.270.37.21998,2006,1995,W2032338993
10.1074/jbc.m405712200,2006,2004,W2052827297
10.1080/00207160512331331084,2006,2005,W2029348055
10.1080/01443610410001645442,2006,2004,W2076666962
10.1080/01969720490499281,2006,2004,W2514808186
10.1080/02757540500290222,2006,2005,W2149985225
10.1080/02772240500414911,2006,2006,W1972978095
10.1080/10618560008940722,2006,2000,W2035627268
10.1088/0963-0252/15/4/014,2006,2006,W2078555700
10.1089/105072502320288429,2006,2002,W2293360367
10.1089/jir.2006.26.414,2006,2006,W2029489281
10.1093/humrep/dei487,2006,2006,W2110568582
10.1093/nar/gkl657,2006,2006,W2025292519
10.1095/biolreprod.105.043331,2006,2006,W2100578613
10.1095/biolreprod.106.051946,2006,2006,W2512149220
10.1097/01.mpa.0000148509.03047.79,2006,2005,W2043379614
10.1101/gr.4258005,2006,2005,W1981007539
10.1103/physrevb.71.235313,2006,2005,W1991178766
10.1108/03074350610676732,2006,2006,W2038406959
10.1109/ccnc.2005.1405245,2006,2005,W2059847226
10.1109/icdt.2006.80,2006,2006,W2007784926
10.1109/rfic.2006.1651161,2006,2006,W1981670632
10.1111/1467-9922.00219,2006,2003,W2119846627
10.1111/j.1151-2916.2002.tb00248.x,2006,2002,W2157322278
10.1111/j.1365-3148.2006.00666.x,2006,2006,W2067722911
10.1111/j.1440-1827.2006.01947.x,2006,2006,W2415074710
10.1111/j.1442-2042.2005.01111.x,2006,2005,W16045557
10.1111/j.1464-5491.2004.01194.x,2006,2004,W2003508199
10.1111/j.1468-2478.2005.00373.x,2006,2005,W1968756341
10.1124/mol.66.1.153,2006,2004,W2125150685
10.1126/science.1112286,2006,2005,W2097679827
10.1128/jb.188.5.1969-1978.2006,2006,2006,W2112758830
10.1128/jvi.80.5.2291-2308.2006,2006,2006,W2153969027
10.1128/mcb.23.12.4283-4294.2003,2006,2003,W2159528039
10.1507/endocrj.53.133,2006,2006,W2063119987
10.1634/stemcells.22-6-950,2006,2004,W2036106451
10.2116/analsci.22.803,2006,2005,W4238529773
10.2116/bunsekikagaku.52.1187,2006,2003,W2043557901
10.2135/cropsci2005.04-0036,2006,2005,W1988806284
10.2298/eka0669166m,2006,2006,W1547097152
10.2337/diabetes.51.9.2817,2006,2002,W2164965164
10.3164/jcbn.38.77,2006,2006,W1980418179
10.3346/jkms.2005.20.5.877,2006,2005,W2162227545
10.3923/jas.2006.1818.1821,2006,2006,W1980300430
10.4040/jkan.2006.36.1.15,2006,2006,W2159677086
10.4049/jimmunol.167.4.2331,2006,2001,W1641972354
10.5414/cnp65153,2006,2006,W1967314518
10.7326/0003-4819-144-9-200605020-00009,2006,2006,W2047111627
10.7498/aps.55.791,2006,2006,W1658562379
10.1002/anie.200700170,2007,2007,W4253328117
10.1002/aoc.1299,2007,2007,W1977845323
10.1002/bmc.866,2007,2007,W1979495902
10.1002/em.20185,2007,2005,W2169892328
10.1002/hfm.20091,2007,2007,W4236688374
10.1002/jgm.983,2007,2006,W1571844963
10.1002/jps.20868,2007,2007,W1993619217
10.1002/jso.20742,2007,2007,W1977618644
10.1002/mds.21181,2007,2006,W2080482759
10.1002/pds.1434,2007,2007,W1992303766
10.1002/pssb.200743055,2007,2007,W2022960519
10.1007/11523468_114,2007,2005,W1709416435
10.1007/s10103-007-0499-x,2007,2007,W2079085844
10.1007/s10661-006-9544-7,2007,2007,W1975067837
10.1007/s10661-007-9663-9,2007,2007,W2028574614
10.1007/s10661-007-9837-5,2007,2007,W2014332276
10.1007/s10867-006-9032-x,2007,2006,W1558665050
10.1007/s10895-006-0132-6,2007,2006,W2032314397
10.1007/s11427-005-0014-1,2007,2006,W2026785658
10.1016/j.amc.2007.03.043,2007,2007,W2017759598
10.1016/j.apsusc.2006.07.048,2007,2006,W2105158404
10.1016/j.apsusc.2006.10.032,2007,2006,W2127800752
10.1016/j.athoracsur.2006.05.080,2007,2006,W17062230
10.1016/j.athoracsur.2006.11.072,2007,2007,W2052448943
10.1016/j.bbamcr.2006.11.012,2007,2006,W1972016761
10.1016/j.biopsych.2005.08.011,2007,2005,W2010619271
10.1016/j.bmcl.2007.05.082,2007,2007,W2063993053
10.1016/j.bpobgyn.2004.11.002,2007,2005,W2304650384
10.1016/j.catcom.2006.08.008,2007,2006,W4239960081
10.1016/j.cell.2005.11.024,2007,2006,W2032457228
10.1016/j.compscitech.2005.09.008,2007,2005,W1989540255
10.1016/j.cplett.2007.06.114,2007,2007,W4232851014
10.1016/j.cub.2004.02.003,2007,2004,W2101327432
10.1016/j.diabres.2007.01.069,2007,2007,W1966059010
10.1016/j.enpol.2006.10.013,2007,2007,W1988393190
10.1016/j.epsl.2007.07.046,2007,2007,W1987821389
10.1016/j.expthermflusci.2005.01.001,2007,2005,W2065994668
10.1016/j.ijpe.2006.07.001,2007,2006,W4256151461
10.1016/j.ijporl.2006.10.023,2007,2007,W2069708426
10.1016/j.jallcom.2006.08.073,2007,2006,W1987449207
10.1016/j.jcis.2006.07.027,2007,2006,W1998150112
10.1016/j.joms.2003.08.029,2007,2004,W2024929000
10.1016/j.jpolmod.2006.04.007,2007,2007,W2040244814
10.1016/j.jtcvs.2005.02.047,2007,2005,W2068968259
10.1016/j.neuron.2006.03.038,2007,2006,W2053788380
10.1016/j.orgel.2005.03.010,2007,2005,W2012102903
10.1016/j.profnurs.2006.06.002,2007,2006,W2006482128
10.1016/j.snb.2007.02.046,2007,2007,W2067840356
10.1016/j.spl.2007.05.014,2007,2007,W1980717642
10.1016/j.spl.2007.10.005,2007,2007,W1972818383
10.1016/j.tet.2006.03.096,2007,2006,W1996001601
10.1016/j.tox.2006.10.013,2007,2006,W1979282520
10.1016/j.virol.2005.11.020,2007,2006,W2005894060
10.1016/s0023-9690(03)00012-2,2007,2003,W2084856098
10.1016/s1368-8375(00)00126-3,2007,2001,W2075365422
10.1021/la052897p,2007,2006,W2044899454
10.1038/ncb950,2007,2003,W1995150044
10.1038/ncb955,2007,2003,W1995111307
10.1038/sj.cr.7310005,2007,2006,W1992558672
10.1038/sj.emboj.7600343,2007,2004,W2164045769
10.1038/sj.embor.7400551,2007,2006,W4229498718
10.1038/sj.gt.3302808,2007,2006,W2039641449
10.1038/sj.ijir.3901350,2007,2005,W2108164252
10.1038/sj.pcan.4500919,2007,2006,W1992817906
10.1039/b604684c,2007,2006,W2154803593
10.1042/bj20050548,2007,2005,W2083204575
10.1056/nejmc063094,2007,2007,W2411854677
10.1073/pnas.0400137101,2007,2004,W1966103442
10.1073/pnas.0606127103,2007,2006,W2058535019
10.1074/jbc.m212991200,2007,2003,W2055524637
10.1080/00207160212117,2007,2002,W2043557979
10.1080/02678290601111556,2007,2007,W4253224683
10.1080/10643380600620353,2007,2006,W2036921722
10.1080/13803390409609787,2007,2004,W2035037088
10.1088/0305-4470/39/4/017,2007,2006,W1995700764
10.1093/carcin/bgl136,2007,2006,W2116444417
10.1093/hmg/ddl446,2007,2006,W4232498783
10.1102/1470-7330.2006.9018,2007,2006,W2006742104
10.1103/physrevb.65.134103,2007,2002,W1660466565
10.1107/s1600536806039894,2007,2006,W1982662767
10.1109/ares.2007.70,2007,2007,W2099619117
10.1109/bipol.2006.311164,2007,2006,W2094279682
10.1109/bipol.2006.311171,2007,2006,W1972794152
10.1109/bipol.2006.311173,2007,2006,W2036373289
10.1109/ccece.2007.335,2007,2007,W1975512060
10.1109/cicc.2006.320876,2007,2006,W2134307776
10.1109/icbbe.2007.101,2007,2007,W2199443956
10.1109/icbbe.2007.14,2007,2007,W1866930068
10.1109/icbbe.2007.146,2007,2007,W1654541313
10.1109/icbbe.2007.156,2007,2007,W2284947581
10.1109/icbbe.2007.176,2007,2007,W402376169
10.1109/icbbe.2007.301,2007,2007,W2266429702
10.1109/icbbe.2007.330,2007,2007,W2119513724
10.1109/icbbe.2007.42,2007,2007,W393715627
10.1109/icbbe.2007.77,2007,2007,W2152990176
10.1109/jssc.2007.900764,2007,2007,W1997251206
10.1109/jssc.2007.907171,2007,2007,W1984661890
10.1109/rws.2007.351736,2007,2007,W2042642535
10.1109/rws.2007.351759,2007,2007,W2006205615
10.1109/rws.2007.351859,2007,2007,W2073181849
10.1109/vlsic.2007.4342720,2007,2007,W2127303201
10.1109/vlsic.2007.4342722,2007,2007,W1930615754
10.1109/wicom.2007.1029,2007,2007,W2542552048
10.1109/wicom.2007.1035,2007,2007,W2097711166
10.1109/wicom.2007.1041,2007,2007,W2536553022
10.1109/wicom.2007.1051,2007,2007,W2539495939
10.1109/wicom.2007.1063,2007,2007,W2542323165
10.1109/wicom.2007.1093,2007,2007,W2148423495
10.1109/wicom.2007.1096,2007,2007,W2535267386
10.1109/wicom.2007.1111,2007,2007,W2543531450
10.1109/wicom.2007.1168,2007,2007,W2539491684
10.1109/wicom.2007.1196,2007,2007,W2155373422
10.1109/wicom.2007.1440,2007,2007,W2537384681
10.1109/wicom.2007.1484,2007,2007,W2534549980
10.1109/wicom.2007.1605,2007,2007,W2166648897
10.1109/wicom.2007.1611,2007,2007,W2534908856
10.1109/wicom.2007.1643,2007,2007,W2539709800
10.1109/wicom.2007.793,2007,2007,W2136057984
10.1109/wicom.2007.818,2007,2007,W2096565726
10.1109/wicom.2007.832,2007,2007,W2543394358
10.1109/wicom.2007.970,2007,2007,W2537859644
10.1109/wicom.2007.980,2007,2007,W2544432152
10.1109/wicom.2007.990,2007,2007,W2538709454
10.1111/j.1399-3054.2007.00908.x,2007,2007,W2051676160
10.1111/j.1467-9566.2007.00543.x,2007,2007,W1553878228
10.1111/j.1744-313x.2006.00595.x,2007,2006,W2017736317
10.1111/j.1745-7254.2007.00492.x,2007,2007,W2029788659
10.1126/science.1117768,2007,2005,W2009247672
10.1126/science.1120925,2007,2006,W1988553103
10.1128/jcm.01696-06,2007,2007,W4230853549
10.1136/bjsm.2006.029504,2007,2006,W2290893661
10.1136/emj.2006.043307,2007,2007,W2154258603
10.1142/s0217984907012876,2007,2007,W2034885962
10.1142/s0218339006001982,2007,2006,W2964047422
10.1152/ajpendo.00702.2006,2007,2007,W1849352432
10.1152/ajpheart.00146.2007,2007,2007,W4241257420
10.1152/jn.2000.83.6.3299,2007,2000,W1789250520
10.1155/2006/407609,2007,2006,W118137854
10.1159/000094409,2007,2006,W2093114174
10.1186/1743-422x-4-92,2007,2007,W2146650122
10.1212/01.wnl.0000096940.92986.02,2007,2003,W2165785763
10.1254/jphs.fp0050687,2007,2005,W2024552328
10.1257/000282802762024656,2007,2002,W2111857208
10.12968/bjon.2007.16.1.22713,2007,2006,W1983243926
10.1385/ir:26:1-3:143,2007,2002,W4246419011
10.1515/9783110937381.5,2007,2007,W4233546278
10.1515/9783110976618.5,2007,2007,W4247920317
10.1542/peds.2006-3030,2007,2007,W2045245296
10.1557/jmr.2007.0087,2007,2007,W2010526038
10.2174/156802606776743165,2007,2006,W2027204839
10.2214/ajr.05.0819,2007,2006,W2159737846
10.2353/ajpath.2006.050801,2007,2006,W2073705922
10.3121/cmr.2.4.233,2007,2004,W2119655816
10.3348/kjr.2002.3.3.180,2007,2002,W2106542076
10.3390/12030673,2007,2007,W2099482213
10.3923/pjbs.2007.3390.3394,2007,2007,W1969802216
10.4143/crt.2004.36.4.255,2007,2004,W2059485519
10.1001/archpsyc.64.12.1402,2008,2007,W2105912034
10.1002/ajh.20284,2008,2005,W1985724700
10.1002/art.22387,2008,2007,W2089164583
10.1002/bit.21545,2008,2007,W2031677815
10.1002/ca.20148,2008,2005,W2050649124
10.1002/ddr.20087,2008,2006,W2066087069
10.1002/jgm.1282,2008,2008,W2103578073
10.1002/jls.20058,2008,2008,W2126159840
10.1002/jobm.200800097,2008,2008,W1973148544
10.1002/pfi.189,2008,2008,W1814898782
10.1002/pmic.200700695,2008,2008,W2056034574
10.1002/ptr.874,2008,2001,W2037741939
10.1007/978-0-387-79112-8_20,2008,2008,W1767852878
10.1007/978-3-211-75718-5_28,2008,2008,W1603922089
10.1007/bf02703919,2008,2006,W2135456973
10.1007/s00299-007-0460-2,2008,2007,W1995600574
10.1007/s10310-006-0225-8,2008,2006,W334107808
10.1007/s11069-007-9148-8,2008,2007,W1974769693
10.1007/s11427-007-0065-6,2008,2006,W2022620368
10.1007/s11427-007-0101-6,2008,2007,W1981901926
10.1007/s11596-008-0127-4,2008,2007,W2093288290
10.1016/b978-159749197-6.50010-9,2008,2008,W4238821301
10.1016/b978-159749197-6.50011-0,2008,2008,W4214563436
10.1016/b978-159749197-6.50012-2,2008,2008,W4244610360
10.1016/j.ab.2005.01.013,2008,2005,W1963936649
10.1016/j.ajic.2007.04.281,2008,2008,W1979378158
10.1016/j.arcmed.2004.10.004,2008,2004,W1979448210
10.1016/j.berh.2004.04.005,2008,2004,W2059879311
10.1016/j.biortech.2007.01.031,2008,2004,W2395244855
10.1016/j.bpc.2008.02.006,2008,2008,W2962943371
10.1016/j.cell.2008.01.051,2008,2008,W1986675604
10.1016/j.chemosphere.2005.05.034,2008,2006,W2078221572
10.1016/j.colsurfa.2006.05.003,2008,2006,W1984537264
10.1016/j.colsurfa.2006.09.041,2008,2007,W2004662464
10.1016/j.ejmech.2006.11.017,2008,2007,W3203527755
10.1016/j.jce.2008.01.003,2008,2008,W1991239712
10.1016/j.jep.2005.01.027,2008,2005,W2059467251
10.1016/j.jep.2005.04.032,2008,2005,W2013967132
10.1016/j.jep.2008.03.006,2008,2008,W2020272953
10.1016/j.jhazmat.2005.01.004,2008,2005,W2077278084
10.1016/j.jhazmat.2005.08.036,2008,2005,W1964261987
10.1016/j.jhazmat.2006.06.061,2008,2007,W2005718202
10.1016/j.jhazmat.2006.10.001,2008,2006,W2025997261
10.1016/j.jhazmat.2006.10.002,2008,2006,W1970338421
10.1016/j.jhazmat.2006.11.059,2008,2007,W2041959059
10.1016/j.jhazmat.2006.11.060,2008,2007,W2014431200
10.1016/j.jmb.2006.12.002,2008,2006,W85707285
10.1016/j.laa.2007.08.006,2008,2007,W2088488417
10.1016/j.medengphy.2007.06.007,2008,2007,W2051103599
10.1016/j.molcata.2007.12.010,2008,2007,W2094791077
10.1016/j.neuropharm.2008.08.030,2008,2008,W2398164929
10.1016/j.phrs.2004.06.006,2008,2004,W2411356663
10.1016/j.physleta.2008.07.090,2008,2008,W3214695864
10.1016/j.str.2008.04.010,2008,2008,W2062944540
10.1016/j.talanta.2005.05.020,2008,2006,W2083720559
10.1016/j.talanta.2006.04.037,2008,2007,W19071345
10.1016/j.talanta.2006.10.003,2008,2007,W2037889041
10.1016/j.thorsurg.2007.10.004,2008,2008,W2162089507
10.1016/j.tripleo.2006.09.010,2008,2007,W2088576328
10.1016/j.ygyno.2007.02.027,2008,2007,W1988629007
10.1016/s0039-9140(03)00007-9,2008,2003,W1985030851
10.1016/s0079-8169(08)62509-x,2008,1987,W4242418551
10.1016/s0895-7061(03)00976-2,2008,2003,W2070592166
10.1016/s1015-9584(09)60112-3,2008,2006,W2009829534
10.1016/s1672-6529(08)60031-1,2008,2008,W2029119652
10.1021/bp0704539,2008,2008,W4247842583
10.1021/jo7022685,2008,2007,W2089705019
10.1034/j.1600-065x.2001.1830118.x,2008,2001,W2143166425
10.1037/0096-1523.32.6.1405,2008,2006,W2037905604
10.1038/35102506,2008,2001,W4233384171
10.1038/jid.2008.140,2008,2008,W2032449786
10.1038/nchembio800,2008,2006,W2050512838
10.1039/b604801c,2008,2006,W1947641637
10.1042/cs20040236,2008,2005,W4237934242
10.1056/nejmc062898,2008,2007,W2055201970
10.1056/nejmc0801352,2008,2008,W1985109766
10.1073/pnas.0403155101,2008,2004,W2006387024
10.1074/jbc.m406397200,2008,2004,W1999628996
10.1074/jbc.m601645200,2008,2006,W2091982202
10.1074/jbc.m603482200,2008,2006,W2083580922
10.1074/jbc.m610956200,2008,2007,W2034143917
10.1074/jbc.m801464200,2008,2008,W1980807975
10.1080/00032710701380814,2008,2007,W1996491728
10.1080/10426500801901194,2008,2008,W2155018673
10.1080/10611860500471906,2008,2005,W2090674210
10.1080/10910340802067130,2008,2008,
10.1080/15376510701533921,2008,2008,W2009868414
10.1088/0957-0233/12/11/303,2008,2001,W2021729810
10.1088/0957-4484/18/49/495606,2008,2007,W1987668664
10.1089/088282402317340341,2008,2004,W2188236865
10.1089/vim.2008.0013,2008,2008,W2342243093
10.1093/arclin/18.5.473,2008,2003,W4248738309
10.1093/nass/nrn048,2008,2008,W2084046629
10.1096/fj.05-4879fje,2008,2006,W2144318118
10.1096/fj.07-101212,2008,2008,W4245524538
10.1097/00006231-200210000-00010,2008,2002,W2319899740
10.1097/00007890-199805150-00003,2008,1998,W4232844243
10.1097/01.prs.0000299911.54966.13,2008,2008,W2008404826
10.1097/aud.0b013e3181576c9c,2008,2007,W2031682732
10.1103/physrevd.71.103503,2008,2005,W2071594457
10.1107/s0108270107001977,2008,2007,W2058676300
10.1107/s1600536807020880,2008,2007,W360219500
10.1107/s1600536807021174,2008,2007,W2079850951
10.1109/ams.2008.157,2008,2008,W2122102012
10.1109/ares.2008.173,2008,2008,W2130275263
10.1109/aswec.2008.4483193,2008,2008,W2076680256
10.1109/cmd.2008.4580379,2008,2008,W1996985356
10.1109/gcc.2008.106,2008,2008,W1986421763
10.1109/icalip.2008.4589998,2008,2008,W2150503906
10.1109/icbbe.2008.563,2008,2008,W2216642522
10.1109/iccima.2007.346,2008,2007,W2100636630
10.1109/icct.2008.4716103,2008,2008,W2545641859
10.1109/icct.2008.4716127,2008,2008,W2534238278
10.1109/icct.2008.4716143,2008,2008,W2546222309
10.1109/icct.2008.4716144,2008,2008,W2546085077
10.1109/icct.2008.4716206,2008,2008,W2540540948
10.1109/icct.2008.4716240,2008,2008,W2540106102
10.1109/icct.2008.4716262,2008,2008,W2538525796
10.1109/icct.2008.4716269,2008,2008,W2540539986
10.1109/icct.2008.4716280,2008,2008,W2533316500
10.1109/icetet.2008.76,2008,2008,W2013289986
10.1109/icimw.2008.4665781,2008,2008,W2331909942
10.1109/iciw.2008.121,2008,2008,W2126375929
10.1109/icmit.2008.4654519,2008,2008,W1984259312
10.1109/icmlc.2008.4620421,2008,2008,W2213908912
10.1109/icmlc.2008.4620459,2008,2008,W374546030
10.1109/icmlc.2008.4620496,2008,2008,W2197575304
10.1109/icmlc.2008.4621058,2008,2008,W1879367605
10.1109/icmlc.2008.4621090,2008,2008,W2214128428
10.1109/icnc.2008.312,2008,2008,W2086916961
10.1109/milcom.2007.4455057,2008,2007,W1567250591
10.1109/rws.2008.4463426,2008,2008,W1980512230
10.1109/rws.2008.4463509,2008,2008,W2056481152
10.1109/rws.2008.4463610,2008,2008,W2026752566
10.1109/smic.2008.7,2008,2008,W2000050967
10.1109/smic.2008.8,2008,2008,W2155621333
10.1109/wicom.2008.1138,2008,2008,W2105725736
10.1109/wicom.2008.1171,2008,2008,W2121642250
10.1109/wicom.2008.1566,2008,2008,W1983106424
10.1109/wicom.2008.1694,2008,2008,W2546340271
10.1109/wicom.2008.1701,2008,2008,W2106792533
10.1109/wicom.2008.1709,2008,2008,W2547568380
10.1109/wicom.2008.1852,2008,2008,W2168127099
10.1109/wicom.2008.1954,2008,2008,W2547330727
10.1109/wicom.2008.1976,2008,2008,W2100306578
10.1109/wicom.2008.2024,2008,2008,W2123496188
10.1109/wicom.2008.2053,2008,2008,W2544131973
10.1109/wicom.2008.2118,2008,2008,W2155581528
10.1109/wicom.2008.2250,2008,2008,W2095090370
10.1109/wicom.2008.2298,2008,2008,W2539751904
10.1109/wicom.2008.2311,2008,2008,W2047266738
10.1109/wicom.2008.2343,2008,2008,W2095556312
10.1109/wicom.2008.2351,2008,2008,W2168399087
10.1109/wicom.2008.2358,2008,2008,W2540282039
10.1109/wicom.2008.2380,2008,2008,W2541408147
10.1109/wicom.2008.2457,2008,2008,W2150838779
10.1109/wicom.2008.2915,2008,2008,W2095907927
10.1109/wicom.2008.2964,2008,2008,W1543659261
10.1109/wicom.2008.2967,2008,2008,W2544165105
10.1109/wicom.2008.3042,2008,2008,W2542073298
10.1111/j.1349-7006.2008.00797.x,2008,2008,W2023247742
10.1111/j.1365-2036.2007.03513.x,2008,2007,W1970913754
10.1111/j.1365-2036.2008.03602.x,2008,2008,W4301142881
10.1111/j.1365-2036.2008.03636.x,2008,2008,W4238990112
10.1111/j.1365-2249.2007.03347.x,2008,2007,W2035466978
10.1111/j.1442-200x.2004.01972.x,2008,2004,W2160231856
10.1111/j.1442-2050.2007.00803.x,2008,2007,W2049937768
10.1111/j.1460-9592.2008.02767.x,2008,2008,W2079936302
10.1111/j.1462-2920.2006.01136.x,2008,2006,W1881849220
10.1111/j.1475-3588.2006.00428.x,2008,2006,W2048177378
10.1111/j.1567-1364.2007.00344.x,2008,2008,W2615848936
10.1111/j.1600-0404.2005.00526.x,2008,2006,W2163137818
10.1111/j.1743-6109.2007.00609.x,2008,2007,W2172036001
10.1111/j.1744-7909.2007.00601.x,2008,2007,W2124086464
10.1128/iai.72.4.2280-2287.2004,2008,2004,W2111305802
10.1128/mcb.00315-06,2008,2006,W2108873418
10.1136/ard.2007.083436,2008,2008,W2156893854
10.1136/bjo.2007.131813,2008,2008,W1983492383
10.1136/gut.2007.131359,2008,2008,W2124365483
10.1143/jjap.46.l7,2008,2006,W1985932728
10.1159/000099177,2008,2007,W1998121796
10.1161/atvbaha.108.168955,2008,2008,W4254397273
10.1165/rcmb.2003-0340oc,2008,2004,W1967210115
10.1165/rcmb.2005-0236oc,2008,2005,W2056622112
10.1177/0891988707311043,2008,2008,W4240539089
10.1182/blood-2003-12-4274,2008,2004,W2171115103
10.1182/blood-2006-04-015206,2008,2006,W2036630809
10.1186/1471-2342-7-1,2008,2007,W1970085842
10.1210/en.2005-0510,2008,2005,W2052084210
10.1210/me.2005-0285,2008,2006,W2154353549
10.1210/me.2006-0224,2008,2006,W2150441292
10.1210/me.2006-0228,2008,2007,W2061583368
10.1215/1089201x-25-2-481,2008,2005,W2126042661
10.1378/chest.129.2.407,2008,2006,W2132493672
10.1515/9783598441066.319,2008,2008,W4252260925
10.1515/9783598441066.4,2008,2008,W4231455726
10.1515/9783598441066.toc,2008,2008,W4229613180
10.1515/9783598441240.189,2008,2008,W4246563100
10.1530/eje-08-0271,2008,2008,W2077029832
10.1902/jop.2008.070286,2008,2008,W4249216783
10.2116/analsci.23.1071,2008,2007,W2043263053
10.2169/internalmedicine.43.977,2008,2005,W4244963318
10.2310/6650.2007.00027,2008,2007,W18163970
10.2478/s11532-007-0064-2,2008,2008,W4246747469
10.3324/haematol.12123,2008,2008,W2038352554
10.4049/jimmunol.178.9.5888,2008,2007,W1888389016
10.4067/s0718-33052008000400013,2008,2008,W2049021612
10.4161/cbt.7.3.5365,2008,2007,W2020755710
10.1001/jama.299.14.1669,2009,2008,W2062497504
10.1002/14651858.cd001268.pub2,2009,2005,W4230834696
10.1002/14651858.cd001729,2009,2003,W4242780226
10.1002/14651858.cd002093,2009,2000,W1600640530
10.1002/14651858.cd003471,2009,2001,W1558118965
10.1002/14651858.cd003471.pub3,2009,2006,W4253813992
10.1002/14651858.cd003643.pub2,2009,2009,W4251789729
10.1002/14651858.cd003694,2009,2002,W1521595977
10.1002/14651858.cd003791,2009,2002,W4230607786
10.1002/14651858.cd003791.pub2,2009,2009,W4232225682
10.1002/14651858.cd005176,2009,2005,W4253479643
10.1002/ajhb.20757,2009,2008,W2043724972
10.1002/app.31243,2009,2009,W2077577346
10.1002/clc.20541,2009,2009,W2085848013
10.1002/ijc.24299,2009,2009,W2029639463
10.1002/jctb.2202,2009,2009,W4255662837
10.1002/jrs.2222,2009,2009,W1968736818
10.1002/jts.20388,2009,2009,W4254824896
10.1002/lary.20004,2009,2008,W4232123375
10.1002/lary.20015,2009,2008,W4231878886
10.1002/lary.20573,2009,2009,W2403718775
10.1002/oti.245,2009,2008,W1971820443
10.1002/ppul.1056,2009,2001,W2010291378
10.1002/ptr.2157,2009,2007,W2027954267
10.1002/ptr.2835,2009,2009,W2045523034
10.1002/rmv.603,2009,2008,W2004440538
10.1002/sia.2908,2009,2008,W1997438623
10.1007/978-3-642-02342-2_11,2009,2009,W321342816
10.1007/978-3-642-05036-7_41,2009,2009,W1517203674
10.1007/bf02742511,2009,1996,W2054872013
10.1007/bf02823929,2009,2006,W1957378768
10.1007/s00266-006-0062-3,2009,2006,W2062102551
10.1007/s00266-007-9108-4,2009,2008,W2068575553
10.1007/s00299-009-0732-0,2009,2009,W2045309336
10.1007/s00595-005-3056-x,2009,2005,W1261047075
10.1007/s10067-009-1167-2,2009,2009,W2096637433
10.1007/s10143-007-0077-5,2009,2007,W2084061842
10.1007/s10265-005-0250-2,2009,2006,W2082155658
10.1007/s11012-008-9189-4,2009,2009,W2150128953
10.1007/s11064-008-9893-4,2009,2008,W2018847158
10.1007/s11581-008-0309-x,2009,2009,W1645581033
10.1007/s11816-009-0089-4,2009,2009,W2465316014
10.1007/s12015-008-9049-6,2009,2009,W2094944143
10.1007/s12206-008-0606-3,2009,2008,W1978976037
10.1007/s12253-008-9086-0,2009,2008,W1979951534
10.1007/s12264-009-1027-8,2009,2009,W2214486725
10.1007/s12600-009-0033-8,2009,2009,W2467206693
10.1007/s12603-009-0166-y,2009,2009,W2131986420
10.1016/j.acpain.2005.05.002,2009,2005,W2090124351
10.1016/j.apm.2004.09.014,2009,2004,W2004095452
10.1016/j.bbrc.2005.12.154,2009,2006,W2038389628
10.1016/j.bbrc.2006.12.051,2009,2007,W2040576184
10.1016/j.bcmd.2007.05.009,2009,2007,W2066860555
10.1016/j.biortech.2005.10.045,2009,2007,W2065404179
10.1016/j.bmcl.2007.01.031,2009,2007,W2026364577
10.1016/j.cam.2009.07.023,2009,2009,W2073745733
10.1016/j.cap.2008.03.014,2009,2008,W2007615003
10.1016/j.cognition.2006.04.010,2009,2006,W2076222455
10.1016/j.cognition.2007.05.014,2009,2007,W1993593361
10.1016/j.compgeo.2008.03.004,2009,2009,W1986463286
10.1016/j.compmedimag.2008.07.002,2009,2008,W1997351518
10.1016/j.cub.2007.05.034,2009,2007,W2072708583
10.1016/j.ecolecon.2009.03.006,2009,2009,W2024840426
10.1016/j.ejcts.2008.09.017,2009,2008,W2015156728
10.1016/j.ejso.2006.10.006,2009,2007,W1992649859
10.1016/j.entcs.2004.06.063,2009,2005,W2006192372
10.1016/j.fct.2009.06.027,2009,2009,W19555732
10.1016/j.irle.2009.06.003,2009,2009,W2053988109
10.1016/j.jamcollsurg.2009.06.156,2009,2009,W1976565615
10.1016/j.jcis.2007.06.064,2009,2007,W2004535641
10.1016/j.jcrysgro.2004.09.042,2009,2004,W4232854394
10.1016/j.jpainsymman.2003.06.004,2009,2004,W2018505740
10.1016/j.msea.2005.06.078,2009,2005,W2036085179
10.1016/j.neuroscience.2007.03.013,2009,2007,W2002158373
10.1016/j.nima.2009.01.220,2009,2009,W2007275684
10.1016/j.nimb.2007.10.014,2009,2007,W2056799917
10.1016/j.pnpbp.2009.12.013,2009,2009,W1996966110
10.1016/j.porgcoat.2008.12.005,2009,2009,W1983680897
10.1016/j.semcdb.2007.06.005,2009,2008,W84572701
10.1016/j.sleep.2007.02.002,2009,2007,W2034249480
10.1016/j.talanta.2004.11.021,2009,2004,W2033227457
10.1016/j.tetlet.2008.09.059,2009,2008,W2097775465
10.1016/j.ultsonch.2009.12.011,2009,2009,W2067633906
10.1016/s0966-3274(03)00054-6,2009,2003,W2035454541
10.1016/s1074-7613(00)80150-8,2009,1999,W2070509529
10.1016/s1074-7613(00)80478-1,2009,1998,W1998377021
10.1021/ac800406f,2009,2008,W2069084626
10.1021/ja904224y,2009,2009,W2059556676
10.1021/jf021166h,2009,2003,W2092394921
10.1021/jf901458p,2009,2009,W4254722060
10.1021/jo802452q,2009,2009,W2049151648
10.1021/jo9017556,2009,2009,W2088501351
10.1023/a:1022377001084,2009,1998,W4237287170
10.1023/a:1027386724444,2009,1997,W2524169252
10.1038/35044106,2009,2000,W2078325631
10.1038/ncpneph0967,2009,2008,W2067405862
10.1038/ng1121,2009,2003,W4229809569
10.1038/sj.bjp.0705780,2009,2004,W1986107319
10.1055/s-0029-1214408,2009,2008,W1992134678
10.1055/s-2008-1038972,2009,2008,W1988513605
10.1063/1.3168612,2009,2009,W1980904503
10.1063/1.3170140,2009,2009,W2038988148
10.1063/1.480830,2009,2000,W1618742178
10.1073/pnas.0501997102,2009,2005,W2021331088
10.1073/pnas.0805837105,2009,2008,W2046376778
10.1073/pnas.0902168106,2009,2009,W2043607787
10.1073/pnas.0908521106,2009,2009,W2031889815
10.1073/pnas.192569699,2009,2002,W2110687233
10.1073/pnas.96.17.9879,2009,1999,W2039060098
10.1074/jbc.m611728200,2009,2007,W2073321195
10.1074/jbc.m702039200,2009,2007,W17510058
10.1080/00958970802702247,2009,2009,W2026419919
10.1080/01932690600859374,2009,2006,W2095091831
10.1080/026992099299040,2009,1999,W2078200631
10.1080/03055690802288536,2009,2009,W2012123350
10.1080/03091900902952675,2009,2009,W4242644482
10.1080/10402659908426312,2009,1999,W2085306101
10.1080/10428190802090151,2009,2008,W2126533485
10.1080/10611860903244207,2009,2009,W2166194440
10.1080/14647270600830672,2009,2007,W1990962639
10.1080/14647270600930332,2009,2007,W2088450307
10.1080/14786410500078276,2009,2006,W3209463442
10.1080/14786410500081494,2009,2006,W4243445060
10.1080/14786410600825907,2009,2007,W17127664
10.1080/15421400802619313,2009,2009,W2137337130
10.1080/16742834.2009.11446809,2009,2009,W2297450018
10.1080/17441690801950543,2009,2009,W2083558906
10.1080/17483100701475962,2009,2009,W2021984392
10.1084/jem.186.7.1119,2009,1997,W4235618655
10.1088/0268-1242/23/9/095005,2009,2008,W2085702961
10.1089/acm.2007.0734,2009,2008,W135716396
10.1089/scd.2009.0063,2009,2009,W2044613360
10.1093/nar/gkp447,2009,2009,W4253674291
10.1093/ps/85.12.2124,2009,2006,W2054607136
10.1093/schbul/30-4-1063,2009,2004,W1983508405
10.1096/fj.05-3993fje,2009,2005,W2162645376
10.1096/fj.08-119529,2009,2009,W1544193127
10.1096/fj.09-142067,2009,2009,W4232047900
10.1097/icl.0b013e318159aff6,2009,2008,W2072344747
10.1104/pp.011019,2009,2002,W2085820231
10.1107/s1600536806041122,2009,2006,W4206124579
10.1107/s1600536806053232,2009,2007,W4206558268
10.1107/s1600536806053530,2009,2007,W2065410287
10.1107/s1600536807001171,2009,2007,W1968580474
10.1107/s160053680700791x,2009,2007,W2315579575
10.1107/s1600536807021502,2009,2007,W2322666045
10.1107/s1600536807027171,2009,2007,W2147629938
10.1107/s1600536807030371,2009,2007,W2326312908
10.1107/s1600536807031224,2009,2007,W4206574149
10.1107/s1600536807031613,2009,2007,W2898556529
10.1107/s1600536807035076,2009,2007,W4206044425
10.1107/s1600536807035337,2009,2007,W2004006513
10.1107/s1600536807039384,2009,2007,W2013618232
10.1107/s1600536807040068,2009,2007,W1976722705
10.1107/s1600536807043486,2009,2007,W2332756981
10.1107/s1600536807043528,2009,2007,W48755107
10.1107/s1600536807045199,2009,2007,W1993161493
10.1107/s1600536807045230,2009,2007,W1981163109
10.1107/s1600536807051756,2009,2007,W1562675234
10.1107/s160053680705204x,2009,2007,W2052321407
10.1107/s1600536807053494,2009,2007,W4206056246
10.1107/s1600536807054529,2009,2007,W4205752621
10.1107/s1600536807054876,2009,2007,W2051665052
10.1107/s160053680705622x,2009,2007,W4205328994
10.1107/s1600536807056504,2009,2007,W1555320664
10.1107/s1600536807058540,2009,2007,W1512202528
10.1107/s1600536807059077,2009,2007,W4206609898
10.1107/s160053680706254x,2009,2007,W2293389572
10.1107/s1600536807068614,2009,2008,W1969534772
10.1108/00022660910926908,2009,2009,W4252862619
10.1109/ahs.2009.9,2009,2009,W2112269194
10.1109/apcip.2009.252,2009,2009,W1886610143
10.1109/appeec.2009.4918497,2009,2009,W1929210264
10.1109/appeec.2009.4918645,2009,2009,W1669962393
10.1109/appeec.2009.4918684,2009,2009,W1600380626
10.1109/appeec.2009.4918784,2009,2009,W1915092291
10.1109/appeec.2009.4918816,2009,2009,W1530457529
10.1109/appeec.2009.4918828,2009,2009,W1550145116
10.1109/ares.2009.168,2009,2009,W2032595354
10.1109/bibmw.2009.5332106,2009,2009,W2062423861
10.1109/cise.2009.5362928,2009,2009,W1543898359
10.1109/cise.2009.5363059,2009,2009,W1582517770
10.1109/cise.2009.5363525,2009,2009,W1549996060
10.1109/cise.2009.5363564,2009,2009,W1526426681
10.1109/cise.2009.5363829,2009,2009,W1498390030
10.1109/cise.2009.5364141,2009,2009,W1585260868
10.1109/cise.2009.5364841,2009,2009,W1484593389
10.1109/cise.2009.5364906,2009,2009,W1553165665
10.1109/cise.2009.5365291,2009,2009,W2949924419
10.1109/cise.2009.5365371,2009,2009,W1529343909
10.1109/cise.2009.5365501,2009,2009,W1543464489
10.1109/cise.2009.5365778,2009,2009,W1561680223
10.1109/cise.2009.5365836,2009,2009,W2950629915
10.1109/cise.2009.5366325,2009,2009,W2142577737
10.1109/cise.2009.5367044,2009,2009,W2102941473
10.1109/coinfo.2009.20,2009,2009,W2143742156
10.1109/ebiss.2009.5137940,2009,2009,W1496693807
10.1109/ebiss.2009.5137971,2009,2009,W1534343182
10.1109/ebiss.2009.5137974,2009,2009,W2277498396
10.1109/ebiss.2009.5138029,2009,2009,W2292963986
10.1109/ebiss.2009.5138060,2009,2009,W2290619125
10.1109/eeee.2009.18,2009,2009,W1483065279
10.1109/eeee.2009.28,2009,2009,W2113425445
10.1109/eeee.2009.33,2009,2009,W2098649357
10.1109/eeee.2009.56,2009,2009,W2100311779
10.1109/eeee.2009.59,2009,2009,W2157789686
10.1109/eeee.2009.78,2009,2009,W2130072522
10.1109/eeee.2009.8,2009,2009,W2128237089
10.1109/esiat.2009.461,2009,2009,W1593279478
10.1109/ettandgrs.2008.41,2009,2008,W2083184860
10.1109/euc.2008.191,2009,2008,W2143319149
10.1109/eurcon.2009.5167617,2009,2009,W1500287759
10.1109/gmc.2009.5295820,2009,2009,W1608247694
10.1109/gmc.2009.5295822,2009,2009,W1552267611
10.1109/icbbe.2009.5162252,2009,2009,W1604443521
10.1109/icbbe.2009.5162309,2009,2009,W1535357935
10.1109/icbbe.2009.5162545,2009,2009,W1644221392
10.1109/icbbe.2009.5162897,2009,2009,W1900675189
10.1109/icbbe.2009.5163430,2009,2009,W1947626317
10.1109/iccet.2009.86,2009,2009,W1606204340
10.1109/iccms.2009.19,2009,2009,W2132263475
10.1109/iccms.2009.24,2009,2009,W1615844570
10.1109/iccms.2009.25,2009,2009,W2413860633
10.1109/iccms.2009.27,2009,2009,W1566725844
10.1109/iccms.2009.44,2009,2009,W1616869172
10.1109/iccsit.2009.5234407,2009,2009,W1560612159
10.1109/iccsit.2009.5234432,2009,2009,W1593775243
10.1109/iccsit.2009.5234467,2009,2009,W1601102008
10.1109/iccsit.2009.5234562,2009,2009,W1521338404
10.1109/iccsit.2009.5234715,2009,2009,W1592399909
10.1109/iccsit.2009.5234793,2009,2009,W1530576115
10.1109/iccsit.2009.5234843,2009,2009,W1526689746
10.1109/iccsit.2009.5234868,2009,2009,W1557393123
10.1109/iccsit.2009.5234898,2009,2009,W1528294878
10.1109/icctd.2009.111,2009,2009,W1519360503
10.1109/icctd.2009.147,2009,2009,W2156351310
10.1109/icctd.2009.175,2009,2009,W1576455337
10.1109/icctd.2009.187,2009,2009,W1591837961
10.1109/icctd.2009.232,2009,2009,W2163342211
10.1109/icctd.2009.251,2009,2009,W1500493856
10.1109/icctd.2009.260,2009,2009,W2007514194
10.1109/icctd.2009.262,2009,2009,W1537092395
10.1109/icctd.2009.263,2009,2009,W1585064606
10.1109/icctd.2009.266,2009,2009,W1501892108
10.1109/icctd.2009.36,2009,2009,W1988178180
10.1109/icctd.2009.68,2009,2009,W1479866773
10.1109/icctd.2009.69,2009,2009,W2161444711
10.1109/icctd.2009.95,2009,2009,W2142643382
10.1109/icetc.2009.11,2009,2009,W1814545696
10.1109/icetc.2009.12,2009,2009,W1961499357
10.1109/icetc.2009.27,2009,2009,W2099298686
10.1109/icetc.2009.52,2009,2009,W1543552332
10.1109/icetc.2009.70,2009,2009,W2113714060
10.1109/iciecs.2009.5362703,2009,2009,W1518368196
10.1109/iciecs.2009.5363622,2009,2009,W2952089441
10.1109/iciecs.2009.5365308,2009,2009,W1598197834
10.1109/iciecs.2009.5365472,2009,2009,W1493376077
10.1109/iciecs.2009.5365482,2009,2009,W1604730281
10.1109/iciecs.2009.5365534,2009,2009,W1539003424
10.1109/iciecs.2009.5365766,2009,2009,W2124776552
10.1109/iciecs.2009.5366707,2009,2009,W1493071478
10.1109/iciecs.2009.5366900,2009,2009,W1495405152
10.1109/iciecs.2009.5366918,2009,2009,W1565781222
10.1109/iciecs.2009.5366962,2009,2009,W1566167189
10.1109/iciecs.2009.5367119,2009,2009,W2159118260
10.1109/icmlc.2009.5212137,2009,2009,W1921198022
10.1109/icmlc.2009.5212230,2009,2009,W1713967381
10.1109/icmlc.2009.5212328,2009,2009,W1608077494
10.1109/icmlc.2009.5212383,2009,2009,W1543314063
10.1109/icmlc.2009.5212636,2009,2009,W1767735534
10.1109/icmlc.2009.5212656,2009,2009,W1823715008
10.1109/icmlc.2009.5212663,2009,2009,W1676032506
10.1109/icmlc.2009.5212666,2009,2009,W2112120142
10.1109/icmss.2009.5300832,2009,2009,W1601978179
10.1109/icmss.2009.5300892,2009,2009,W1548228259
10.1109/icmss.2009.5300906,2009,2009,W1586434395
10.1109/icmss.2009.5300907,2009,2009,W1490731008
10.1109/icmss.2009.5300917,2009,2009,W2148606138
10.1109/icmss.2009.5301094,2009,2009,W2119488279
10.1109/icmss.2009.5301126,2009,2009,W1597466128
10.1109/icmss.2009.5301156,2009,2009,W2121876859
10.1109/icmss.2009.5301161,2009,2009,W1495061932
10.1109/icmss.2009.5301190,2009,2009,W1607784006
10.1109/icmss.2009.5301191,2009,2009,W1562469944
10.1109/icmss.2009.5301192,2009,2009,W1604580043
10.1109/icmss.2009.5301197,2009,2009,W1511185632
10.1109/icmss.2009.5301256,2009,2009,W1563762781
10.1109/icmss.2009.5301257,2009,2009,W1598168614
10.1109/icmss.2009.5301258,2009,2009,W2950044140
10.1109/icmss.2009.5301269,2009,2009,W1503434997
10.1109/icmss.2009.5301306,2009,2009,W1528831822
10.1109/icmss.2009.5301310,2009,2009,W1509886288
10.1109/icmss.2009.5301377,2009,2009,W2117392956
10.1109/icmss.2009.5301446,2009,2009,W1572058587
10.1109/icmss.2009.5301534,2009,2009,W1543658442
10.1109/icmss.2009.5301614,2009,2009,W1596687070
10.1109/icmss.2009.5301646,2009,2009,W1530559328
10.1109/icmss.2009.5301691,2009,2009,W1599748871
10.1109/icmss.2009.5301742,2009,2009,W1577884090
10.1109/icmss.2009.5301792,2009,2009,W1491042796
10.1109/icmss.2009.5301852,2009,2009,W2168109639
10.1109/icmss.2009.5301862,2009,2009,W2951765776
10.1109/icmss.2009.5301872,2009,2009,W1603794570
10.1109/icmss.2009.5301877,2009,2009,W1536533558
10.1109/icmss.2009.5301882,2009,2009,W2103342657
10.1109/icmss.2009.5301901,2009,2009,W1507960611
10.1109/icmss.2009.5301926,2009,2009,W1522827683
10.1109/icmss.2009.5301936,2009,2009,W1499077824
10.1109/icmss.2009.5301992,2009,2009,W1562212270
10.1109/icmss.2009.5302012,2009,2009,W1557054202
10.1109/icmss.2009.5302062,2009,2009,W1968924060
10.1109/icmss.2009.5302092,2009,2009,W1555195299
10.1109/icmss.2009.5302097,2009,2009,W1486309525
10.1109/icmss.2009.5302162,2009,2009,W2104942193
10.1109/icmss.2009.5302166,2009,2009,W1545933189
10.1109/icmss.2009.5302171,2009,2009,W2949508468
10.1109/icmss.2009.5302177,2009,2009,W2124620197
10.1109/icmss.2009.5302192,2009,2009,W1549512335
10.1109/icmss.2009.5302226,2009,2009,W1572085938
10.1109/icmss.2009.5302266,2009,2009,W2022423650
10.1109/icmss.2009.5302271,2009,2009,W1585830197
10.1109/icmss.2009.5302321,2009,2009,W1508768733
10.1109/icmss.2009.5302322,2009,2009,W1570082788
10.1109/icmss.2009.5302326,2009,2009,W1513758434
10.1109/icmss.2009.5302341,2009,2009,W1502885549
10.1109/icmss.2009.5302366,2009,2009,W2164043472
10.1109/icmss.2009.5302367,2009,2009,W1597060022
10.1109/icmss.2009.5302372,2009,2009,W1583554261
10.1109/icmss.2009.5302441,2009,2009,W1483865021
10.1109/icmss.2009.5302627,2009,2009,W1517748382
10.1109/icmss.2009.5302632,2009,2009,W1571610132
10.1109/icmss.2009.5302636,2009,2009,W1503955605
10.1109/icmss.2009.5302785,2009,2009,W1531783364
10.1109/icmss.2009.5302791,2009,2009,W2010704723
10.1109/icmss.2009.5302860,2009,2009,W1527844678
10.1109/icmss.2009.5302876,2009,2009,W1508517979
10.1109/icmss.2009.5302881,2009,2009,W1591554398
10.1109/icmss.2009.5302885,2009,2009,W1567749784
10.1109/icmss.2009.5302891,2009,2009,W1606774793
10.1109/icmss.2009.5302991,2009,2009,W1526544609
10.1109/icmss.2009.5303001,2009,2009,W1601038817
10.1109/icmss.2009.5303007,2009,2009,W2106874600
10.1109/icmss.2009.5303017,2009,2009,W2142006092
10.1109/icmss.2009.5303050,2009,2009,W1504018274
10.1109/icmss.2009.5303223,2009,2009,W1513541704
10.1109/icmss.2009.5303233,2009,2009,W1491332998
10.1109/icmss.2009.5303300,2009,2009,W2130918967
10.1109/icmss.2009.5303339,2009,2009,W1486202530
10.1109/icmss.2009.5303423,2009,2009,W1487643209
10.1109/icmss.2009.5303519,2009,2009,W1488500647
10.1109/icmss.2009.5303581,2009,2009,W2119961503
10.1109/icmss.2009.5303593,2009,2009,W1532205759
10.1109/icmss.2009.5303624,2009,2009,W1515803510
10.1109/icmss.2009.5303674,2009,2009,W1520479383
10.1109/icmss.2009.5303679,2009,2009,W1594877093
10.1109/icmss.2009.5303753,2009,2009,W1520319631
10.1109/icmss.2009.5303773,2009,2009,W1572588510
10.1109/icmss.2009.5303779,2009,2009,W2097578375
10.1109/icmss.2009.5303869,2009,2009,W1486848393
10.1109/icmss.2009.5303944,2009,2009,W1590933146
10.1109/icmss.2009.5303987,2009,2009,W1554107599
10.1109/icmss.2009.5303997,2009,2009,W1592203879
10.1109/icmss.2009.5304084,2009,2009,W2949773672
10.1109/icmss.2009.5304089,2009,2009,W1496026348
10.1109/icmss.2009.5304110,2009,2009,W1502815098
10.1109/icmss.2009.5304121,2009,2009,W1487608351
10.1109/icmss.2009.5304126,2009,2009,W2164571195
10.1109/icmss.2009.5304127,2009,2009,W1496676041
10.1109/icmss.2009.5304143,2009,2009,W2950972827
10.1109/icmss.2009.5304158,2009,2009,W1554203724
10.1109/icmss.2009.5304191,2009,2009,W1519230803
10.1109/icmss.2009.5304201,2009,2009,W1599749080
10.1109/icmss.2009.5304233,2009,2009,W1527069872
10.1109/icmss.2009.5304267,2009,2009,W1504298598
10.1109/icmss.2009.5304277,2009,2009,W1541294624
10.1109/icmss.2009.5304314,2009,2009,W1552950363
10.1109/icmss.2009.5304352,2009,2009,W1514601598
10.1109/icmss.2009.5304390,2009,2009,W1570013711
10.1109/icmss.2009.5304417,2009,2009,W1502982281
10.1109/icmss.2009.5304480,2009,2009,W1537021808
10.1109/icmss.2009.5304490,2009,2009,W1495050906
10.1109/icmss.2009.5304512,2009,2009,W1513215290
10.1109/icmss.2009.5304523,2009,2009,W1538511403
10.1109/icmss.2009.5304527,2009,2009,W2949623552
10.1109/icmss.2009.5304554,2009,2009,W1493332152
10.1109/icmss.2009.5304607,2009,2009,W2157356093
10.1109/icmss.2009.5304632,2009,2009,W2107354758
10.1109/icmss.2009.5304637,2009,2009,W1529314171
10.1109/icmss.2009.5304643,2009,2009,W2123910709
10.1109/icmss.2009.5304649,2009,2009,W1557616104
10.1109/icmss.2009.5304718,2009,2009,W1537051630
10.1109/icmss.2009.5304733,2009,2009,W2164831042
10.1109/icmss.2009.5304777,2009,2009,W1587848097
10.1109/icmss.2009.5304782,2009,2009,W1502116406
10.1109/icmss.2009.5304810,2009,2009,W1503960093
10.1109/icmss.2009.5304824,2009,2009,W1491109025
10.1109/icmss.2009.5304834,2009,2009,W1553674073
10.1109/icmss.2009.5304844,2009,2009,W2125636006
10.1109/icmss.2009.5304904,2009,2009,W1524406374
10.1109/icmss.2009.5304914,2009,2009,W2139252832
10.1109/icmss.2009.5304993,2009,2009,W1972004506
10.1109/icmss.2009.5305015,2009,2009,W1520846943
10.1109/icmss.2009.5305069,2009,2009,W1593405901
10.1109/icmss.2009.5305221,2009,2009,W1501576711
10.1109/icmss.2009.5305232,2009,2009,W1593359099
10.1109/icmss.2009.5305279,2009,2009,W2147871188
10.1109/icmss.2009.5305290,2009,2009,W1568200758
10.1109/icmss.2009.5305295,2009,2009,W1566777523
10.1109/icmss.2009.5305296,2009,2009,W1527513581
10.1109/icmss.2009.5305314,2009,2009,W1598511846
10.1109/icmss.2009.5305319,2009,2009,W1485704193
10.1109/icmss.2009.5305320,2009,2009,W1543487265
10.1109/icmss.2009.5305415,2009,2009,W2158984638
10.1109/icmss.2009.5305451,2009,2009,W1559753099
10.1109/icmss.2009.5305480,2009,2009,W1593825012
10.1109/icmss.2009.5305515,2009,2009,W1549618356
10.1109/icmss.2009.5305537,2009,2009,W1507423525
10.1109/icmss.2009.5305602,2009,2009,W2110182479
10.1109/icmss.2009.5305643,2009,2009,W1608534131
10.1109/icmss.2009.5305667,2009,2009,W1480293508
10.1109/icmss.2009.5305724,2009,2009,W1607514914
10.1109/icmss.2009.5305736,2009,2009,W1482035977
10.1109/icmss.2009.5305752,2009,2009,W1507367959
10.1109/icmss.2009.5305771,2009,2009,W1541533039
10.1109/icmss.2009.5305812,2009,2009,W1562558770
10.1109/icmss.2009.5305824,2009,2009,W1524463461
10.1109/icmss.2009.5305848,2009,2009,W1589467191
10.1109/icmss.2009.5305869,2009,2009,W1564679770
10.1109/icmss.2009.5305881,2009,2009,W1583445371
10.1109/icnc.2009.16,2009,2009,W3124525684
10.1109/icnc.2009.19,2009,2009,W2146915966
10.1109/icnidc.2009.5360846,2009,2009,W1517606219
10.1109/icnidc.2009.5360856,2009,2009,W1585501128
10.1109/icnidc.2009.5360885,2009,2009,W1543206988
10.1109/icnidc.2009.5360902,2009,2009,W1501582347
10.1109/icnidc.2009.5360927,2009,2009,W1583044794
10.1109/icnidc.2009.5360931,2009,2009,W1578729169
10.1109/icnidc.2009.5360940,2009,2009,W1573343696
10.1109/icsps.2009.75,2009,2009,W1563929394
10.1109/ieec.2009.147,2009,2009,W1820176964
10.1109/ieec.2009.169,2009,2009,W1568560320
10.1109/ieec.2009.21,2009,2009,W1928734439
10.1109/ieec.2009.51,2009,2009,W1619200830
10.1109/ieec.2009.74,2009,2009,W1668982818
10.1109/ieec.2009.79,2009,2009,W1602489622
10.1109/ieec.2009.8,2009,2009,W1514504605
10.1109/ifita.2009.102,2009,2009,W1779452014
10.1109/ifita.2009.108,2009,2009,W1911779931
10.1109/ifita.2009.109,2009,2009,W3145206966
10.1109/ifita.2009.123,2009,2009,W1570111258
10.1109/ifita.2009.133,2009,2009,W1491342516
10.1109/ifita.2009.135,2009,2009,W1499836295
10.1109/ifita.2009.143,2009,2009,W1704256005
10.1109/ifita.2009.146,2009,2009,W1655272869
10.1109/ifita.2009.148,2009,2009,W1575069796
10.1109/ifita.2009.161,2009,2009,W1914216102
10.1109/ifita.2009.170,2009,2009,W1626210992
10.1109/ifita.2009.176,2009,2009,W1548833398
10.1109/ifita.2009.187,2009,2009,W2125051513
10.1109/ifita.2009.195,2009,2009,W1605366869
10.1109/ifita.2009.254,2009,2009,W1881133043
10.1109/ifita.2009.255,2009,2009,W1588606151
10.1109/ifita.2009.266,2009,2009,W2128499034
10.1109/ifita.2009.275,2009,2009,W1934400001
10.1109/ifita.2009.295,2009,2009,W1530723700
10.1109/ifita.2009.356,2009,2009,W1521538743
10.1109/ifita.2009.362,2009,2009,W1600221619
10.1109/ifita.2009.396,2009,2009,W1855424959
10.1109/ifita.2009.419,2009,2009,W1699925972
10.1109/ifita.2009.469,2009,2009,W1544350460
10.1109/ifita.2009.500,2009,2009,W2127504878
10.1109/ifita.2009.508,2009,2009,W1537947520
10.1109/ifita.2009.535,2009,2009,W1563697359
10.1109/ifita.2009.557,2009,2009,W1821414018
10.1109/ifita.2009.59,2009,2009,W1533357967
10.1109/ifita.2009.65,2009,2009,W1581332205
10.1109/ifita.2009.66,2009,2009,W1609101452
10.1109/ifita.2009.76,2009,2009,W1782182327
10.1109/ifita.2009.90,2009,2009,W1574389292
10.1109/iis.2009.100,2009,2009,W1544494632
10.1109/iis.2009.103,2009,2009,W2311004092
10.1109/iis.2009.104,2009,2009,W1849348818
10.1109/iis.2009.111,2009,2009,W1844491164
10.1109/iis.2009.117,2009,2009,W1521434114
10.1109/iis.2009.120,2009,2009,W1579138089
10.1109/iis.2009.26,2009,2009,W1858551965
10.1109/iis.2009.33,2009,2009,W1642758784
10.1109/iis.2009.38,2009,2009,W2126748489
10.1109/iis.2009.43,2009,2009,W2162497506
10.1109/iis.2009.45,2009,2009,W2310694026
10.1109/iis.2009.83,2009,2009,W1865742822
10.1109/iis.2009.84,2009,2009,W1915037565
10.1109/iis.2009.87,2009,2009,W1944726776
10.1109/iis.2009.89,2009,2009,W1530439020
10.1109/iis.2009.92,2009,2009,W1773645199
10.1109/iis.2009.95,2009,2009,W1881228656
10.1109/isscc.2008.4523195,2009,2008,W2035901279
10.1109/iuce.2009.25,2009,2009,W2102669658
10.1109/iwisa.2009.5072951,2009,2009,W2144131395
10.1109/niss.2009.126,2009,2009,W1516826395
10.1109/niss.2009.13,2009,2009,W2168412543
10.1109/niss.2009.261,2009,2009,W2156825324
10.1109/paccs.2009.110,2009,2009,W1484312838
10.1109/rws.2008.4463459,2009,2008,W2123587021
10.1109/ssme.2009.13,2009,2009,W1498997304
10.1109/ssme.2009.140,2009,2009,W1617670963
10.1109/ssme.2009.57,2009,2009,W1543461638
10.1109/ssme.2009.76,2009,2009,W2291348003
10.1109/ssme.2009.81,2009,2009,W1760419269
10.1109/sws.2009.5271788,2009,2009,W1578445730
10.1109/sws.2009.5271799,2009,2009,W1510014611
10.1111/j.1365-2702.2009.02807.x,2009,2009,W19694877
10.1111/j.1399-6576.2008.01593.x,2009,2008,W18339155
10.1111/j.1447-0756.2006.00373.x,2009,2006,W1850638409
10.1111/j.1468-4446.2007.00184.x,2009,2008,W2075697517
10.1111/j.1469-1809.2007.00403.x,2009,2008,W1604075156
10.1111/j.1533-2500.2008.00222.x,2009,2008,W2073357895
10.1111/j.1540-8191.2009.00931.x,2009,2009,W4253423009
10.1111/j.1572-0241.2008.01743.x,2009,2008,W2077109577
10.1111/j.1600-0463.2006.apm_372.x,2009,2006,W2118273829
10.1111/j.1749-6632.2002.tb05907.x,2009,2002,W1966886334
10.1124/jpet.109.151654,2009,2009,W2096127418
10.1128/aac.01250-07,2009,2008,W2072876684
10.1128/iai.01083-08,2009,2009,W1995045850
10.1128/jcm.00313-09,2009,2009,W4256117249
10.1128/mcb.20.12.4428-4435.2000,2009,2000,W2096144146
10.1128/mcb.22.12.4256-4267.2002,2009,2002,W2116339835
10.1134/s1070363209060462,2009,2009,W2063125833
10.1134/s1070363209060474,2009,2009,W1997976734
10.1134/s1070363209060486,2009,2009,W2009924070
10.1134/s1070428008110122,2009,2008,W2091474782
10.1136/adc.2007.131045,2009,2008,W1908167371
10.1136/ard.2003.020016,2009,2005,W1979594152
10.1136/jcp.2006.045682,2009,2008,W2168625535
10.1139/o07-107,2009,2007,W2130323672
10.1143/jpsj.76.094801,2009,2007,W1972148259
10.1152/ajpcell.00324.2008,2009,2009,W2108085408
10.1152/ajpendo.00096.2002,2009,2003,W2127339144
10.1152/ajpgi.2001.281.3.g654,2009,2001,W2463284495
10.1155/2006/515496,2009,2006,W2041033608
10.1155/2009/531080,2009,2009,W1969908052
10.1158/1078-0432.ccr-04-2548,2009,2005,W2128855427
10.1177/0003319709335033,2009,2009,W2071878536
10.1177/0146167204271660,2009,2005,W2412609310
10.1177/1468796807084018,2009,2007,W2206170499
10.1177/1753465809339327,2009,2009,W2196317801
10.1186/1476-4598-8-78,2009,2009,W2137235898
10.1186/1477-7800-6-4,2009,2009,W2060047522
10.1186/1756-9966-27-27,2009,2008,W4236371731
10.1186/1756-9966-28-102,2009,2009,W2129180391
10.1210/en.2006-0987,2009,2006,W2101551826
10.1213/00000539-200208000-00041,2009,2002,W4240412082
10.1213/01.ane.0000194879.85643.ff,2009,2006,W2122210956
10.1213/01.ane.0000237279.08847.2d,2009,2006,W2171467443
10.1213/01.ane.0000265443.20919.c8,2009,2007,W2095873890
10.1213/ane.0b013e318165e208,2009,2008,W1976599556
10.1248/bpb.31.1704,2009,2008,W2100127662
10.1248/bpb.32.36,2009,2009,W1539862660
10.1249/mss.0b013e3181878067,2009,2009,W4238497431
10.1302/0301-620x.90b8.20349,2009,2008,W2100558940
10.1371/journal.pgen.1000424,2009,2009,W2051883446
10.1507/endocrj.k05-178,2009,2007,W2005338764
10.1519/jsc.0b013e3181a0547a,2009,2009,W2034260467
10.1617/s11527-007-9318-x,2009,2007,W2018122048
10.1634/stemcells.2007-0149,2009,2007,W2014554424
10.18352/erlacs.9751,2009,2009,W2111180251
10.2106/jbjs.f.00906,2009,2007,W1997508224
10.2116/analsci.24.775,2009,2008,W1988400926
10.2116/analsci.25.57,2009,2009,W2064658694
10.2143/etl.75.4.504765,2009,1999,W1999615408
10.2143/rtpm.67.1.520,2009,2000,W2039120332
10.2169/internalmedicine.48.1607,2009,2009,W2070394960
10.2298/vsp0810733m,2009,2008,W2082047039
10.3171/foc.2008.25.10.e6,2009,2008,W2223155615
10.3844/jcssp.2009.878.882,2009,2009,W2234093921
10.4161/cbt.6.4.3815,2009,2007,W1995033657
10.4161/psb.4.4.8155,2009,2009,W1974843072
10.4166/kjg.2009.53.5.320,2009,2009,W2123265566
10.1002/14651858.cd000027,2010,1997,W2135197435
10.1002/14651858.cd000145,2010,2003,W2103134407
10.1002/14651858.cd000181,2010,2000,W1944144246
10.1002/14651858.cd000181.pub2,2010,2004,W4256467784
10.1002/14651858.cd001068,2010,1999,W2109118321
10.1002/14651858.cd001254,2010,2000,W2113509937
10.1002/14651858.cd001254.pub2,2010,2004,W2413132698
10.1002/14651858.cd001306,2010,2000,W2762453332
10.1002/14651858.cd001958.pub2,2010,2006,W1929759401
10.1002/14651858.cd002092,2010,2003,W4240888223
10.1002/14651858.cd002092.pub2,2010,2006,W4250526037
10.1002/14651858.cd002950,2010,2003,W1875991677
10.1002/14651858.cd003245.pub2,2010,2004,W4237600793
10.1002/14651858.cd003321.pub3,2010,2004,W2127716291
10.1002/14651858.cd003352,2010,2003,W2128873745
10.1002/14651858.cd003731,2010,2001,W4242342754
10.1002/14651858.cd003731.pub2,2010,2005,W1676445102
10.1002/14651858.cd003747.pub2,2010,2009,W4238974679
10.1002/14651858.cd003979,2010,2003,W4234306402
10.1002/14651858.cd003979.pub2,2010,2004,W2100231570
10.1002/14651858.cd004063,2010,2003,W1531238420
10.1002/14651858.cd004723,2010,2004,W4254001018
10.1002/14651858.cd004723.pub2,2010,2007,W2098845516
10.1002/14651858.cd004724,2010,2004,W4230010475
10.1002/14651858.cd004724.pub2,2010,2007,W3021760992
10.1002/14651858.cd004883,2010,2004,W4253200391
10.1002/14651858.cd005150,2010,2005,W4242868880
10.1002/14651858.cd005150.pub2,2010,2006,W2101349851
10.1002/14651858.cd006493.pub2,2010,2007,W2111777366
10.1002/art.27655,2010,2010,W4254331742
10.1002/asl.204,2010,2008,W1981465981
10.1002/ca.20923,2010,2010,W2044207925
10.1002/cbdv.200900210,2010,2010,W1986828583
10.1002/chem.200901991,2010,2009,W2006425858
10.1002/hep.23316,2010,2010,W2020473974
10.1002/jcb.22458,2010,2010,W2022649430
10.1002/jlcr.1781,2010,2010,W4252736709
10.1002/jnr.21723,2010,2008,W2092741804
10.1002/jps.21940,2010,2009,W2117131822
10.1002/lite.201000056,2010,2010,W2078648209
10.1002/mop.24925,2010,2009,W2165137843
10.1002/mop.25068,2010,2010,W2037239518
10.1002/poc.1683,2010,2010,W2081400881
10.1006/mchj.1999.1723,2010,1999,W2010518617
10.1007/978-1-60761-823-2_7,2010,2010,W2417100878
10.1007/978-3-540-37275-2_87,2010,2006,W1800213116
10.1007/978-3-642-13166-0_90,2010,2010,W1949721743
10.1007/978-3-642-15766-0_110,2010,2010,W1560208336
10.1007/978-3-642-16318-0_54,2010,2010,W4231650133
10.1007/978-3-642-16444-6_17,2010,2010,W224076969
10.1007/bf01242793,2010,1989,W2325402878
10.1007/s00120-009-2118-x,2010,2009,W1519199479
10.1007/s00289-009-0093-4,2010,2009,W4251607126
10.1007/s00362-010-0346-1,2010,2010,W2134140095
10.1007/s00403-006-0732-7,2010,2007,W2147668369
10.1007/s00404-007-0545-8,2010,2008,W18193247
10.1007/s00405-008-0766-x,2010,2008,W2139784060
10.1007/s00421-010-1525-4,2010,2010,W2071579692
10.1007/s00432-009-0582-8,2010,2009,W2928527647
10.1007/s00455-008-9165-0,2010,2008,W2063883911
10.1007/s10047-010-0489-9,2010,2010,W2025581974
10.1007/s10067-009-1354-1,2010,2010,W2130817891
10.1007/s10067-010-1539-7,2010,2010,W1527843352
10.1007/s10157-004-0307-x,2010,2004,W1994055041
10.1007/s10330-010-0042-6,2010,2010,W1990248158
10.1007/s10495-010-0540-6,2010,2010,W2038626831
10.1007/s10551-009-0133-x,2010,2009,W2071181697
10.1007/s10571-009-9449-4,2010,2009,W1988241838
10.1007/s10620-009-0921-2,2010,2009,W2031171946
10.1007/s10709-009-9422-7,2010,2009,W2047992807
10.1007/s10845-010-0381-8,2010,2010,W2038596123
10.1007/s11010-009-0306-z,2010,2009,W2145797920
10.1007/s11136-010-9595-7,2010,2010,W1995192243
10.1007/s11738-008-0191-1,2010,2008,W4237869315
10.1007/s11741-009-0116-3,2010,2009,W2234808721
10.1007/s11768-009-7019-4,2010,2009,W2108972142
10.1007/s11802-009-0385-1,2010,2009,W1990949774
10.1007/s11814-009-0196-5,2010,2010,W2135399878
10.1007/s12032-009-9352-3,2010,2009,W2128415278
10.1007/s13273-010-0006-5,2010,2010,W1999626414
10.1016/b978-1-59749-537-0.00002-8,2010,2010,W2749764190
10.1016/b978-1-59749-537-0.00016-8,2010,2010,W2464602139
10.1016/j.aml.2010.05.003,2010,2010,W116294138
10.1016/j.anireprosci.2008.04.009,2010,2009,W1522205175
10.1016/j.bcp.2008.05.003,2010,2008,W1973605432
10.1016/j.biopsych.2009.02.005,2010,2009,W2054931058
10.1016/j.biotechadv.2008.07.002,2010,2008,W1993835400
10.1016/j.bpg.2010.02.006,2010,2010,W1985691515
10.1016/j.brainresbull.2009.05.018,2010,2009,W2102288945
10.1016/j.brat.2010.10.009,2010,2010,W2006098428
10.1016/j.cbpb.2007.04.009,2010,2007,W17601758
10.1016/j.clay.2007.08.001,2010,2007,W2062856232
10.1016/j.clsr.2009.11.004,2010,2010,W1972098939
10.1016/j.cnsns.2008.01.006,2010,2008,W1989143702
10.1016/j.cognition.2010.08.017,2010,2010,W2108301592
10.1016/j.csda.2009.07.024,2010,2010,W2007753050
10.1016/j.desal.2008.05.069,2010,2009,W2010478542
10.1016/j.fct.2009.12.007,2010,2009,W2011758058
10.1016/j.febslet.2010.07.034,2010,2010,W2049477562
10.1016/j.ijpe.2007.08.009,2010,2007,W4253067613
10.1016/j.inoche.2010.01.027,2010,2010,W2056929908
10.1016/j.intimp.2007.10.002,2010,2008,W2004203761
10.1016/j.jallcom.2004.03.099,2010,2004,W2031800991
10.1016/j.jcmg.2010.08.008,2010,2010,W4205869479
10.1016/j.jhazmat.2009.11.065,2010,2009,W1999808437
10.1016/j.jhep.2009.02.001,2010,2009,W1963761367
10.1016/j.jmaa.2006.02.034,2010,2006,W2057616721
10.1016/j.jmarsys.2008.12.012,2010,2009,W2047176627
10.1016/j.jmb.2009.03.024,2010,2009,W2218862286
10.1016/j.jngse.2010.02.003,2010,2010,W2036598952
10.1016/j.jnn.2006.11.006,2010,2010,W2012336455
10.1016/j.jpain.2005.01.079,2010,2005,W2057023426
10.1016/j.jpain.2006.01.109,2010,2006,W80934927
10.1016/j.juro.2010.02.2160,2010,2010,W2097552424
10.1016/j.neuroscience.2009.09.056,2010,2009,W2078698720
10.1016/j.ophtha.2010.02.012,2010,2010,W185127953
10.1016/j.pbb.2008.11.010,2010,2009,W1983652497
10.1016/j.petrol.2009.09.011,2010,2009,W2049459994
10.1016/j.physleta.2009.12.068,2010,2009,W2099601836
10.1016/j.physletb.2010.02.054,2010,2010,W2067492981
10.1016/j.porgcoat.2010.09.003,2010,2010,W2059648075
10.1016/j.procs.2010.04.289,2010,2010,W2064710738
10.1016/j.theochem.2009.04.010,2010,2009,W2059248069
10.1016/j.transproceed.2009.09.009,2010,2009,W4231693731
10.1016/j.virusres.2004.02.022,2010,2004,W2024994988
10.1016/s0026-2692(02)00028-9,2010,2002,W2038440430
10.1016/s0140-6736(97)11096-0,2010,1998,W2117847125
10.1016/s0929-6646(08)60169-2,2010,2008,W2149772168
10.1017/s0265021503000322,2010,2003,W2144143504
10.1021/cr068216s,2010,2008,W2142760804
10.1021/ja1088452,2010,2010,W2328629593
10.1021/ja903873n,2010,2009,W2018164898
10.1021/jp809956w,2010,2008,W2018400689
10.1021/ol9007475,2010,2009,W2072154172
10.1038/nature02356,2010,2004,W2049352189
10.1038/nature08749,2010,2010,W2031316068
10.1038/ngeo587,2010,2009,W2164249133
10.1038/nm1778,2010,2008,W2090820425
10.1038/nrg2336,2010,2008,W2008098614
10.1038/onc.2009.398,2010,2009,W4239137773
10.1038/sc.2010.35,2010,2010,W4240049685
10.1038/sj.leu.2404595,2010,2007,W2083929623
10.1038/sj.mt.6300137,2010,2007,W1994796182
10.1039/b924772f,2010,2010,W1997222822
10.1042/cs20030389,2010,2004,W2080836044
10.1051/ro/2009021,2010,2009,W2068898267
10.1053/j.jfas.2009.06.002,2010,2010,W2010436920
10.1061/(asce)0733-9399(2010)136:2(174,2010,2010,
10.1063/1.2041833,2010,2005,W2066963675
10.1063/1.3103647,2010,2009,W2038966932
10.1071/fp08120,2010,2008,W32688805
10.1073/pnas.0501420102,2010,2005,W2162474164
10.1073/pnas.0503960102,2010,2005,W2157847022
10.1073/pnas.0809516106,2010,2009,W2123903538
10.1073/pnas.132630999,2010,2002,W2169162172
10.1074/jbc.271.46.29422,2010,1996,W2111550542
10.1074/jbc.m109.025742,2010,2009,W2007101555
10.1074/jbc.m804144200,2010,2008,W2002153971
10.1080/00140130902836259,2010,2009,W4245621569
10.1080/03071020802410312,2010,2010,W1965828118
10.1080/09546550903472252,2010,2010,W2016110870
10.1080/10942910902716968,2010,2010,W4252414015
10.1080/13607860903046578,2010,2010,W4241631055
10.1080/15376520490434692,2010,2008,W2090582170
10.1080/17487870903105346,2010,2009,W2083322539
10.1080/21507680903570474,2010,2010,W2018588889
10.1083/jcb.200705182,2010,2007,W2043412107
10.1084/jem.20021466,2010,2002,W2110695082
10.1088/0029-5515/47/9/037,2010,2007,W2109466119
10.1093/jnci/djn308,2010,2008,W18812551
10.1097/00000542-200409000-00011,2010,2004,W2031913628
10.1097/00000542-200510000-00010,2010,2005,W4248873421
10.1097/aln.0b013e31818aa6e1,2010,2008,W2046348844
10.1097/ico.0b013e3181ca2984,2010,2010,W2001987482
10.1097/iop.0b013e3181b59eea,2010,2009,W19966658
10.1097/jom.0b013e3181d8d9e4,2010,2010,W4233003226
10.1097/qco.0b013e328336a23f,2010,2010,W2075718191
10.1099/ijs.0.004978-0,2010,2009,W2139058557
10.1099/ijs.0.011882-0,2010,2010,W4236855285
10.1099/ijs.0.012336-0,2010,2010,W2077937128
10.1099/ijs.0.013698-0,2010,2010,W2125914177
10.1099/ijs.0.015370-0,2010,2010,W4237447743
10.1099/vir.0.80531-0,2010,2005,W2171371293
10.1103/physreve.79.011115,2010,2009,W1988314502
10.1104/pp.109.149542,2010,2010,W2172262730
10.1107/s0907444999007064,2010,1999,W2060859567
10.1107/s0907444999011324,2010,1999,W4243451113
10.1107/s1600536806012931,2010,2006,W2331521573
10.1107/s1600536806030637,2010,2006,W2316482122
10.1107/s1600536806035410,2010,2006,W2254068670
10.1107/s1600536806047295,2010,2006,W1976399872
10.1107/s1600536807017461,2010,2007,W2945848462
10.1107/s160053680701879x,2010,2007,W2332773592
10.1107/s1600536807022593,2010,2007,W2047911334
10.1107/s1600536807022891,2010,2007,W1969803139
10.1107/s1600536807027195,2010,2007,W4205419650
10.1107/s1600536807028735,2010,2007,W316692573
10.1107/s1600536807031121,2010,2007,W2053657552
10.1107/s1600536807032540,2010,2007,W4205612789
10.1107/s1600536807035349,2010,2007,W2024243785
10.1107/s1600536807037130,2010,2007,W2149293471
10.1107/s1600536807037488,2010,2007,W4206058018
10.1107/s1600536807040640,2010,2007,W2022097944
10.1107/s1600536807040652,2010,2007,W1964960170
10.1107/s1600536807042390,2010,2007,W307422417
10.1107/s1600536807047526,2010,2007,W2082345675
10.1107/s1600536807052051,2010,2007,W1998670991
10.1107/s1600536807052464,2010,2007,W2164430462
10.1107/s1600536807052993,2010,2007,W2075601718
10.1107/s1600536807054244,2010,2007,W2022680585
10.1107/s1600536807054372,2010,2007,W1982769695
10.1107/s1600536807056309,2010,2007,W2226216804
10.1107/s1600536807056498,2010,2007,W2011171503
10.1107/s1600536807059909,2010,2007,W2799328463
10.1107/s160053680706151x,2010,2007,W2728136956
10.1107/s1600536808013743,2010,2008,W4205482612
10.1107/s1600536809033558,2010,2009,W3185577879
10.1109/ace.2010.54,2010,2010,W2049680489
10.1109/act.2009.141,2010,2009,W2078672278
10.1109/appeec.2010.5448138,2010,2010,W1826770452
10.1109/appeec.2010.5448139,2010,2010,W2286953252
10.1109/appeec.2010.5448159,2010,2010,W1594421250
10.1109/appeec.2010.5448163,2010,2010,W1500704502
10.1109/appeec.2010.5448168,2010,2010,W2292946974
10.1109/appeec.2010.5448170,2010,2010,W2298961783
10.1109/appeec.2010.5448183,2010,2010,W1954347349
10.1109/appeec.2010.5448204,2010,2010,W1551850066
10.1109/appeec.2010.5448230,2010,2010,W1585955737
10.1109/appeec.2010.5448244,2010,2010,W2283522348
10.1109/appeec.2010.5448262,2010,2010,W2282317611
10.1109/appeec.2010.5448268,2010,2010,W1934425138
10.1109/appeec.2010.5448271,2010,2010,W1668528996
10.1109/appeec.2010.5448273,2010,2010,W1839929969
10.1109/appeec.2010.5448275,2010,2010,W1922762278
10.1109/appeec.2010.5448280,2010,2010,W2279275459
10.1109/appeec.2010.5448295,2010,2010,W1770933012
10.1109/appeec.2010.5448307,2010,2010,W1603638040
10.1109/appeec.2010.5448320,2010,2010,W2291383155
10.1109/appeec.2010.5448322,2010,2010,W1951495350
10.1109/appeec.2010.5448323,2010,2010,W2277864774
10.1109/appeec.2010.5448329,2010,2010,W2135362782
10.1109/appeec.2010.5448358,2010,2010,W2277794027
10.1109/appeec.2010.5448367,2010,2010,W2305109523
10.1109/appeec.2010.5448380,2010,2010,W1851183112
10.1109/appeec.2010.5448383,2010,2010,W1583359534
10.1109/appeec.2010.5448386,2010,2010,W1504949301
10.1109/appeec.2010.5448388,2010,2010,W1907971948
10.1109/appeec.2010.5448404,2010,2010,W2287969258
10.1109/appeec.2010.5448415,2010,2010,W1774118786
10.1109/appeec.2010.5448431,2010,2010,W2126006761
10.1109/appeec.2010.5448447,2010,2010,W2276995896
10.1109/appeec.2010.5448456,2010,2010,W1861191119
10.1109/appeec.2010.5448464,2010,2010,W2277939282
10.1109/appeec.2010.5448470,2010,2010,W1899485501
10.1109/appeec.2010.5448472,2010,2010,W2294642874
10.1109/appeec.2010.5448520,2010,2010,W2275375763
10.1109/appeec.2010.5448551,2010,2010,W2294215153
10.1109/appeec.2010.5448554,2010,2010,W2280881279
10.1109/appeec.2010.5448557,2010,2010,W2286630755
10.1109/appeec.2010.5448572,2010,2010,W1908482168
10.1109/appeec.2010.5448575,2010,2010,W1491312245
10.1109/appeec.2010.5448587,2010,2010,W2276410913
10.1109/appeec.2010.5448593,2010,2010,W1938684673
10.1109/appeec.2010.5448605,2010,2010,W1848775227
10.1109/appeec.2010.5448612,2010,2010,W1932338307
10.1109/appeec.2010.5448617,2010,2010,W1839069427
10.1109/appeec.2010.5448621,2010,2010,W1521422200
10.1109/appeec.2010.5448627,2010,2010,W1658207870
10.1109/appeec.2010.5448659,2010,2010,W1756640974
10.1109/appeec.2010.5448669,2010,2010,W2291892183
10.1109/appeec.2010.5448671,2010,2010,W1745326436
10.1109/appeec.2010.5448680,2010,2010,W2275177800
10.1109/appeec.2010.5448698,2010,2010,W2281245884
10.1109/appeec.2010.5448703,2010,2010,W1795707209
10.1109/appeec.2010.5448724,2010,2010,W2291628087
10.1109/appeec.2010.5448725,2010,2010,W2288473029
10.1109/appeec.2010.5448727,2010,2010,W1530639743
10.1109/appeec.2010.5448742,2010,2010,W1908850314
10.1109/appeec.2010.5448751,2010,2010,W1544537337
10.1109/appeec.2010.5448773,2010,2010,W2289269145
10.1109/appeec.2010.5448778,2010,2010,W2136258349
10.1109/appeec.2010.5448781,2010,2010,W2293159150
10.1109/appeec.2010.5448808,2010,2010,W2292079580
10.1109/appeec.2010.5448814,2010,2010,W2149627979
10.1109/appeec.2010.5448842,2010,2010,W1505412109
10.1109/appeec.2010.5448859,2010,2010,W1537695452
10.1109/appeec.2010.5448869,2010,2010,W2279228005
10.1109/appeec.2010.5448873,2010,2010,W1525723565
10.1109/appeec.2010.5448890,2010,2010,W2281810564
10.1109/appeec.2010.5448931,2010,2010,W1531608010
10.1109/appeec.2010.5448942,2010,2010,W2283293013
10.1109/appeec.2010.5448956,2010,2010,W1578684289
10.1109/appeec.2010.5448961,2010,2010,W2134310304
10.1109/appeec.2010.5448963,2010,2010,W1839255834
10.1109/appeec.2010.5448970,2010,2010,W2289047553
10.1109/appeec.2010.5448978,2010,2010,W2311144686
10.1109/appeec.2010.5448980,2010,2010,W1531811016
10.1109/appeec.2010.5448993,2010,2010,W1502448016
10.1109/appeec.2010.5449074,2010,2010,W2276048915
10.1109/appeec.2010.5449086,2010,2010,W2291615002
10.1109/appeec.2010.5449103,2010,2010,W1609697477
10.1109/appeec.2010.5449110,2010,2010,W1885853770
10.1109/appeec.2010.5449111,2010,2010,W1960389963
10.1109/appeec.2010.5449116,2010,2010,W1935515205
10.1109/appeec.2010.5449128,2010,2010,W1813075928
10.1109/appeec.2010.5449146,2010,2010,W2289032478
10.1109/appeec.2010.5449158,2010,2010,W1510935244
10.1109/appeec.2010.5449168,2010,2010,W1844298669
10.1109/appeec.2010.5449226,2010,2010,W1486250506
10.1109/appeec.2010.5449267,2010,2010,W1910311512
10.1109/appeec.2010.5449311,2010,2010,W2276335040
10.1109/appeec.2010.5449321,2010,2010,W2170852976
10.1109/appeec.2010.5449322,2010,2010,W1512735386
10.1109/appeec.2010.5449384,2010,2010,W2115577044
10.1109/appeec.2010.5449386,2010,2010,W1832360989
10.1109/appeec.2010.5449421,2010,2010,W2284343909
10.1109/appeec.2010.5449429,2010,2010,W1888360101
10.1109/appeec.2010.5449462,2010,2010,W2276055287
10.1109/appeec.2010.5449464,2010,2010,W1558134154
10.1109/appeec.2010.5449468,2010,2010,W2283852104
10.1109/appeec.2010.5449475,2010,2010,W2285810713
10.1109/appeec.2010.5449482,2010,2010,W2284842801
10.1109/appeec.2010.5449500,2010,2010,W2287606077
10.1109/appeec.2010.5449504,2010,2010,W2290723981
10.1109/appeec.2010.5449510,2010,2010,W1548118040
10.1109/appeec.2010.5449518,2010,2010,W1572239385
10.1109/appeec.2010.5449534,2010,2010,W1751649790
10.1109/asonam.2010.73,2010,2010,W2091297383
10.1109/caidcd.2009.5374859,2010,2009,W2539334398
10.1109/caidcd.2009.5374875,2010,2009,W2552949830
10.1109/caidcd.2009.5374918,2010,2009,W2542509720
10.1109/caidcd.2009.5374938,2010,2009,W2154988128
10.1109/caidcd.2009.5374939,2010,2009,W2540770920
10.1109/caidcd.2009.5375014,2010,2009,W2532435693
10.1109/caidcd.2009.5375037,2010,2009,W2539062490
10.1109/caidcd.2009.5375075,2010,2009,W2533340694
10.1109/caidcd.2009.5375234,2010,2009,W2538315712
10.1109/caidcd.2009.5375241,2010,2009,W2535078637
10.1109/caidcd.2009.5375244,2010,2009,W2539655212
10.1109/caidcd.2009.5375247,2010,2009,W2544679318
10.1109/caidcd.2009.5375299,2010,2009,W2544144273
10.1109/caidcd.2009.5375382,2010,2009,W2532217493
10.1109/cctae.2010.5543196,2010,2010,W1498074261
10.1109/cctae.2010.5543292,2010,2010,W2110535507
10.1109/cctae.2010.5543303,2010,2010,W1849615678
10.1109/cctae.2010.5543326,2010,2010,W1885547232
10.1109/cctae.2010.5543349,2010,2010,W1788428365
10.1109/cctae.2010.5543364,2010,2010,W1842346573
10.1109/cctae.2010.5543367,2010,2010,W1534962345
10.1109/cctae.2010.5543379,2010,2010,W1895334624
10.1109/cctae.2010.5543401,2010,2010,W2119902386
10.1109/cctae.2010.5543418,2010,2010,W1533324096
10.1109/cctae.2010.5543423,2010,2010,W1954396571
10.1109/cctae.2010.5543439,2010,2010,W2122554281
10.1109/cctae.2010.5543445,2010,2010,W2123460294
10.1109/cctae.2010.5543448,2010,2010,W2113196313
10.1109/cctae.2010.5543488,2010,2010,W1711776242
10.1109/cctae.2010.5543610,2010,2010,W1894534512
10.1109/cctae.2010.5543678,2010,2010,W1558340700
10.1109/cctae.2010.5543697,2010,2010,W1574967448
10.1109/cctae.2010.5543809,2010,2010,W2121736965
10.1109/cctae.2010.5543998,2010,2010,W1489839136
10.1109/cctae.2010.5544069,2010,2010,W1820144929
10.1109/cctae.2010.5544078,2010,2010,W2282283065
10.1109/cctae.2010.5544119,2010,2010,W1602359561
10.1109/cctae.2010.5544178,2010,2010,W2288677567
10.1109/cctae.2010.5544191,2010,2010,W1644451429
10.1109/cctae.2010.5544197,2010,2010,W1557139711
10.1109/cctae.2010.5544199,2010,2010,W1647249366
10.1109/cctae.2010.5544243,2010,2010,W1506135043
10.1109/cctae.2010.5544336,2010,2010,W1842734928
10.1109/cctae.2010.5544351,2010,2010,W1770158449
10.1109/cctae.2010.5544363,2010,2010,W1888827137
10.1109/cctae.2010.5544370,2010,2010,W2119751868
10.1109/cctae.2010.5544371,2010,2010,W1631254216
10.1109/cctae.2010.5544374,2010,2010,W1931785129
10.1109/cctae.2010.5544468,2010,2010,W2284837824
10.1109/cctae.2010.5544493,2010,2010,W1926033678
10.1109/cctae.2010.5544537,2010,2010,W1482252609
10.1109/cctae.2010.5544611,2010,2010,W1523057227
10.1109/cctae.2010.5544636,2010,2010,W2275547214
10.1109/cctae.2010.5544741,2010,2010,W1872747637
10.1109/cctae.2010.5544784,2010,2010,W1569099676
10.1109/cctae.2010.5544854,2010,2010,W1623374137
10.1109/cctae.2010.5544857,2010,2010,W1501500642
10.1109/cctae.2010.5544909,2010,2010,W1848817907
10.1109/cctae.2010.5544959,2010,2010,W1528388386
10.1109/cctae.2010.5545047,2010,2010,W1518078953
10.1109/cctae.2010.5545254,2010,2010,W2118469744
10.1109/cctae.2010.5545311,2010,2010,W1605532613
10.1109/cctae.2010.5545736,2010,2010,W1945193476
10.1109/cicc-itoe.2010.19,2010,2010,W1535770079
10.1109/cicc-itoe.2010.23,2010,2010,W1576181313
10.1109/cicc-itoe.2010.36,2010,2010,W1555752410
10.1109/cicc-itoe.2010.77,2010,2010,W1551420123
10.1109/cmce.2010.5609544,2010,2010,W1495371157
10.1109/cmce.2010.5609547,2010,2010,W1560175424
10.1109/cmce.2010.5609754,2010,2010,W1518231951
10.1109/cmce.2010.5609800,2010,2010,W1572794998
10.1109/cmce.2010.5609819,2010,2010,W1607901456
10.1109/cmce.2010.5609822,2010,2010,W1551588198
10.1109/cmce.2010.5609824,2010,2010,W1540949084
10.1109/cmce.2010.5609837,2010,2010,W1492382589
10.1109/cmce.2010.5609870,2010,2010,W1482460319
10.1109/cmce.2010.5609994,2010,2010,W1516584002
10.1109/cmce.2010.5610033,2010,2010,W1582819293
10.1109/cmce.2010.5610069,2010,2010,W1598490692
10.1109/cmce.2010.5610104,2010,2010,W1509713653
10.1109/cmce.2010.5610176,2010,2010,W1579866412
10.1109/cmce.2010.5610207,2010,2010,W1546687258
10.1109/cmce.2010.5610225,2010,2010,W1601320171
10.1109/cmce.2010.5610229,2010,2010,W1593715285
10.1109/cmce.2010.5610312,2010,2010,W1496275006
10.1109/cmce.2010.5610336,2010,2010,W1508654400
10.1109/cmce.2010.5610350,2010,2010,W1488638643
10.1109/cmce.2010.5610417,2010,2010,W1526092689
10.1109/cmce.2010.5610538,2010,2010,W1589832496
10.1109/dasc.2009.155,2010,2009,W2052089065
10.1109/edt.2010.5496369,2010,2010,W1879098215
10.1109/edt.2010.5496379,2010,2010,W1811834224
10.1109/edt.2010.5496388,2010,2010,W1642809067
10.1109/edt.2010.5496393,2010,2010,W1595494038
10.1109/edt.2010.5496397,2010,2010,W1769693841
10.1109/edt.2010.5496420,2010,2010,W1500649142
10.1109/edt.2010.5496421,2010,2010,W1943324154
10.1109/edt.2010.5496443,2010,2010,W1560483660
10.1109/edt.2010.5496455,2010,2010,W1825942316
10.1109/edt.2010.5496546,2010,2010,W1565251847
10.1109/edt.2010.5496547,2010,2010,W1549710543
10.1109/edt.2010.5496622,2010,2010,W1927161776
10.1109/edt.2010.5496628,2010,2010,W1667789077
10.1109/esiat.2010.5567207,2010,2010,W1825168666
10.1109/esiat.2010.5567215,2010,2009,W1833103070
10.1109/esiat.2010.5567219,2010,2010,W1673509169
10.1109/esiat.2010.5567225,2010,2010,W1785798000
10.1109/esiat.2010.5567251,2010,2010,W1571799938
10.1109/esiat.2010.5567263,2010,2010,W1518132544
10.1109/esiat.2010.5567268,2010,2010,W1574153439
10.1109/esiat.2010.5567318,2010,2010,W2143893877
10.1109/esiat.2010.5567324,2010,2010,W1849643287
10.1109/esiat.2010.5567341,2010,2010,W1497805952
10.1109/esiat.2010.5567361,2010,2010,W1493768666
10.1109/esiat.2010.5567374,2010,2010,W1525100225
10.1109/esiat.2010.5567381,2010,2010,W1556023191
10.1109/esiat.2010.5567383,2010,2010,W1908154623
10.1109/esiat.2010.5567400,2010,2010,W1568545808
10.1109/esiat.2010.5567403,2010,2010,W1893224997
10.1109/esiat.2010.5567407,2010,2010,W1886274608
10.1109/esiat.2010.5567418,2010,2010,W1562376252
10.1109/esiat.2010.5567426,2010,2010,W1631362806
10.1109/esiat.2010.5567429,2010,2010,W1857368957
10.1109/esiat.2010.5567442,2010,2010,W1583834595
10.1109/esiat.2010.5567444,2010,2010,W2279079537
10.1109/esiat.2010.5567458,2010,2010,W1926894005
10.1109/esiat.2010.5568267,2010,2010,W1892681890
10.1109/esiat.2010.5568269,2010,2010,W1618193889
10.1109/esiat.2010.5568285,2010,2010,W1559593362
10.1109/esiat.2010.5568290,2010,2010,W1877597736
10.1109/esiat.2010.5568294,2010,2010,W2288279221
10.1109/esiat.2010.5568313,2010,2010,W1514091213
10.1109/esiat.2010.5568318,2010,2010,W1908920858
10.1109/esiat.2010.5568336,2010,2010,W1697974397
10.1109/esiat.2010.5568347,2010,2010,W1483618253
10.1109/esiat.2010.5568353,2010,2010,W1799990933
10.1109/esiat.2010.5568361,2010,2010,W1504451397
10.1109/esiat.2010.5568362,2010,2010,W1564450537
10.1109/esiat.2010.5568383,2010,2010,W1635215742
10.1109/esiat.2010.5568385,2010,2010,W1568555123
10.1109/esiat.2010.5568386,2010,2010,W1503318965
10.1109/esiat.2010.5568389,2010,2010,W1933893460
10.1109/esiat.2010.5568392,2010,2010,W1676129204
10.1109/esiat.2010.5568393,2010,2010,W1898966389
10.1109/esiat.2010.5568395,2010,2010,W2165523286
10.1109/esiat.2010.5568397,2010,2010,W2276309634
10.1109/esiat.2010.5568398,2010,2010,W1820856059
10.1109/esiat.2010.5568403,2010,2010,W2300458288
10.1109/esiat.2010.5568421,2010,2010,W1488271064
10.1109/esiat.2010.5568424,2010,2010,W1555334289
10.1109/esiat.2010.5568425,2010,2010,W1835361362
10.1109/esiat.2010.5568447,2010,2010,W1892256374
10.1109/esiat.2010.5568455,2010,2010,W2119292191
10.1109/esiat.2010.5568461,2010,2010,W1867047299
10.1109/esiat.2010.5568467,2010,2010,W1885128990
10.1109/esiat.2010.5568471,2010,2010,W1517677791
10.1109/esiat.2010.5568477,2010,2010,W1500200993
10.1109/esiat.2010.5568490,2010,2010,W2121784388
10.1109/esiat.2010.5568493,2010,2010,W2113389186
10.1109/esiat.2010.5568498,2010,2010,W1648747984
10.1109/esiat.2010.5568505,2010,2010,W2099108873
10.1109/esiat.2010.5568526,2010,2010,W1595935894
10.1109/esiat.2010.5568536,2010,2010,W2171773580
10.1109/esiat.2010.5568537,2010,2010,W2143687539
10.1109/esiat.2010.5568544,2010,2010,W1562724269
10.1109/esiat.2010.5568556,2010,2010,W1544722052
10.1109/esiat.2010.5568569,2010,2010,W1841282488
10.1109/esiat.2010.5568574,2010,2010,W1886129397
10.1109/esiat.2010.5568721,2010,2010,W1919493651
10.1109/esiat.2010.5568724,2010,2010,W1883517967
10.1109/esiat.2010.5568728,2010,2010,W1571222059
10.1109/esiat.2010.5568732,2010,2010,W1560243455
10.1109/esiat.2010.5568736,2010,2010,W1585129942
10.1109/esiat.2010.5568862,2010,2010,W1951358206
10.1109/esiat.2010.5568892,2010,2010,W1574109998
10.1109/esiat.2010.5568918,2010,2010,W1491824899
10.1109/esiat.2010.5568921,2010,2010,W1575426693
10.1109/esiat.2010.5568923,2010,2010,W1561744923
10.1109/esiat.2010.5568924,2010,2010,W1878261127
10.1109/esiat.2010.5568934,2010,2010,W1570093163
10.1109/esiat.2010.5568950,2010,2010,W1957270602
10.1109/esiat.2010.5568956,2010,2010,W2154498082
10.1109/esiat.2010.5568960,2010,2010,W1597095702
10.1109/esiat.2010.5568964,2010,2010,W1644656925
10.1109/esiat.2010.5568967,2010,2010,W1859569682
10.1109/esiat.2010.5568977,2010,2010,W2103632576
10.1109/esiat.2010.5568983,2010,2010,W1571227560
10.1109/etcs.2010.100,2010,2010,W1486631199
10.1109/etcs.2010.11,2010,2010,W1552202466
10.1109/etcs.2010.113,2010,2010,W1960709099
10.1109/etcs.2010.119,2010,2010,W1546235773
10.1109/etcs.2010.120,2010,2010,W2144462470
10.1109/etcs.2010.121,2010,2010,W1485755057
10.1109/etcs.2010.125,2010,2010,W1938728456
10.1109/etcs.2010.13,2010,2010,W1939697757
10.1109/etcs.2010.131,2010,2010,W2103145165
10.1109/etcs.2010.132,2010,2010,W1598196335
10.1109/etcs.2010.142,2010,2010,W1926969234
10.1109/etcs.2010.145,2010,2010,W1557011063
10.1109/etcs.2010.147,2010,2010,W1823153663
10.1109/etcs.2010.153,2010,2010,W1562725255
10.1109/etcs.2010.155,2010,2010,W1892546259
10.1109/etcs.2010.162,2010,2010,W2128736607
10.1109/etcs.2010.163,2010,2010,W1663473674
10.1109/etcs.2010.171,2010,2010,W1594284899
10.1109/etcs.2010.172,2010,2010,W1495200044
10.1109/etcs.2010.180,2010,2010,W2115546464
10.1109/etcs.2010.182,2010,2010,W1564531353
10.1109/etcs.2010.202,2010,2010,W1500460419
10.1109/etcs.2010.203,2010,2010,W1955658275
10.1109/etcs.2010.209,2010,2010,W1853514126
10.1109/etcs.2010.211,2010,2010,W1606429936
10.1109/etcs.2010.219,2010,2010,W1616236654
10.1109/etcs.2010.220,2010,2010,W1896957594
10.1109/etcs.2010.225,2010,2010,W1961974199
10.1109/etcs.2010.233,2010,2010,W1963236263
10.1109/etcs.2010.235,2010,2010,W1911301480
10.1109/etcs.2010.242,2010,2010,W1755034083
10.1109/etcs.2010.249,2010,2010,W1549933262
10.1109/etcs.2010.250,2010,2010,W1866321330
10.1109/etcs.2010.253,2010,2010,W1502649795
10.1109/etcs.2010.259,2010,2010,W1851716845
10.1109/etcs.2010.260,2010,2010,W1521707026
10.1109/etcs.2010.263,2010,2010,W1537193361
10.1109/etcs.2010.277,2010,2010,W2138053740
10.1109/etcs.2010.278,2010,2010,W1764390344
10.1109/etcs.2010.281,2010,2010,W1552968250
10.1109/etcs.2010.29,2010,2010,W1607757052
10.1109/etcs.2010.297,2010,2010,W1553452828
10.1109/etcs.2010.30,2010,2010,W1636298779
10.1109/etcs.2010.301,2010,2010,W1829705186
10.1109/etcs.2010.309,2010,2010,W1793998284
10.1109/etcs.2010.311,2010,2010,W1496508767
10.1109/etcs.2010.324,2010,2010,W1936294309
10.1109/etcs.2010.327,2010,2010,W1710545477
10.1109/etcs.2010.329,2010,2010,W1598361352
10.1109/etcs.2010.332,2010,2010,W1555750722
10.1109/etcs.2010.333,2010,2010,W1927600438
10.1109/etcs.2010.334,2010,2010,W1901842665
10.1109/etcs.2010.335,2010,2010,W1911474958
10.1109/etcs.2010.341,2010,2010,W1737359177
10.1109/etcs.2010.342,2010,2010,W1653440075
10.1109/etcs.2010.354,2010,2010,W1540344499
10.1109/etcs.2010.356,2010,2010,W1539380097
10.1109/etcs.2010.36,2010,2010,W1885053948
10.1109/etcs.2010.369,2010,2010,W2121456784
10.1109/etcs.2010.370,2010,2010,W1827958729
10.1109/etcs.2010.372,2010,2010,W1730338308
10.1109/etcs.2010.387,2010,2010,W1536889892
10.1109/etcs.2010.393,2010,2010,W1526262254
10.1109/etcs.2010.396,2010,2010,W1495767919
10.1109/etcs.2010.398,2010,2010,W1526802195
10.1109/etcs.2010.40,2010,2010,W1615052539
10.1109/etcs.2010.400,2010,2010,W1577672517
10.1109/etcs.2010.402,2010,2010,W1602823456
10.1109/etcs.2010.403,2010,2010,W1855968232
10.1109/etcs.2010.406,2010,2010,W1915735070
10.1109/etcs.2010.410,2010,2010,W1513385631
10.1109/etcs.2010.415,2010,2010,W2153764709
10.1109/etcs.2010.427,2010,2010,W1952548544
10.1109/etcs.2010.428,2010,2010,W1862927159
10.1109/etcs.2010.436,2010,2010,W2163836830
10.1109/etcs.2010.441,2010,2010,W1910614108
10.1109/etcs.2010.452,2010,2010,W1937569144
10.1109/etcs.2010.454,2010,2010,W1530983040
10.1109/etcs.2010.458,2010,2010,W1539876006
10.1109/etcs.2010.46,2010,2010,W1538522923
10.1109/etcs.2010.461,2010,2010,W1643592205
10.1109/etcs.2010.462,2010,2010,W1574410328
10.1109/etcs.2010.463,2010,2010,W1533384290
10.1109/etcs.2010.469,2010,2010,W1961014716
10.1109/etcs.2010.474,2010,2010,W1505196981
10.1109/etcs.2010.489,2010,2010,W1887012671
10.1109/etcs.2010.490,2010,2010,W1725226231
10.1109/etcs.2010.495,2010,2010,W1534656508
10.1109/etcs.2010.497,2010,2010,W1503737122
10.1109/etcs.2010.50,2010,2010,W1906207211
10.1109/etcs.2010.503,2010,2010,W1914551301
10.1109/etcs.2010.511,2010,2010,W1507081222
10.1109/etcs.2010.512,2010,2010,W2116504735
10.1109/etcs.2010.513,2010,2010,W1670393512
10.1109/etcs.2010.518,2010,2010,W1561290560
10.1109/etcs.2010.532,2010,2010,W1485514177
10.1109/etcs.2010.537,2010,2010,W1484226812
10.1109/etcs.2010.542,2010,2010,W1915062944
10.1109/etcs.2010.543,2010,2010,W1928801890
10.1109/etcs.2010.546,2010,2010,W1827053164
10.1109/etcs.2010.549,2010,2010,W1684087818
10.1109/etcs.2010.55,2010,2010,W1526421818
10.1109/etcs.2010.552,2010,2010,W1612212923
10.1109/etcs.2010.56,2010,2010,W1529812774
10.1109/etcs.2010.561,2010,2010,W1496469285
10.1109/etcs.2010.562,2010,2010,W1926431084
10.1109/etcs.2010.566,2010,2010,W1496299922
10.1109/etcs.2010.569,2010,2010,W1745069408
10.1109/etcs.2010.579,2010,2010,W1962700540
10.1109/etcs.2010.58,2010,2010,W1530617657
10.1109/etcs.2010.585,2010,2010,W2113247616
10.1109/etcs.2010.587,2010,2010,W1544572932
10.1109/etcs.2010.594,2010,2010,W1878052764
10.1109/etcs.2010.596,2010,2010,W1621013586
10.1109/etcs.2010.603,2010,2010,W2140988587
10.1109/etcs.2010.625,2010,2010,W1531797881
10.1109/etcs.2010.632,2010,2010,W1806803549
10.1109/etcs.2010.70,2010,2010,W1757305587
10.1109/etcs.2010.77,2010,2010,W1898531200
10.1109/etcs.2010.80,2010,2010,W1588775107
10.1109/etcs.2010.84,2010,2010,W1543178669
10.1109/etcs.2010.91,2010,2010,W1548969088
10.1109/etcs.2010.92,2010,2010,W1702688265
10.1109/ett.2009.100,2010,2009,W2547346637
10.1109/ett.2009.101,2010,2009,W2160223820
10.1109/ett.2009.103,2010,2009,W2110909151
10.1109/ett.2009.13,2010,2009,W2544972443
10.1109/ett.2009.26,2010,2009,W2096316644
10.1109/ett.2009.27,2010,2009,W2541835657
10.1109/ett.2009.28,2010,2009,W2536292215
10.1109/ett.2009.31,2010,2009,W2539171457
10.1109/ett.2009.39,2010,2009,W2133178355
10.1109/ett.2009.46,2010,2009,W2103200347
10.1109/ett.2009.56,2010,2009,W2532938860
10.1109/ett.2009.60,2010,2009,W2121280906
10.1109/ett.2009.66,2010,2009,W2103435699
10.1109/ett.2009.67,2010,2009,W2577501022
10.1109/ett.2009.82,2010,2009,W1987402362
10.1109/ett.2009.83,2010,2009,W2125226064
10.1109/ett.2009.85,2010,2009,W2098029496
10.1109/ett.2009.87,2010,2009,W2542372996
10.1109/ett.2009.88,2010,2009,W2537892954
10.1109/ett.2009.93,2010,2009,W2154195042
10.1109/ett.2009.95,2010,2009,W2095896783
10.1109/ett.2009.99,2010,2009,W2108252476
10.1109/fitme.2009.112,2010,2009,W2159015255
10.1109/fitme.2009.118,2010,2009,W2151177948
10.1109/fitme.2009.55,2010,2009,W2138387093
10.1109/fitme.2009.88,2010,2009,W1590107981
10.1109/fitme.2009.9,2010,2009,W1503640043
10.1109/fitme.2010.5654699,2010,2010,W1601073919
10.1109/fitme.2010.5654702,2010,2010,W1574178495
10.1109/fitme.2010.5654729,2010,2010,W1523911405
10.1109/fitme.2010.5654808,2010,2010,W1562858257
10.1109/fitme.2010.5654809,2010,2010,W1586076400
10.1109/fitme.2010.5654834,2010,2010,W1521283501
10.1109/fitme.2010.5654866,2010,2010,W1550734246
10.1109/fitme.2010.5654870,2010,2010,W1602343289
10.1109/fitme.2010.5654901,2010,2010,W1506687404
10.1109/fitme.2010.5655605,2010,2010,W1518088577
10.1109/fitme.2010.5655606,2010,2010,W1499154497
10.1109/fitme.2010.5655679,2010,2010,W1597457083
10.1109/fitme.2010.5655691,2010,2010,W1591961241
10.1109/fitme.2010.5655700,2010,2010,W1514172824
10.1109/fitme.2010.5655784,2010,2010,W1562178669
10.1109/fitme.2010.5655797,2010,2010,W1568146119
10.1109/fitme.2010.5656204,2010,2010,W1505744734
10.1109/fitme.2010.5656228,2010,2010,W1537164863
10.1109/fitme.2010.5656235,2010,2010,W2950081348
10.1109/fitme.2010.5656534,2010,2010,W1514958561
10.1109/fitme.2010.5656557,2010,2010,W1981210286
10.1109/fitme.2010.5656722,2010,2010,W1601324140
10.1109/ic4e.2010.101,2010,2010,W2081524917
10.1109/ic4e.2010.107,2010,2010,W1999841215
10.1109/ic4e.2010.115,2010,2010,W2162952233
10.1109/ic4e.2010.120,2010,2010,W1543235887
10.1109/ic4e.2010.135,2010,2010,W1599795825
10.1109/ic4e.2010.14,2010,2010,W1546320957
10.1109/ic4e.2010.151,2010,2010,W2155556291
10.1109/icacc.2010.5486641,2010,2010,W1560531601
10.1109/icacc.2010.5486663,2010,2010,W1769146565
10.1109/icacc.2010.5486716,2010,2010,W1496291794
10.1109/icacc.2010.5486744,2010,2010,W1508604852
10.1109/icacc.2010.5486767,2010,2010,W1847100344
10.1109/icacc.2010.5486769,2010,2010,W1875703171
10.1109/icacc.2010.5486771,2010,2010,W1514142359
10.1109/icacc.2010.5486791,2010,2010,W1600279449
10.1109/icacc.2010.5486826,2010,2010,W1917790953
10.1109/icacc.2010.5486852,2010,2010,W2297512625
10.1109/icacc.2010.5486858,2010,2010,W1670809300
10.1109/icacc.2010.5486868,2010,2010,W1545552225
10.1109/icacc.2010.5486897,2010,2010,W1836475502
10.1109/icacc.2010.5486898,2010,2010,W1862848611
10.1109/icacc.2010.5486901,2010,2010,W1498021079
10.1109/icacc.2010.5486906,2010,2010,W1635588724
10.1109/icacc.2010.5486917,2010,2010,W1914705000
10.1109/icacc.2010.5487009,2010,2010,W1864843791
10.1109/icacc.2010.5487017,2010,2010,W1920521064
10.1109/icacc.2010.5487035,2010,2010,W1591960193
10.1109/icacc.2010.5487049,2010,2010,W1481516245
10.1109/icacc.2010.5487060,2010,2010,W2125794762
10.1109/icacc.2010.5487073,2010,2010,W1631005371
10.1109/icacc.2010.5487106,2010,2010,W1562301066
10.1109/icacc.2010.5487108,2010,2010,W2274880211
10.1109/icacc.2010.5487111,2010,2010,W1838159270
10.1109/icacc.2010.5487113,2010,2010,W1568028752
10.1109/icacc.2010.5487165,2010,2010,W1479884778
10.1109/icacc.2010.5487178,2010,2010,W1668570042
10.1109/icacc.2010.5487207,2010,2010,W1484184068
10.1109/icacc.2010.5487247,2010,2010,W1569204102
10.1109/icacc.2010.5487254,2010,2010,W1722664370
10.1109/icacc.2010.5487274,2010,2010,W1943720951
10.1109/icacte.2010.5578992,2010,2010,W1526032028
10.1109/icacte.2010.5579126,2010,2010,W1545968758
10.1109/icacte.2010.5579292,2010,2010,W1509588788
10.1109/icacte.2010.5579333,2010,2010,W1494793279
10.1109/icacte.2010.5579585,2010,2010,W1604455749
10.1109/icacte.2010.5579602,2010,2010,W1511788224
10.1109/icadvc.2009.5378250,2010,2009,W2114361196
10.1109/icams.2010.5552833,2010,2010,W1828039162
10.1109/icams.2010.5552836,2010,2010,W1889957627
10.1109/icams.2010.5552849,2010,2010,W1846751507
10.1109/icams.2010.5552863,2010,2010,W1907284670
10.1109/icams.2010.5552866,2010,2010,W2005673569
10.1109/icams.2010.5552874,2010,2010,W2143809435
10.1109/icams.2010.5552877,2010,2010,W2284074622
10.1109/icams.2010.5552878,2010,2010,W1616653494
10.1109/icams.2010.5552879,2010,2010,W1833813330
10.1109/icams.2010.5552890,2010,2010,W1930049466
10.1109/icams.2010.5552907,2010,2010,W1576739496
10.1109/icams.2010.5552908,2010,2010,W1602980930
10.1109/icams.2010.5552909,2010,2010,W2288024169
10.1109/icams.2010.5552910,2010,2010,W1854837954
10.1109/icams.2010.5552912,2010,2010,W1639849489
10.1109/icams.2010.5552914,2010,2010,W1594315502
10.1109/icams.2010.5552919,2010,2010,W1587485258
10.1109/icams.2010.5552925,2010,2010,W1492301426
10.1109/icams.2010.5552928,2010,2010,W1612099792
10.1109/icams.2010.5552931,2010,2010,W1531609569
10.1109/icams.2010.5552933,2010,2010,W1543077329
10.1109/icams.2010.5552934,2010,2010,W1558187177
10.1109/icams.2010.5552935,2010,2010,W1891391446
10.1109/icams.2010.5552937,2010,2010,W1827998466
10.1109/icams.2010.5552943,2010,2010,W2143242322
10.1109/icams.2010.5552946,2010,2010,W1841753944
10.1109/icams.2010.5552947,2010,2010,W1517775875
10.1109/icams.2010.5552948,2010,2010,W1923225388
10.1109/icams.2010.5552949,2010,2010,W1932775160
10.1109/icams.2010.5552950,2010,2010,W1907827614
10.1109/icams.2010.5552953,2010,2010,W1928751060
10.1109/icams.2010.5552957,2010,2010,W1852680348
10.1109/icams.2010.5552962,2010,2010,W1861460537
10.1109/icams.2010.5552974,2010,2010,W1603053338
10.1109/icams.2010.5552975,2010,2010,W1578157833
10.1109/icams.2010.5552978,2010,2010,W1589872317
10.1109/icams.2010.5552979,2010,2010,W1710981742
10.1109/icams.2010.5552981,2010,2010,W1823933913
10.1109/icams.2010.5552983,2010,2010,W1947965781
10.1109/icams.2010.5552995,2010,2010,W1505772176
10.1109/icams.2010.5552996,2010,2010,W2289727705
10.1109/icams.2010.5553007,2010,2010,W1854190862
10.1109/icams.2010.5553009,2010,2010,W1531741124
10.1109/icams.2010.5553019,2010,2010,W1607094430
10.1109/icams.2010.5553029,2010,2010,W2107203331
10.1109/icams.2010.5553031,2010,2010,W1955430097
10.1109/icams.2010.5553038,2010,2010,W1555147818
10.1109/icams.2010.5553041,2010,2010,W1542951657
10.1109/icams.2010.5553044,2010,2010,W1505920326
10.1109/icams.2010.5553049,2010,2010,W1840181404
10.1109/icams.2010.5553051,2010,2010,W1524566248
10.1109/icams.2010.5553055,2010,2010,W1522604703
10.1109/icams.2010.5553057,2010,2010,W1509268173
10.1109/icams.2010.5553062,2010,2010,W1514294455
10.1109/icams.2010.5553066,2010,2010,W1716446533
10.1109/icams.2010.5553073,2010,2010,W2288863121
10.1109/icams.2010.5553077,2010,2010,W2145670059
10.1109/icams.2010.5553078,2010,2010,W1524478022
10.1109/icams.2010.5553080,2010,2010,W1678674537
10.1109/icams.2010.5553082,2010,2010,W2277511247
10.1109/icams.2010.5553083,2010,2010,W1865130220
10.1109/icams.2010.5553089,2010,2010,W1479975096
10.1109/icams.2010.5553094,2010,2010,W2141915675
10.1109/icams.2010.5553095,2010,2010,W1878112821
10.1109/icams.2010.5553096,2010,2010,W1708923091
10.1109/icams.2010.5553098,2010,2010,W1765868240
10.1109/icams.2010.5553100,2010,2010,W1850515373
10.1109/icams.2010.5553101,2010,2010,W2122030970
10.1109/icams.2010.5553104,2010,2010,W1517898544
10.1109/icams.2010.5553106,2010,2010,W1839804876
10.1109/icams.2010.5553113,2010,2010,W1727160904
10.1109/icams.2010.5553118,2010,2010,W1863463731
10.1109/icams.2010.5553121,2010,2010,W1484131558
10.1109/icams.2010.5553126,2010,2010,W1941800124
10.1109/icams.2010.5553140,2010,2010,W1825173622
10.1109/icams.2010.5553144,2010,2010,W1483246332
10.1109/icams.2010.5553145,2010,2010,W1493921004
10.1109/icams.2010.5553147,2010,2010,W1497185046
10.1109/icams.2010.5553150,2010,2010,W1961320803
10.1109/icams.2010.5553153,2010,2010,W2130055561
10.1109/icams.2010.5553154,2010,2010,W1512571873
10.1109/icams.2010.5553155,2010,2010,W1680733380
10.1109/icams.2010.5553165,2010,2010,W1533628963
10.1109/icams.2010.5553166,2010,2010,W1824332366
10.1109/icams.2010.5553170,2010,2010,W1902420827
10.1109/icams.2010.5553174,2010,2010,W1541001239
10.1109/icams.2010.5553186,2010,2010,W1916400724
10.1109/icams.2010.5553190,2010,2010,W1903093157
10.1109/icams.2010.5553195,2010,2010,W1831299337
10.1109/icams.2010.5553197,2010,2010,W1940928538
10.1109/icams.2010.5553200,2010,2010,W1920759240
10.1109/icams.2010.5553205,2010,2010,W1583949646
10.1109/icams.2010.5553206,2010,2010,W2172033283
10.1109/icams.2010.5553212,2010,2010,W1883633102
10.1109/icams.2010.5553219,2010,2010,W1912362591
10.1109/icams.2010.5553223,2010,2010,W1491459334
10.1109/icams.2010.5553224,2010,2010,W1960110307
10.1109/icams.2010.5553236,2010,2010,W1954361756
10.1109/icams.2010.5553238,2010,2010,W1569304421
10.1109/icams.2010.5553239,2010,2010,W1920466708
10.1109/icams.2010.5553246,2010,2010,W1544882214
10.1109/icams.2010.5553250,2010,2010,W2280779508
10.1109/icams.2010.5553253,2010,2010,W1918445427
10.1109/icams.2010.5553268,2010,2010,W1491066052
10.1109/icams.2010.5553269,2010,2010,W1962270841
10.1109/icams.2010.5553271,2010,2010,W2277320967
10.1109/icams.2010.5553272,2010,2010,W1531352627
10.1109/icams.2010.5553291,2010,2010,W1662328913
10.1109/icams.2010.5553299,2010,2010,W1895232301
10.1109/icams.2010.5553302,2010,2010,W2101784852
10.1109/iccasm.2010.5618998,2010,2010,W1608400901
10.1109/iccasm.2010.5619006,2010,2010,W1589827135
10.1109/iccasm.2010.5619032,2010,2010,W2953135827
10.1109/iccasm.2010.5619090,2010,2010,W1600645271
10.1109/iccasm.2010.5619100,2010,2010,W1571059217
10.1109/iccasm.2010.5619105,2010,2010,W1556500705
10.1109/iccasm.2010.5619203,2010,2010,W1548095846
10.1109/iccasm.2010.5619252,2010,2010,W1554084886
10.1109/iccasm.2010.5619281,2010,2010,W1505301995
10.1109/iccasm.2010.5619297,2010,2010,W1543362578
10.1109/iccasm.2010.5619302,2010,2010,W1594392224
10.1109/iccasm.2010.5619335,2010,2010,W1553306168
10.1109/iccasm.2010.5619351,2010,2010,W1494898020
10.1109/iccasm.2010.5619357,2010,2010,W1591135617
10.1109/iccasm.2010.5619365,2010,2010,W1588055268
10.1109/iccasm.2010.5620000,2010,2010,W1504731342
10.1109/iccasm.2010.5620078,2010,2010,W1521847565
10.1109/iccasm.2010.5620109,2010,2010,W2953155480
10.1109/iccasm.2010.5620123,2010,2010,W1505652134
10.1109/iccasm.2010.5620163,2010,2010,W1523267351
10.1109/iccasm.2010.5620202,2010,2010,W1503199274
10.1109/iccasm.2010.5620247,2010,2010,W1603144271
10.1109/iccasm.2010.5620260,2010,2010,W1559399396
10.1109/iccasm.2010.5620336,2010,2010,W1504181944
10.1109/iccasm.2010.5620341,2010,2010,W2012346265
10.1109/iccasm.2010.5620344,2010,2010,W1536048172
10.1109/iccasm.2010.5620394,2010,2010,W1515705848
10.1109/iccasm.2010.5620396,2010,2010,W1581459545
10.1109/iccasm.2010.5620452,2010,2010,W1552571115
10.1109/iccasm.2010.5620483,2010,2010,W1492555177
10.1109/iccasm.2010.5620500,2010,2010,W1560450138
10.1109/iccasm.2010.5620558,2010,2010,W1563177093
10.1109/iccasm.2010.5620744,2010,2010,W1596219582
10.1109/iccasm.2010.5620757,2010,2010,W1534269955
10.1109/iccasm.2010.5620770,2010,2010,W2952745266
10.1109/iccasm.2010.5620794,2010,2010,W1552072386
10.1109/iccasm.2010.5620796,2010,2010,W1594069789
10.1109/iccasm.2010.5620797,2010,2010,W1978711954
10.1109/iccasm.2010.5622124,2010,2010,W1543537747
10.1109/iccasm.2010.5622175,2010,2010,W1580112070
10.1109/iccasm.2010.5622181,2010,2010,W1600405821
10.1109/iccasm.2010.5622243,2010,2010,W1480918893
10.1109/iccasm.2010.5622314,2010,2010,W1568219627
10.1109/iccasm.2010.5622344,2010,2010,W1604308890
10.1109/iccasm.2010.5622397,2010,2010,W1481781847
10.1109/iccasm.2010.5622398,2010,2010,W1602935861
10.1109/iccasm.2010.5622468,2010,2010,W1535859251
10.1109/iccasm.2010.5622494,2010,2010,W1575524651
10.1109/iccasm.2010.5622533,2010,2010,W1514318436
10.1109/iccasm.2010.5622541,2010,2010,W1496315403
10.1109/iccasm.2010.5622573,2010,2010,W1508645950
10.1109/iccasm.2010.5622637,2010,2010,W1590767202
10.1109/iccasm.2010.5622702,2010,2010,W1579883705
10.1109/iccasm.2010.5622723,2010,2010,W1577350246
10.1109/iccasm.2010.5622788,2010,2010,W1552980674
10.1109/iccasm.2010.5622833,2010,2010,W1513571313
10.1109/iccasm.2010.5622838,2010,2010,W1601221629
10.1109/iccasm.2010.5622982,2010,2010,W1574910745
10.1109/iccasm.2010.5622992,2010,2010,W1549734781
10.1109/iccasm.2010.5623006,2010,2010,W1488922675
10.1109/iccasm.2010.5623056,2010,2010,W1503462675
10.1109/iccasm.2010.5623063,2010,2010,W1485442840
10.1109/iccasm.2010.5623067,2010,2010,W1607218574
10.1109/iccasm.2010.5623077,2010,2010,W1572693159
10.1109/iccasm.2010.5623079,2010,2010,W1493785212
10.1109/iccasm.2010.5623096,2010,2010,W1602141685
10.1109/iccasm.2010.5623120,2010,2010,W1606524098
10.1109/iccasm.2010.5623151,2010,2010,W1570761772
10.1109/iccasm.2010.5623162,2010,2010,W1536071211
10.1109/iccasm.2010.5623192,2010,2010,W2578503178
10.1109/iccasm.2010.5623203,2010,2010,W1511475382
10.1109/iccasm.2010.5623204,2010,2010,W1559156373
10.1109/iccasm.2010.5623272,2010,2010,W1481352749
10.1109/icccnt.2010.5592604,2010,2010,W1990362877
10.1109/iccea.2010.288,2010,2010,W1956012036
10.1109/iccea.2010.97,2010,2010,W1538598277
10.1109/iccee.2009.59,2010,2009,W2538492099
10.1109/iccet.2010.5485327,2010,2010,W1697659929
10.1109/iccet.2010.5485353,2010,2010,W1896916729
10.1109/iccet.2010.5485380,2010,2010,W1855610405
10.1109/iccet.2010.5485427,2010,2010,W1858731790
10.1109/iccet.2010.5485435,2010,2010,W1487387029
10.1109/iccet.2010.5485437,2010,2010,W2169269712
10.1109/iccet.2010.5485452,2010,2010,W1782796438
10.1109/iccet.2010.5485526,2010,2010,W1494343455
10.1109/iccet.2010.5485551,2010,2010,W2110969804
10.1109/iccet.2010.5485555,2010,2010,W1520332378
10.1109/iccet.2010.5485604,2010,2010,W1533880347
10.1109/iccet.2010.5485619,2010,2010,W2108914860
10.1109/iccet.2010.5485625,2010,2010,W1628034232
10.1109/iccet.2010.5485640,2010,2010,W1701907362
10.1109/iccet.2010.5485701,2010,2010,W1544187901
10.1109/iccet.2010.5485728,2010,2010,W1482434742
10.1109/iccet.2010.5485737,2010,2010,W1866040925
10.1109/iccet.2010.5485767,2010,2010,W1571632458
10.1109/iccet.2010.5485794,2010,2010,W1922742576
10.1109/iccet.2010.5485809,2010,2010,W1780232599
10.1109/iccet.2010.5485811,2010,2010,W2289104684
10.1109/iccet.2010.5485815,2010,2010,W1914977718
10.1109/iccet.2010.5485838,2010,2010,W1947396880
10.1109/iccet.2010.5485867,2010,2010,W1832063530
10.1109/iccet.2010.5485912,2010,2010,W1493511940
10.1109/iccet.2010.5485914,2010,2010,W1755665851
10.1109/iccet.2010.5485917,2010,2010,W1924428385
10.1109/iccet.2010.5485921,2010,2010,W2124073302
10.1109/iccet.2010.5485952,2010,2010,W1491598543
10.1109/iccet.2010.5485993,2010,2010,W2133102287
10.1109/iccet.2010.5486000,2010,2010,W1568084418
10.1109/iccet.2010.5486011,2010,2010,W1933706924
10.1109/iccet.2010.5486022,2010,2010,W2098938201
10.1109/iccet.2010.5486034,2010,2010,W1597166136
10.1109/iccet.2010.5486050,2010,2010,W1572545841
10.1109/iccet.2010.5486053,2010,2010,W1578006487
10.1109/iccet.2010.5486060,2010,2010,W1482880022
10.1109/iccet.2010.5486074,2010,2010,W1535612284
10.1109/iccet.2010.5486085,2010,2010,W1587282075
10.1109/iccet.2010.5486136,2010,2010,W1551021137
10.1109/iccet.2010.5486165,2010,2010,W1621254076
10.1109/iccet.2010.5486173,2010,2010,W2157998874
10.1109/iccet.2010.5486176,2010,2010,W2143801924
10.1109/iccet.2010.5486207,2010,2010,W2155890038
10.1109/iccet.2010.5486211,2010,2010,W1950990224
10.1109/iccet.2010.5486217,2010,2010,W1842197925
10.1109/iccet.2010.5486231,2010,2010,W1853510993
10.1109/iccet.2010.5486296,2010,2010,W1952370929
10.1109/iccet.2010.5486302,2010,2010,W1573594612
10.1109/iccet.2010.5486318,2010,2010,W1947864829
10.1109/iccet.2010.5486323,2010,2010,W1890543179
10.1109/iccet.2010.5486329,2010,2010,W1887812470
10.1109/iccms.2010.193,2010,2010,W1540568516
10.1109/iccms.2010.197,2010,2010,W1531884100
10.1109/iccms.2010.210,2010,2010,W2056272558
10.1109/iccms.2010.217,2010,2010,W1965958611
10.1109/iccms.2010.252,2010,2010,W2053708468
10.1109/iccms.2010.28,2010,2010,W2095478487
10.1109/iccms.2010.30,2010,2010,W2015700785
10.1109/iccms.2010.321,2010,2010,W2052651102
10.1109/iccms.2010.378,2010,2010,W1482467429
10.1109/iccms.2010.440,2010,2010,W2009295663
10.1109/iccms.2010.78,2010,2010,W2086238709
10.1109/iccsit.2010.5563524,2010,2010,W1961106800
10.1109/iccsit.2010.5563540,2010,2010,W1883529449
10.1109/iccsit.2010.5563586,2010,2010,W2117089045
10.1109/iccsit.2010.5563593,2010,2010,W1950184918
10.1109/iccsit.2010.5563606,2010,2010,W1601789529
10.1109/iccsit.2010.5563611,2010,2010,W1553482510
10.1109/iccsit.2010.5563619,2010,2010,W1954554920
10.1109/iccsit.2010.5563656,2010,2010,W2121934880
10.1109/iccsit.2010.5563689,2010,2010,W1820841555
10.1109/iccsit.2010.5563699,2010,2010,W1522805346
10.1109/iccsit.2010.5563701,2010,2010,W2273757288
10.1109/iccsit.2010.5563705,2010,2010,W1523196043
10.1109/iccsit.2010.5563706,2010,2010,W1846604631
10.1109/iccsit.2010.5563719,2010,2010,W1748291944
10.1109/iccsit.2010.5563731,2010,2010,W1824376588
10.1109/iccsit.2010.5563742,2010,2010,W1607576795
10.1109/iccsit.2010.5563743,2010,2010,W1830251717
10.1109/iccsit.2010.5563746,2010,2010,W1924364202
10.1109/iccsit.2010.5563755,2010,2010,W1644777586
10.1109/iccsit.2010.5563794,2010,2010,W1706406392
10.1109/iccsit.2010.5563811,2010,2010,W1944750152
10.1109/iccsit.2010.5563821,2010,2010,W1805960721
10.1109/iccsit.2010.5563825,2010,2010,W1918282090
10.1109/iccsit.2010.5563842,2010,2010,W1670713216
10.1109/iccsit.2010.5563868,2010,2010,W1529934496
10.1109/iccsit.2010.5563870,2010,2010,W1929832210
10.1109/iccsit.2010.5563887,2010,2010,W1580843687
10.1109/iccsit.2010.5563890,2010,2010,W1600720696
10.1109/iccsit.2010.5563893,2010,2010,W1604530095
10.1109/iccsit.2010.5563907,2010,2010,W1522379090
10.1109/iccsit.2010.5563921,2010,2010,W1899045140
10.1109/iccsit.2010.5563943,2010,2010,W1570006036
10.1109/iccsit.2010.5563951,2010,2010,W1713311234
10.1109/iccsit.2010.5563955,2010,2010,W2145528584
10.1109/iccsit.2010.5563971,2010,2010,W1487441448
10.1109/iccsit.2010.5563985,2010,2010,W1486493232
10.1109/iccsit.2010.5564003,2010,2010,W1482627386
10.1109/iccsit.2010.5564005,2010,2010,W1885861964
10.1109/iccsit.2010.5564021,2010,2010,W1674410808
10.1109/iccsit.2010.5564038,2010,2010,W1879876000
10.1109/iccsit.2010.5564043,2010,2010,W1829390895
10.1109/iccsit.2010.5564063,2010,2010,W1904816779
10.1109/iccsit.2010.5564084,2010,2010,W1604827887
10.1109/iccsit.2010.5564093,2010,2010,W1567334586
10.1109/iccsit.2010.5564122,2010,2010,W1505407528
10.1109/iccsit.2010.5564418,2010,2010,W1513421002
10.1109/iccsit.2010.5564469,2010,2010,W1531634945
10.1109/iccsit.2010.5564482,2010,2010,W1959782227
10.1109/iccsit.2010.5564485,2010,2010,W1654334476
10.1109/iccsit.2010.5564513,2010,2010,W1846815995
10.1109/iccsit.2010.5564523,2010,2010,W1912613434
10.1109/iccsit.2010.5564527,2010,2010,W2112814327
10.1109/iccsit.2010.5564553,2010,2010,W1841734212
10.1109/iccsit.2010.5564562,2010,2010,W1544156966
10.1109/iccsit.2010.5564568,2010,2010,W1861295125
10.1109/iccsit.2010.5564575,2010,2010,W2124356405
10.1109/iccsit.2010.5564582,2010,2010,W1617400534
10.1109/iccsit.2010.5564597,2010,2010,W1556119651
10.1109/iccsit.2010.5564606,2010,2010,W2098159460
10.1109/iccsit.2010.5564614,2010,2010,W1514006105
10.1109/iccsit.2010.5564617,2010,2010,W1587352256
10.1109/iccsit.2010.5564630,2010,2010,W1632091528
10.1109/iccsit.2010.5564635,2010,2010,W1507278105
10.1109/iccsit.2010.5564639,2010,2010,W1875774216
10.1109/iccsit.2010.5564643,2010,2010,W1656261894
10.1109/iccsit.2010.5564644,2010,2010,W1865360712
10.1109/iccsit.2010.5564645,2010,2010,W4230007127
10.1109/iccsit.2010.5564651,2010,2010,W2137101385
10.1109/iccsit.2010.5564664,2010,2010,W1630198013
10.1109/iccsit.2010.5564672,2010,2010,W1922252580
10.1109/iccsit.2010.5564722,2010,2010,W1918935476
10.1109/iccsit.2010.5564732,2010,2010,W1542080308
10.1109/iccsit.2010.5564774,2010,2010,W1841121495
10.1109/iccsit.2010.5564775,2010,2010,W1933029274
10.1109/iccsit.2010.5564776,2010,2010,W2289336764
10.1109/iccsit.2010.5564796,2010,2010,W1508210898
10.1109/iccsit.2010.5564797,2010,2010,W1533201461
10.1109/iccsit.2010.5564803,2010,2010,W1869424400
10.1109/iccsit.2010.5564813,2010,2010,W1564053833
10.1109/iccsit.2010.5564822,2010,2010,W2278951569
10.1109/iccsit.2010.5564833,2010,2010,W1494934852
10.1109/iccsit.2010.5564869,2010,2010,W1651707616
10.1109/iccsit.2010.5564886,2010,2010,W1600985648
10.1109/iccsit.2010.5564907,2010,2010,W1584995554
10.1109/iccsit.2010.5564908,2010,2010,W1879298694
10.1109/iccsit.2010.5564913,2010,2010,W1817425986
10.1109/iccsit.2010.5564915,2010,2010,W1504439695
10.1109/iccsit.2010.5564917,2010,2010,W1576324885
10.1109/iccsit.2010.5564926,2010,2010,W1535907541
10.1109/iccsit.2010.5564934,2010,2010,W1506460826
10.1109/iccsit.2010.5564939,2010,2010,W1865910542
10.1109/iccsit.2010.5564975,2010,2010,W1900553335
10.1109/iccsit.2010.5564995,2010,2010,W1846520129
10.1109/iccsit.2010.5564997,2010,2010,W1582878850
10.1109/iccsit.2010.5565035,2010,2010,W1871979233
10.1109/iccsit.2010.5565048,2010,2010,W1868779996
10.1109/iccsit.2010.5565049,2010,2010,W1749151321
10.1109/iccsit.2010.5565051,2010,2010,W1880935163
10.1109/iccsit.2010.5565082,2010,2010,W1957660956
10.1109/iccsit.2010.5565100,2010,2010,W1949540775
10.1109/iccsit.2010.5565114,2010,2010,W1527441344
10.1109/iccsit.2010.5565121,2010,2010,W1537524258
10.1109/iccsit.2010.5565149,2010,2010,W2151013327
10.1109/iccsit.2010.5565155,2010,2010,W1524607460
10.1109/iccsit.2010.5565182,2010,2010,W1531138977
10.1109/iccsit.2010.5565184,2010,2010,W1662677358
10.1109/iccsit.2010.5565186,2010,2010,W1556758385
10.1109/iccsit.2010.5565192,2010,2010,W1880256033
10.1109/iccsit.2010.5565326,2010,2010,W1911298945
10.1109/iccsit.2010.5565327,2010,2010,W1521915405
10.1109/icdim.2010.5664650,2010,2010,W1500084159
10.1109/icece.2010.1381,2010,2010,W1682079411
10.1109/icecs.2009.5410829,2010,2009,W2123897746
10.1109/icee.2010.1143,2010,2010,W1731277733
10.1109/icee.2010.838,2010,2010,W1841764729
10.1109/iceit.2010.5607507,2010,2010,W1522714314
10.1109/iceit.2010.5607511,2010,2010,W1568861816
10.1109/iceit.2010.5607514,2010,2010,W1574429490
10.1109/iceit.2010.5607533,2010,2010,W1517066819
10.1109/iceit.2010.5607538,2010,2010,W2950788235
10.1109/iceit.2010.5607584,2010,2010,W1593081936
10.1109/iceit.2010.5607592,2010,2010,W1531736711
10.1109/iceit.2010.5607643,2010,2010,W1605014403
10.1109/iceit.2010.5607647,2010,2010,W1548532847
10.1109/iceit.2010.5607651,2010,2010,W1597300067
10.1109/iceit.2010.5607652,2010,2010,W2951176611
10.1109/iceit.2010.5607661,2010,2010,W1553543625
10.1109/iceit.2010.5607678,2010,2010,W1544349783
10.1109/iceit.2010.5607686,2010,2010,W1493390026
10.1109/iceit.2010.5607729,2010,2010,W1590570691
10.1109/iceit.2010.5607748,2010,2010,W1543041489
10.1109/iceit.2010.5607769,2010,2010,W1565005454
10.1109/iceit.2010.5607789,2010,2010,W1602379114
10.1109/iceit.2010.5608351,2010,2010,W1579104040
10.1109/iceit.2010.5608363,2010,2010,W1543853853
10.1109/iceit.2010.5608391,2010,2010,W1575615290
10.1109/iceit.2010.5608415,2010,2010,W1482622685
10.1109/iceit.2010.5608425,2010,2010,W1526140901
10.1109/icemms.2010.5563395,2010,2010,W1497653205
10.1109/icemms.2010.5563412,2010,2010,W1575940639
10.1109/icemms.2010.5563416,2010,2010,W1501918553
10.1109/icemms.2010.5563428,2010,2010,W1607912954
10.1109/icemms.2010.5563429,2010,2010,W1569538676
10.1109/icemms.2010.5563435,2010,2010,W1522833964
10.1109/icemms.2010.5563450,2010,2010,W1601511062
10.1109/icemms.2010.5563451,2010,2010,W1603387492
10.1109/icemms.2010.5563455,2010,2010,W1512635083
10.1109/icemms.2010.5563472,2010,2010,W1549306154
10.1109/icemms.2010.5563511,2010,2010,W1512420083
10.1109/icemms.2010.5563512,2010,2010,W1503688261
10.1109/icent.2010.5532094,2010,2010,W1729992581
10.1109/icent.2010.5532099,2010,2010,W1538817320
10.1109/icent.2010.5532113,2010,2010,W1517696910
10.1109/icent.2010.5532114,2010,2010,W2114199059
10.1109/icent.2010.5532116,2010,2010,W1822808342
10.1109/icent.2010.5532117,2010,2010,W1943988820
10.1109/icent.2010.5532124,2010,2010,W1950789178
10.1109/icent.2010.5532127,2010,2010,W1604868322
10.1109/icent.2010.5532134,2010,2010,W1540481124
10.1109/icent.2010.5532152,2010,2010,W1819844380
10.1109/icent.2010.5532154,2010,2010,W1599383771
10.1109/icent.2010.5532157,2010,2010,W1696490510
10.1109/icent.2010.5532165,2010,2010,W2277091633
10.1109/icent.2010.5532184,2010,2010,W1603530039
10.1109/icent.2010.5532188,2010,2010,W1521015359
10.1109/icent.2010.5532196,2010,2010,W1946685481
10.1109/icent.2010.5532198,2010,2010,W1563783978
10.1109/icent.2010.5532203,2010,2010,W2149644151
10.1109/icent.2010.5532266,2010,2010,W1785170464
10.1109/icent.2010.5532274,2010,2010,W1924217527
10.1109/icetc.2010.5529198,2010,2010,W1906552116
10.1109/icetc.2010.5529209,2010,2010,W1820006995
10.1109/icetc.2010.5529210,2010,2010,W1716340812
10.1109/icetc.2010.5529216,2010,2010,W1887053519
10.1109/icetc.2010.5529237,2010,2010,W1689231295
10.1109/icetc.2010.5529282,2010,2010,W1695744085
10.1109/icetc.2010.5529295,2010,2010,W2140680213
10.1109/icetc.2010.5529324,2010,2010,W1491689862
10.1109/icetc.2010.5529325,2010,2010,W1481047922
10.1109/icetc.2010.5529356,2010,2010,W1503143261
10.1109/icetc.2010.5529376,2010,2010,W2338076271
10.1109/icetc.2010.5529518,2010,2010,W1494614355
10.1109/icetc.2010.5529519,2010,2010,W1771129702
10.1109/icetc.2010.5529537,2010,2010,W1556320154
10.1109/icetc.2010.5529545,2010,2010,W1948379963
10.1109/icetc.2010.5529558,2010,2010,W1480271498
10.1109/icetc.2010.5529593,2010,2010,W1721953319
10.1109/icetc.2010.5529623,2010,2010,W1615636879
10.1109/icetc.2010.5529693,2010,2010,W1602198252
10.1109/icetet.2009.154,2010,2009,W2024336082
10.1109/icicci.2010.108,2010,2010,W1541652021
10.1109/icicci.2010.11,2010,2010,W1531028017
10.1109/icicci.2010.131,2010,2010,W2300988529
10.1109/icicci.2010.134,2010,2010,W2277939094
10.1109/icicci.2010.20,2010,2010,W1516969930
10.1109/icicci.2010.29,2010,2010,W1945564560
10.1109/icicci.2010.61,2010,2010,W2288221595
10.1109/icicci.2010.71,2010,2010,W1536655816
10.1109/icicci.2010.74,2010,2010,W1809073710
10.1109/icicci.2010.75,2010,2010,W1813565291
10.1109/icicci.2010.86,2010,2010,W1604670193
10.1109/icicci.2010.9,2010,2010,W1919456859
10.1109/icicci.2010.91,2010,2010,W2283823708
10.1109/icicci.2010.97,2010,2010,W1607567860
10.1109/icicisys.2010.5658333,2010,2010,W1587018047
10.1109/icicisys.2010.5658382,2010,2010,W1505104863
10.1109/icicisys.2010.5658383,2010,2010,W1513308858
10.1109/icicisys.2010.5658413,2010,2010,W1565392692
10.1109/icicisys.2010.5658473,2010,2010,W1567264331
10.1109/icicisys.2010.5658646,2010,2010,W1490053258
10.1109/icicse.2009.56,2010,2009,W2095060517
10.1109/iciecs.2010.5677696,2010,2010,W1578884676
10.1109/iciecs.2010.5677705,2010,2010,W1595408899
10.1109/iciecs.2010.5677715,2010,2010,W1484669660
10.1109/iciecs.2010.5677716,2010,2010,W1592063936
10.1109/iciecs.2010.5677736,2010,2010,W1487381801
10.1109/iciecs.2010.5677743,2010,2010,W1599567774
10.1109/iciecs.2010.5677750,2010,2010,W1540821011
10.1109/iciecs.2010.5677760,2010,2010,W1483615536
10.1109/iciecs.2010.5677770,2010,2010,W1597098737
10.1109/iciecs.2010.5677772,2010,2010,W1499106817
10.1109/iciecs.2010.5677895,2010,2010,W1571969576
10.1109/iciecs.2010.5678123,2010,2010,W1558055177
10.1109/iciecs.2010.5678132,2010,2010,W1536226478
10.1109/iciecs.2010.5678200,2010,2010,W1550754600
10.1109/iciecs.2010.5678206,2010,2010,W1555517392
10.1109/iciecs.2010.5678219,2010,2010,W1515796039
10.1109/iciecs.2010.5678220,2010,2010,W1517241482
10.1109/iciecs.2010.5678226,2010,2010,W1554742689
10.1109/iciecs.2010.5678227,2010,2010,W1567489124
10.1109/iciecs.2010.5678239,2010,2010,W1549143487
10.1109/iciecs.2010.5678248,2010,2010,W1551602193
10.1109/iciecs.2010.5678252,2010,2010,W1524100460
10.1109/iciecs.2010.5678275,2010,2010,W1537796221
10.1109/iciecs.2010.5678296,2010,2010,W1588744014
10.1109/iciecs.2010.5678312,2010,2010,W1484063601
10.1109/iciecs.2010.5678390,2010,2010,W1588811201
10.1109/iciecs.2010.5678399,2010,2010,W1519769430
10.1109/iciecs.2010.5678410,2010,2010,W1544504881
10.1109/iciecs.2010.5678418,2010,2010,W1582573393
10.1109/iciecs.2010.5678419,2010,2010,W1540073876
10.1109/iciecs.2010.5678424,2010,2010,W1504603352
10.1109/iciecs.2010.5678427,2010,2010,W1542206608
10.1109/icife.2010.5609375,2010,2010,W1599452572
10.1109/icife.2010.5609414,2010,2010,W1494205725
10.1109/icife.2010.5609493,2010,2010,W1576720070
10.1109/icimt.2009.106,2010,2009,W2106792192
10.1109/icimt.2009.13,2010,2009,W2579690360
10.1109/icimt.2009.74,2010,2009,W2572703131
10.1109/icina.2010.5636433,2010,2010,W1520446972
10.1109/icina.2010.5636499,2010,2010,W1607547438
10.1109/icina.2010.5636513,2010,2010,W1548132353
10.1109/icise.2009.1113,2010,2009,W2544310179
10.1109/icise.2009.1120,2010,2009,W2545175718
10.1109/icise.2009.1192,2010,2009,W2121096285
10.1109/icise.2009.1263,2010,2009,W2950050062
10.1109/icise.2009.1269,2010,2008,W2155434994
10.1109/icise.2009.1317,2010,2009,W2533162954
10.1109/icise.2009.321,2010,2009,W2134126683
10.1109/icise.2009.339,2010,2009,W2544038221
10.1109/icise.2009.374,2010,2009,W2950733774
10.1109/icise.2009.446,2010,2009,W2541737854
10.1109/icise.2009.492,2010,2009,W2541506099
10.1109/icise.2009.600,2010,2009,W2149971035
10.1109/icise.2009.606,2010,2009,W2163889366
10.1109/icise.2009.685,2010,2009,W2047673829
10.1109/icise.2009.777,2010,2009,W2547922655
10.1109/icise.2009.814,2010,2009,W2116635464
10.1109/icise.2009.867,2010,2009,W2120063373
10.1109/icise.2009.885,2010,2009,W2536460761
10.1109/icise.2009.905,2010,2009,W2169691730
10.1109/icise.2009.927,2010,2009,W2539891119
10.1109/icise.2009.933,2010,2009,W2147744237
10.1109/icise.2009.978,2010,2009,W1996158857
10.1109/iciss.2010.5655023,2010,2010,W2546528451
10.1109/icm2cs.2009.5397950,2010,2009,W2334339494
10.1109/icmee.2010.5558413,2010,2010,W1525619449
10.1109/icmee.2010.5558417,2010,2010,W1586622594
10.1109/icmee.2010.5558499,2010,2010,W1496125718
10.1109/icmee.2010.5558508,2010,2010,W1598801239
10.1109/icmee.2010.5558534,2010,2010,W1544496016
10.1109/icmee.2010.5558542,2010,2010,W1568518438
10.1109/icmee.2010.5558555,2010,2010,W1534646550
10.1109/icmee.2010.5558561,2010,2010,W1605130905
10.1109/icmee.2010.5558603,2010,2010,W1566754454
10.1109/icmlc.2010.5580870,2010,2010,W1623770583
10.1109/icmlc.2010.5580976,2010,2010,W1592766602
10.1109/icmlc.2010.5580987,2010,2010,W1570389851
10.1109/icmmt.2010.5525275,2010,2010,W2155238577
10.1109/icmss.2010.5575526,2010,2010,W1500286458
10.1109/icmss.2010.5575759,2010,2010,W1605331044
10.1109/icmss.2010.5575942,2010,2010,W1544847790
10.1109/icmss.2010.5575975,2010,2010,W1524274694
10.1109/icmss.2010.5576188,2010,2010,W2949442764
10.1109/icmss.2010.5576200,2010,2010,W1600257584
10.1109/icmss.2010.5576209,2010,2010,W1484811100
10.1109/icmss.2010.5576351,2010,2010,W2952247663
10.1109/icmss.2010.5576364,2010,2010,W1535490199
10.1109/icmss.2010.5576404,2010,2010,W1498685481
10.1109/icmss.2010.5576522,2010,2010,W2949717257
10.1109/icmss.2010.5576536,2010,2010,W1603834403
10.1109/icmss.2010.5576562,2010,2010,W1512443390
10.1109/icmss.2010.5576670,2010,2010,W1567851215
10.1109/icmss.2010.5576698,2010,2010,W1507582120
10.1109/icmss.2010.5576699,2010,2010,W1515982964
10.1109/icmss.2010.5576906,2010,2010,W1489253803
10.1109/icmss.2010.5576965,2010,2010,W1608723940
10.1109/icmss.2010.5576967,2010,2010,W1567030223
10.1109/icmss.2010.5576996,2010,2010,W1517573195
10.1109/icmss.2010.5576999,2010,2010,W1580297239
10.1109/icmss.2010.5577023,2010,2010,W1578227139
10.1109/icmss.2010.5577048,2010,2010,W1497029926
10.1109/icmss.2010.5577070,2010,2010,W1487521634
10.1109/icmss.2010.5577230,2010,2010,W1489652624
10.1109/icmss.2010.5577360,2010,2010,W2951721448
10.1109/icmss.2010.5577431,2010,2010,W1550384474
10.1109/icmss.2010.5577448,2010,2010,W1544335329
10.1109/icnc.2010.5582426,2010,2010,W1499465988
10.1109/icnc.2010.5582554,2010,2010,W1523359733
10.1109/icnc.2010.5582956,2010,2010,W1480488239
10.1109/icnc.2010.5583148,2010,2010,W1510993478
10.1109/icnc.2010.5583302,2010,2010,W1515303727
10.1109/icnc.2010.5583323,2010,2010,W2051888950
10.1109/icnc.2010.5583350,2010,2010,W1546302734
10.1109/icnc.2010.5583576,2010,2010,W1553036988
10.1109/icnc.2010.5583694,2010,2010,W1587719536
10.1109/icnc.2010.5583747,2010,2010,W2113669782
10.1109/icnc.2010.5583792,2010,2010,W1588392879
10.1109/icnc.2010.5583966,2010,2010,W1536097386
10.1109/icnc.2010.5584299,2010,2010,W1589435294
10.1109/icnc.2010.5584564,2010,2010,W1542284261
10.1109/icnc.2010.5584747,2010,2010,W1599027461
10.1109/icnc.2010.5584814,2010,2010,W1506444545
10.1109/icnc.2010.5584829,2010,2010,W2050634746
10.1109/icnidc.2010.5657921,2010,2010,W1500393051
10.1109/ifita.2010.23,2010,2010,W2170198142
10.1109/ifita.2010.240,2010,2010,W2294962703
10.1109/ifita.2010.272,2010,2010,W1484656772
10.1109/ifita.2010.83,2010,2010,W1499583096
10.1109/indusis.2010.5565783,2010,2010,W2030818509
10.1109/itapp.2010.5566468,2010,2010,W2949710733
10.1109/itapp.2010.5566552,2010,2010,W2952361572
10.1109/itcs.2010.63,2010,2010,W1565187323
10.1109/kese.2009.10,2010,2009,W2537192128
10.1109/kese.2009.21,2010,2009,W2161986888
10.1109/kese.2009.35,2010,2009,W2102483228
10.1109/kese.2009.36,2010,2009,W2069925003
10.1109/kese.2009.46,2010,2009,W2138935710
10.1109/kese.2009.64,2010,2009,W2101759844
10.1109/leits.2010.5664948,2010,2010,W1553148159
10.1109/leits.2010.5664957,2010,2010,W1559013981
10.1109/opee.2010.5507949,2010,2010,W1591605728
10.1109/opee.2010.5507953,2010,2010,W1596426514
10.1109/opee.2010.5507955,2010,2010,W1562107795
10.1109/opee.2010.5507957,2010,2010,W1877438819
10.1109/opee.2010.5507961,2010,2010,W1566120313
10.1109/opee.2010.5507963,2010,2010,W2151666589
10.1109/opee.2010.5507965,2010,2010,W1574987564
10.1109/opee.2010.5507976,2010,2010,W1558894687
10.1109/opee.2010.5507977,2010,2010,W1501161193
10.1109/opee.2010.5507982,2010,2010,W1805897150
10.1109/opee.2010.5507990,2010,2010,W1506600709
10.1109/opee.2010.5508006,2010,2010,W2154617762
10.1109/opee.2010.5508013,2010,2010,W1846388161
10.1109/opee.2010.5508031,2010,2010,W1500516935
10.1109/opee.2010.5508035,2010,2010,W1912151394
10.1109/opee.2010.5508038,2010,2010,W2290409233
10.1109/opee.2010.5508041,2010,2010,W2096646199
10.1109/opee.2010.5508044,2010,2010,W2159620664
10.1109/opee.2010.5508045,2010,2010,W2129912081
10.1109/opee.2010.5508047,2010,2010,W1808413244
10.1109/opee.2010.5508050,2010,2010,W1560368632
10.1109/opee.2010.5508051,2010,2010,W1676283051
10.1109/opee.2010.5508061,2010,2010,W2288451540
10.1109/opee.2010.5508068,2010,2010,W1920572323
10.1109/opee.2010.5508072,2010,2010,W2147121354
10.1109/opee.2010.5508076,2010,2010,W1764674053
10.1109/opee.2010.5508079,2010,2010,W1790636789
10.1109/opee.2010.5508083,2010,2010,W2171306528
10.1109/opee.2010.5508084,2010,2010,W1673129050
10.1109/opee.2010.5508085,2010,2010,W1878398063
10.1109/opee.2010.5508088,2010,2010,W1912967924
10.1109/opee.2010.5508136,2010,2010,W1935548718
10.1109/opee.2010.5508147,2010,2010,W1571347069
10.1109/opee.2010.5508164,2010,2010,W1882782847
10.1109/opee.2010.5508179,2010,2010,W1524085562
10.1109/peits.2009.5406819,2010,2009,W2533380682
10.1109/peits.2009.5406840,2010,2009,W2538323814
10.1109/peits.2009.5406875,2010,2009,W2540947986
10.1109/peits.2009.5406876,2010,2009,W2542357305
10.1109/peits.2009.5406887,2010,2009,W2544719856
10.1109/peits.2009.5406899,2010,2009,W2534101047
10.1109/peits.2009.5406929,2010,2009,W2536364917
10.1109/peits.2009.5406931,2010,2009,W2535938167
10.1109/peits.2009.5406932,2010,2009,W2544286985
10.1109/peits.2009.5406976,2010,2009,W2106868872
10.1109/sws.2010.5607394,2010,2010,W1578815891
10.1109/sws.2010.5607406,2010,2010,W1601763374
10.1109/sws.2010.5607411,2010,2010,W1964723899
10.1109/sws.2010.5607432,2010,2010,W2952768482
10.1109/wkdd.2010.18,2010,2010,W2012033720
10.1109/wkdd.2010.37,2010,2010,W1542115341
10.1109/wkdd.2010.38,2010,2010,W1544111800
10.1109/wkdd.2010.42,2010,2010,W2145932071
10.1109/wkdd.2010.49,2010,2010,W1624906647
10.1109/wkdd.2010.64,2010,2010,W1608826368
10.1109/wkdd.2010.72,2010,2010,W1587040308
10.1109/wkdd.2010.74,2010,2010,W1541563000
10.1109/wkdd.2010.79,2010,2010,W1661792198
10.1109/wkdd.2010.8,2010,2010,W2017298545
10.1109/wmsvm.2010.13,2010,2010,W1516826686
10.1109/wmsvm.2010.23,2010,2010,W2127805543
10.1109/wmsvm.2010.36,2010,2010,W2137976149
10.1109/wmsvm.2010.42,2010,2010,W1689422836
10.1109/wmsvm.2010.59,2010,2010,W1532829528
10.1109/wmsvm.2010.68,2010,2010,W2299337711
10.1109/wmsvm.2010.76,2010,2010,W1541893355
10.1111/j.1346-8138.2010.00927.x,2010,2010,W1860326182
10.1111/j.1349-7006.2006.00175.x,2010,2006,W2622214288
10.1111/j.1349-7006.2008.00917.x,2010,2008,W2040444056
10.1111/j.1349-7006.2009.01121.x,2010,2009,W1981724710
10.1111/j.1365-2044.2009.06232.x,2010,2010,W1498045234
10.1111/j.1438-8677.2010.00336.x,2010,2010,W4242966058
10.1111/j.1442-2042.2004.00924.x,2010,2004,W1557300873
10.1111/j.1442-2042.2009.02429.x,2010,2009,W1896647631
10.1111/j.1447-0756.2006.00401.x,2010,2006,W1558951658
10.1111/j.1466-8238.2009.00501.x,2010,2009,W2139588191
10.1111/j.1540-8175.2008.00846.x,2010,2009,W1843828853
10.1111/j.1551-2916.2008.02398.x,2010,2008,W2169375267
10.1111/j.1582-4934.2008.00370.x,2010,2008,W4206849280
10.1111/j.1600-0463.2009.02505.x,2010,2009,W1977101993
10.1111/j.1742-4658.2009.07461.x,2010,2009,W1581938681
10.1111/j.1751-1097.2009.00698.x,2010,2010,W2014897323
10.1126/science.1124755,2010,2006,W1999062247
10.1128/mcb.01732-06,2010,2006,W2120351762
10.1134/s0006297909080136,2010,2009,W2085790099
10.1142/s0218339009002892,2010,2009,W1978800425
10.1142/s0218927510001404,2010,2010,W1984965948
10.1143/apex.2.083002,2010,2009,W1988917335
10.1143/jjap.44.7267,2010,2005,W4229951693
10.1158/0008-5472.can-03-3025,2010,2004,W1965638237
10.1158/0008-5472.can-08-2448,2010,2009,W2055404025
10.1159/000218139,2010,2008,W2058152004
10.1159/000313750,2010,2010,W1485106983
10.1159/000321496,2010,2010,W2050940606
10.1164/rccm.200806-908oc,2010,2009,W1979703558
10.1177/1043454209358753,2010,2009,W4238177091
10.1182/blood-2008-10-183772,2010,2009,W2076692985
10.1182/blood-2009-06-226621,2010,2009,W1964832836
10.1182/blood-2009-08-240044,2010,2010,W2104491122
10.1186/1471-2105-11-s1-s13,2010,2010,W1998533872
10.1186/1743-422x-7-169,2010,2010,W2127978284
10.1186/1749-8546-4-22,2010,2009,W2146895137
10.1186/1756-3305-3-55,2010,2010,W2097054356
10.1209/0295-5075/87/47007,2010,2009,W2090900707
10.1210/en.2008-1102,2010,2008,W2066663516
10.1210/me.2007-0485,2010,2008,W2096109045
10.1210/me.2008-0255,2010,2008,W2033699751
10.1212/wnl.0b013e3181ec7fbd,2010,2010,W2168308204
10.1213/01.ane.0000144772.13372.f4,2010,2005,W1963561756
10.1213/ane.0b013e31817f6d2e,2010,2008,W1972932604
10.1213/ane.0b013e3181b5a24b,2010,2009,W2030333039
10.1234/03093247jsa513,2010,2009,
10.1247/csf.08040,2010,2009,W1988008891
10.1253/circj.70.737,2010,2006,W16723796
10.1371/journal.ppat.1000210,2010,2008,W2133472901
10.1371/journal.ppat.1000915,2010,2010,W2053167555
10.1507/endocrj.k10e-195,2010,2010,W4213014285
10.1515/9783110204544.6.277,2010,2004,W2548657252
10.1590/s1980-65232010000400018,2010,2010,W1992603014
10.17305/bjbms.2010.2696,2010,2010,W2954317913
10.2298/abs0502093k,2010,2005,W2162463765
10.2298/abs1001159m,2010,2010,W2112657697
10.2298/abs1001167s,2010,2010,W2114706343
10.2298/abs1002231k,2010,2010,W2155559577
10.2298/abs1002347r,2010,2010,W2136424891
10.2298/abs1002397k,2010,2010,W3020711725
10.2298/csis1001163d,2010,2010,W2060916295
10.2298/sarh08s3210n,2010,2008,W2427580304
10.2353/jmoldx.2010.090065,2010,2009,W2046477212
10.2478/s11535-009-0017-1,2010,2009,W2054143003
10.3275/7142,2010,2010,W2416794499
10.3324/haematol.006072,2010,2010,W4251985152
10.3324/haematol.2009.022277,2010,2010,W4254902721
10.3324/haematol.2010.021923,2010,2010,W2125978542
10.3324/haematol.2010.022210,2010,2010,W2010567185
10.3324/haematol.2010.029181,2010,2010,W2181153353
10.3342/kjorl-hns.2010.53.8.470,2010,2010,W1984869433
10.3797/scipharm.0905.15,2010,2009,
10.3923/pjbs.2010.906.910,2010,2010,W2329203512
10.3988/jcn.2005.1.2.121,2010,2005,W2152955244
10.4049/jimmunol.170.4.1830,2010,2003,W1924601238
10.4049/jimmunol.171.7.3520,2010,2003,W1644519011
10.4049/jimmunol.173.2.1360,2010,2004,W2133761194
10.4049/jimmunol.173.6.4179,2010,2004,W1621354558
10.4049/jimmunol.178.3.1426,2010,2007,W1911940715
10.4049/jimmunol.178.6.3583,2010,2007,W2156960802
10.5483/bmbrep.2006.39.1.076,2010,2005,W2085595045
10.5665/sleep/31.7.953,2010,2008,W1961168044
10.1002/14651858.cd000045,2011,1998,W4241892022
10.1002/14651858.cd000524,2011,2002,W4241175606
10.1002/14651858.cd000524.pub2,2011,2004,W2160552283
10.1002/14651858.cd001056,2011,2001,W2141017563
10.1002/14651858.cd001089,2011,1998,W1698588946
10.1002/14651858.cd001426,2011,1999,W4234069536
10.1002/14651858.cd001727.pub2,2011,2004,W4245484631
10.1002/14651858.cd001727.pub3,2011,2007,W12726510
10.1002/14651858.cd001727.pub4,2011,2008,W1628688554
10.1002/14651858.cd001834.pub2,2011,2006,W1906798248
10.1002/14651858.cd001960.pub3,2011,2006,W2158354121
10.1002/14651858.cd002171,2011,2001,W2941494920
10.1002/14651858.cd002171.pub2,2011,2004,W2122866102
10.1002/14651858.cd002301.pub2,2011,2004,W4243201139
10.1002/14651858.cd002301.pub3,2011,2004,W4248669774
10.1002/14651858.cd002301.pub4,2011,2005,W4239963238
10.1002/14651858.cd002870,2011,2005,W4236782169
10.1002/14651858.cd002870.pub2,2011,2006,W2139958284
10.1002/14651858.cd003244,2011,2001,W4250816158
10.1002/14651858.cd003244.pub2,2011,2007,W4234360898
10.1002/14651858.cd003851,2011,2000,W1901842744
10.1002/14651858.cd003973,2011,2003,W4234705081
10.1002/14651858.cd004403,2011,2003,W1497682467
10.1002/14651858.cd004403.pub2,2011,2006,W4234337151
10.1002/14651858.cd004881,2011,2004,W4254838810
10.1002/14651858.cd005096,2011,2005,W1881037773
10.1002/14651858.cd005096.pub2,2011,2010,W4238162326
10.1002/14651858.cd005316.pub2,2011,2005,W1847228215
10.1002/14651858.cd005961.pub2,2011,2007,W4231868820
10.1002/14651858.cd006083,2011,2006,W4248742796
10.1002/14651858.cd006083.pub2,2011,2008,W2127600795
10.1002/adsc.200800361,2011,2009,W4232493885
10.1002/adv.20248,2011,2011,W2117908240
10.1002/app.34819,2011,2011,W2165203271
10.1002/biot.200800073,2011,2009,W2049234965
10.1002/cbic.201000254,2011,2011,W2021568380
10.1002/ijc.21389,2011,2006,W2071798710
10.1002/ijc.21427,2011,2006,W2094676136
10.1002/ijc.22403,2011,2007,W2069285791
10.1002/ijc.22534,2011,2007,W2067868934
10.1002/ijc.24257,2011,2009,W2081080474
10.1002/jcb.23001,2011,2010,W4252838350
10.1002/jcp.21015,2011,2007,W2027868820
10.1002/jcp.21030,2011,2007,W2037997249
10.1002/jps.21888,2011,2009,W2044260696
10.1002/mrm.22412,2011,2010,W2132697604
10.1002/pmic.201100126,2011,2011,W2097042617
10.1002/polb.22194,2011,2011,W2167401456
10.1002/srin.201000191,2011,2011,W2024685589
10.1002/srin.201100102,2011,2011,W2005763388
10.1007/978-1-4419-6953-8_4,2011,2010,W7036959
10.1007/978-1-4419-7089-3_11,2011,2011,W2129989854
10.1007/978-1-4614-0254-1_5,2011,2011,W2418095352
10.1007/978-3-642-17881-8_36,2011,2011,W1765785708
10.1007/978-3-642-21765-4_59,2011,2011,W164302015
10.1007/978-3-642-22543-7_40,2011,2011,W1583963344
10.1007/978-3-642-22606-9_27,2011,2011,W1596130506
10.1007/978-3-642-25200-6_12,2011,2011,W2142105621
10.1007/978-94-007-1113-6_2,2011,2011,W2148140050
10.1007/dcr.0b013e3181d3206e,2011,2010,W2318344640
10.1007/s00101-008-1495-7,2011,2009,W1540078573
10.1007/s00125-005-1766-7,2011,2005,W2109542667
10.1007/s00127-010-0309-9,2011,2010,W2044138930
10.1007/s00134-002-1435-y,2011,2002,W4242840156
10.1007/s00134-003-2110-7,2011,2004,W2087241123
10.1007/s00134-006-0409-x,2011,2006,W2077905695
10.1007/s00268-010-0426-3,2011,2010,W2090240666
10.1007/s00382-009-0713-6,2011,2009,W2001470894
10.1007/s00404-011-1842-9,2011,2011,W1980730414
10.1007/s00432-010-0804-0,2011,2010,W2055300630
10.1007/s10072-010-0320-7,2011,2010,W1987866325
10.1007/s10456-009-9153-5,2011,2009,W1527288895
10.1007/s10532-010-9372-x,2011,2010,W2023888850
10.1007/s10653-010-9332-8,2011,2011,W1534017421
10.1007/s10815-010-9532-2,2011,2011,W1991088271
10.1007/s10856-011-4305-8,2011,2011,W2084372463
10.1007/s10948-010-0827-4,2011,2010,W4238809523
10.1007/s10965-011-9598-2,2011,2011,W2073941654
10.1007/s11032-007-9140-8,2011,2008,W2094145889
10.1007/s11055-011-9408-7,2011,2011,W1997956520
10.1007/s11060-008-9641-2,2011,2008,W2086238875
10.1007/s11144-010-0210-2,2011,2010,W1838491859
10.1007/s11144-011-0330-3,2011,2011,W1986865353
10.1007/s11164-010-0231-5,2011,2011,W2460051822
10.1007/s11277-010-0181-7,2011,2010,W2003974566
10.1007/s11325-008-0201-y,2011,2009,W2028672619
10.1007/s11605-009-0835-5,2011,2009,W1498124198
10.1007/s11783-011-0303-9,2011,2011,W2047676008
10.1007/s11814-010-0266-8,2011,2010,W1999945405
10.1007/s12011-010-8945-1,2011,2011,W2011327161
10.1007/s12032-011-9859-2,2011,2011,W2027320713
10.1007/s12034-007-0051-4,2011,2007,W4252310551
10.1007/s12490-011-0040-8,2011,2011,W2051079302
10.1007/s12686-010-9309-z,2011,2010,W4247697145
10.1007/s13233-011-0213-5,2011,2011,W2052817225
10.1016/j.amc.2011.02.038,2011,2011,W2050823321
10.1016/j.aml.2011.01.019,2011,2011,W2077852478
10.1016/j.anbehav.2009.11.027,2011,2009,W1967854866
10.1016/j.anpedi.2010.01.002,2011,2010,W2074593894
10.1016/j.apsusc.2009.08.045,2011,2009,W1971718811
10.1016/j.apsusc.2010.07.031,2011,2010,W2088629112
10.1016/j.arth.2004.06.032,2011,2009,W18534388
10.1016/j.arth.2009.08.006,2011,2009,W2014158520
10.1016/j.asoc.2010.06.001,2011,2010,W2012288314
10.1016/j.astropartphys.2006.05.003,2011,2006,W2043896350
10.1016/j.athoracsur.2004.04.039,2011,2004,W2157997938
10.1016/j.biombioe.2010.12.037,2011,2011,W2043659435
10.1016/j.biosystemseng.2011.02.002,2011,2011,W1241282271
10.1016/j.carbpol.2005.11.001,2011,2005,W2049311906
10.1016/j.cardiores.2004.03.014,2011,2004,W2159412186
10.1016/j.carrev.2009.09.005,2011,2010,W2080989242
10.1016/j.chaos.2008.02.005,2011,2008,W2077624896
10.1016/j.chemosphere.2010.04.068,2011,2010,W1585009308
10.1016/j.clinbiochem.2011.09.004,2011,2011,W2088893622
10.1016/j.cll.2010.02.003,2011,2010,W2055052502
10.1016/j.conengprac.2009.04.004,2011,2009,W2023604214
10.1016/j.csda.2007.07.021,2011,2008,W2004671676
10.1016/j.econmod.2010.06.007,2011,2010,W2016372089
10.1016/j.ejca.2010.03.038,2011,2010,W2084473333
10.1016/j.ejim.2011.08.005,2011,2011,W128014881
10.1016/j.ejim.2011.08.007,2011,2011,W2198757863
10.1016/j.ejim.2011.08.008,2011,2011,W2214057429
10.1016/j.ejmech.2009.09.011,2011,2009,W1970248740
10.1016/j.engfailanal.2011.02.013,2011,2011,W1987033324
10.1016/j.epsr.2008.10.016,2011,2008,W1983083594
10.1016/j.eswa.2010.07.069,2011,2010,W1963481388
10.1016/j.exer.2011.07.014,2011,2011,W2082967509
10.1016/j.exppara.2011.12.004,2011,2011,W2002175591
10.1016/j.fct.2010.10.023,2011,2010,W2137193931
10.1016/j.fertnstert.2009.03.075,2011,2009,W2069629754
10.1016/j.healun.2011.01.214,2011,2011,W1965898024
10.1016/j.ijcard.2009.04.045,2011,2010,W2116332445
10.1016/j.ijhydene.2010.11.024,2011,2011,W2065729975
10.1016/j.jaci.2008.12.643,2011,2009,W2006479300
10.1016/j.jamcollsurg.2009.01.033,2011,2009,W1573509581
10.1016/j.jcis.2009.05.013,2011,2009,W19524249
10.1016/j.jep.2010.06.045,2011,2010,W3241265
10.1016/j.jhazmat.2009.06.032,2011,2009,W1991550296
10.1016/j.jhazmat.2009.07.016,2011,2009,W2044823415
10.1016/j.jhazmat.2010.07.027,2011,2010,W52982443
10.1016/j.jhin.2009.03.027,2011,2010,W1999617772
10.1016/j.jmaa.2010.09.059,2011,2010,W1978635717
10.1016/j.jmatprotec.2004.04.136,2011,2004,W2076374704
10.1016/j.jmmm.2011.06.007,2011,2011,W2062446815
10.1016/j.joms.2010.06.212,2011,2010,W1969076746
10.1016/j.jpor.2011.02.001,2011,2011,W2095067022
10.1016/j.jsbmb.2004.03.100,2011,2004,W2397682362
10.1016/j.jsbmb.2006.12.093,2011,2007,W382757940
10.1016/j.jss.2010.10.035,2011,2010,W2009627616
10.1016/j.jtrangeo.2011.03.006,2011,2011,W2090864889
10.1016/j.laa.2009.08.019,2011,2011,W2616787928
10.1016/j.main.2011.04.011,2011,2011,W2157142653
10.1016/j.mcm.2011.02.029,2011,2011,W1977916041
10.1016/j.metabol.2004.10.017,2011,2005,W1995646723
10.1016/j.neuroscience.2010.05.051,2011,2010,W2463610035
10.1016/j.nonrwa.2010.11.008,2011,2010,W2002744370
10.1016/j.porgcoat.2011.08.003,2011,2011,W2085037473
10.1016/j.postharvbio.2010.04.002,2011,2010,W2041575936
10.1016/j.proeng.2011.04.167,2011,2011,W1972071317
10.1016/j.proeng.2011.04.363,2011,2011,W2016687435
10.1016/j.proenv.2011.10.046,2011,2011,W2085156027
10.1016/j.rmed.2011.06.002,2011,2011,W2025679923
10.1016/j.rser.2011.05.014,2011,2011,W2089268500
10.1016/j.rvsc.2010.03.010,2011,2010,W1246483776
10.1016/j.sbspro.2011.03.261,2011,2011,W2095392364
10.1016/j.sbspro.2011.04.398,2011,2011,W2066122775
10.1016/j.sbspro.2011.05.014,2011,2011,W2055080221
10.1016/j.shpsa.2011.02.001,2011,2011,W2003175046
10.1016/j.ssc.2009.02.014,2011,2009,W1978940368
10.1016/j.ssi.2005.04.046,2011,2006,W2142712540
10.1016/j.theochem.2006.06.035,2011,2006,W1976337334
10.1016/j.theochem.2007.03.010,2011,2007,W1971295807
10.1016/j.transproceed.2007.06.087,2011,2007,W2143206508
10.1016/j.vetmic.2010.07.008,2011,2010,W1742498162
10.1016/j.yexmp.2011.09.011,2011,2011,W4236847741
10.1016/j.ygyno.2010.12.010,2011,2011,W2080724847
10.1016/s0003-4975(02)04903-2,2011,2003,W2142777597
10.1016/s0008-6363(02)00266-3,2011,2002,W2080977337
10.1016/s0261-3069(02)00086-9,2011,2003,W2037159971
10.1016/s0921-5107(02)00572-x,2011,2003,W2056362140
10.1016/s1010-7940(02)00256-7,2011,2002,W2136521074
10.1016/s1010-7940(03)00577-3,2011,2003,W2098341037
10.1021/ac200096b,2011,2011,W2330920454
10.1021/bc2001006,2011,2011,W2329532751
10.1021/ja900133m,2011,2009,W1980952810
10.1021/je100517z,2011,2010,W2051603204
10.1021/jo2004346,2011,2011,W2043927325
10.1021/nn200681p,2011,2011,W1922289149
10.1023/a:1007840808650,2011,2001,W4231327874
10.1034/j.1399-6576.2001.450210.x,2011,2001,W2162529341
10.1038/jhg.2011.62,2011,2011,W4237194872
10.1038/nature03356,2011,2005,W2008067742
10.1038/ni.2004,2011,2011,W2104204979
10.1038/nm.2209,2011,2010,W2014124458
10.1038/oby.2010.101,2011,2010,W2029334087
10.1038/sj.bjc.6604727,2011,2008,W1986950357
10.1038/sj.emboj.7600874,2011,2005,W2135492013
10.1038/sj.onc.1208184,2011,2004,W2046564760
10.1042/bj20091768,2011,2010,W1973720064
10.1046/j.1365-2044.2001.02175.x,2011,2001,W1573342445
10.1046/j.1365-2044.2003.02964_2.x,2011,2003,W1975848917
10.1046/j.1365-2648.2003.02596.x,2011,2003,W2139385942
10.1046/j.1365-3083.2002.01081.x,2011,2002,W11975760
10.1046/j.1471-4159.2003.01550.x,2011,2003,W1638666422
10.1053/cr.2000.5853,2011,2000,W2005060897
10.1053/j.jvca.2007.02.015,2011,2007,W2081015536
10.1053/j.jvca.2008.02.019,2011,2008,W2058752154
10.1053/j.jvca.2010.02.008,2011,2010,W2082099219
10.1053/j.jvca.2010.03.001,2011,2010,W1981173903
10.1053/jcan.2000.18447,2011,2000,W2121394885
10.1053/jcan.2001.24979,2011,2001,W2130991168
10.1055/s-2004-814331,2011,2004,W175082169
10.1063/1.2829805,2011,2008,W2086984145
10.1063/1.3493735,2011,2010,W2034510535
10.1063/1.3499325,2011,2010,W2084008729
10.1063/1.3505637,2011,2010,W1968838380
10.1063/1.370630,2011,1999,W2064395006
10.1073/pnas.0812470106,2011,2009,W2094307858
10.1073/pnas.0904984106,2011,2009,W2162674498
10.1073/pnas.1006608107,2011,2010,W2085844467
10.1073/pnas.1006901107,2011,2010,W2026087575
10.1073/pnas.1101934108,2011,2011,W2145518629
10.1074/jbc.c800061200,2011,2008,W2094113433
10.1074/jbc.m005615200,2011,2000,W10993888
10.1074/jbc.m312182200,2011,2004,W2094954880
10.1074/jbc.m404125200,2011,2004,W2110846887
10.1074/jbc.m508829200,2011,2006,W2127941935
10.1074/jbc.m605000200,2011,2006,W2044113192
10.1074/jbc.m806325200,2011,2009,W2004118991
10.1074/mcp.m700417-mcp200,2011,2008,W2108402390
10.1080/00207540902865746,2011,2010,W2139509789
10.1080/00343400802154565,2011,2009,W2022159947
10.1080/02664760500448974,2011,2006,W3147426616
10.1080/02678292.2010.489156,2011,2010,W2021635198
10.1080/02713680590968196,2011,2005,W2139540667
10.1080/02713680903056391,2011,2009,W2052205291
10.1080/07351690.2010.513624,2011,2011,W1987299673
10.1080/07391102.2011.10507386,2011,2011,W1968366461
10.1080/09064710903233862,2011,2010,W2081513331
10.1080/09639280903180774,2011,2009,W2004982958
10.1080/15476910802483415,2011,2008,W1773383907
10.1084/jem.20100730,2011,2011,W2145940202
10.1088/0022-3727/42/7/075301,2011,2009,W2070320638
10.1088/0031-8949/82/04/045604,2011,2010,W2027645322
10.1088/0031-8949/83/04/045803,2011,2011,W1995908416
10.1088/0031-8949/84/03/035004,2011,2011,W1976970829
10.1088/0143-0807/31/5/016,2011,2010,W2154060476
10.1089/10799900252952262,2011,2004,W1984455580
10.1089/gtmb.2010.0019,2011,2010,W2329358885
10.1089/vim.2009.0006,2011,2010,W2515624170
10.1093/annonc/mdj965,2011,2006,W2121607722
10.1093/bja/85.3.417,2011,2000,W2142991857
10.1093/bja/87.3.435,2011,2000,W2124209610
10.1093/bja/aef242,2011,2002,W2159493837
10.1093/bja/ael341,2011,2007,W2166825834
10.1093/bja/aep133,2011,2009,W1966372250
10.1093/ecam/nep149,2011,2011,W2011462900
10.1093/ejechocard/jen001,2011,2008,W2154529664
10.1093/ejechocard/jen314,2011,2008,W4231824437
10.1093/jmcb/mjq011,2011,2010,W2103721469
10.1093/jmcb/mjr003,2011,2011,W2098580341
10.1093/jnci/djq427,2011,2010,W2114154015
10.1096/fasebj.13.12.1575,2011,1999,W1480720178
10.1096/fj.02-0453fje,2011,2003,W2057969974
10.1097/00000542-200205000-00012,2011,2002,W2112223147
10.1097/00003246-200105000-00008,2011,2001,W1995624301
10.1097/aog.0b013e318169f722,2011,2003,W4210407407
10.1097/cad.0b013e32833e53ea,2011,2010,W2015021022
10.1097/eja.0b013e32832f5a90,2011,2009,W1989891482
10.1097/eja.0b013e3283392c1d,2011,2010,W1969111406
10.1097/maj.0b013e3181d6566a,2011,2010,W2007650547
10.1097/smj.0b013e31820bfcce,2011,2011,W2416916392
10.1099/ijs.0.024539-0,2011,2011,W2008031778
10.1099/ijs.0.030643-0,2011,2011,W2150378813
10.1099/mic.0.2008/017806-0,2011,2008,W2159340688
10.1101/gad.489409,2011,2009,W2156797167
10.1103/physrevlett.106.068302,2011,2011,W2031825315
10.1107/s1600536807048489,2011,2007,W2131931508
10.1109/aimsec.2011.6009625,2011,2011,W1542619115
10.1109/aimsec.2011.6009626,2011,2011,W1524261868
10.1109/aimsec.2011.6009627,2011,2011,W1588042508
10.1109/aimsec.2011.6009631,2011,2011,W1598747702
10.1109/aimsec.2011.6009636,2011,2011,W1551062204
10.1109/aimsec.2011.6009637,2011,2011,W1601850340
10.1109/aimsec.2011.6009638,2011,2011,W1578164223
10.1109/aimsec.2011.6009639,2011,2011,W1500555164
10.1109/aimsec.2011.6009642,2011,2011,W1592352788
10.1109/aimsec.2011.6009644,2011,2011,W1576101835
10.1109/aimsec.2011.6009645,2011,2011,W1500194147
10.1109/aimsec.2011.6009648,2011,2011,W1511295443
10.1109/aimsec.2011.6009656,2011,2011,W1503024100
10.1109/aimsec.2011.6009659,2011,2011,W1508868429
10.1109/aimsec.2011.6009660,2011,2011,W1604177968
10.1109/aimsec.2011.6009661,2011,2011,W1560374315
10.1109/aimsec.2011.6009663,2011,2011,W1569634528
10.1109/aimsec.2011.6009666,2011,2011,W1538108534
10.1109/aimsec.2011.6009669,2011,2011,W1536677922
10.1109/aimsec.2011.6009670,2011,2011,W1518795032
10.1109/aimsec.2011.6009671,2011,2011,W1559791225
10.1109/aimsec.2011.6009673,2011,2011,W1557171790
10.1109/aimsec.2011.6009682,2011,2011,W1497539056
10.1109/aimsec.2011.6009684,2011,2011,W1495051023
10.1109/aimsec.2011.6009689,2011,2011,W1583596896
10.1109/aimsec.2011.6009690,2011,2010,W1540175658
10.1109/aimsec.2011.6009691,2011,2011,W2112225257
10.1109/aimsec.2011.6009694,2011,2011,W1515790532
10.1109/aimsec.2011.6009696,2011,2011,W1583801758
10.1109/aimsec.2011.6009697,2011,2011,W2101526893
10.1109/aimsec.2011.6009699,2011,2011,W1608836970
10.1109/aimsec.2011.6009700,2011,2011,W1508542729
10.1109/aimsec.2011.6009702,2011,2011,W1532326596
10.1109/aimsec.2011.6009703,2011,2011,W2586814415
10.1109/aimsec.2011.6009705,2011,2011,W1506540291
10.1109/aimsec.2011.6009707,2011,2011,W1509317039
10.1109/aimsec.2011.6009708,2011,2011,W1535382420
10.1109/aimsec.2011.6009712,2011,2011,W1505668912
10.1109/aimsec.2011.6009714,2011,2011,W1503951930
10.1109/aimsec.2011.6009715,2011,2011,W1530254312
10.1109/aimsec.2011.6009723,2011,2011,W1565383260
10.1109/aimsec.2011.6009725,2011,2011,W1525816211
10.1109/aimsec.2011.6009729,2011,2011,W1498440923
10.1109/aimsec.2011.6009730,2011,2011,W1535892389
10.1109/aimsec.2011.6009738,2011,2011,W2949549238
10.1109/aimsec.2011.6009739,2011,2011,W1596554613
10.1109/aimsec.2011.6009741,2011,2011,W1535739457
10.1109/aimsec.2011.6009743,2011,2011,W1574079628
10.1109/aimsec.2011.6009744,2011,2011,W1562962505
10.1109/aimsec.2011.6009753,2011,2011,W1527337799
10.1109/aimsec.2011.6009757,2011,2011,W1534578718
10.1109/aimsec.2011.6009759,2011,2011,W1482900762
10.1109/aimsec.2011.6009760,2011,2011,W1543492307
10.1109/aimsec.2011.6009761,2011,2011,W1549972212
10.1109/aimsec.2011.6009766,2011,2011,W1568234287
10.1109/aimsec.2011.6009767,2011,2011,W1557033465
10.1109/aimsec.2011.6009769,2011,2011,W1598111880
10.1109/aimsec.2011.6009770,2011,2011,W1525453420
10.1109/aimsec.2011.6009771,2011,2011,W1571885153
10.1109/aimsec.2011.6009774,2011,2011,W1483236168
10.1109/aimsec.2011.6009782,2011,2011,W1607253726
10.1109/aimsec.2011.6009783,2011,2011,W1602154943
10.1109/aimsec.2011.6009784,2011,2011,W1495346929
10.1109/aimsec.2011.6009787,2011,2011,W1572246872
10.1109/aimsec.2011.6009789,2011,2011,W1503388620
10.1109/aimsec.2011.6009790,2011,2011,W1492158934
10.1109/aimsec.2011.6009791,2011,2011,W1572352854
10.1109/aimsec.2011.6009793,2011,2011,W2109832425
10.1109/aimsec.2011.6009800,2011,2011,W1490538353
10.1109/aimsec.2011.6009817,2011,2011,W1584423045
10.1109/aimsec.2011.6009823,2011,2011,W1496347863
10.1109/aimsec.2011.6009830,2011,2011,W1495017800
10.1109/aimsec.2011.6009836,2011,2011,W2103958225
10.1109/aimsec.2011.6009840,2011,2011,W1515525878
10.1109/aimsec.2011.6009841,2011,2011,W1519837987
10.1109/aimsec.2011.6009850,2011,2011,W1527163359
10.1109/aimsec.2011.6009853,2011,2011,W2950244697
10.1109/aimsec.2011.6009854,2011,2011,W1566421885
10.1109/aimsec.2011.6009917,2011,2011,W1567451818
10.1109/aimsec.2011.6009972,2011,2011,W1584876785
10.1109/aimsec.2011.6009995,2011,2011,W2051749218
10.1109/aimsec.2011.6010003,2011,2011,W1536385982
10.1109/aimsec.2011.6010042,2011,2011,W2950329838
10.1109/aimsec.2011.6010048,2011,2011,W1529342807
10.1109/aimsec.2011.6010057,2011,2011,W1496170966
10.1109/aimsec.2011.6010060,2011,2011,W1517622966
10.1109/aimsec.2011.6010063,2011,2011,W1496629061
10.1109/aimsec.2011.6010064,2011,2011,W1486070273
10.1109/aimsec.2011.6010081,2011,2011,W1506811952
10.1109/aimsec.2011.6010095,2011,2011,W1505404755
10.1109/aimsec.2011.6010104,2011,2011,W1546484708
10.1109/aimsec.2011.6010130,2011,2011,W1559698873
10.1109/aimsec.2011.6010132,2011,2011,W1576822369
10.1109/aimsec.2011.6010133,2011,2011,W1505747585
10.1109/aimsec.2011.6010147,2011,2011,W1484300608
10.1109/aimsec.2011.6010157,2011,2011,W1544007179
10.1109/aimsec.2011.6010219,2011,2011,W2951999602
10.1109/aimsec.2011.6010220,2011,2011,W1523277306
10.1109/aimsec.2011.6010222,2011,2011,W1582966528
10.1109/aimsec.2011.6010225,2011,2011,W1519336495
10.1109/aimsec.2011.6010231,2011,2011,W2951630833
10.1109/aimsec.2011.6010232,2011,2011,W1509670879
10.1109/aimsec.2011.6010256,2011,2011,W1594101680
10.1109/aimsec.2011.6010308,2011,2011,W2950293731
10.1109/aimsec.2011.6010319,2011,2011,W1523390838
10.1109/aimsec.2011.6010328,2011,2011,W1603123837
10.1109/aimsec.2011.6010337,2011,2011,W1597611494
10.1109/aimsec.2011.6010340,2011,2011,W1547626169
10.1109/aimsec.2011.6010341,2011,2011,W1492146872
10.1109/aimsec.2011.6010347,2011,2011,W1559290638
10.1109/aimsec.2011.6010373,2011,2011,W1550812499
10.1109/aimsec.2011.6010376,2011,2011,W1501482561
10.1109/aimsec.2011.6010378,2011,2011,W1593092177
10.1109/aimsec.2011.6010386,2011,2011,W2950772488
10.1109/aimsec.2011.6010416,2011,2011,W1555638780
10.1109/aimsec.2011.6010417,2011,2011,W1504196932
10.1109/aimsec.2011.6010441,2011,2011,W1507350257
10.1109/aimsec.2011.6010494,2011,2011,W1565152814
10.1109/aimsec.2011.6010500,2011,2011,W1506327503
10.1109/aimsec.2011.6010513,2011,2011,W1994053884
10.1109/aimsec.2011.6010565,2011,2011,W1490845600
10.1109/aimsec.2011.6010566,2011,2011,W1494503596
10.1109/aimsec.2011.6010571,2011,2011,W2135210113
10.1109/aimsec.2011.6010572,2011,2011,W2949965874
10.1109/aimsec.2011.6010579,2011,2011,W1534797511
10.1109/aimsec.2011.6010581,2011,2011,W1568603936
10.1109/aimsec.2011.6010582,2011,2011,W1562108370
10.1109/aimsec.2011.6010607,2011,2011,W1549924153
10.1109/aimsec.2011.6010618,2011,2011,W1487811128
10.1109/aimsec.2011.6010623,2011,2011,W1519792843
10.1109/aimsec.2011.6010638,2011,2011,W2951380512
10.1109/aimsec.2011.6010644,2011,2011,W1973984586
10.1109/aimsec.2011.6010653,2011,2011,W1492803326
10.1109/aimsec.2011.6010674,2011,2011,W1550720091
10.1109/aimsec.2011.6010680,2011,2011,W1577272636
10.1109/aimsec.2011.6010683,2011,2011,W2950524835
10.1109/aimsec.2011.6010684,2011,2011,W1577867656
10.1109/aimsec.2011.6010685,2011,2011,W2950533512
10.1109/aimsec.2011.6010722,2011,2011,W1545900635
10.1109/aimsec.2011.6010727,2011,2011,W1527615953
10.1109/aimsec.2011.6010728,2011,2011,W1559245991
10.1109/aimsec.2011.6010741,2011,2011,W1548367347
10.1109/aimsec.2011.6010745,2011,2011,W1581473392
10.1109/aimsec.2011.6010746,2011,2011,W1505958137
10.1109/aimsec.2011.6010748,2011,2011,W1499730034
10.1109/aimsec.2011.6010790,2011,2011,W1499120701
10.1109/aimsec.2011.6010818,2011,2011,W2108784945
10.1109/aimsec.2011.6010834,2011,2011,W1566195140
10.1109/aimsec.2011.6010837,2011,2011,W1593785827
10.1109/aimsec.2011.6010840,2011,2011,W1535002222
10.1109/aimsec.2011.6010853,2011,2011,W1576694188
10.1109/aimsec.2011.6010880,2011,2011,W2170610849
10.1109/aimsec.2011.6010886,2011,2011,W1533153997
10.1109/aimsec.2011.6010891,2011,2011,W2144312656
10.1109/aimsec.2011.6010897,2011,2011,W1503464479
10.1109/aimsec.2011.6010946,2011,2011,W2170717636
10.1109/aimsec.2011.6011022,2011,2011,W1514188489
10.1109/aimsec.2011.6011025,2011,2011,W1521847605
10.1109/aimsec.2011.6011032,2011,2011,W1487447780
10.1109/aimsec.2011.6011056,2011,2011,W2950613938
10.1109/aimsec.2011.6011057,2011,2011,W1535052668
10.1109/aimsec.2011.6011059,2011,2011,W1551894110
10.1109/aimsec.2011.6011062,2011,2011,W1504056232
10.1109/aimsec.2011.6011063,2011,2011,W1497846917
10.1109/aimsec.2011.6011068,2011,2011,W1970220593
10.1109/aimsec.2011.6011077,2011,2011,W2128956011
10.1109/aimsec.2011.6011090,2011,2011,W1500791487
10.1109/aimsec.2011.6011091,2011,2011,W2021950097
10.1109/aimsec.2011.6011095,2011,2011,W1536515822
10.1109/aimsec.2011.6011106,2011,2011,W1598873105
10.1109/aimsec.2011.6011110,2011,2011,W1511184078
10.1109/aimsec.2011.6011112,2011,2011,W1559894148
10.1109/aimsec.2011.6011124,2011,2011,W1602718365
10.1109/aimsec.2011.6011125,2011,2011,W1540963758
10.1109/aimsec.2011.6011135,2011,2011,W1537679968
10.1109/aimsec.2011.6011147,2011,2011,W1498156735
10.1109/aimsec.2011.6011149,2011,2011,W1513548459
10.1109/aimsec.2011.6011170,2011,2011,W1486042370
10.1109/aimsec.2011.6011187,2011,2011,W1992263017
10.1109/aimsec.2011.6011194,2011,2011,W1603811203
10.1109/aimsec.2011.6011195,2011,2011,W2101322010
10.1109/aimsec.2011.6011198,2011,2011,W1526290157
10.1109/aimsec.2011.6011201,2011,2011,W1585989214
10.1109/aimsec.2011.6011203,2011,2011,W1565936842
10.1109/aimsec.2011.6011204,2011,2011,W1493051983
10.1109/aimsec.2011.6011209,2011,2011,W2000950961
10.1109/aimsec.2011.6011212,2011,2011,W1497849547
10.1109/aimsec.2011.6011224,2011,2011,W1580837417
10.1109/aimsec.2011.6011226,2011,2011,W1496339647
10.1109/aimsec.2011.6011228,2011,2011,W1546800554
10.1109/aimsec.2011.6011239,2011,2011,W1512838573
10.1109/aimsec.2011.6011241,2011,2011,W1596463274
10.1109/aimsec.2011.6011250,2011,2011,W1523602020
10.1109/aimsec.2011.6011260,2011,2011,W1600714272
10.1109/aimsec.2011.6011264,2011,2011,W1570455254
10.1109/aimsec.2011.6011267,2011,2011,W2952829432
10.1109/aimsec.2011.6011272,2011,2011,W2585914117
10.1109/aimsec.2011.6011273,2011,2011,W1517528822
10.1109/aimsec.2011.6011288,2011,2011,W1513619812
10.1109/aimsec.2011.6011291,2011,2011,W1556379667
10.1109/aimsec.2011.6011299,2011,2011,W1607747621
10.1109/aimsec.2011.6011302,2011,2011,W1577262917
10.1109/aimsec.2011.6011313,2011,2011,W2124835247
10.1109/aimsec.2011.6011320,2011,2011,W1561019308
10.1109/aimsec.2011.6011321,2011,2011,W1538815322
10.1109/aimsec.2011.6011328,2011,2011,W1549227407
10.1109/aimsec.2011.6011335,2011,2011,W2014279545
10.1109/aimsec.2011.6011336,2011,2011,W1566999876
10.1109/aimsec.2011.6011337,2011,2011,W1515297825
10.1109/aimsec.2011.6011341,2011,2011,W1579646397
10.1109/aimsec.2011.6011342,2011,2011,W2952805656
10.1109/aimsec.2011.6011345,2011,2011,W1584421464
10.1109/aimsec.2011.6011357,2011,2011,W2106487539
10.1109/aimsec.2011.6011358,2011,2011,W1601309923
10.1109/aimsec.2011.6011365,2011,2011,W1527962473
10.1109/aimsec.2011.6011372,2011,2011,W1590079379
10.1109/aimsec.2011.6011380,2011,2011,W2128708615
10.1109/aimsec.2011.6011382,2011,2011,W1999553128
10.1109/aimsec.2011.6011389,2011,2011,W1496849375
10.1109/aimsec.2011.6011392,2011,2011,W1531003968
10.1109/aimsec.2011.6011400,2011,2011,W2031807594
10.1109/aimsec.2011.6011409,2011,2011,W1596335290
10.1109/aimsec.2011.6011425,2011,2011,W1603433145
10.1109/aimsec.2011.6011437,2011,2011,W1580336603
10.1109/aimsec.2011.6011438,2011,2011,W1573892938
10.1109/aimsec.2011.6011439,2011,2011,W1526740435
10.1109/aimsec.2011.6011452,2011,2011,W1512040423
10.1109/aimsec.2011.6011453,2011,2011,W1551305940
10.1109/aimsec.2011.6011456,2011,2011,W1555413275
10.1109/aimsec.2011.6011463,2011,2011,W1539990144
10.1109/aimsec.2011.6011464,2011,2011,W2951164178
10.1109/aimsec.2011.6011471,2011,2011,W2952493545
10.1109/aimsec.2011.6011484,2011,2011,W1526412081
10.1109/aimsec.2011.6011489,2011,2011,W1542802022
10.1109/aina.2011.111,2011,2011,W2138984709
10.1109/appeec.2011.5747699,2011,2011,W1755720200
10.1109/appeec.2011.5747722,2011,2011,W1905687268
10.1109/appeec.2011.5748391,2011,2011,W1503335962
10.1109/appeec.2011.5748483,2011,2011,W1533631342
10.1109/appeec.2011.5748549,2011,2011,W1588653466
10.1109/appeec.2011.5748660,2011,2011,W1532763432
10.1109/appeec.2011.5748831,2011,2011,W1951197766
10.1109/appeec.2011.5748990,2011,2011,W1520735904
10.1109/appeec.2011.5749050,2011,2011,W1486883530
10.1109/appeec.2011.5749086,2011,2011,W1540356618
10.1109/apscc.2010.113,2011,2010,W2149118360
10.1109/cecnet.2011.5768237,2011,2011,W1744844735
10.1109/cecnet.2011.5768582,2011,2011,W1804855680
10.1109/cecnet.2011.5769145,2011,2011,W1735001309
10.1109/cecnet.2011.5769243,2011,2011,W1884639270
10.1109/csnt.2011.165,2011,2011,W2107759935
10.1109/emeit.2011.6022972,2011,2011,W1522154289
10.1109/emeit.2011.6023926,2011,2011,W1506547980
10.1109/glocom.2010.5683553,2011,2010,W2317282408
10.1109/gmc.2011.6103927,2011,2011,W1511073334
10.1109/icaict.2011.6111013,2011,2011,W2028603158
10.1109/icbbe.2011.5779978,2011,2011,W1527025793
10.1109/icbbe.2011.5779982,2011,2011,W1497588408
10.1109/icbbe.2011.5779990,2011,2011,W1595819407
10.1109/icbbe.2011.5779993,2011,2011,W1790632234
10.1109/icbbe.2011.5779994,2011,2011,W2140996833
10.1109/icbbe.2011.5780001,2011,2011,W1795260792
10.1109/icbbe.2011.5780003,2011,2011,W1961720337
10.1109/icbbe.2011.5780009,2011,2011,W2292557597
10.1109/icbbe.2011.5780017,2011,2011,W1862134973
10.1109/icbbe.2011.5780019,2011,2011,W2286604732
10.1109/icbbe.2011.5780032,2011,2011,W1551276726
10.1109/icbbe.2011.5780034,2011,2011,W1918821398
10.1109/icbbe.2011.5780036,2011,2011,W1676698862
10.1109/icbbe.2011.5780037,2011,2011,W1502756188
10.1109/icbbe.2011.5780039,2011,2011,W2278545276
10.1109/icbbe.2011.5780043,2011,2011,W1844782823
10.1109/icbbe.2011.5780045,2011,2011,W2275119213
10.1109/icbbe.2011.5780053,2011,2011,W1563728396
10.1109/icbbe.2011.5780057,2011,2011,W1586965449
10.1109/icbbe.2011.5780061,2011,2011,W2157370266
10.1109/icbbe.2011.5780062,2011,2011,W1806842757
10.1109/icbbe.2011.5780065,2011,2011,W1857377815
10.1109/icbbe.2011.5780066,2011,2011,W2118674249
10.1109/icbbe.2011.5780068,2011,2011,W2283606805
10.1109/icbbe.2011.5780069,2011,2011,W2283789930
10.1109/icbbe.2011.5780073,2011,2011,W1727423042
10.1109/icbbe.2011.5780075,2011,2011,W1487615452
10.1109/icbbe.2011.5780078,2011,2011,W1545618676
10.1109/icbbe.2011.5780079,2011,2011,W1561061850
10.1109/icbbe.2011.5780084,2011,2011,W1510489981
10.1109/icbbe.2011.5780086,2011,2011,W1591625551
10.1109/icbbe.2011.5780089,2011,2011,W1904810720
10.1109/icbbe.2011.5780095,2011,2011,W2108636374
10.1109/icbbe.2011.5780101,2011,2011,W2110645376
10.1109/icbbe.2011.5780105,2011,2011,W1832621321
10.1109/icbbe.2011.5780107,2011,2011,W2282779132
10.1109/icbbe.2011.5780110,2011,2011,W1502677841
10.1109/icbbe.2011.5780112,2011,2011,W1633547737
10.1109/icbbe.2011.5780118,2011,2011,W1580771896
10.1109/icbbe.2011.5780119,2011,2011,W2162458337
10.1109/icbbe.2011.5780121,2011,2011,W1529815567
10.1109/icbbe.2011.5780125,2011,2011,W1507229704
10.1109/icbbe.2011.5780126,2011,2011,W1918694312
10.1109/icbbe.2011.5780127,2011,2011,W1527854852
10.1109/icbbe.2011.5780128,2011,2011,W2115174743
10.1109/icbbe.2011.5780129,2011,2011,W2301246047
10.1109/icbbe.2011.5780131,2011,2011,W1788140948
10.1109/icbbe.2011.5780137,2011,2011,W1610521734
10.1109/icbbe.2011.5780140,2011,2011,W1898606537
10.1109/icbbe.2011.5780141,2011,2011,W2286190448
10.1109/icbbe.2011.5780142,2011,2011,W2273760573
10.1109/icbbe.2011.5780149,2011,2011,W1487437491
10.1109/icbbe.2011.5780151,2011,2011,W1575020988
10.1109/icbbe.2011.5780153,2011,2011,W2290900440
10.1109/icbbe.2011.5780154,2011,2011,W2280972710
10.1109/icbbe.2011.5780157,2011,2011,W2112264865
10.1109/icbbe.2011.5780158,2011,2011,W1877609588
10.1109/icbbe.2011.5780159,2011,2011,W1501223635
10.1109/icbbe.2011.5780166,2011,2011,W2291838688
10.1109/icbbe.2011.5780170,2011,2011,W1483812127
10.1109/icbbe.2011.5780171,2011,2011,W1927633632
10.1109/icbbe.2011.5780175,2011,2011,W1827871176
10.1109/icbbe.2011.5780177,2011,2011,W1633450537
10.1109/icbbe.2011.5780186,2011,2011,W1547960423
10.1109/icbbe.2011.5780187,2011,2011,W1668101460
10.1109/icbbe.2011.5780225,2011,2011,W1570021854
10.1109/icbbe.2011.5780233,2011,2011,W2281849710
10.1109/icbbe.2011.5780235,2011,2011,W1556512857
10.1109/icbbe.2011.5780236,2011,2011,W1926309835
10.1109/icbbe.2011.5780244,2011,2011,W1581037896
10.1109/icbbe.2011.5780245,2011,2011,W1770465262
10.1109/icbbe.2011.5780249,2011,2011,W1873406851
10.1109/icbbe.2011.5780254,2011,2011,W2114947520
10.1109/icbbe.2011.5780260,2011,2011,W1902939352
10.1109/icbbe.2011.5780265,2011,2011,W1871247450
10.1109/icbbe.2011.5780267,2011,2011,W1540226545
10.1109/icbbe.2011.5780269,2011,2011,W2291354899
10.1109/icbbe.2011.5780272,2011,2011,W1504289467
10.1109/icbbe.2011.5780278,2011,2011,W1534675486
10.1109/icbbe.2011.5780280,2011,2011,W1601144166
10.1109/icbbe.2011.5780281,2011,2011,W1582919142
10.1109/icbbe.2011.5780284,2011,2011,W1535316797
10.1109/icbbe.2011.5780287,2011,2011,W1557820584
10.1109/icbbe.2011.5780294,2011,2011,W1904308841
10.1109/icbbe.2011.5780296,2011,2011,W1947644680
10.1109/icbbe.2011.5780297,2011,2011,W1958968126
10.1109/icbbe.2011.5780301,2011,2011,W2120513293
10.1109/icbbe.2011.5780302,2011,2011,W1565233620
10.1109/icbbe.2011.5780314,2011,2011,W1584876276
10.1109/icbbe.2011.5780316,2011,2011,W1851116462
10.1109/icbbe.2011.5780318,2011,2011,W1819802044
10.1109/icbbe.2011.5780321,2011,2011,W1928432609
10.1109/icbbe.2011.5780322,2011,2011,W2292370872
10.1109/icbbe.2011.5780327,2011,2011,W1896940591
10.1109/icbbe.2011.5780374,2011,2011,W1522684784
10.1109/icbbe.2011.5780411,2011,2011,W1505770519
10.1109/icbbe.2011.5780412,2011,2011,W1561713730
10.1109/icbbe.2011.5780413,2011,2011,W2139422881
10.1109/icbbe.2011.5780417,2011,2011,W1833082609
10.1109/icbbe.2011.5780424,2011,2011,W2290632250
10.1109/icbbe.2011.5780428,2011,2011,W1594658466
10.1109/icbbe.2011.5780429,2011,2011,W2292108627
10.1109/icbbe.2011.5780434,2011,2011,W2285796468
10.1109/icbbe.2011.5780436,2011,2011,W2291231908
10.1109/icbbe.2011.5780438,2011,2011,W1674704292
10.1109/icbbe.2011.5780446,2011,2011,W2286969826
10.1109/icbbe.2011.5780452,2011,2011,W1630856981
10.1109/icbbe.2011.5780453,2011,2011,W1623615523
10.1109/icbbe.2011.5780459,2011,2011,W1963415876
10.1109/icbbe.2011.5780466,2011,2011,W1591008153
10.1109/icbbe.2011.5780467,2011,2011,W2277894196
10.1109/icbbe.2011.5780470,2011,2011,W1534493638
10.1109/icbbe.2011.5780471,2011,2011,W1952783147
10.1109/icbbe.2011.5780689,2011,2011,W1961320643
10.1109/icbbe.2011.5780690,2011,2011,W2308585583
10.1109/icbbe.2011.5780695,2011,2011,W2290487726
10.1109/icbbe.2011.5780696,2011,2011,W2278526441
10.1109/icbbe.2011.5780701,2011,2011,W1493441438
10.1109/icbbe.2011.5780703,2011,2011,W1812770710
10.1109/icbbe.2011.5780704,2011,2011,W1483965260
10.1109/icbbe.2011.5780707,2011,2011,W2286673186
10.1109/icbbe.2011.5780716,2011,2011,W1938967737
10.1109/icbbe.2011.5780730,2011,2011,W1863189236
10.1109/icbbe.2011.5780735,2011,2011,W2289099512
10.1109/icbbe.2011.5780737,2011,2011,W1517606210
10.1109/icbbe.2011.578074010.1109/icbbe.2011.5780740,2011,2011,
10.1109/icbbe.2011.5780741,2011,2011,W1842994657
10.1109/icbbe.2011.5780742,2011,2011,W1726934093
10.1109/icbbe.2011.5780745,2011,2011,W2293839647
10.1109/icbbe.2011.5780750,2011,2011,W1489589532
10.1109/icbbe.2011.5780751,2011,2011,W1925909075
10.1109/icbbe.2011.5780752,2011,2011,W1586011056
10.1109/icbbe.2011.5780755,2011,2011,W1888672644
10.1109/icbbe.2011.5780757,2011,2011,W1813920944
10.1109/icbbe.2011.5780761,2011,2011,W1924213340
10.1109/icbbe.2011.5780763,2011,2011,W1484608764
10.1109/icbbe.2011.5780767,2011,2011,W1940943747
10.1109/icbbe.2011.5780770,2011,2011,W2283403103
10.1109/icbbe.2011.5780772,2011,2011,W1556670076
10.1109/icbbe.2011.5780774,2011,2011,W1754442200
10.1109/icbbe.2011.5780782,2011,2011,W1851865443
10.1109/icbbe.2011.5780786,2011,2011,W1766325122
10.1109/icbbe.2011.5780788,2011,2011,W1874985967
10.1109/icbbe.2011.5780789,2011,2011,W1786133918
10.1109/icbbe.2011.5780796,2011,2011,W2287365718
10.1109/icbbe.2011.5780799,2011,2011,W1841620160
10.1109/icbbe.2011.5780802,2011,2011,W1888182128
10.1109/icbbe.2011.5780805,2011,2011,W2111488749
10.1109/icbbe.2011.5780806,2011,2011,W2279618243
10.1109/icbbe.2011.5780807,2011,2011,W1749430110
10.1109/icbbe.2011.5780811,2011,2011,W1882541079
10.1109/icbbe.2011.5780812,2011,2011,W1852142760
10.1109/icbbe.2011.5780813,2011,2011,W1839230969
10.1109/icbbe.2011.5780814,2011,2011,W1594484819
10.1109/icbbe.2011.5780815,2011,2011,W1764658877
10.1109/icbbe.2011.5780818,2011,2011,W1925277228
10.1109/icbbe.2011.5780819,2011,2011,W2289089555
10.1109/icbbe.2011.5780821,2011,2011,W2158175597
10.1109/icbbe.2011.5780823,2011,2011,W2278193060
10.1109/icbbe.2011.5780824,2011,2011,W2278607868
10.1109/icbbe.2011.5780825,2011,2011,W1577156795
10.1109/icbbe.2011.5780829,2011,2011,W1874844957
10.1109/icbbe.2011.5780830,2011,2011,W2289333459
10.1109/icbbe.2011.5780831,2011,2011,W1501155863
10.1109/icbbe.2011.5780837,2011,2011,W2294315698
10.1109/icbbe.2011.5780842,2011,2011,W1532073257
10.1109/icbbe.2011.5780844,2011,2011,W1666049336
10.1109/icbbe.2011.5780851,2011,2011,W2290064205
10.1109/icbbe.2011.5780853,2011,2011,W1597553113
10.1109/icbbe.2011.5780855,2011,2011,W2153270554
10.1109/icbbe.2011.5780857,2011,2011,W2286750888
10.1109/icbbe.2011.5780860,2011,2011,W1840454119
10.1109/icbbe.2011.5780861,2011,2011,W2277925051
10.1109/icbbe.2011.5780862,2011,2011,W2284431529
10.1109/icbbe.2011.5780866,2011,2011,W1581921695
10.1109/icbbe.2011.5780867,2011,2011,W1805904546
10.1109/icbbe.2011.5780870,2011,2011,W2274149669
10.1109/icbbe.2011.5780871,2011,2011,W1827483699
10.1109/icbbe.2011.5780873,2011,2011,W2274187215
10.1109/icbbe.2011.5780874,2011,2011,W1587689620
10.1109/icbbe.2011.5780875,2011,2011,W2123850409
10.1109/icbbe.2011.5780876,2011,2011,W2291240707
10.1109/icbbe.2011.5780879,2011,2011,W1863420692
10.1109/icbbe.2011.5780880,2011,2011,W2157703299
10.1109/icbbe.2011.5780883,2011,2011,W1537416602
10.1109/icbbe.2011.5780886,2011,2011,W2114741928
10.1109/icbbe.2011.5780888,2011,2011,W1589409370
10.1109/icbbe.2011.5780890,2011,2011,W2287336095
10.1109/icbbe.2011.5780893,2011,2011,W1880365905
10.1109/icbbe.2011.5780894,2011,2011,W2288092193
10.1109/icbbe.2011.5780895,2011,2011,W1902605067
10.1109/icbbe.2011.5780898,2011,2011,W2277244666
10.1109/icbbe.2011.5780899,2011,2011,W2291138131
10.1109/icbbe.2011.5780900,2011,2011,W1510638086
10.1109/icbbe.2011.5780901,2011,2011,W1588948950
10.1109/icbbe.2011.5780902,2011,2011,W2281453895
10.1109/icbbe.2011.5780903,2011,2011,W1907278200
10.1109/icbbe.2011.5780905,2011,2011,W1572719286
10.1109/icbbe.2011.5780908,2011,2011,W1736128452
10.1109/icbbe.2011.5780910,2011,2011,W2280991564
10.1109/icbbe.2011.5780915,2011,2011,W2275485245
10.1109/icbbe.2011.5780917,2011,2011,W1555252632
10.1109/icbbe.2011.5780919,2011,2011,W2274768748
10.1109/icbbe.2011.5780921,2011,2011,W2285526376
10.1109/icbbe.2011.5780923,2011,2011,W1736974265
10.1109/icbbe.2011.5780925,2011,2011,W1893216402
10.1109/icbbe.2011.5780928,2011,2011,W1537223260
10.1109/icbbe.2011.5780930,2011,2011,W1559168354
10.1109/icbbe.2011.5780933,2011,2011,W2278332958
10.1109/icbbe.2011.5780934,2011,2011,W1589464784
10.1109/icbbe.2011.5780935,2011,2011,W1773914695
10.1109/icbbe.2011.5780938,2011,2011,W1533856035
10.1109/icbbe.2011.5780939,2011,2011,W2274753809
10.1109/icbbe.2011.5780940,2011,2011,W1884386445
10.1109/icbbe.2011.5780946,2011,2011,W2288926039
10.1109/icbbe.2011.5780947,2011,2011,W1513430313
10.1109/icbbe.2011.5780948,2011,2011,W2283635537
10.1109/icbbe.2011.5780949,2011,2011,W2278969376
10.1109/icbbe.2011.5780953,2011,2011,W1923392896
10.1109/icbbe.2011.5780954,2011,2011,W2279654946
10.1109/icbbe.2011.5780955,2011,2011,W1836416489
10.1109/icbbe.2011.5780961,2011,2011,W1513955268
10.1109/icbbe.2011.5780962,2011,2011,W1812092947
10.1109/icbbe.2011.5780965,2011,2011,W1605183198
10.1109/icbbe.2011.5780966,2011,2011,W1508015586
10.1109/icbbe.2011.5780968,2011,2011,W1937086683
10.1109/icbbe.2011.5780971,2011,2011,W2276294164
10.1109/icbbe.2011.5780972,2011,2011,W2162351133
10.1109/icbbe.2011.5780976,2011,2011,W2098058809
10.1109/icbbe.2011.5780979,2011,2011,W1480595136
10.1109/icbbe.2011.5780981,2011,2011,W1574713564
10.1109/icbbe.2011.5780984,2011,2011,W2277219582
10.1109/icbbe.2011.5780989,2011,2011,W1680445037
10.1109/icbbe.2011.5780990,2011,2011,W1842852284
10.1109/icbbe.2011.5780991,2011,2011,W2287373026
10.1109/icbbe.2011.5780992,2011,2011,W1688965748
10.1109/icbbe.2011.5780993,2011,2011,W1750428872
10.1109/icbbe.2011.5780995,2011,2011,W1942752202
10.1109/icbbe.2011.5780996,2011,2011,W1599342258
10.1109/icbbe.2011.5780998,2011,2011,W1652115632
10.1109/icbbe.2011.5780999,2011,2011,W2284589049
10.1109/icbbe.2011.5781000,2011,2011,W1828728121
10.1109/icbbe.2011.5781001,2011,2011,W1809938346
10.1109/icbbe.2011.5781002,2011,2011,W2166311936
10.1109/icbbe.2011.5781006,2011,2011,W1489779584
10.1109/icbbe.2011.5781011,2011,2011,W1566773478
10.1109/icbbe.2011.5781013,2011,2011,W1558136271
10.1109/icbbe.2011.5781014,2011,2011,W1853036942
10.1109/icbbe.2011.5781020,2011,2011,W1961279192
10.1109/icbbe.2011.5781021,2011,2011,W2278459648
10.1109/icbbe.2011.5781022,2011,2011,W2289341888
10.1109/icbbe.2011.5781024,2011,2011,W1905143054
10.1109/icbbe.2011.5781025,2011,2011,W1496734330
10.1109/icbbe.2011.5781026,2011,2011,W1954055378
10.1109/icbbe.2011.5781027,2011,2011,W2292380061
10.1109/icbbe.2011.5781029,2011,2011,W1803470643
10.1109/icbbe.2011.5781031,2011,2011,W1842325624
10.1109/icbbe.2011.5781032,2011,2011,W1810747094
10.1109/icbbe.2011.5781035,2011,2011,W1941133592
10.1109/icbbe.2011.5781036,2011,2011,W1838687879
10.1109/icbbe.2011.5781041,2011,2011,W1508287193
10.1109/icbbe.2011.5781046,2011,2011,W2285498254
10.1109/icbbe.2011.5781047,2011,2011,W2101431804
10.1109/icbbe.2011.5781048,2011,2011,W1853644908
10.1109/icbbe.2011.5781052,2011,2011,W2290989681
10.1109/icbbe.2011.5781053,2011,2011,W2290367027
10.1109/icbbe.2011.5781063,2011,2011,W2149778175
10.1109/icbbe.2011.5781064,2011,2011,W1597437166
10.1109/icbbe.2011.5781068,2011,2011,W1564867453
10.1109/icbbe.2011.5781070,2011,2011,W2158104681
10.1109/icbbe.2011.5781074,2011,2011,W2277926840
10.1109/icbbe.2011.5781075,2011,2011,W1629362978
10.1109/icbbe.2011.5781077,2011,2011,W2274003053
10.1109/icbbe.2011.5781078,2011,2011,W1601470095
10.1109/icbbe.2011.5781079,2011,2011,W1882857126
10.1109/icbbe.2011.5781080,2011,2011,W2291096641
10.1109/icbbe.2011.5781085,2011,2011,W1962579694
10.1109/icbbe.2011.5781088,2011,2011,W1894758558
10.1109/icbbe.2011.5781089,2011,2011,W1628617957
10.1109/icbbe.2011.5781090,2011,2011,W2283698152
10.1109/icbbe.2011.5781091,2011,2011,W1596849603
10.1109/icbbe.2011.5781093,2011,2011,W2150785633
10.1109/icbbe.2011.5781094,2011,2011,W1868641215
10.1109/icbbe.2011.5781095,2011,2011,W1586661652
10.1109/icbbe.2011.5781096,2011,2011,W2291892214
10.1109/icbbe.2011.5781097,2011,2011,W1603055844
10.1109/icbbe.2011.5781099,2011,2011,W1619136697
10.1109/icbbe.2011.5781101,2011,2011,W1607881170
10.1109/icbbe.2011.5781102,2011,2011,W1836869714
10.1109/icbbe.2011.5781104,2011,2011,W1953069118
10.1109/icbbe.2011.5781105,2011,2011,W1874062677
10.1109/icbbe.2011.5781108,2011,2011,W2276615851
10.1109/icbbe.2011.5781109,2011,2011,W1785132235
10.1109/icbbe.2011.5781110,2011,2011,W2289950374
10.1109/icbbe.2011.5781114,2011,2011,W2102199596
10.1109/icbbe.2011.5781115,2011,2011,W1597294693
10.1109/icbbe.2011.5781116,2011,2011,W1643248956
10.1109/icbbe.2011.5781117,2011,2011,W2288630785
10.1109/icbbe.2011.5781120,2011,2011,W1556510226
10.1109/icbbe.2011.5781121,2011,2011,W2119249435
10.1109/icbbe.2011.5781127,2011,2011,W1644897763
10.1109/icbbe.2011.5781130,2011,2011,W1508558338
10.1109/icbbe.2011.5781133,2011,2011,W2277001685
10.1109/icbbe.2011.5781135,2011,2011,W2106742351
10.1109/icbbe.2011.5781136,2011,2011,W2279108926
10.1109/icbbe.2011.5781137,2011,2011,W2277757188
10.1109/icbbe.2011.5781139,2011,2011,W1660695253
10.1109/icbbe.2011.5781140,2011,2011,W1588899442
10.1109/icbbe.2011.5781142,2011,2011,W1582982573
10.1109/icbbe.2011.5781147,2011,2011,W1872042966
10.1109/icbbe.2011.5781149,2011,2011,W2280974004
10.1109/icbbe.2011.5781154,2011,2011,W2159829621
10.1109/icbbe.2011.5781155,2011,2011,W1667448637
10.1109/icbbe.2011.5781157,2011,2011,W1850384373
10.1109/icbbe.2011.5781158,2011,2011,W1706158874
10.1109/icbbe.2011.5781161,2011,2011,W1500252038
10.1109/icbbe.2011.5781162,2011,2011,W1529501115
10.1109/icbbe.2011.5781163,2011,2011,W1833905135
10.1109/icbbe.2011.5781168,2011,2011,W2282899606
10.1109/icbbe.2011.5781169,2011,2011,W1644465784
10.1109/icbbe.2011.5781170,2011,2011,W1565986891
10.1109/icbbe.2011.5781171,2011,2011,W1518079793
10.1109/icbbe.2011.5781174,2011,2011,W1573059939
10.1109/icbbe.2011.5781175,2011,2011,W1544569127
10.1109/icbbe.2011.5781176,2011,2011,W2274718643
10.1109/icbbe.2011.5781178,2011,2011,W1510850855
10.1109/icbbe.2011.5781181,2011,2011,W1542883597
10.1109/icbbe.2011.5781182,2011,2011,W1873916671
10.1109/icbbe.2011.5781183,2011,2011,W2281628058
10.1109/icbbe.2011.5781184,2011,2011,W1895448703
10.1109/icbbe.2011.5781185,2011,2011,W1770521247
10.1109/icbbe.2011.5781186,2011,2011,W1933446001
10.1109/icbbe.2011.5781187,2011,2011,W1578733944
10.1109/icbbe.2011.5781188,2011,2011,W1844634472
10.1109/icbbe.2011.5781189,2011,2011,W2289307275
10.1109/icbbe.2011.5781194,2011,2011,W2171405175
10.1109/icbbe.2011.5781196,2011,2011,W2287967206
10.1109/icbbe.2011.5781201,2011,2011,W1852289837
10.1109/icbbe.2011.5781205,2011,2011,W2283330948
10.1109/icbbe.2011.5781206,2011,2011,W2289666841
10.1109/icbbe.2011.5781207,2011,2011,W1875241712
10.1109/icbbe.2011.5781208,2011,2011,W1570341356
10.1109/icbbe.2011.5781209,2011,2011,W1519894228
10.1109/icbbe.2011.5781210,2011,2011,W1723542478
10.1109/icbbe.2011.5781212,2011,2011,W1873030107
10.1109/icbbe.2011.5781215,2011,2011,W1715204996
10.1109/icbbe.2011.5781216,2011,2011,W1484807539
10.1109/icbbe.2011.5781218,2011,2011,W2135424414
10.1109/icbbe.2011.5781222,2011,2011,W1760323667
10.1109/icbbe.2011.5781224,2011,2011,W1530090559
10.1109/icbbe.2011.5781229,2011,2011,W1867336918
10.1109/icbbe.2011.5781230,2011,2011,W1491225779
10.1109/icbbe.2011.5781235,2011,2011,W1525298513
10.1109/icbbe.2011.5781237,2011,2011,W2288194677
10.1109/icbbe.2011.5781238,2011,2011,W1832241852
10.1109/icbbe.2011.5781239,2011,2011,W1488327624
10.1109/icbbe.2011.5781240,2011,2011,W2275553751
10.1109/icbbe.2011.5781241,2011,2011,W1722783135
10.1109/icbbe.2011.5781242,2011,2011,W2282188719
10.1109/icbbe.2011.5781243,2011,2011,W1921451188
10.1109/icbbe.2011.5781244,2011,2011,W2281365183
10.1109/icbbe.2011.5781245,2011,2011,W2279448783
10.1109/icbbe.2011.5781248,2011,2011,W2289982507
10.1109/icbbe.2011.5781250,2011,2011,W1480265222
10.1109/icbbe.2011.5781255,2011,2011,W2279882382
10.1109/icbbe.2011.5781257,2011,2011,W1907247627
10.1109/icbbe.2011.5781262,2011,2011,W2279409606
10.1109/icbbe.2011.5781263,2011,2011,W1890306264
10.1109/icbbe.2011.5781266,2011,2011,W1546246527
10.1109/icbbe.2011.5781267,2011,2011,W2294585939
10.1109/icbbe.2011.5781270,2011,2011,W1544932002
10.1109/icbbe.2011.5781273,2011,2011,W1532857152
10.1109/icbbe.2011.5781274,2011,2011,W1950183728
10.1109/icbbe.2011.5781275,2011,2011,W1536639218
10.1109/icbbe.2011.5781277,2011,2011,W1556194828
10.1109/icbbe.2011.5781279,2011,2011,W1672278513
10.1109/icbbe.2011.5781281,2011,2011,W1869239267
10.1109/icbbe.2011.5781283,2011,2011,W2277361367
10.1109/icbbe.2011.5781285,2011,2011,W1734005956
10.1109/icbbe.2011.5781287,2011,2011,W1941765972
10.1109/icbbe.2011.5781288,2011,2011,W2274371703
10.1109/icbbe.2011.5781291,2011,2011,W2289861728
10.1109/icbbe.2011.5781292,2011,2011,W1885717392
10.1109/icbbe.2011.5781295,2011,2011,W2279523597
10.1109/icbbe.2011.5781296,2011,2011,W1863375098
10.1109/icbbe.2011.5781300,2011,2011,W1899916746
10.1109/icbbe.2011.5781301,2011,2011,W1561491422
10.1109/icbbe.2011.5781302,2011,2011,W2279856592
10.1109/icbbe.2011.5781305,2011,2011,W2286720973
10.1109/icbbe.2011.5781306,2011,2011,W1533657589
10.1109/icbbe.2011.5781308,2011,2011,W1917569836
10.1109/icbbe.2011.5781309,2011,2011,W1844021564
10.1109/icbbe.2011.5781310,2011,2011,W1594583026
10.1109/icbbe.2011.5781313,2011,2011,W1482264737
10.1109/icbbe.2011.5781314,2011,2011,W1952163877
10.1109/icbbe.2011.5781316,2011,2011,W1601291980
10.1109/icbbe.2011.5781320,2011,2011,W1902372225
10.1109/icbbe.2011.5781321,2011,2011,W1486670839
10.1109/icbbe.2011.5781324,2011,2011,W1822682414
10.1109/icbbe.2011.5781325,2011,2011,W1498268007
10.1109/icbbe.2011.5781326,2011,2011,W1835066769
10.1109/icbbe.2011.5781328,2011,2011,W1502429360
10.1109/icbbe.2011.5781329,2011,2011,W2280900208
10.1109/icbbe.2011.5781331,2011,2011,W1851482406
10.1109/icbbe.2011.5781332,2011,2011,W2291915111
10.1109/icbbe.2011.5781335,2011,2011,W1570947171
10.1109/icbbe.2011.5781336,2011,2011,W1925110804
10.1109/icbbe.2011.5781338,2011,2011,W1955778842
10.1109/icbbe.2011.5781339,2011,2011,W1587610582
10.1109/icbbe.2011.5781340,2011,2011,W1850351622
10.1109/icbbe.2011.5781342,2011,2011,W2274331531
10.1109/icbbe.2011.5781346,2011,2011,W1498924288
10.1109/icbbe.2011.5781347,2011,2011,W1671726851
10.1109/icbbe.2011.5781349,2011,2011,W1950438106
10.1109/icbbe.2011.5781351,2011,2011,W1883937884
10.1109/icbbe.2011.5781353,2011,2011,W1725626076
10.1109/icbbe.2011.5781354,2011,2011,W1494927067
10.1109/icbbe.2011.5781355,2011,2011,W2123256798
10.1109/icbbe.2011.5781357,2011,2011,W1513577022
10.1109/icbbe.2011.5781359,2011,2011,W1640540891
10.1109/icbbe.2011.5781362,2011,2011,W2282979329
10.1109/icbbe.2011.5781363,2011,2011,W2291965773
10.1109/icbbe.2011.5781365,2011,2011,W1791656499
10.1109/icbbe.2011.5781367,2011,2011,W1481571387
10.1109/icbbe.2011.5781369,2011,2011,W2286120855
10.1109/icbbe.2011.5781371,2011,2011,W2099759909
10.1109/icbbe.2011.5781372,2011,2011,W1932776057
10.1109/icbbe.2011.5781376,2011,2011,W1926080728
10.1109/icbbe.2011.5781378,2011,2011,W1601615484
10.1109/icbbe.2011.5781381,2011,2011,W1660767948
10.1109/icbbe.2011.5781387,2011,2011,W1843687381
10.1109/icbbe.2011.5781389,2011,2011,W1947702910
10.1109/icbbe.2011.5781390,2011,2011,W2288557079
10.1109/icbbe.2011.5781396,2011,2011,W1562656856
10.1109/icbbe.2011.5781398,2011,2011,W1930437908
10.1109/icbbe.2011.5781401,2011,2011,W1958502436
10.1109/icbbe.2011.5781402,2011,2011,W1662227805
10.1109/icbbe.2011.5781405,2011,2011,W2118024199
10.1109/icbbe.2011.5781409,2011,2011,W1662226958
10.1109/icbbe.2011.5781410,2011,2011,W1487237418
10.1109/icbbe.2011.5781411,2011,2011,W1543614785
10.1109/icbbe.2011.5781413,2011,2011,W2280575534
10.1109/icbbe.2011.5781418,2011,2011,W2280696657
10.1109/icbbe.2011.5781420,2011,2011,W2276870050
10.1109/icbbe.2011.5781425,2011,2011,W1830804258
10.1109/icbbe.2011.5781426,2011,2011,W1697901648
10.1109/icbbe.2011.5781427,2011,2011,W2109828221
10.1109/icbbe.2011.5781428,2011,2011,W1867688162
10.1109/icbbe.2011.5781431,2011,2011,W1640529659
10.1109/icbbe.2011.5781432,2011,2011,W1765688430
10.1109/icbbe.2011.5781439,2011,2011,W1936105755
10.1109/icbbe.2011.5781440,2011,2011,W1555757354
10.1109/icbbe.2011.5781442,2011,2011,W1869788767
10.1109/icbbe.2011.5781444,2011,2011,W2160765429
10.1109/icbbe.2011.5781445,2011,2011,W1910084844
10.1109/icbbe.2011.5781448,2011,2011,W1931340777
10.1109/icbbe.2011.5781449,2011,2011,W1541891465
10.1109/icbbe.2011.5781450,2011,2011,W2129544024
10.1109/icbbe.2011.5781451,2011,2011,W2275463314
10.1109/icbbe.2011.5781452,2011,2011,W2280534951
10.1109/icbbe.2011.5781453,2011,2011,W1920152717
10.1109/icbbe.2011.5781455,2011,2011,W2151796963
10.1109/icbbe.2011.5781460,2011,2011,W1885408393
10.1109/icbbe.2011.5781462,2011,2011,W2273877437
10.1109/icbbe.2011.5781463,2011,2011,W1803014510
10.1109/icbbe.2011.5781464,2011,2011,W1746857131
10.1109/icbbe.2011.5781468,2011,2011,W1930159420
10.1109/icbbe.2011.5781469,2011,2011,W1523706380
10.1109/icbbe.2011.5781471,2011,2011,W1924581571
10.1109/icbbe.2011.5781475,2011,2011,W1578213619
10.1109/icbbe.2011.5781477,2011,2011,W2291694628
10.1109/icbbe.2011.5781478,2011,2011,W2274504110
10.1109/icbbe.2011.5781485,2011,2011,W2275605258
10.1109/icbbe.2011.5781486,2011,2011,W1564284285
10.1109/icbbe.2011.5781488,2011,2011,W1525119662
10.1109/icbbe.2011.5781489,2011,2011,W1503480790
10.1109/icbbe.2011.5781494,2011,2011,W1488137318
10.1109/icbbe.2011.5781499,2011,2011,W2282259839
10.1109/icbbe.2011.5781502,2011,2011,W1888958037
10.1109/icbbe.2011.5781510,2011,2011,W2279036368
10.1109/icbbe.2011.5781513,2011,2011,W2291077390
10.1109/icbbe.2011.5781514,2011,2011,W2161704680
10.1109/icbbe.2011.5781515,2011,2011,W2148509902
10.1109/icbbe.2011.5781522,2011,2011,W1579079105
10.1109/icbbe.2011.5781525,2011,2011,W1507410146
10.1109/icbbe.2011.5781527,2011,2011,W2292094259
10.1109/icbbe.2011.5781528,2011,2011,W2282235600
10.1109/icbbe.2011.5781529,2011,2011,W1646971272
10.1109/icbbe.2011.5781533,2011,2011,W2278862881
10.1109/icbbe.2011.5781535,2011,2011,W1948757756
10.1109/icbbe.2011.5781537,2011,2011,W1544532577
10.1109/icbbe.2011.5781539,2011,2011,W1584018225
10.1109/icbbe.2011.5781540,2011,2011,W2119686355
10.1109/icbbe.2011.5781541,2011,2011,W1828070053
10.1109/icbbe.2011.5781542,2011,2011,W2288684521
10.1109/icbbe.2011.5781543,2011,2011,W2137390182
10.1109/icbbe.2011.5781549,2011,2011,W2285114513
10.1109/icbbe.2011.5781550,2011,2011,W2290368314
10.1109/icbbe.2011.5781551,2011,2011,W2291503774
10.1109/icbbe.2011.5781552,2011,2011,W2285622147
10.1109/icbbe.2011.5781555,2011,2011,W1518996249
10.1109/icbbe.2011.5781556,2011,2011,W2144355592
10.1109/icbbe.2011.5781557,2011,2011,W1866515903
10.1109/icbbe.2011.5781558,2011,2011,W2289103695
10.1109/icbbe.2011.5781559,2011,2011,W1831370429
10.1109/icbbe.2011.5781560,2011,2011,W1508710336
10.1109/icbbe.2011.5781561,2011,2011,W1792850061
10.1109/icbbe.2011.5781562,2011,2011,W1818297257
10.1109/icbbe.2011.5781563,2011,2011,W1823179690
10.1109/icbbe.2011.5781564,2011,2011,W2275475529
10.1109/icbbe.2011.5781565,2011,2011,W2276149048
10.1109/icbbe.2011.5781566,2011,2011,W1559642051
10.1109/icbbe.2011.5781567,2011,2011,W1599952348
10.1109/icbbe.2011.5781568,2011,2011,W1773383464
10.1109/icbbe.2011.5781569,2011,2011,W2274410416
10.1109/icbbe.2011.5781571,2011,2011,W1804316907
10.1109/icbbe.2011.5781573,2011,2011,W2275943281
10.1109/icbbe.2011.5781574,2011,2011,W1820641425
10.1109/icbbe.2011.5781575,2011,2011,W2289323183
10.1109/icbbe.2011.5781578,2011,2011,W2276815097
10.1109/icbbe.2011.5781580,2011,2011,W2282710797
10.1109/icbbe.2011.5781584,2011,2011,W1955435246
10.1109/icbbe.2011.5781586,2011,2011,W2289783620
10.1109/icbbe.2011.5781587,2011,2011,W2285145794
10.1109/icbbe.2011.5781588,2011,2011,W2278253892
10.1109/icbbe.2011.5781590,2011,2011,W1633596736
10.1109/icbbe.2011.5781591,2011,2011,W1745474837
10.1109/icbbe.2011.5781592,2011,2011,W1665452590
10.1109/icbbe.2011.5781595,2011,2011,W2096167427
10.1109/icbbe.2011.5781596,2011,2011,W1583224292
10.1109/icbbe.2011.5781597,2011,2011,W1513610460
10.1109/icbbe.2011.5781599,2011,2011,W1516918147
10.1109/icbbe.2011.5781602,2011,2011,W2274781449
10.1109/icbbe.2011.5781605,2011,2011,W2276641747
10.1109/icbbe.2011.5781606,2011,2011,W1749848610
10.1109/icbbe.2011.5781611,2011,2011,W1922474009
10.1109/icbbe.2011.5781612,2011,2011,W1862633263
10.1109/icbbe.2011.5781613,2011,2011,W1823238659
10.1109/icbbe.2011.5781614,2011,2011,W2286554719
10.1109/icbbe.2011.5781615,2011,2011,W2278224467
10.1109/icbbe.2011.5781617,2011,2011,W1863105784
10.1109/icbbe.2011.5781618,2011,2011,W2289412520
10.1109/icbbe.2011.5781621,2011,2011,W1869232624
10.1109/icbbe.2011.5781622,2011,2011,W2286561908
10.1109/icbbe.2011.5781628,2011,2011,W1580669943
10.1109/icbbe.2011.5781629,2011,2011,W1584082508
10.1109/icbbe.2011.5781632,2011,2011,W1671236559
10.1109/icbbe.2011.5781633,2011,2011,W2280332444
10.1109/icbbe.2011.5781638,2011,2011,W2122547593
10.1109/icbbe.2011.5781639,2011,2011,W2122459161
10.1109/icbbe.2011.5781641,2011,2011,W1493945009
10.1109/icbbe.2011.5781644,2011,2011,W2290577653
10.1109/icbbe.2011.5781645,2011,2011,W1849312114
10.1109/icbbe.2011.5781647,2011,2011,W1813015813
10.1109/icbbe.2011.5781648,2011,2011,W1885118291
10.1109/icbbe.2011.5781649,2011,2011,W1786624129
10.1109/icbbe.2011.5781650,2011,2011,W1603432027
10.1109/icbbe.2011.5781651,2011,2011,W1587848699
10.1109/icbbe.2011.5781652,2011,2011,W2115690857
10.1109/icbbe.2011.5781658,2011,2011,W1830816190
10.1109/icbbe.2011.5781660,2011,2011,W1595286896
10.1109/icbbe.2011.5781661,2011,2011,W2285502930
10.1109/icbbe.2011.5781664,2011,2011,W2282179033
10.1109/icbbe.2011.5781666,2011,2011,W1596385565
10.1109/icbmei.2011.5914453,2011,2011,W1722463789
10.1109/icbmei.2011.5914479,2011,2011,W1542428689
10.1109/icbmei.2011.5914482,2011,2011,W1706512847
10.1109/icbmei.2011.5914484,2011,2011,W1537221717
10.1109/icbmei.2011.5914498,2011,2011,W1577872525
10.1109/icbmei.2011.5914507,2011,2011,W1884836162
10.1109/icbmei.2011.5916846,2011,2011,W1932117190
10.1109/icbmei.2011.5916856,2011,2011,W1515275364
10.1109/icbmei.2011.5916881,2011,2011,W1941786938
10.1109/icbmei.2011.5916892,2011,2011,W2280149891
10.1109/icbmei.2011.5916893,2011,2011,W1833651509
10.1109/icbmei.2011.5916921,2011,2011,W1906085015
10.1109/icbmei.2011.5916933,2011,2011,W1956668458
10.1109/icbmei.2011.5916942,2011,2011,W2278851562
10.1109/icbmei.2011.5916956,2011,2011,W1684676128
10.1109/icbmei.2011.5916964,2011,2011,W1933130097
10.1109/icbmei.2011.5916983,2011,2011,W1542163775
10.1109/icbmei.2011.5916985,2011,2011,W1871540195
10.1109/icbmei.2011.5916987,2011,2011,W1586929791
10.1109/icbmei.2011.5916988,2011,2011,W1545131438
10.1109/icbmei.2011.5917002,2011,2011,W2290149503
10.1109/icbmei.2011.5917008,2011,2011,W1836691613
10.1109/icbmei.2011.5917034,2011,2011,W1520782817
10.1109/icbmei.2011.5917035,2011,2011,W1879637731
10.1109/icbmei.2011.5917057,2011,2011,W1739222258
10.1109/icbmei.2011.5917834,2011,2011,W1605630573
10.1109/icbmei.2011.5917836,2011,2011,W1616235802
10.1109/icbmei.2011.5917841,2011,2011,W1853707194
10.1109/icbmei.2011.5917847,2011,2011,W1600226147
10.1109/icbmei.2011.5917852,2011,2011,W1554637698
10.1109/icbmei.2011.5917854,2011,2011,W1933047281
10.1109/icbmei.2011.5917858,2011,2011,W1886687327
10.1109/icbmei.2011.5917860,2011,2011,W1841722877
10.1109/icbmei.2011.5917861,2011,2011,W1556394523
10.1109/icbmei.2011.5917871,2011,2011,W1702927218
10.1109/icbmei.2011.5917900,2011,2011,W1577475057
10.1109/icbmei.2011.5917924,2011,2011,W2296278521
10.1109/icbmei.2011.5917928,2011,2011,W1568764196
10.1109/icbmei.2011.5917938,2011,2011,W1873211046
10.1109/icbmei.2011.5917945,2011,2011,W1777251631
10.1109/icbmei.2011.5917959,2011,2011,W1827282418
10.1109/icbmei.2011.5917968,2011,2011,W2285424405
10.1109/icbmei.2011.5917979,2011,2011,W1832931814
10.1109/icbmei.2011.5917982,2011,2011,W2106162255
10.1109/icbmei.2011.5917989,2011,2011,W1829417298
10.1109/icbmei.2011.5917990,2011,2011,W1543903527
10.1109/icbmei.2011.5917995,2011,2011,W1590909183
10.1109/icbmei.2011.5918007,2011,2011,W1847852834
10.1109/icbmei.2011.5918008,2011,2011,W1584533548
10.1109/icbmei.2011.5918010,2011,2011,W1574470189
10.1109/icbmei.2011.5918013,2011,2011,W2279104285
10.1109/icbmei.2011.5918026,2011,2011,W1803932647
10.1109/icbmei.2011.5918032,2011,2011,W1869803777
10.1109/icbmei.2011.5918037,2011,2011,W1823458882
10.1109/icbmei.2011.5920339,2011,2011,W1963270372
10.1109/icbmei.2011.5920340,2011,2011,W2288319584
10.1109/icbmei.2011.5920342,2011,2011,W1630668083
10.1109/icbmei.2011.5920343,2011,2011,W1588747347
10.1109/icbmei.2011.5920347,2011,2011,W1619430296
10.1109/icbmei.2011.5920350,2011,2011,W1540523948
10.1109/icbmei.2011.5920351,2011,2011,W2281846011
10.1109/icbmei.2011.5920352,2011,2011,W1599662955
10.1109/icbmei.2011.5920354,2011,2011,W1543704406
10.1109/icbmei.2011.5920361,2011,2011,W2275711267
10.1109/icbmei.2011.5920363,2011,2011,W2145403099
10.1109/icbmei.2011.5920366,2011,2011,W1653608132
10.1109/icbmei.2011.5920376,2011,2011,W1588625299
10.1109/icbmei.2011.5920379,2011,2011,W1666495460
10.1109/icbmei.2011.5920385,2011,2011,W1606169676
10.1109/icbmei.2011.5920391,2011,2011,W2162650182
10.1109/icbmei.2011.5920396,2011,2011,W1520300916
10.1109/icbmei.2011.5920400,2011,2011,W1860547717
10.1109/icbmei.2011.5920401,2011,2011,W1598224259
10.1109/icbmei.2011.5920423,2011,2011,W1924099776
10.1109/icbmei.2011.5920427,2011,2011,W1480582000
10.1109/icbmei.2011.5920430,2011,2011,W2294329960
10.1109/icbmei.2011.5920441,2011,2011,W1484388909
10.1109/icbmei.2011.5920447,2011,2011,W2106843388
10.1109/icbmei.2011.5920453,2011,2011,W1541412247
10.1109/icbmei.2011.5920459,2011,2011,W1769834611
10.1109/icbmei.2011.5920462,2011,2011,W1490546986
10.1109/icbmei.2011.5920485,2011,2011,W2109453428
10.1109/icbmei.2011.5920489,2011,2011,W1536182141
10.1109/icbmei.2011.5920493,2011,2011,W2156797791
10.1109/icbmei.2011.5920495,2011,2011,W1834622583
10.1109/icbmei.2011.5920496,2011,2011,W1529466810
10.1109/icbmei.2011.5920503,2011,2011,W1887002277
10.1109/icbmei.2011.5920511,2011,2011,W1783236032
10.1109/icbmei.2011.5920518,2011,2011,W2296694628
10.1109/icbmei.2011.5920519,2011,2011,W1839909650
10.1109/icbmei.2011.5920523,2011,2011,W1728803602
10.1109/icbmei.2011.5920527,2011,2011,W1676269542
10.1109/icbmei.2011.5920528,2011,2011,W1604701025
10.1109/icbmei.2011.5920529,2011,2011,W1875283681
10.1109/icbmei.2011.5920532,2011,2011,W1552550513
10.1109/icbmei.2011.5920540,2011,2011,W2130774272
10.1109/icbmei.2011.5920542,2011,2011,W1900785531
10.1109/icbmei.2011.5920909,2011,2011,W1504575389
10.1109/icbmei.2011.5920914,2011,2011,W1593400991
10.1109/icbmei.2011.5920919,2011,2011,W1844954315
10.1109/icbmei.2011.5920927,2011,2011,W1932553498
10.1109/icbmei.2011.5920931,2011,2011,W1513947042
10.1109/icbmei.2011.5920932,2011,2011,W1882319772
10.1109/icbmei.2011.5920934,2011,2011,W1923636220
10.1109/icbmei.2011.5920936,2011,2011,W1537350705
10.1109/icbmei.2011.5920940,2011,2011,W1595749340
10.1109/icbmei.2011.5920943,2011,2011,W1941398423
10.1109/icbmei.2011.5920948,2011,2011,W1491410368
10.1109/icbmei.2011.5920949,2011,2011,W1604466948
10.1109/icbmei.2011.5920963,2011,2011,W1574465516
10.1109/icbmei.2011.5920968,2011,2011,W2288962419
10.1109/icbmei.2011.5920974,2011,2011,W2120196511
10.1109/icbmei.2011.5920978,2011,2011,W2275089082
10.1109/icbmei.2011.5920984,2011,2011,W2280210011
10.1109/icbmei.2011.5920985,2011,2011,W1915561446
10.1109/icbmei.2011.5920998,2011,2011,W1868258928
10.1109/icbmei.2011.5921010,2011,2011,W1507653030
10.1109/icbmei.2011.5921011,2011,2011,W1907778845
10.1109/icbmei.2011.5921012,2011,2011,W1585490156
10.1109/icbmei.2011.5921014,2011,2011,W1719786120
10.1109/icbmei.2011.5921027,2011,2011,W1524978608
10.1109/icbmei.2011.5921029,2011,2011,W2099926506
10.1109/icbmei.2011.5921044,2011,2011,W2164625795
10.1109/icbmei.2011.5921057,2011,2011,W1516666248
10.1109/icbmei.2011.5921059,2011,2011,W1578410596
10.1109/icbmei.2011.5921088,2011,2011,W2172297249
10.1109/icbmei.2011.5921186,2011,2011,W1497031684
10.1109/iccsit.2009.5234701,2011,2009,W1576900519
10.1109/icdecom.2011.5738505,2011,2011,W2067908546
10.1109/icebeg.2011.5876652,2011,2011,W1515512535
10.1109/icebeg.2011.5876654,2011,2011,W1859324755
10.1109/icebeg.2011.5876655,2011,2011,W1588250933
10.1109/icebeg.2011.5876656,2011,2011,W1953805668
10.1109/icebeg.2011.5876657,2011,2011,W1503449651
10.1109/icebeg.2011.5876659,2011,2011,W1603287083
10.1109/icebeg.2011.5876660,2011,2011,W2116044485
10.1109/icebeg.2011.5876671,2011,2011,W1843487459
10.1109/icebeg.2011.5876673,2011,2011,W1552229168
10.1109/icebeg.2011.5876674,2011,2011,W1837582058
10.1109/icebeg.2011.5876691,2011,2011,W1499603897
10.1109/icebeg.2011.5877017,2011,2011,W2103208003
10.1109/icebeg.2011.5877022,2011,2011,W1912503819
10.1109/icebeg.2011.5877026,2011,2011,W1519139489
10.1109/icebeg.2011.5877028,2011,2011,W1802542747
10.1109/icebeg.2011.5877034,2011,2011,W2137122057
10.1109/icebeg.2011.5877035,2011,2011,W1604381740
10.1109/icebeg.2011.5877037,2011,2011,W1796609251
10.1109/icebeg.2011.5877039,2011,2011,W1495084258
10.1109/icebeg.2011.5877041,2011,2011,W1810062256
10.1109/icebeg.2011.5877042,2011,2011,W1585629368
10.1109/icebeg.2011.5877044,2011,2011,W1580442991
10.1109/icebeg.2011.5877045,2011,2011,W1739993052
10.1109/icebeg.2011.5877046,2011,2011,W1931524618
10.1109/icebeg.2011.5877047,2011,2011,W2100394293
10.1109/icebeg.2011.5877051,2011,2011,W1957750189
10.1109/icebeg.2011.5877055,2011,2011,W1795878774
10.1109/icebeg.2011.5877056,2011,2011,W1493259726
10.1109/icebeg.2011.5877057,2011,2011,W1599500580
10.1109/icebeg.2011.5877059,2011,2011,W1533624547
10.1109/icebeg.2011.5877064,2011,2011,W1963205632
10.1109/icebeg.2011.5877069,2011,2011,W1551139673
10.1109/icebeg.2011.5877072,2011,2011,W1870416001
10.1109/icebeg.2011.5881262,2011,2011,W2142858463
10.1109/icebeg.2011.5881267,2011,2011,W1684242522
10.1109/icebeg.2011.5881268,2011,2011,W1540366260
10.1109/icebeg.2011.5881273,2011,2011,W1927447488
10.1109/icebeg.2011.5881274,2011,2011,W2146835263
10.1109/icebeg.2011.5881276,2011,2011,W2168851307
10.1109/icebeg.2011.5881278,2011,2011,W1897143197
10.1109/icebeg.2011.5881290,2011,2011,W1962275705
10.1109/icebeg.2011.5881291,2011,2011,W1894608908
10.1109/icebeg.2011.5881296,2011,2011,W1790208830
10.1109/icebeg.2011.5881299,2011,2011,W1932751571
10.1109/icebeg.2011.5881300,2011,2011,W2127166791
10.1109/icebeg.2011.5881301,2011,2011,W1706113006
10.1109/icebeg.2011.5881303,2011,2011,W1626795148
10.1109/icebeg.2011.5881308,2011,2011,W1554218169
10.1109/icebeg.2011.5881309,2011,2011,W1826643579
10.1109/icebeg.2011.5881310,2011,2011,W2118828916
10.1109/icebeg.2011.5881312,2011,2011,W1934860482
10.1109/icebeg.2011.5881317,2011,2011,W1507470475
10.1109/icebeg.2011.5881318,2011,2011,W1859559659
10.1109/icebeg.2011.5881319,2011,2011,W1910676675
10.1109/icebeg.2011.5881325,2011,2011,W2152496149
10.1109/icebeg.2011.5881326,2011,2011,W1890278636
10.1109/icebeg.2011.5881331,2011,2011,W2119452153
10.1109/icebeg.2011.5881334,2011,2011,W1610104575
10.1109/icebeg.2011.5881336,2011,2011,W1560502901
10.1109/icebeg.2011.5881338,2011,2011,W1883165238
10.1109/icebeg.2011.5881343,2011,2011,W1872547898
10.1109/icebeg.2011.5881344,2011,2011,W1583655800
10.1109/icebeg.2011.5881345,2011,2011,W1849932977
10.1109/icebeg.2011.5881346,2011,2011,W1562177046
10.1109/icebeg.2011.5881348,2011,2011,W1697487666
10.1109/icebeg.2011.5881349,2011,2011,W1920517922
10.1109/icebeg.2011.5881351,2011,2011,W1699700382
10.1109/icebeg.2011.5881355,2011,2011,W1545038264
10.1109/icebeg.2011.5881356,2011,2011,W1523462799
10.1109/icebeg.2011.5881363,2011,2011,W1608392061
10.1109/icebeg.2011.5881369,2011,2011,W2142541894
10.1109/icebeg.2011.5881370,2011,2011,W1691836785
10.1109/icebeg.2011.5881371,2011,2011,W1509796504
10.1109/icebeg.2011.5881379,2011,2011,W1731453029
10.1109/icebeg.2011.5881380,2011,2011,W1553348482
10.1109/icebeg.2011.5881385,2011,2011,W1484626801
10.1109/icebeg.2011.5881388,2011,2011,W1492538588
10.1109/icebeg.2011.5881395,2011,2011,W1594166625
10.1109/icebeg.2011.5881399,2011,2011,W1764686896
10.1109/icebeg.2011.5881400,2011,2011,W1864266387
10.1109/icebeg.2011.5881402,2011,2011,W1507875088
10.1109/icebeg.2011.5881403,2011,2011,W1541329972
10.1109/icebeg.2011.5881405,2011,2011,W2103630553
10.1109/icebeg.2011.5881407,2011,2011,W1566745109
10.1109/icebeg.2011.5881409,2011,2011,W1645611940
10.1109/icebeg.2011.5881414,2011,2011,W1574405870
10.1109/icebeg.2011.5881417,2011,2011,W1496458737
10.1109/icebeg.2011.5881421,2011,2011,W2163741216
10.1109/icebeg.2011.5881423,2011,2011,W1568313931
10.1109/icebeg.2011.5881428,2011,2011,W1858619315
10.1109/icebeg.2011.5881429,2011,2011,W1590483696
10.1109/icebeg.2011.5881430,2011,2011,W2104622692
10.1109/icebeg.2011.5881441,2011,2011,W1915975175
10.1109/icebeg.2011.5881445,2011,2011,W2119571602
10.1109/icebeg.2011.5881448,2011,2011,W1862662324
10.1109/icebeg.2011.5881452,2011,2011,W2132374532
10.1109/icebeg.2011.5881453,2011,2011,W1770533684
10.1109/icebeg.2011.5881454,2011,2011,W1827562889
10.1109/icebeg.2011.5881455,2011,2011,W1570632927
10.1109/icebeg.2011.5881459,2011,2011,W1795956121
10.1109/icebeg.2011.5881461,2011,2011,W1541576880
10.1109/icebeg.2011.5881464,2011,2011,W2151635096
10.1109/icebeg.2011.5881466,2011,2011,W1485011928
10.1109/icebeg.2011.5881468,2011,2011,W1542083439
10.1109/icebeg.2011.5881471,2011,2011,W1942879933
10.1109/icebeg.2011.5881474,2011,2011,W1910352511
10.1109/icebeg.2011.5881475,2011,2011,W1835725259
10.1109/icebeg.2011.5881477,2011,2011,W1961000014
10.1109/icebeg.2011.5881481,2011,2011,W1506013986
10.1109/icebeg.2011.5881486,2011,2011,W1593606397
10.1109/icebeg.2011.5881488,2011,2011,W1880243080
10.1109/icebeg.2011.5881495,2011,2011,W1927952766
10.1109/icebeg.2011.5881499,2011,2011,W1590777618
10.1109/icebeg.2011.5881502,2011,2011,W1591805993
10.1109/icebeg.2011.5881503,2011,2011,W1628997288
10.1109/icebeg.2011.5881504,2011,2011,W1577822107
10.1109/icebeg.2011.5881505,2011,2011,W1732898277
10.1109/icebeg.2011.5881506,2011,2011,W1588466945
10.1109/icebeg.2011.5881507,2011,2011,W1521174229
10.1109/icebeg.2011.5881517,2011,2011,W1551098667
10.1109/icebeg.2011.5881519,2011,2011,W1960388782
10.1109/icebeg.2011.5881523,2011,2011,W1487346781
10.1109/icebeg.2011.5881525,2011,2011,W1566689638
10.1109/icebeg.2011.5881527,2011,2011,W1880930537
10.1109/icebeg.2011.5881538,2011,2011,W1639256753
10.1109/icebeg.2011.5881540,2011,2011,W1642489136
10.1109/icebeg.2011.5881542,2011,2011,W1605561631
10.1109/icebeg.2011.5881545,2011,2011,W1648316858
10.1109/icebeg.2011.5881548,2011,2011,W1513571123
10.1109/icebeg.2011.5881550,2011,2011,W1567795747
10.1109/icebeg.2011.5881551,2011,2011,W1534503458
10.1109/icebeg.2011.5881558,2011,2011,W1856131993
10.1109/icebeg.2011.5881559,2011,2011,W1554226258
10.1109/icebeg.2011.5881561,2011,2011,W1896249441
10.1109/icebeg.2011.5881563,2011,2011,W1494363031
10.1109/icebeg.2011.5881568,2011,2011,W1935381806
10.1109/icebeg.2011.5881571,2011,2011,W1526140840
10.1109/icebeg.2011.5881572,2011,2011,W1573056386
10.1109/icebeg.2011.5881576,2011,2011,W1635281326
10.1109/icebeg.2011.5881578,2011,2011,W1659968759
10.1109/icebeg.2011.5881579,2011,2011,W1619564952
10.1109/icebeg.2011.5881582,2011,2011,W2152439647
10.1109/icebeg.2011.5881583,2011,2011,W1932424187
10.1109/icebeg.2011.5881584,2011,2011,W1543004352
10.1109/icebeg.2011.5881586,2011,2011,W1601526412
10.1109/icebeg.2011.5881589,2011,2011,W1583141381
10.1109/icebeg.2011.5881590,2011,2011,W1580755715
10.1109/icebeg.2011.5881592,2011,2011,W1527164020
10.1109/icebeg.2011.5881596,2011,2011,W1900320225
10.1109/icebeg.2011.5881599,2011,2011,W1484938876
10.1109/icebeg.2011.5881600,2011,2011,W2132854838
10.1109/icebeg.2011.5881601,2011,2011,W1839276429
10.1109/icebeg.2011.5881606,2011,2011,W1586572152
10.1109/icebeg.2011.5881607,2011,2011,W1545291146
10.1109/icebeg.2011.5881608,2011,2011,W1594041133
10.1109/icebeg.2011.5881609,2011,2011,W1869282322
10.1109/icebeg.2011.5881615,2011,2011,W1947304008
10.1109/icebeg.2011.5881619,2011,2011,W1501111901
10.1109/icebeg.2011.5881621,2011,2011,W1514355419
10.1109/icebeg.2011.5881622,2011,2011,W1580406093
10.1109/icebeg.2011.5881626,2011,2011,W1623721864
10.1109/icebeg.2011.5881627,2011,2011,W1598758019
10.1109/icebeg.2011.5881629,2011,2011,W1501104859
10.1109/icebeg.2011.5881632,2011,2011,W1691476234
10.1109/icebeg.2011.5881633,2011,2011,W1595702409
10.1109/icebeg.2011.5881637,2011,2011,W1508593224
10.1109/icebeg.2011.5881641,2011,2011,W1535769147
10.1109/icebeg.2011.5881642,2011,2011,W1561210692
10.1109/icebeg.2011.5881643,2011,2011,W1555526708
10.1109/icebeg.2011.5881644,2011,2011,W1494084775
10.1109/icebeg.2011.5881649,2011,2011,W1851074247
10.1109/icebeg.2011.5881655,2011,2011,W2154412661
10.1109/icebeg.2011.5881658,2011,2011,W1484806722
10.1109/icebeg.2011.5881664,2011,2011,W1605581748
10.1109/icebeg.2011.5881676,2011,2011,W1876305254
10.1109/icebeg.2011.5881677,2011,2011,W1947857141
10.1109/icebeg.2011.5881678,2011,2011,W1723406844
10.1109/icebeg.2011.5881709,2011,2011,W1537998489
10.1109/icebeg.2011.5881714,2011,2011,W1601096825
10.1109/icebeg.2011.5881716,2011,2011,W1572373907
10.1109/icebeg.2011.5881722,2011,2011,W1500098394
10.1109/icebeg.2011.5881726,2011,2011,W2139298929
10.1109/icebeg.2011.5881731,2011,2011,W1552510070
10.1109/icebeg.2011.5881733,2011,2011,W1894227187
10.1109/icebeg.2011.5881739,2011,2011,W1838558735
10.1109/icebeg.2011.5881745,2011,2011,W1661881020
10.1109/icebeg.2011.5881748,2011,2011,W1688116228
10.1109/icebeg.2011.5881751,2011,2011,W1840370104
10.1109/icebeg.2011.5881766,2011,2011,W1596557091
10.1109/icebeg.2011.5881770,2011,2011,W1770486717
10.1109/icebeg.2011.5881772,2011,2011,W1510701976
10.1109/icebeg.2011.5881776,2011,2011,W2162151672
10.1109/icebeg.2011.5881778,2011,2011,W1521906535
10.1109/icebeg.2011.5881783,2011,2011,W1504891456
10.1109/icebeg.2011.5881785,2011,2011,W1948339075
10.1109/icebeg.2011.5881810,2011,2011,W1562885972
10.1109/icebeg.2011.5881811,2011,2011,W1581579305
10.1109/icebeg.2011.5881813,2011,2011,W1886836385
10.1109/icebeg.2011.5881820,2011,2011,W1603116576
10.1109/icebeg.2011.5881822,2011,2011,W1946243643
10.1109/icebeg.2011.5881832,2011,2011,W1852433940
10.1109/icebeg.2011.5881833,2011,2011,W1502301545
10.1109/icebeg.2011.5881841,2011,2011,W1575607746
10.1109/icebeg.2011.5881843,2011,2011,W1860523633
10.1109/icebeg.2011.5881861,2011,2011,W1573573374
10.1109/icebeg.2011.5881863,2011,2011,W1587768024
10.1109/icebeg.2011.5881868,2011,2011,W1732832494
10.1109/icebeg.2011.5881869,2011,2011,W1513223283
10.1109/icebeg.2011.5881874,2011,2011,W1532941793
10.1109/icebeg.2011.5881882,2011,2011,W1625692566
10.1109/icebeg.2011.5881887,2011,2011,W2155108712
10.1109/icebeg.2011.5881903,2011,2011,W1482770739
10.1109/icebeg.2011.5881904,2011,2011,W1915901390
10.1109/icebeg.2011.5881905,2011,2011,W2133259781
10.1109/icebeg.2011.5881907,2011,2011,W1679451805
10.1109/icebeg.2011.5881909,2011,2011,W1517235670
10.1109/icebeg.2011.5881913,2011,2011,W1562600303
10.1109/icebeg.2011.5881914,2011,2011,W1541612273
10.1109/icebeg.2011.5881924,2011,2011,W1484354431
10.1109/icebeg.2011.5881925,2011,2011,W1604734086
10.1109/icebeg.2011.5881926,2011,2011,W1500475112
10.1109/icebeg.2011.5881927,2011,2011,W1603903332
10.1109/icebeg.2011.5881930,2011,2011,W1531993505
10.1109/icebeg.2011.5881944,2011,2011,W1823842318
10.1109/icebeg.2011.5881949,2011,2011,W1591745969
10.1109/icebeg.2011.5881953,2011,2011,W1874190288
10.1109/icebeg.2011.5881955,2011,2011,W1595376665
10.1109/icebeg.2011.5881957,2011,2011,W1756627435
10.1109/icebeg.2011.5881959,2011,2011,W2140496239
10.1109/icebeg.2011.5881964,2011,2011,W1698727200
10.1109/icebeg.2011.5881968,2011,2011,W1485331775
10.1109/icebeg.2011.5881969,2011,2011,W1600519307
10.1109/icebeg.2011.5881970,2011,2011,W1540628725
10.1109/icebeg.2011.5881973,2011,2011,W1568525635
10.1109/icebeg.2011.5881977,2011,2011,W1490737223
10.1109/icebeg.2011.5881980,2011,2011,W1520870358
10.1109/icebeg.2011.5881983,2011,2011,W2140368588
10.1109/icebeg.2011.5881986,2011,2011,W1520117389
10.1109/icebeg.2011.5881989,2011,2011,W1598196416
10.1109/icebeg.2011.5881991,2011,2011,W1486847238
10.1109/icebeg.2011.5881995,2011,2011,W1840970753
10.1109/icebeg.2011.5881996,2011,2011,W1576788358
10.1109/icebeg.2011.5881999,2011,2011,W1911649872
10.1109/icebeg.2011.5882000,2011,2011,W1607467704
10.1109/icebeg.2011.5882001,2011,2011,W1569842470
10.1109/icebeg.2011.5882008,2011,2011,W1573983562
10.1109/icebeg.2011.5882016,2011,2011,W1904775148
10.1109/icebeg.2011.5882018,2011,2011,W1589395208
10.1109/icebeg.2011.5882021,2011,2011,W1668489214
10.1109/icebeg.2011.5882027,2011,2011,W1597034122
10.1109/icebeg.2011.5882030,2011,2011,W1489281366
10.1109/icebeg.2011.5882033,2011,2011,W1690446074
10.1109/icebeg.2011.5882034,2011,2011,W1595172913
10.1109/icebeg.2011.5882036,2011,2011,W1514121600
10.1109/icebeg.2011.5882037,2011,2011,W1507829025
10.1109/icebeg.2011.5882039,2011,2011,W1844421845
10.1109/icebeg.2011.5882043,2011,2011,W2016619310
10.1109/icebeg.2011.5882051,2011,2011,W1900095860
10.1109/icebeg.2011.5882052,2011,2011,W1845044094
10.1109/icebeg.2011.5882059,2011,2011,W1566274300
10.1109/icebeg.2011.5882066,2011,2011,W1505673029
10.1109/icebeg.2011.5882068,2011,2011,W1854402925
10.1109/icebeg.2011.5882069,2011,2011,W1902791827
10.1109/icebeg.2011.5882070,2011,2011,W1911168888
10.1109/icebeg.2011.5882074,2011,2011,W1577166087
10.1109/icebeg.2011.5882085,2011,2011,W1620392745
10.1109/icebeg.2011.5882093,2011,2011,W1881313587
10.1109/icebeg.2011.5882100,2011,2011,W1949755497
10.1109/icebeg.2011.5882110,2011,2011,W1497854043
10.1109/icebeg.2011.5882115,2011,2011,W1604005014
10.1109/icebeg.2011.5882117,2011,2011,W1938836106
10.1109/icebeg.2011.5882121,2011,2011,W1913818859
10.1109/icebeg.2011.5882124,2011,2011,W1716773960
10.1109/icebeg.2011.5882127,2011,2011,W2104103341
10.1109/icebeg.2011.5882130,2011,2011,W1920954263
10.1109/icebeg.2011.5882132,2011,2011,W1824085476
10.1109/icebeg.2011.5882135,2011,2011,W1850723599
10.1109/icebeg.2011.5882139,2011,2011,W1485085531
10.1109/icebeg.2011.5882142,2011,2011,W1530232434
10.1109/icebeg.2011.5882148,2011,2011,W2168094931
10.1109/icebeg.2011.5882149,2011,2011,W1899154004
10.1109/icebeg.2011.5882151,2011,2011,W1501540285
10.1109/icebeg.2011.5882159,2011,2011,W1545320379
10.1109/icebeg.2011.5882160,2011,2011,W1844069036
10.1109/icebeg.2011.5882162,2011,2011,W1513718404
10.1109/icebeg.2011.5882165,2011,2011,W2099232052
10.1109/icebeg.2011.5882168,2011,2011,W1599827854
10.1109/icebeg.2011.5882173,2011,2011,W1493690841
10.1109/icebeg.2011.5882174,2011,2011,W2140656501
10.1109/icebeg.2011.5882178,2011,2011,W1604373872
10.1109/icebeg.2011.5882179,2011,2011,W1547388152
10.1109/icebeg.2011.5882180,2011,2011,W1533856760
10.1109/icebeg.2011.5882187,2011,2011,W1846717772
10.1109/icebeg.2011.5882188,2011,2011,W1572738081
10.1109/icebeg.2011.5882190,2011,2011,W1498919722
10.1109/icebeg.2011.5882195,2011,2011,W1935122533
10.1109/icebeg.2011.5882198,2011,2011,W1565070096
10.1109/icebeg.2011.5882199,2011,2011,W1487201932
10.1109/icebeg.2011.5882200,2011,2011,W1606838050
10.1109/icebeg.2011.5882202,2011,2011,W1586494224
10.1109/icebeg.2011.5882204,2011,2011,W1631852332
10.1109/icebeg.2011.5882209,2011,2011,W1897977142
10.1109/icebeg.2011.5882210,2011,2011,W1575083869
10.1109/icebeg.2011.5882212,2011,2011,W1516715729
10.1109/icebeg.2011.5882214,2011,2011,W1813429861
10.1109/icebeg.2011.5882219,2011,2011,W1553348766
10.1109/icebeg.2011.5882225,2011,2011,W2120747956
10.1109/icebeg.2011.5882228,2011,2011,W1571109125
10.1109/icebeg.2011.5882231,2011,2011,W1582038903
10.1109/icebeg.2011.5882232,2011,2011,W1492137698
10.1109/icebeg.2011.5882233,2011,2011,W2121500696
10.1109/icebeg.2011.5882234,2011,2011,W1516466155
10.1109/icebeg.2011.5882236,2011,2011,W1845170926
10.1109/icebeg.2011.5882242,2011,2011,W1908395955
10.1109/icebeg.2011.5882248,2011,2011,W1832449782
10.1109/icebeg.2011.5882251,2011,2011,W1910836610
10.1109/icebeg.2011.5882255,2011,2011,W1518292455
10.1109/icebeg.2011.5882256,2011,2011,W2162203332
10.1109/icebeg.2011.5882257,2011,2011,W1936491361
10.1109/icebeg.2011.5882260,2011,2011,W1591712523
10.1109/icebeg.2011.5882262,2011,2011,W1912140926
10.1109/icebeg.2011.5882264,2011,2011,W1524562749
10.1109/icebeg.2011.5882265,2011,2011,W1846586950
10.1109/icebeg.2011.5882266,2011,2011,W2147257578
10.1109/icebeg.2011.5882274,2011,2011,W1543252684
10.1109/icebeg.2011.5882278,2011,2011,W2121336515
10.1109/icebeg.2011.5882279,2011,2011,W1678845210
10.1109/icebeg.2011.5882280,2011,2011,W1494891798
10.1109/icebeg.2011.5882294,2011,2011,W1513695654
10.1109/icebeg.2011.5882297,2011,2011,W1856051268
10.1109/icebeg.2011.5882305,2011,2011,W1540452133
10.1109/icebeg.2011.5882311,2011,2011,W1598119961
10.1109/icebeg.2011.5882312,2011,2011,W1585756391
10.1109/icebeg.2011.5882313,2011,2011,W1528319385
10.1109/icebeg.2011.5882314,2011,2011,W1674104265
10.1109/icebeg.2011.5882320,2011,2011,W1528341056
10.1109/icebeg.2011.5882321,2011,2011,W1575605868
10.1109/icebeg.2011.5882322,2011,2011,W1843921924
10.1109/icebeg.2011.5882324,2011,2011,W1577503434
10.1109/icebeg.2011.5882325,2011,2011,W1533134257
10.1109/icebeg.2011.5882328,2011,2011,W1539843478
10.1109/icebeg.2011.5882331,2011,2011,W1920141216
10.1109/icebeg.2011.5882334,2011,2011,W1494127332
10.1109/icebeg.2011.5882336,2011,2011,W1830690931
10.1109/icebeg.2011.5882341,2011,2011,W1653453850
10.1109/icebeg.2011.5882345,2011,2011,W1829822625
10.1109/icebeg.2011.5882347,2011,2011,W1549954990
10.1109/icebeg.2011.5882350,2011,2011,W1493251582
10.1109/icebeg.2011.5882351,2011,2011,W1554947006
10.1109/icebeg.2011.5882353,2011,2011,W2151179292
10.1109/icebeg.2011.5882355,2011,2011,W1507880819
10.1109/icebeg.2011.5882357,2011,2011,W1872133185
10.1109/icebeg.2011.5882358,2011,2011,W1584357845
10.1109/icebeg.2011.5882359,2011,2011,W1499891376
10.1109/icebeg.2011.5882369,2011,2011,W1518864335
10.1109/icebeg.2011.5882373,2011,2011,W1564176252
10.1109/icebeg.2011.5882374,2011,2011,W1869800959
10.1109/icebeg.2011.5882375,2011,2011,W1599574430
10.1109/icebeg.2011.5882379,2011,2011,W1518608850
10.1109/icebeg.2011.5882383,2011,2011,W1844724978
10.1109/icebeg.2011.5882385,2011,2011,W1485472153
10.1109/icebeg.2011.5882388,2011,2011,W1898794161
10.1109/icebeg.2011.5882391,2011,2011,W1889907516
10.1109/icebeg.2011.5882393,2011,2011,W1563931942
10.1109/icebeg.2011.5882395,2011,2011,W1783082909
10.1109/icebeg.2011.5882398,2011,2011,W1867509277
10.1109/icebeg.2011.5882405,2011,2011,W1835367924
10.1109/icebeg.2011.5882410,2011,2011,W1952192961
10.1109/icebeg.2011.5882412,2011,2011,W1927300682
10.1109/icebeg.2011.5882413,2011,2011,W1811931336
10.1109/icebeg.2011.5882425,2011,2011,W1591047364
10.1109/icebeg.2011.5882428,2011,2011,W1595984679
10.1109/icebeg.2011.5882429,2011,2011,W1534490605
10.1109/icebeg.2011.5882432,2011,2011,W1915198316
10.1109/icebeg.2011.5882435,2011,2011,W1516811059
10.1109/icebeg.2011.5882439,2011,2011,W1728379297
10.1109/icebeg.2011.5882440,2011,2011,W1956791707
10.1109/icebeg.2011.5882442,2011,2011,W1610417125
10.1109/icebeg.2011.5882443,2011,2011,W1949479511
10.1109/icebeg.2011.5882444,2011,2011,W1519901679
10.1109/icebeg.2011.5882448,2011,2011,W1924613415
10.1109/icebeg.2011.5882451,2011,2011,W2142797956
10.1109/icebeg.2011.5882453,2011,2011,W2142468171
10.1109/icebeg.2011.5882455,2011,2011,W2147582505
10.1109/icebeg.2011.5882456,2011,2011,W1517849997
10.1109/icebeg.2011.5882457,2011,2011,W1869671113
10.1109/icebeg.2011.5882461,2011,2011,W1939582788
10.1109/icebeg.2011.5882462,2011,2011,W1491166438
10.1109/icebeg.2011.5882467,2011,2011,W1829010982
10.1109/icebeg.2011.5882471,2011,2011,W1592272616
10.1109/icebeg.2011.5882474,2011,2011,W1559928432
10.1109/icebeg.2011.5882479,2011,2011,W2141857047
10.1109/icebeg.2011.5882486,2011,2011,W1851068801
10.1109/icebeg.2011.5882489,2011,2011,W1920610988
10.1109/icebeg.2011.5882491,2011,2011,W1959301555
10.1109/icebeg.2011.5882497,2011,2011,W1481820077
10.1109/icebeg.2011.5882500,2011,2011,W1538790054
10.1109/icebeg.2011.5882507,2011,2011,W1941006167
10.1109/icebeg.2011.5882524,2011,2011,W1535455605
10.1109/icebeg.2011.5882528,2011,2011,W1597801259
10.1109/icebeg.2011.5882529,2011,2011,W2134286036
10.1109/icebeg.2011.5882530,2011,2011,W1949855552
10.1109/icebeg.2011.5882534,2011,2011,W1511315491
10.1109/icebeg.2011.5882552,2011,2011,W1532080597
10.1109/icebeg.2011.5882556,2011,2011,W1580345372
10.1109/icebeg.2011.5882557,2011,2011,W1581262355
10.1109/icebeg.2011.5882559,2011,2011,W1846304491
10.1109/icebeg.2011.5882565,2011,2011,W1831268626
10.1109/icebeg.2011.5882568,2011,2011,W1554899077
10.1109/icebeg.2011.5882582,2011,2011,W1959551600
10.1109/icebeg.2011.5882585,2011,2011,W1479901854
10.1109/icebeg.2011.5882588,2011,2011,W1525616495
10.1109/icebeg.2011.5882591,2011,2011,W2102503626
10.1109/icebeg.2011.5882592,2011,2011,W1945810428
10.1109/icebeg.2011.5882597,2011,2011,W1942735871
10.1109/icebeg.2011.5882618,2011,2011,W1602699103
10.1109/icebeg.2011.5882620,2011,2011,W1634338839
10.1109/icebeg.2011.5882623,2011,2011,W1920930417
10.1109/icebeg.2011.5882626,2011,2011,W1528163222
10.1109/icebeg.2011.5882628,2011,2011,W1810355973
10.1109/icebeg.2011.5882633,2011,2011,W1595277287
10.1109/icebeg.2011.5882637,2011,2011,W1486498961
10.1109/icebeg.2011.5882640,2011,2011,W1523550182
10.1109/icebeg.2011.5882642,2011,2011,W1549015129
10.1109/icebeg.2011.5882644,2011,2011,W1509693841
10.1109/icebeg.2011.5882649,2011,2011,W1836912424
10.1109/icebeg.2011.5882650,2011,2011,W1771885481
10.1109/icebeg.2011.5882655,2011,2011,W1822358343
10.1109/icebeg.2011.5882656,2011,2011,W1522364396
10.1109/icebeg.2011.5882657,2011,2011,W1488320564
10.1109/icebeg.2011.5882659,2011,2011,W2132414993
10.1109/icebeg.2011.5882664,2011,2011,W1895727594
10.1109/icebeg.2011.5882665,2011,2011,W1845805114
10.1109/icebeg.2011.5882671,2011,2011,W1563349476
10.1109/icebeg.2011.5882674,2011,2011,W1862330364
10.1109/icebeg.2011.5882675,2011,2011,W1711292747
10.1109/icebeg.2011.5882681,2011,2011,W2129661457
10.1109/icebeg.2011.5882682,2011,2011,W1543108172
10.1109/icebeg.2011.5882690,2011,2011,W1767712032
10.1109/icebeg.2011.5882696,2011,2011,W1565528745
10.1109/icebeg.2011.5882700,2011,2011,W1893019341
10.1109/icebeg.2011.5882701,2011,2011,W1487495047
10.1109/icebeg.2011.5882704,2011,2011,W1516151866
10.1109/icebeg.2011.5882708,2011,2011,W1556936138
10.1109/icebeg.2011.5882717,2011,2011,W1832462471
10.1109/icebeg.2011.5882744,2011,2011,W1520339198
10.1109/icebeg.2011.5882750,2011,2011,W1601104419
10.1109/icebeg.2011.5882760,2011,2011,W1499880064
10.1109/icebeg.2011.5882761,2011,2011,W1848823644
10.1109/icebeg.2011.5882766,2011,2011,W1876986120
10.1109/icebeg.2011.5882767,2011,2011,W1890971930
10.1109/icebeg.2011.5882768,2011,2011,W1770888726
10.1109/icebeg.2011.5882769,2011,2011,W1946571622
10.1109/icebeg.2011.5882770,2011,2011,W1632210154
10.1109/icebeg.2011.5882779,2011,2011,W1893554024
10.1109/icebeg.2011.5882783,2011,2011,W2097073227
10.1109/icebeg.2011.5882787,2011,2011,W1515034474
10.1109/icebeg.2011.5882789,2011,2011,W1540960949
10.1109/icebeg.2011.5882790,2011,2011,W1848466277
10.1109/icebeg.2011.5882792,2011,2011,W1590244801
10.1109/icebeg.2011.5882793,2011,2011,W1572901392
10.1109/icebeg.2011.5882796,2011,2011,W1565238915
10.1109/icebeg.2011.5882799,2011,2011,W1481007158
10.1109/icebeg.2011.5882800,2011,2011,W1532607143
10.1109/icebeg.2011.5882808,2011,2011,W1479705189
10.1109/icebeg.2011.5882811,2011,2011,W1589609589
10.1109/icebeg.2011.5884471,2011,2011,W1707350643
10.1109/icebeg.2011.5884472,2011,2011,W1619745694
10.1109/icebeg.2011.5884474,2011,2011,W2156059908
10.1109/icebeg.2011.5884475,2011,2011,W1946635467
10.1109/icebeg.2011.5884476,2011,2011,W1838715529
10.1109/icebeg.2011.5884477,2011,2011,W1936275539
10.1109/icebeg.2011.5884478,2011,2011,W1605716020
10.1109/icebeg.2011.5884479,2011,2011,W1908113093
10.1109/icebeg.2011.5884481,2011,2011,W1561607678
10.1109/icebeg.2011.5884483,2011,2011,W2171483666
10.1109/icebeg.2011.5884489,2011,2011,W1507349710
10.1109/icebeg.2011.5884499,2011,2011,W1505509264
10.1109/icebeg.2011.5884501,2011,2011,W1541141139
10.1109/icebeg.2011.5884503,2011,2011,W1753887192
10.1109/icebeg.2011.5884508,2011,2011,W1511763960
10.1109/icebeg.2011.5884514,2011,2011,W1586307192
10.1109/icebeg.2011.5884515,2011,2011,W1899487238
10.1109/icebeg.2011.5884521,2011,2011,W1504884428
10.1109/icebeg.2011.5884525,2011,2011,W1894009489
10.1109/icebeg.2011.5884531,2011,2011,W2096046859
10.1109/icebeg.2011.5884534,2011,2011,W1489130209
10.1109/icebeg.2011.5884537,2011,2011,W1539435128
10.1109/icebeg.2011.5884542,2011,2011,W2169244804
10.1109/icebeg.2011.5885273,2011,2011,W1480663068
10.1109/icebeg.2011.5885276,2011,2011,W2131248939
10.1109/icebeg.2011.5885281,2011,2011,W1572423886
10.1109/icebeg.2011.5885282,2011,2011,W1825847020
10.1109/icebeg.2011.5885283,2011,2011,W1643902202
10.1109/icebeg.2011.5885286,2011,2011,W1791823610
10.1109/icebeg.2011.5885290,2011,2011,W1862321863
10.1109/icebeg.2011.5885292,2011,2011,W1573986982
10.1109/icebeg.2011.5885293,2011,2011,W1554298884
10.1109/icebeg.2011.5885300,2011,2011,W1485394004
10.1109/icebeg.2011.5885301,2011,2011,W1916815505
10.1109/icebeg.2011.5885311,2011,2011,W1959144923
10.1109/icebeg.2011.5885322,2011,2011,W1720455153
10.1109/icebeg.2011.5885324,2011,2011,W1858565037
10.1109/icebeg.2011.5885325,2011,2011,W1556594245
10.1109/icebeg.2011.5885335,2011,2011,W1959567570
10.1109/icebeg.2011.5885336,2011,2011,W1496606270
10.1109/icebeg.2011.5885337,2011,2011,W1571081835
10.1109/icebeg.2011.5885338,2011,2011,W1594208521
10.1109/icebeg.2011.5885339,2011,2011,W1639703690
10.1109/icebeg.2011.5886743,2011,2011,W1883161664
10.1109/icebeg.2011.5886745,2011,2011,W1879648502
10.1109/icebeg.2011.5886746,2011,2011,W1496694892
10.1109/icebeg.2011.5886748,2011,2011,W1533227173
10.1109/icebeg.2011.5886749,2011,2011,W1482745745
10.1109/icebeg.2011.5886751,2011,2011,W1571254208
10.1109/icebeg.2011.5886773,2011,2011,W1887866042
10.1109/icebeg.2011.5886778,2011,2011,W1878548318
10.1109/icebeg.2011.5886787,2011,2011,W1639863135
10.1109/icebeg.2011.5886789,2011,2011,W1870496893
10.1109/icebeg.2011.5886790,2011,2011,W1567586935
10.1109/icebeg.2011.5886793,2011,2011,W2135019105
10.1109/icebeg.2011.5886794,2011,2011,W1765572143
10.1109/icebeg.2011.5886806,2011,2011,W2107981430
10.1109/icebeg.2011.5886811,2011,2011,W1891599685
10.1109/icebeg.2011.5886813,2011,2011,W1828320879
10.1109/icebeg.2011.5886827,2011,2011,W1904449255
10.1109/icebeg.2011.5886831,2011,2011,W1835628510
10.1109/icebeg.2011.5886832,2011,2011,W1892269416
10.1109/icebeg.2011.5886834,2011,2011,W1601394564
10.1109/icebeg.2011.5886835,2011,2011,W1949214446
10.1109/icebeg.2011.5886838,2011,2011,W1547715655
10.1109/icebeg.2011.5886839,2011,2011,W1527278312
10.1109/icebeg.2011.5886842,2011,2011,W1569149302
10.1109/icebeg.2011.5886844,2011,2011,W1633102019
10.1109/icebeg.2011.5886845,2011,2011,W1897175940
10.1109/icebeg.2011.5886846,2011,2011,W1891384434
10.1109/icebeg.2011.5886847,2011,2011,W1650807643
10.1109/icebeg.2011.5886852,2011,2011,W1546387129
10.1109/icebeg.2011.5886857,2011,2011,W1554327176
10.1109/icebeg.2011.5886865,2011,2011,W1549481716
10.1109/icebeg.2011.5886871,2011,2011,W1563516400
10.1109/icebeg.2011.5886879,2011,2011,W1597320195
10.1109/icebeg.2011.5886880,2011,2011,W1527248888
10.1109/icebeg.2011.5886881,2011,2011,W1560741083
10.1109/icebeg.2011.5886882,2011,2011,W1549146295
10.1109/icebeg.2011.5886888,2011,2011,W1507279390
10.1109/icebeg.2011.5886890,2011,2011,W1604930653
10.1109/icebeg.2011.5886893,2011,2011,W1878532711
10.1109/icebeg.2011.5886908,2011,2011,W1956171721
10.1109/icebeg.2011.5886909,2011,2011,W1598457885
10.1109/icebeg.2011.5886917,2011,2011,W1649751571
10.1109/icebeg.2011.5886919,2011,2011,W1495597721
10.1109/icebeg.2011.5886920,2011,2011,W2123066461
10.1109/icebeg.2011.5886922,2011,2011,W1562504602
10.1109/icebeg.2011.5886924,2011,2011,W1576728267
10.1109/icebeg.2011.5886926,2011,2011,W1581937635
10.1109/icebeg.2011.5886933,2011,2011,W1607607314
10.1109/icebeg.2011.5886935,2011,2011,W1601688220
10.1109/icebeg.2011.5886936,2011,2011,W1864968786
10.1109/icebeg.2011.5886937,2011,2011,W1576085189
10.1109/icebeg.2011.5886941,2011,2011,W2115208641
10.1109/icebeg.2011.5886943,2011,2011,W1784449828
10.1109/icebeg.2011.5886951,2011,2011,W1520622613
10.1109/icebeg.2011.5886955,2011,2011,W2140090702
10.1109/icebeg.2011.5886956,2011,2011,W1664809874
10.1109/icebeg.2011.5886957,2011,2011,W1538911430
10.1109/icebeg.2011.5886976,2011,2011,W1568440969
10.1109/icebeg.2011.5886982,2011,2011,W1514231130
10.1109/icebeg.2011.5886985,2011,2011,W1508230700
10.1109/icebeg.2011.5886987,2011,2011,W1866073550
10.1109/icebeg.2011.5886989,2011,2011,W2171126244
10.1109/icebeg.2011.5886990,2011,2011,W2104080114
10.1109/icebeg.2011.5886991,2011,2011,W1951487143
10.1109/icebeg.2011.5886994,2011,2011,W1697610748
10.1109/icebeg.2011.5887002,2011,2011,W1574088150
10.1109/icebeg.2011.5887007,2011,2011,W1503553437
10.1109/icebeg.2011.5887009,2011,2011,W1597438431
10.1109/icebeg.2011.5887012,2011,2011,W1939844798
10.1109/icebeg.2011.5887017,2011,2011,W1821631181
10.1109/icebeg.2011.5887019,2011,2011,W1909375928
10.1109/icebeg.2011.5887021,2011,2011,W1881882788
10.1109/icebeg.2011.5887023,2011,2011,W1525882329
10.1109/icebeg.2011.5887035,2011,2011,W1727262637
10.1109/icebeg.2011.5887046,2011,2011,W1680647156
10.1109/icebeg.2011.5887049,2011,2011,W1571395182
10.1109/icebeg.2011.5887050,2011,2011,W1560499692
10.1109/icebeg.2011.5887054,2011,2011,W1509116228
10.1109/icebeg.2011.5887055,2011,2011,W1616511472
10.1109/icebeg.2011.5887056,2011,2011,W1566375892
10.1109/icebeg.2011.5887072,2011,2011,W1484756286
10.1109/icebeg.2011.5887074,2011,2011,W1960258689
10.1109/icebeg.2011.5887075,2011,2011,W1891359006
10.1109/icebeg.2011.5887079,2011,2011,W1582597763
10.1109/icebeg.2011.5887087,2011,2011,W1796580715
10.1109/icebeg.2011.5887094,2011,2011,W1910527718
10.1109/icebeg.2011.5887096,2011,2011,W1577346715
10.1109/icebeg.2011.5887102,2011,2011,W1649360851
10.1109/icebeg.2011.5887107,2011,2011,W1938748991
10.1109/icebeg.2011.5887108,2011,2011,W1663253493
10.1109/icebeg.2011.5887112,2011,2011,W1522539475
10.1109/icebeg.2011.5887113,2011,2011,W1485440738
10.1109/icebeg.2011.5887114,2011,2011,W1514435933
10.1109/icebeg.2011.5887116,2011,2011,W1842838388
10.1109/icebeg.2011.5887118,2011,2011,W1604357231
10.1109/icebeg.2011.5887119,2011,2011,W1536515094
10.1109/icebeg.2011.5887121,2011,2011,W1564279322
10.1109/icebeg.2011.5887127,2011,2011,W1704427037
10.1109/icebeg.2011.5887130,2011,2011,W1576081627
10.1109/icebeg.2011.5887135,2011,2011,W1826317655
10.1109/icebeg.2011.5887137,2011,2011,W1878098682
10.1109/icebeg.2011.5887139,2011,2011,W1864860538
10.1109/icebeg.2011.5887141,2011,2011,W1862960325
10.1109/icebeg.2011.5887145,2011,2011,W1571980225
10.1109/icebeg.2011.5887148,2011,2011,W1856193798
10.1109/icebeg.2011.5887149,2011,2011,W1930864882
10.1109/icebeg.2011.5887151,2011,2011,W1933089952
10.1109/icebeg.2011.5887157,2011,2011,W1504574046
10.1109/icebeg.2011.5887161,2011,2011,W1529341202
10.1109/icebeg.2011.5887163,2011,2011,W1507055018
10.1109/icebeg.2011.5887167,2011,2011,W2150050429
10.1109/icebeg.2011.5887169,2011,2011,W1904743840
10.1109/icebeg.2011.5887170,2011,2011,W1787689251
10.1109/icebeg.2011.5887175,2011,2011,W1487239157
10.1109/icebeg.2011.5887178,2011,2011,W1536707341
10.1109/icebeg.2011.5887187,2011,2011,W1637286392
10.1109/icebeg.2011.5887194,2011,2011,W1929614609
10.1109/icebeg.2011.5887201,2011,2011,W2138145020
10.1109/icebeg.2011.5887202,2011,2011,W1820526068
10.1109/icebeg.2011.5887209,2011,2011,W1601328731
10.1109/icebeg.2011.5887211,2011,2011,W1486395099
10.1109/icebeg.2011.5887212,2011,2011,W1816294235
10.1109/icebeg.2011.5887213,2011,2011,W1573201419
10.1109/icebeg.2011.5887215,2011,2011,W1895196767
10.1109/icebeg.2011.5887217,2011,2011,W1526543139
10.1109/icebeg.2011.5887221,2011,2011,W1501273889
10.1109/icebeg.2011.5887230,2011,2011,W1532275544
10.1109/icebeg.2011.5887231,2011,2011,W1537839404
10.1109/icebeg.2011.5887232,2011,2011,W1586096635
10.1109/iceceng.2011.6056786,2011,2011,W1594174228
10.1109/iceceng.2011.6056855,2011,2011,W2101141480
10.1109/iceceng.2011.6056874,2011,2011,W1532407046
10.1109/iceceng.2011.6056932,2011,2011,W2121204815
10.1109/iceceng.2011.6057280,2011,2011,W1601634474
10.1109/iceceng.2011.6057285,2011,2011,W1505155891
10.1109/iceceng.2011.6057294,2011,2011,W1489249061
10.1109/iceceng.2011.6057426,2011,2011,W1555355928
10.1109/iceceng.2011.6057480,2011,2011,W2109967935
10.1109/iceceng.2011.6057505,2011,2011,W2966606232
10.1109/iceceng.2011.6057544,2011,2011,W1541082524
10.1109/iceceng.2011.6057559,2011,2011,W2148148898
10.1109/iceceng.2011.6057814,2011,2011,W1495932794
10.1109/iceceng.2011.6057820,2011,2011,W1492531542
10.1109/iceceng.2011.6057923,2011,2011,W2113256685
10.1109/iceceng.2011.6057970,2011,2011,W1492737815
10.1109/iceceng.2011.6057976,2011,2011,W1498730352
10.1109/iceceng.2011.6058006,2011,2011,W1566259188
10.1109/iceceng.2011.6058052,2011,2011,W2102256413
10.1109/iceceng.2011.6058225,2011,2011,W2155818271
10.1109/iceceng.2011.6058259,2011,2011,W1509255193
10.1109/iceceng.2011.6058379,2011,2011,W1984505936
10.1109/iceceng.2011.6058444,2011,2011,W1503372259
10.1109/iceceng.2011.6058450,2011,2011,W1607770577
10.1109/icectech.2011.5942014,2011,2011,W2069232540
10.1109/iceice.2011.5776839,2011,2011,W1574512850
10.1109/iceice.2011.5777152,2011,2011,W2156932947
10.1109/iceice.2011.5777251,2011,2011,W2289567100
10.1109/iceice.2011.57772824,2011,2011,
10.1109/iceice.2011.5777294,2011,2011,W1590602036
10.1109/iceice.2011.5777307,2011,2011,W2110444126
10.1109/iceice.2011.57773324,2011,2011,
10.1109/iceice.2011.5777333,2011,2011,W1506549361
10.1109/iceice.2011.5777396,2011,2011,W2152718575
10.1109/iceice.2011.5777419,2011,2011,W1818963559
10.1109/iceice.2011.5777424,2011,2011,W1749915071
10.1109/iceice.2011.5777434,2011,2011,W1492394734
10.1109/iceice.2011.5777477,2011,2011,W1837729683
10.1109/iceice.2011.5777548,2011,2011,W1604508552
10.1109/iceice.2011.5777554,2011,2011,W1958895923
10.1109/iceice.2011.5777603,2011,2011,W1615547253
10.1109/iceice.2011.5777632,2011,2011,W1588689085
10.1109/iceice.2011.5777656,2011,2011,W1528622299
10.1109/iceice.2011.5777662,2011,2011,W1844717842
10.1109/iceice.2011.5777666,2011,2011,W1529468432
10.1109/iceice.2011.5777672,2011,2011,W1564882578
10.1109/iceice.2011.5777728,2011,2011,W1590256977
10.1109/iceice.2011.5777750,2011,2011,W1694637761
10.1109/iceice.2011.5777772,2011,2011,W1898415627
10.1109/iceice.2011.5777788,2011,2011,W1586808919
10.1109/iceice.2011.5777814,2011,2011,W2117303744
10.1109/iceice.2011.5777889,2011,2011,W2167508297
10.1109/iceice.2011.5777935,2011,2011,W1514438521
10.1109/iceice.2011.5778070,2011,2011,W2143109994
10.1109/iceice.2011.5778071,2011,2011,W2288476969
10.1109/iceice.2011.5778091,2011,2011,W1920108115
10.1109/iceice.2011.5778118,2011,2011,W1559002100
10.1109/iceice.2011.5778148,2011,2011,W1572518097
10.1109/iceice.2011.5778167,2011,2011,W1591654356
10.1109/iceice.2011.5778176,2011,2011,W1920659432
10.1109/iceice.2011.5778205,2011,2011,W1529912058
10.1109/iceice.2011.5778292,2011,2011,W1518817906
10.1109/iceice.2011.5778364,2011,2011,W1544665020
10.1109/iceice.2011.5778373,2011,2011,W2275842898
10.1109/icemms.2011.6015615,2011,2011,W1530241718
10.1109/icemms.2011.6015622,2011,2011,W1519047688
10.1109/icemms.2011.6015626,2011,2011,W1540085297
10.1109/icemms.2011.6015629,2011,2011,W1483404722
10.1109/icemms.2011.6015630,2011,2011,W1520606393
10.1109/icemms.2011.6015634,2011,2011,W1484911720
10.1109/icemms.2011.6015636,2011,2011,W1579760888
10.1109/icemms.2011.6015637,2011,2011,W1507742792
10.1109/icemms.2011.6015639,2011,2011,W1554571816
10.1109/icemms.2011.6015647,2011,2011,W1543204410
10.1109/icemms.2011.6015649,2011,2011,W1494257057
10.1109/icemms.2011.6015655,2011,2011,W1521738663
10.1109/icemms.2011.6015658,2011,2011,W1552411564
10.1109/icemms.2011.6015664,2011,2011,W1555667534
10.1109/icemms.2011.6015665,2011,2011,W1605778405
10.1109/icemms.2011.6015671,2011,2011,W1534929398
10.1109/icemms.2011.6015672,2011,2011,W1532771967
10.1109/icemms.2011.6015681,2011,2011,W1499514396
10.1109/icemms.2011.6015687,2011,2011,W1516701022
10.1109/icemms.2011.6015690,2011,2011,W1608318288
10.1109/icemms.2011.6015696,2011,2011,W1542348406
10.1109/icemms.2011.6015698,2011,2011,W1513371892
10.1109/icemms.2011.6015705,2011,2011,W1532179099
10.1109/icemms.2011.6015714,2011,2011,W1546475652
10.1109/icemms.2011.6015715,2011,2011,W1540031363
10.1109/icemms.2011.6015722,2011,2011,W1533867072
10.1109/icemms.2011.6015723,2011,2011,W1563006707
10.1109/icemms.2011.6015726,2011,2011,W1490848558
10.1109/icemms.2011.6015734,2011,2011,W1562256902
10.1109/icemms.2011.6015738,2011,2011,W1605831368
10.1109/icemms.2011.6015741,2011,2011,W1499984743
10.1109/icemms.2011.6015742,2011,2011,W1557629924
10.1109/icemms.2011.6015748,2011,2011,W1505287639
10.1109/icemms.2011.6015754,2011,2011,W1515307074
10.1109/icemms.2011.6015759,2011,2011,W1589827535
10.1109/icemms.2011.6015763,2011,2011,W1485670393
10.1109/icemms.2011.6015771,2011,2011,W1487246672
10.1109/icemms.2011.6015772,2011,2011,W1500884363
10.1109/icemms.2011.6015776,2011,2011,W1518945345
10.1109/icemms.2011.6015778,2011,2011,W1502040153
10.1109/icemms.2011.6015779,2011,2011,W1488746204
10.1109/icemms.2011.6015781,2011,2011,W1572453303
10.1109/icemms.2011.6015783,2011,2011,W1593718996
10.1109/icemms.2011.6015785,2011,2011,W1568646121
10.1109/icemms.2011.6015787,2011,2011,W1518064722
10.1109/icemms.2011.6015791,2011,2011,W1584509910
10.1109/icemms.2011.6015795,2011,2011,W1603636761
10.1109/icemms.2011.6015798,2011,2011,W1481522592
10.1109/icemms.2011.6015801,2011,2011,W1485101358
10.1109/icemms.2011.6015809,2011,2011,W1576315770
10.1109/icemms.2011.6015818,2011,2011,W1532136968
10.1109/icemms.2011.6015823,2011,2011,W1516491511
10.1109/icemms.2011.6015824,2011,2011,W1481093482
10.1109/icemms.2011.6015829,2011,2011,W1571294105
10.1109/icemms.2011.6015830,2011,2011,W1495938833
10.1109/icemms.2011.6015832,2011,2011,W1526286083
10.1109/icemms.2011.6015834,2011,2011,W1554740187
10.1109/iceoe.2011.6013089,2011,2011,W1536410027
10.1109/iceoe.2011.6013093,2011,2011,W1541526094
10.1109/iceoe.2011.6013135,2011,2011,W1862370553
10.1109/iceoe.2011.6013393,2011,2011,W1651283218
10.1109/iceoe.2011.6013396,2011,2011,W1589198128
10.1109/icetce.2011.5774203,2011,2011,W2283512271
10.1109/icetce.2011.5774204,2011,2011,W1953230719
10.1109/icetce.2011.5774213,2011,2011,W2296491680
10.1109/icetce.2011.5774215,2011,2011,W1546183943
10.1109/icetce.2011.5774217,2011,2011,W1595896388
10.1109/icetce.2011.5774218,2011,2011,W2130492809
10.1109/icetce.2011.5774255,2011,2011,W1856456866
10.1109/icetce.2011.5774263,2011,2011,W1767122232
10.1109/icetce.2011.5774264,2011,2011,W1577289334
10.1109/icetce.2011.5774271,2011,2011,W1571976122
10.1109/icetce.2011.5774279,2011,2011,W1901217870
10.1109/icetce.2011.5774280,2011,2011,W1768058708
10.1109/icetce.2011.5774324,2011,2011,W1849011598
10.1109/icetce.2011.5774410,2011,2011,W1963294516
10.1109/icetce.2011.5774433,2011,2011,W1539272688
10.1109/icetce.2011.5774454,2011,2011,W1546754842
10.1109/icetce.2011.5774479,2011,2011,W1861955081
10.1109/icetce.2011.5774499,2011,2011,W1848577276
10.1109/icetce.2011.5774509,2011,2011,W2292102534
10.1109/icetce.2011.5774524,2011,2011,W1922596714
10.1109/icetce.2011.5774527,2011,2011,W1785131225
10.1109/icetce.2011.5774662,2011,2011,W2290659212
10.1109/icetce.2011.5774683,2011,2011,W2296212522
10.1109/icetce.2011.5774716,2011,2011,W2133979087
10.1109/icetce.2011.5774727,2011,2011,W1963440406
10.1109/icetce.2011.5774759,2011,2011,W1856094960
10.1109/icetce.2011.5775141,2011,2011,W1605577558
10.1109/icetce.2011.5775181,2011,2011,W2278748499
10.1109/icetce.2011.5775189,2011,2011,W1600311743
10.1109/icetce.2011.5775200,2011,2011,W1607456705
10.1109/icetce.2011.5775223,2011,2011,W2152994100
10.1109/icetce.2011.5775250,2011,2011,W2286683075
10.1109/icetce.2011.5775301,2011,2011,W1481809535
10.1109/icetce.2011.5775304,2011,2011,W1588940692
10.1109/icetce.2011.5775305,2011,2011,W1531106600
10.1109/icetce.2011.5775325,2011,2011,W1552641637
10.1109/icetce.2011.5775327,2011,2011,W1937319237
10.1109/icetce.2011.5775362,2011,2011,W1498495934
10.1109/icetce.2011.5775402,2011,2011,W1524282599
10.1109/icetce.2011.5775408,2011,2011,W1822042283
10.1109/icetce.2011.5775426,2011,2011,W1518673111
10.1109/icetce.2011.5775714,2011,2011,W2139696939
10.1109/icetce.2011.5775723,2011,2011,W1541163381
10.1109/icetce.2011.5775736,2011,2011,W1536184915
10.1109/icetce.2011.5775741,2011,2011,W1825699164
10.1109/icetce.2011.5775744,2011,2011,W2164201836
10.1109/icetce.2011.5775750,2011,2011,W2280982311
10.1109/icetce.2011.5775762,2011,2011,W1588433614
10.1109/icetce.2011.5775787,2011,2011,W1874973935
10.1109/icetce.2011.5775797,2011,2011,W1958719416
10.1109/icetce.2011.5775807,2011,2011,W1618602410
10.1109/icetce.2011.5775816,2011,2011,W2284301176
10.1109/icetce.2011.5775930,2011,2011,W1920770100
10.1109/icetce.2011.5775938,2011,2011,W1924239871
10.1109/icetce.2011.5775975,2011,2011,W1567812177
10.1109/icetce.2011.5775989,2011,2011,W1821582864
10.1109/icetce.2011.5775996,2011,2011,W2107485862
10.1109/icetce.2011.5775999,2011,2011,W1836132169
10.1109/icetce.2011.5776017,2011,2011,W1562496168
10.1109/icetce.2011.5776018,2011,2011,W1856506358
10.1109/icetce.2011.5776028,2011,2011,W1842892127
10.1109/icetce.2011.5776030,2011,2011,W1902293318
10.1109/icetce.2011.5776093,2011,2011,W2291659543
10.1109/icetce.2011.5776121,2011,2011,W2126012592
10.1109/icetce.2011.5776130,2011,2011,W1901232059
10.1109/icetce.2011.5776253,2011,2011,W1888195122
10.1109/icetce.2011.5776279,2011,2011,W1812619661
10.1109/icetce.2011.5776328,2011,2011,W1534806732
10.1109/icetce.2011.5776363,2011,2011,W2300789798
10.1109/icetce.2011.5776367,2011,2011,W1828495257
10.1109/icetce.2011.5776374,2011,2011,W1860199575
10.1109/icetce.2011.5776378,2011,2011,W1548599438
10.1109/icetce.2011.5776382,2011,2011,W1851148117
10.1109/icetce.2011.5776391,2011,2011,W2281491340
10.1109/icetce.2011.5776400,2011,2011,W1601978551
10.1109/icetce.2011.5776402,2011,2011,W2157312851
10.1109/icetce.2011.5776410,2011,2011,W1876525068
10.1109/icetce.2011.5776445,2011,2011,W1530440744
10.1109/icetce.2011.5776459,2011,2011,W1883251504
10.1109/icetce.2011.5776478,2011,2011,W1661912305
10.1109/icetce.2011.5776482,2011,2011,W1480668210
10.1109/icetce.2011.5776538,2011,2011,W1652919955
10.1109/icetce.2011.5776539,2011,2011,W1914436526
10.1109/icfpee.2010.11,2011,2010,W1546179714
10.1109/icfpee.2010.12,2011,2010,W1850468502
10.1109/icicta.2011.593,2011,2011,W2038317541
10.1109/iciii.2010.588,2011,2010,W2109683149
10.1109/icise.2010.5688495,2011,2010,W2548443632
10.1109/icise.2010.5688639,2011,2010,W2545603644
10.1109/icise.2010.5688710,2011,2010,W2540109761
10.1109/icise.2010.5688818,2011,2010,W2089509906
10.1109/icise.2010.5688890,2011,2010,W2540395485
10.1109/icise.2010.5690178,2011,2010,W2542637770
10.1109/icise.2010.5690182,2011,2010,W2952492161
10.1109/icise.2010.5690234,2011,2010,W2543865707
10.1109/icise.2010.5690388,2011,2010,W2535901114
10.1109/icise.2010.5690683,2011,2010,W2548412850
10.1109/icise.2010.5690716,2011,2010,W2099278924
10.1109/icise.2010.5690728,2011,2010,W2535189667
10.1109/icise.2010.5690918,2011,2010,W2546613715
10.1109/icise.2010.5691170,2011,2010,W2101012853
10.1109/icise.2010.5691360,2011,2010,W2544474917
10.1109/icise.2010.5691606,2011,2010,W2949176996
10.1109/icise.2010.5691692,2011,2010,W2136040757
10.1109/icise.2010.5691781,2011,2010,W2541101096
10.1109/icise.2010.5691967,2011,2010,W2552403568
10.1109/icmlc.2011.6016823,2011,2011,W2145041218
10.1109/icnc.2011.6021901,2011,2011,W2339792973
10.1109/icnc.2011.6021907,2011,2011,W1518424310
10.1109/icnc.2011.6021910,2011,2011,W1505770812
10.1109/icnc.2011.6021924,2011,2011,W1584388848
10.1109/icnc.2011.6022043,2011,2011,W1844275773
10.1109/icnc.2011.6022049,2011,2011,W1718591085
10.1109/icnc.2011.6022054,2011,2011,W2156942265
10.1109/icnc.2011.6022056,2011,2011,W2148745556
10.1109/icnc.2011.6022075,2011,2011,W1520573816
10.1109/icnc.2011.6022077,2011,2011,W1549678972
10.1109/icnc.2011.6022085,2011,2011,W2141294972
10.1109/icnc.2011.6022100,2011,2011,W1876574650
10.1109/icnc.2011.6022104,2011,2011,W2160837878
10.1109/icnc.2011.6022109,2011,2011,W1553915198
10.1109/icnc.2011.6022116,2011,2011,W1733854552
10.1109/icnc.2011.6022119,2011,2011,W1664928687
10.1109/icnc.2011.6022142,2011,2011,W1680972336
10.1109/icnc.2011.6022218,2011,2011,W1488940841
10.1109/icnc.2011.6022219,2011,2011,W2153564848
10.1109/icnc.2011.6022228,2011,2011,W2102244024
10.1109/icnc.2011.6022231,2011,2011,W1542009424
10.1109/icnc.2011.6022247,2011,2011,W1627273780
10.1109/icnc.2011.6022265,2011,2011,W1825811963
10.1109/icnc.2011.6022272,2011,2011,W2125108720
10.1109/icnc.2011.6022278,2011,2011,W1480202266
10.1109/icnc.2011.6022285,2011,2011,W1510591164
10.1109/icnc.2011.6022286,2011,2011,W1608769052
10.1109/icnc.2011.6022295,2011,2011,W1522223552
10.1109/icnc.2011.6022324,2011,2011,W1551203785
10.1109/icnc.2011.6022325,2011,2011,W1602080677
10.1109/icnc.2011.6022327,2011,2011,W2304497757
10.1109/icnc.2011.6022330,2011,2011,W1877207780
10.1109/icnc.2011.6022335,2011,2011,W1485465253
10.1109/icnc.2011.6022342,2011,2011,W1941981555
10.1109/icnc.2011.6022350,2011,2011,W1682124240
10.1109/icnc.2011.6022353,2011,2011,W1598277034
10.1109/icnc.2011.6022366,2011,2011,W2305929474
10.1109/icnc.2011.6022380,2011,2011,W1583878341
10.1109/icnc.2011.6022392,2011,2011,W1601414918
10.1109/icnc.2011.6022394,2011,2011,W1946353390
10.1109/icnc.2011.6022395,2011,2011,W1531193674
10.1109/icnc.2011.6022405,2011,2011,W1509937980
10.1109/icnc.2011.6022415,2011,2011,W1577878034
10.1109/icnc.2011.6022514,2011,2011,W1487902270
10.1109/icnc.2011.6022537,2011,2011,W1493996608
10.1109/icnc.2011.6022557,2011,2011,W1515778425
10.1109/icpim.2011.5983583,2011,2011,W1950868182
10.1109/icpim.2011.5983585,2011,2011,W1883007585
10.1109/icpim.2011.5983589,2011,2011,W2145597703
10.1109/icpim.2011.5983591,2011,2011,W1858894311
10.1109/icpim.2011.5983594,2011,2011,W1932501148
10.1109/icpim.2011.5983597,2011,2011,W2105413440
10.1109/icpim.2011.5983603,2011,2011,W2139094982
10.1109/icpim.2011.5983607,2011,2011,W1618328610
10.1109/icpim.2011.5983614,2011,2011,W1574622926
10.1109/icpim.2011.5983615,2011,2011,W1889299074
10.1109/icpim.2011.5983618,2011,2011,W1494468639
10.1109/icpim.2011.5983621,2011,2011,W1545066300
10.1109/icpim.2011.5983624,2011,2011,W1534340563
10.1109/icpim.2011.5983634,2011,2011,W1489808075
10.1109/icpim.2011.5983635,2011,2011,W1646195920
10.1109/icpim.2011.5983636,2011,2011,W1595026668
10.1109/icpim.2011.5983638,2011,2011,W1801722071
10.1109/icpim.2011.5983644,2011,2011,W1772682871
10.1109/icpim.2011.5983648,2011,2011,W1904254040
10.1109/icpim.2011.5983649,2011,2011,W1880908142
10.1109/icpim.2011.5983650,2011,2011,W1931138885
10.1109/icpim.2011.5983654,2011,2011,W1515920080
10.1109/icpim.2011.5983656,2011,2011,W1866404626
10.1109/icpim.2011.5983657,2011,2011,W1926981321
10.1109/icpim.2011.5983662,2011,2011,W1507643871
10.1109/icpim.2011.5983663,2011,2011,W1535178974
10.1109/icpim.2011.5983666,2011,2011,W1508928733
10.1109/icpim.2011.5983678,2011,2011,W1942245849
10.1109/icpim.2011.5983680,2011,2011,W1615377503
10.1109/icpim.2011.5983681,2011,2011,W1831878815
10.1109/icpim.2011.5983683,2011,2011,W1883743337
10.1109/icpim.2011.5983689,2011,2011,W1853585497
10.1109/icpim.2011.5983698,2011,2011,W1567518228
10.1109/icpim.2011.5983700,2011,2011,W1562302865
10.1109/icpim.2011.5983703,2011,2011,W2130697718
10.1109/icpim.2011.5983704,2011,2011,W1856505536
10.1109/icpim.2011.5983708,2011,2011,W1525512703
10.1109/icpim.2011.5983716,2011,2011,W1649312573
10.1109/icpim.2011.5983720,2011,2011,W1605994352
10.1109/icpim.2011.5983721,2011,2011,W1810314667
10.1109/icpim.2011.5983722,2011,2011,W1532349561
10.1109/icpim.2011.5983723,2011,2011,W1548027153
10.1109/icpim.2011.5983726,2011,2011,W1482693148
10.1109/icpim.2011.5983729,2011,2011,W1580719308
10.1109/icpim.2011.5983734,2011,2011,W1866836362
10.1109/icpim.2011.5983737,2011,2011,W1875955070
10.1109/icpim.2011.5983742,2011,2011,W1513348886
10.1109/icpim.2011.5983761,2011,2011,W1527573890
10.1109/icpim.2011.5983763,2011,2011,W1951229613
10.1109/icpim.2011.5983764,2011,2011,W1488436330
10.1109/icpim.2011.5983765,2011,2011,W1515165370
10.1109/icpim.2011.5983768,2011,2011,W1487645360
10.1109/icpim.2011.5983769,2011,2011,W1945399381
10.1109/icsess.2011.5982267,2011,2011,W1889189793
10.1109/icsess.2011.5982281,2011,2011,W1504194367
10.1109/icsess.2011.5982320,2011,2011,W1523878293
10.1109/icsess.2011.5982321,2011,2011,W1652412460
10.1109/icsess.2011.5982322,2011,2011,W1910278027
10.1109/icsess.2011.5982324,2011,2011,W1744218169
10.1109/icsess.2011.5982339,2011,2011,W2293807311
10.1109/icsess.2011.5982340,2011,2011,W1607466174
10.1109/icsess.2011.5982345,2011,2011,W2291833535
10.1109/icsess.2011.5982398,2011,2011,W1509855727
10.1109/icsess.2011.5982401,2011,2011,W1905354829
10.1109/icsess.2011.5982402,2011,2011,W2105621445
10.1109/icsess.2011.5982420,2011,2011,W1530552408
10.1109/icsess.2011.5982436,2011,2011,W1642108756
10.1109/icsess.2011.5982438,2011,2011,W1504607575
10.1109/icsess.2011.5982440,2011,2011,W1634110799
10.1109/icsess.2011.5982441,2011,2011,W1902844970
10.1109/icsess.2011.5982446,2011,2011,W1522910294
10.1109/icsess.2011.5982447,2011,2011,W1606700801
10.1109/icsess.2011.5982456,2011,2011,W1564356895
10.1109/icsess.2011.5982460,2011,2011,W1493688103
10.1109/icsess.2011.5982461,2011,2011,W1635307197
10.1109/icsess.2011.5982463,2011,2011,W1854145670
10.1109/icsess.2011.5982464,2011,2011,W1932924656
10.1109/icsess.2011.5982466,2011,2011,W1893031413
10.1109/icsess.2011.5982467,2011,2011,W1556181725
10.1109/icsess.2011.5982471,2011,2011,W1951931405
10.1109/icsess.2011.5982473,2011,2011,W1878769472
10.1109/icsess.2011.5982475,2011,2011,W1558251304
10.1109/icsess.2011.5982478,2011,2011,W1483541604
10.1109/icsess.2011.5982484,2011,2011,W1525110938
10.1109/mace.2011.5986873,2011,2011,W1920204703
10.1109/mace.2011.5986874,2011,2011,W1598312302
10.1109/mace.2011.5987021,2011,2011,W1502667321
10.1109/mace.2011.5987051,2011,2011,W1759295055
10.1109/mace.2011.5987077,2011,2011,W2098230345
10.1109/mace.2011.5987079,2011,2011,W1570678318
10.1109/mace.2011.5987080,2011,2011,W1654145298
10.1109/mace.2011.5987111,2011,2011,W1578026011
10.1109/mace.2011.5987311,2011,2011,W1882526438
10.1109/mace.2011.5987325,2011,2011,W1592165505
10.1109/mace.2011.5987333,2011,2011,W1745218332
10.1109/mace.2011.5987488,2011,2011,W1915879578
10.1109/mace.2011.5987519,2011,2011,W1522547936
10.1109/mace.2011.5987528,2011,2011,W1541025251
10.1109/mace.2011.5987565,2011,2011,W1532654726
10.1109/mace.2011.5988707,2011,2011,W1912064379
10.1109/mace.2011.5988811,2011,2011,W1866211253
10.1109/paccs.2011.5990086,2011,2011,W2111678255
10.1109/paccs.2011.5990095,2011,2011,W2277056805
10.1109/paccs.2011.5990099,2011,2011,W1927835311
10.1109/paccs.2011.5990104,2011,2011,W1664390641
10.1109/paccs.2011.5990107,2011,2011,W2099679563
10.1109/paccs.2011.5990108,2011,2011,W1500556236
10.1109/paccs.2011.5990112,2011,2011,W1775453320
10.1109/paccs.2011.5990118,2011,2011,W1547016871
10.1109/paccs.2011.5990121,2011,2011,W2274445371
10.1109/paccs.2011.5990130,2011,2011,W2286905919
10.1109/paccs.2011.5990131,2011,2011,W1518474558
10.1109/paccs.2011.5990137,2011,2011,W1901844619
10.1109/paccs.2011.5990146,2011,2011,W1891351027
10.1109/paccs.2011.5990175,2011,2011,W1851302892
10.1109/paccs.2011.5990184,2011,2011,W1481429857
10.1109/paccs.2011.5990185,2011,2011,W2275294586
10.1109/paccs.2011.5990191,2011,2011,W2283441240
10.1109/paccs.2011.5990198,2011,2011,W1487530497
10.1109/paccs.2011.5990202,2011,2011,W1854742093
10.1109/paccs.2011.5990206,2011,2011,W1569171820
10.1109/paccs.2011.5990213,2011,2011,W1689808256
10.1109/paccs.2011.5990234,2011,2011,W1686337944
10.1109/paccs.2011.5990242,2011,2011,W1480180720
10.1109/paccs.2011.5990243,2011,2011,W1526756526
10.1109/paccs.2011.5990276,2011,2011,W1820097760
10.1109/paccs.2011.5990277,2011,2011,W2171787825
10.1109/paccs.2011.5990278,2011,2011,W1905233686
10.1109/paccs.2011.5990279,2011,2011,W2282754163
10.1109/paccs.2011.5990285,2011,2011,W1888506827
10.1109/paccs.2011.5990291,2011,2011,W1537654787
10.1109/paccs.2011.5990297,2011,2011,W1833140671
10.1109/paccs.2011.5990305,2011,2011,W2288288524
10.1109/paccs.2011.5990306,2011,2011,W1582995909
10.1109/paccs.2011.5990307,2011,2011,W2275664010
10.1109/paccs.2011.5990308,2011,2011,W1804891930
10.1109/paccs.2011.5990312,2011,2011,W2273835389
10.1109/paccs.2011.5990315,2011,2011,W1864995977
10.1109/paccs.2011.5990316,2011,2011,W1586744818
10.1109/paccs.2011.5990317,2011,2011,W1578142952
10.1109/paccs.2011.5990318,2011,2011,W2287596492
10.1109/paccs.2011.5990319,2011,2011,W1539296041
10.1109/paccs.2011.5990320,2011,2011,W1556137917
10.1109/paccs.2011.5990322,2011,2011,W2287334577
10.1109/paccs.2011.5990323,2011,2011,W1887298703
10.1109/paccs.2011.5990329,2011,2011,W2286920054
10.1109/paccs.2011.5990330,2011,2011,W2288385085
10.1109/paccs.2011.5990331,2011,2011,W1527142262
10.1109/paccs.2011.5990336,2011,2011,W1864036068
10.1109/paccs.2011.5990338,2011,2011,W2283759868
10.1109/paccs.2011.5990339,2011,2011,W1894065543
10.1109/paccs.2011.5990341,2011,2011,W1537678164
10.1109/paccs.2011.5990342,2011,2011,W2276059108
10.1109/paccs.2011.5990344,2011,2011,W2292038431
10.1109/paccs.2011.5990346,2011,2011,W1581429514
10.1109/paccs.2011.5990347,2011,2011,W2293387779
10.1109/paccs.2011.5990348,2011,2011,W2279018272
10.1109/paccs.2011.5990349,2011,2011,W2289926901
10.1109/paccs.2011.5990354,2011,2011,W1561928709
10.1109/paccs.2011.5990356,2011,2011,W1927386849
10.1109/paccs.2011.5990359,2011,2011,W2291435827
10.1109/paccs.2011.5990361,2011,2011,W1575657119
10.1109/paccs.2011.5990362,2011,2011,W1644455876
10.1109/paccs.2011.5990363,2011,2011,W1863268708
10.1109/paccs.2011.5990369,2011,2011,W1924141238
10.1109/paccs.2011.5990370,2011,2011,W1491216929
10.1109/paccs.2011.5990372,2011,2011,W1919182460
10.1109/shuser.2011.6008491,2011,2011,W1614234132
10.1109/sws.2011.6101285,2011,2011,W1554243931
10.1109/wicom.2011.6040272,2011,2011,W2090728078
10.1111/j.0066-7372.2003.00023.x,2011,2001,W2158392555
10.1111/j.1095-8649.2008.01852.x,2011,2008,W2033104395
10.1111/j.1365-2141.2005.05877.x,2011,2005,W1536693799
10.1111/j.1365-2141.2007.06798.x,2011,2007,W2157510814
10.1111/j.1365-2141.2008.07229.x,2011,2008,W1565255833
10.1111/j.1365-2516.2009.02124.x,2011,2009,W2464526785
10.1111/j.1365-2567.2008.02932.x,2011,2008,W1902550812
10.1111/j.1365-2702.2010.03368.x,2011,2011,W1576791255
10.1111/j.1399-6576.2008.01829.x,2011,2008,W1574685546
10.1111/j.1423-0410.2007.00946.x,2011,2007,W1955533763
10.1111/j.1440-1746.2011.06728.x,2011,2011,W4230972448
10.1111/j.1447-0756.2010.01228.x,2011,2010,W1574980169
10.1111/j.1460-9592.2011.03648.x,2011,2011,W1885133565
10.1111/j.1466-7657.2011.00900.x,2011,2011,W2152885147
10.1111/j.1467-9280.2008.02172.x,2011,2008,W2152619535
10.1111/j.1529-8817.2011.01041.x,2011,2011,W1945531485
10.1111/j.1551-2916.2010.04162.x,2011,2010,W1744703607
10.1111/j.1551-2916.2010.04264.x,2011,2011,W1882594129
10.1111/j.1601-5223.2010.02180.x,2011,2010,W2028957327
10.1111/j.1651-2227.2011.02200.x,2011,2011,W1978451477
10.1111/j.1744-6163.2010.00262.x,2011,2010,W2112990324
10.1111/j.1744-6171.2008.00163.x,2011,2009,W1837420068
10.1111/j.1744-6171.2009.00187.x,2011,2009,W1875565030
10.1111/j.1744-6171.2009.00211.x,2011,2010,W1887906042
10.1111/j.1745-7599.2007.00262.x,2011,2007,W1490585230
10.1113/jphysiol.2004.077610,2011,2005,W1572741274
10.1126/science.1179052,2011,2009,W2160675481
10.1126/science.1188013,2011,2010,W2055554651
10.1126/science.1190532,2011,2010,W2063641249
10.1128/iai.68.4.1806-1814.2000,2011,2000,W2123188559
10.1128/iai.69.3.1280-1286.2001,2011,2001,W2130850282
10.1128/iai.71.7.3748-3756.2003,2011,2003,W2156710672
10.1128/jvi.00739-06,2011,2006,W2166614308
10.1128/jvi.78.9.4582-4590.2004,2011,2004,W2114877663
10.1128/mcb.25.21.9324-9339.2005,2011,2005,W2029833276
10.1130/g30584.1,2011,2010,W2316936446
10.1136/bjo.2006.112128,2011,2008,W2149598357
10.1136/bjo.2009.157586,2011,2009,W2101511683
10.1136/heartjnl-2011-300740,2011,2011,W2110582958
10.1136/jclinpath-2011-200046,2011,2011,W2402971884
10.1139/e10-900,2011,2010,W4212867947
10.1152/ajpendo.90829.2008,2011,2009,W2130509294
10.1152/ajplung.00057.2010,2011,2010,W2156352616
10.1152/ajplung.00353.2007,2011,2008,W2142505209
10.1161/01.atv.0000132400.25045.2a,2011,2004,W2065241853
10.1161/01.atv.0000175295.09607.18,2011,2005,W2141156292
10.1161/01.str.0000163102.49888.b7,2011,2005,W1998814790
10.1161/circresaha.108.182683,2011,2009,W1978830702
10.1164/rccm.200603-311oc,2011,2008,W2016018917
10.1177/0003319710371617,2011,2010,W1932720164
10.1177/0022034510374057,2011,2010,W1970292183
10.1177/0194599810391728,2011,2010,W2260113949
10.1177/0218492310395422,2011,2011,W2088287508
10.1177/0267659108094739,2011,2008,W2134784574
10.1177/0962280208098666,2011,2009,W4255530422
10.1177/1077546308091210,2011,2009,W2115319557
10.1177/1753193410390136,2011,2010,W1969598005
10.1182/blood-2005-04-1407,2011,2005,W2098674532
10.1182/blood-2008-12-192385,2011,2009,W2073371810
10.1182/blood-2009-11-253294,2011,2010,W20962322
10.1182/blood-2010-01-265082,2011,2011,W2036017194
10.1186/1471-2164-10-455,2011,2009,W2140413201
10.1186/1471-2474-10-38,2011,2009,W2045392913
10.1186/1477-7819-9-73,2011,2011,W2073577949
10.1186/1742-4690-3-22,2011,2009,W1997275273
10.1186/1743-422x-7-146,2011,2010,W2171226614
10.1186/1746-6148-7-17,2011,2011,W2002984752
10.1189/jlb.0808470,2011,2009,W2138533115
10.1213/00000539-199901000-00015,2011,1999,W4244132786
10.1213/00000539-200007000-00039,2011,2000,W4243899057
10.1213/00000539-200202000-00028,2011,2002,W4206080073
10.1213/00000539-200209000-00027,2011,2002,W4248114813
10.1213/01.ane.0000120163.44315.47,2011,2004,W2063810623
10.1213/01.ane.0000132969.88550.96,2011,2004,W2004275522
10.1213/01.ane.0000221179.07006.06,2011,2006,W2086202733
10.1213/01.ane.0000253484.19070.87,2011,2007,W2070721613
10.1213/01.ane.0000260566.39244.bd,2011,2007,W1980776870
10.1213/ane.0b013e318161964d,2011,2008,W1964337533
10.1213/ane.0b013e31817b7732,2011,2008,W2047119687
10.1213/ane.0b013e3181923722,2011,2009,W1968502285
10.1227/01.neu.0000320386.08993.be,2011,2008,W1974724865
10.1242/jcs.024885,2011,2008,W2022779867
10.1243/09544119jeim698,2011,2009,W2035255376
10.1289/ehp.1003171,2011,2010,W115290934
10.1310/hct.2003.4.3.002,2011,2003,W311035448
10.1353/cdr.2011.0017,2011,2011,W2156554682
10.1371/journal.pone.0011299,2011,2010,W2038132519
10.1510/icvts.2010.257659,2011,2011,W2099906369
10.1529/biophysj.104.048629,2011,2005,W2163410961
10.1586/14760584.7.4.499,2011,2008,W2762983275
10.1587/elex.7.596,2011,2010,W2093233628
10.1589/jpts.22.455,2011,2011,W1971294204
10.1590/s1517-86922011000600002,2011,2011,W2024065300
10.2164/jandrol.110.012179,2011,2010,W2406357442
10.2174/1573406411006040219,2011,2010,W2471842376
10.2203/dose-response.10-001.martinez-sanchez,2011,2010,W2077734610
10.2307/2274565,2011,1988,W2053237077
10.2390/biecoll-jib-2010-149,2011,2010,W2162912453
10.3109/02713683.2010.525679,2011,2010,W2086885148
10.3109/09553002.2011.611212,2011,2011,W2419492948
10.3109/10398562.2011.551934,2011,2010,W4237176834
10.3109/13813455.2011.584538,2011,2011,W2400480033
10.3171/foc.2005.19.5.5,2011,2005,W178742780
10.3366/jvc.2007.12.2.225,2011,2007,W2030222029
10.3390/en3040847,2011,2010,W2074567312
10.35371/kjoem.2009.21.4.365,2011,2009,W2587439472
10.3791/2463,2011,2011,W1978870419
10.3923/jas.2011.2546.2553,2011,2011,W2085230088
10.3944/aott.2011.2543err1,2011,2011,
10.3989/redc.2008.4.647,2011,2008,W1993624055
10.4028/www.scientific.net/amm.110-116.294,2011,2011,W2021343135
10.4028/www.scientific.net/amm.52-54.482,2011,2011,W2083122593
10.4028/www.scientific.net/kem.467-469.1357,2011,2011,W1968866328
10.4049/jimmunol.0902051,2011,2010,W1955896568
10.4049/jimmunol.170.10.5045,2011,2003,W1761766012
10.4103/0377-4929.72033,2011,2010,W2007927594
10.4103/0974-2727.72153,2011,2010,W2112642246
10.5530/pj.2011.25.6,2011,2011,W2050433412
10.5625/lar.2010.26.1.75,2011,2010,W2036767705
10.5648/jjiao.29.241,2011,2011,W2323008005
10.1001/archotol.127.1.25,2012,2001,W2021686015
10.1002/14651858.cd000444,2012,1999,W3024765171
10.1002/14651858.cd001964.pub2,2012,2003,W4241305465
10.1002/14651858.cd002066,2012,2001,W86634737
10.1002/14651858.cd002939,2012,2001,W1859038772
10.1002/14651858.cd002939.pub2,2012,2005,W2162584148
10.1002/14651858.cd004569,2012,2004,W4236215381
10.1002/14651858.cd004569.pub2,2012,2007,W4247689733
10.1002/14651858.cd004712,2012,2004,W4247458596
10.1002/14651858.cd004712.pub2,2012,2005,W4252705067
10.1002/14651858.cd005154,2012,2005,W4238504745
10.1002/14651858.cd006822,2012,2007,W2533482092
10.1002/14651858.cd006822.pub2,2012,2010,W1837222802
10.1002/14651858.cd008150,2012,2009,W4205141769
10.1002/app.32930,2012,2010,W1972267889
10.1002/app.33661,2012,2011,W4232682976
10.1002/ar.21070,2012,2010,W1997736976
10.1002/bab.31,2012,2011,W2117825277
10.1002/cbf.2825,2012,2012,W1500540308
10.1002/chem.201201666,2012,2012,W2158757423
10.1002/cjoc.200890154,2012,2008,W2947190736
10.1002/ejlt.201100290,2012,2012,W2088370668
10.1002/ejsp.369,2012,2006,W2100576560
10.1002/hfm.20346,2012,2011,W1963934931
10.1002/hfm.20528,2012,2011,W2091887638
10.1002/ijch.201100019,2012,2011,W2118077668
10.1002/ird.497,2012,2009,W2042898237
10.1002/jbm.b.31590,2012,2010,W2045647414
10.1002/jcb.23190,2012,2011,W2055944370
10.1002/jcc.21526,2012,2010,W4237315697
10.1002/jcc.21740,2012,2011,W2080496920
10.1002/jcp.20646,2012,2006,W2027829566
10.1002/jctb.3754,2012,2012,W4235373554
10.1002/lt.22337,2012,2011,W1983489983
10.1002/path.1117,2012,2002,W2060147676
10.1002/ppap.201100084,2012,2012,W1989366891
10.1002/prot.22610,2012,2009,W4253209395
10.1002/smj.1951,2012,2012,W2172248710
10.1002/vnl.20301,2012,2012,W2048426745
10.1007/978-1-4614-6046-6_7,2012,2012,W163971291
10.1007/978-3-642-28926-2,2012,2012,W2493064175
10.1007/978-3-642-29084-8_48,2012,2012,W2109238319
10.1007/978-3-642-32129-0_14,2012,2012,W2183185653
10.1007/978-3-642-33266-1_10,2012,2012,W1525505745
10.1007/bf03009517,2012,1993,W2006862403
10.1007/bf03009869,2012,1994,W1982576509
10.1007/bf03009906,2012,1994,W207693892
10.1007/bf03010577,2012,1995,W2030727369
10.1007/bf03011030,2012,1995,W2333262451
10.1007/bf03011177,2012,1995,W2019945880
10.1007/bf03011250,2012,1996,W2002731391
10.1007/bf03011936,2012,1997,W2741208829
10.1007/bf03014460,2012,1997,W2740504337
10.1007/bf03015365,2012,1997,W2083886266
10.1007/bf03015955,2012,1996,W2036700497
10.1007/bf03017947,2012,1996,W2003946983
10.1007/s00005-012-0163-4,2012,2012,W22310979
10.1007/s00115-011-3300-0,2012,2012,W2148582810
10.1007/s00198-011-1865-x,2012,2011,W2022830834
10.1007/s00232-012-9430-x,2012,2012,W2106530720
10.1007/s00253-012-4013-4,2012,2012,W1991240906
10.1007/s00253-012-4347-y,2012,2012,W2086950229
10.1007/s00296-011-2202-6,2012,2011,W2079173075
10.1007/s00296-011-2247-6,2012,2011,W2038919266
10.1007/s00296-011-2321-0,2012,2011,W1993700004
10.1007/s00345-007-0202-7,2012,2007,W2028503090
10.1007/s00392-004-1033-9,2012,2004,W230344114
10.1007/s00432-012-1267-2,2012,2012,W1996749660
10.1007/s00442-008-1091-1,2012,2008,W195828864
10.1007/s00468-012-0750-3,2012,2012,W2081955886
10.1007/s00521-010-0436-y,2012,2010,W2019713854
10.1007/s00526-011-0439-2,2012,2011,W2026557176
10.1007/s00784-012-0717-1,2012,2012,W2017641618
10.1007/s10067-009-1109-z,2012,2009,W2947323741
10.1007/s10209-012-0279-7,2012,2012,W2023552117
10.1007/s10346-010-0223-y,2012,2010,W4241857013
10.1007/s10404-010-0607-2,2012,2010,W2029823644
10.1007/s10409-012-0086-7,2012,2012,W3121840039
10.1007/s10620-009-0793-5,2012,2009,W2937105813
10.1007/s10930-011-9352-y,2012,2011,W2406128631
10.1007/s10948-011-1266-6,2012,2011,W2465334179
10.1007/s11107-011-0362-7,2012,2012,W2022809201
10.1007/s11205-010-9673-9,2012,2010,W2171727600
10.1007/s11240-011-0077-6,2012,2011,W4256252336
10.1007/s11356-011-0723-x,2012,2012,W1986881408
10.1007/s11390-007-9044-4,2012,2007,W2738605604
10.1007/s11604-011-0613-7,2012,2011,W21761103
10.1007/s11661-012-1509-6,2012,2012,W2029492867
10.1007/s11695-008-9661-1,2012,2008,W2067361965
10.1007/s11882-006-0040-5,2012,2006,W2050194552
10.1007/s11912-005-0054-5,2012,2005,W1981036603
10.1007/s12144-010-9072-z,2012,2010,W4240989132
10.1007/s12178-009-9047-6,2012,2009,W1761434790
10.1007/s12178-010-9066-3,2012,2010,W2039636477
10.1007/s12206-011-1207-0,2012,2012,W4253674461
10.1007/s12306-011-0137-4,2012,2011,W2410431271
10.1007/s12541-012-0293-y,2012,2012,W2026925194
10.1007/s13320-012-0046-7,2012,2012,W2068120658
10.1007/s13765-012-0019-y,2012,2012,W2090169871
10.1016/j.aml.2010.08.006,2012,2010,W174451033
10.1016/j.aml.2012.06.018,2012,2012,W2021486877
10.1016/j.applthermaleng.2011.10.014,2012,2011,W2069752487
10.1016/j.atmosres.2012.01.007,2012,2012,W2036336596
10.1016/j.bbcan.2008.07.001,2012,2008,W132674036
10.1016/j.bcmd.2011.03.008,2012,2011,W2012304601
10.1016/j.bios.2012.03.015,2012,2012,W2082427691
10.1016/j.camwa.2009.07.048,2012,2009,W2030638878
10.1016/j.camwa.2011.12.001,2012,2011,W1988687477
10.1016/j.camwa.2012.01.080,2012,2012,W2057190888
10.1016/j.canlet.2011.12.011,2012,2011,W1973984385
10.1016/j.carbon.2006.10.027,2012,2007,W2372582111
10.1016/j.cca.2012.01.028,2012,2012,W2008709887
10.1016/j.cej.2012.06.143,2012,2012,W2138060165
10.1016/j.clch.2012.04.003,2012,2012,W2017740448
10.1016/j.clinimag.2012.01.039,2012,2012,W2046986344
10.1016/j.clinthera.2008.11.011,2012,2009,W2013731049
10.1016/j.clinthera.2009.10.012,2012,2009,W2034035098
10.1016/j.clinthera.2010.08.005,2012,2010,W2097130090
10.1016/j.clp.2012.04.010,2012,2012,W324869490
10.1016/j.cps.2012.02.009,2012,2011,W4256492345
10.1016/j.ecoenv.2010.05.015,2012,2010,W1572431840
10.1016/j.ecosys.2011.09.004,2012,2012,W2065808812
10.1016/j.ejmech.2010.04.008,2012,2010,W1972753766
10.1016/j.ejphar.2005.12.054,2012,2006,W1506955202
10.1016/j.etap.2012.06.008,2012,2011,W2053800737
10.1016/j.exer.2009.09.014,2012,2009,W2080713593
10.1016/j.exer.2010.03.005,2012,2010,W1980866524
10.1016/j.exppara.2011.11.007,2012,2011,W2037417340
10.1016/j.fm.2012.02.016,2012,2012,W2090352272
10.1016/j.freeradbiomed.2008.11.005,2012,2008,W2101407999
10.1016/j.geomphys.2011.10.004,2012,2011,W2058721466
10.1016/j.gsf.2011.06.005,2012,2011,W2172295115
10.1016/j.ijcard.2007.06.037,2012,2008,W2109094417
10.1016/j.ijcard.2012.06.103,2012,2012,W2090881381
10.1016/j.ijdevneu.2012.03.323,2012,2012,W1996882390
10.1016/j.ijgo.2009.03.008,2012,2009,W2004011357
10.1016/j.ijgo.2010.05.007,2012,2010,W1976172173
10.1016/j.ijhydene.2010.05.047,2012,2010,W2019439988
10.1016/j.ijmachtools.2012.01.008,2012,2012,W2042970050
10.1016/j.ijscr.2011.05.008,2012,2011,W1942314982
10.1016/j.jalz.2011.05.228,2012,2011,W2006576171
10.1016/j.jccase.2012.07.002,2012,2012,W1981490970
10.1016/j.jcm.2011.02.003,2012,2011,W2192460553
10.1016/j.jnutbio.2008.05.003,2012,2008,W2021337133
10.1016/j.joen.2011.10.010,2012,2011,W2094531881
10.1016/j.jphotochem.2011.12.017,2012,2012,W1994314602
10.1016/j.jse.2011.07.013,2012,2012,W2039527490
10.1016/j.juro.2012.07.048,2012,2012,W1976459748
10.1016/j.matchemphys.2008.08.016,2012,2009,W2013467641
10.1016/j.matchemphys.2011.05.019,2012,2011,W1985085854
10.1016/j.mod.2007.08.003,2012,2007,W150635751
10.1016/j.msea.2008.04.006,2012,2008,W52698110
10.1016/j.neubiorev.2009.11.014,2012,2010,W2047183267
10.1016/j.neulet.2008.02.058,2012,2008,W2088335506
10.1016/j.neulet.2008.09.066,2012,2009,W2058626637
10.1016/j.neuroscience.2011.10.029,2012,2011,W1996581656
10.1016/j.optlastec.2012.06.026,2012,2012,W2009823157
10.1016/j.orgel.2012.06.026,2012,2012,W2092766346
10.1016/j.petrol.2012.06.033,2012,2012,W1987304953
10.1016/j.plantsci.2006.05.006,2012,2006,W1977413402
10.1016/j.plantsci.2010.06.015,2012,2010,W2008665686
10.1016/j.plaphy.2012.08.013,2012,2012,W23023581
10.1016/j.porgcoat.2011.10.007,2012,2011,W2047220542
10.1016/j.proeng.2012.01.1177,2012,2012,W2028652370
10.1016/j.proeng.2012.06.103,2012,2012,W2476501307
10.1016/j.proeng.2012.10.146,2012,2012,W1981997157
10.1016/j.proenv.2012.01.226,2012,2012,W2090182592
10.1016/j.proenv.2012.01.270,2012,2012,W1973143433
10.1016/j.proenv.2012.01.317,2012,2012,W2041698715
10.1016/j.rser.2007.03.009,2012,2008,W1644483829
10.1016/j.sbspro.2012.11.026,2012,2012,W2072279376
10.1016/j.sjbs.2011.09.004,2012,2012,W2018807736
10.1016/j.soard.2010.01.006,2012,2010,W2150891075
10.1016/j.spl.2012.07.018,2012,2012,W1988916935
10.1016/j.surfcoat.2012.07.049,2012,2012,W1999872345
10.1016/j.tox.2011.09.020,2012,2011,W2072719291
10.1016/j.tox.2011.09.033,2012,2011,W1975328659
10.1016/j.tox.2011.09.052,2012,2011,W2077569526
10.1016/j.transproceed.2012.05.046,2012,2012,W2040514065
10.1016/j.tsf.2010.12.121,2012,2010,W42282298
10.1016/j.urology.2007.01.097,2012,2007,W1490083197
10.1016/j.yjmcc.2007.02.010,2012,2007,W2079565440
10.1016/j.yjmcc.2007.08.021,2012,2007,W2063505523
10.1016/s0092-8674(03)00436-7,2012,2003,W2150721910
10.1016/s0959-8049(00)00113-1,2012,2000,W2947369473
10.1016/s1074-7613(03)00209-7,2012,2003,W2075425259
10.1016/s1470-2045(12)70301-7,2012,2012,W4240968459
10.1016/s1995-7645(12)60082-0,2012,2012,W2079615657
10.1016/s1995-7645(12)60119-9,2012,2012,W2102176395
10.1016/s1995-7645(12)60152-7,2012,2012,W2014733899
10.1016/s1995-7645(12)60170-9,2012,2012,W1972007444
10.1016/s2211-9477(11)70001-2,2012,2011,W2064583497
10.1021/bi3011829,2012,2012,W2324693182
10.1021/ja072456n,2012,2007,W1965356932
10.1021/ja3012897,2012,2012,W1985531244
10.1021/jf201604t,2012,2011,W2331934022
10.1021/jf801791d,2012,2008,W2060178625
10.1021/jf901301w,2012,2009,W2065536901
10.1021/la200377b,2012,2011,W21476531
10.1021/nn202932z,2012,2011,W2312361476
10.1021/nn900887m,2012,2009,W2171694875
10.1021/np200974e,2012,2012,W2334703273
10.1021/ol201980r,2012,2011,W2094289402
10.1037/0022-3514.92.1.106,2012,2007,W2054840619
10.1037/0022-3514.92.6.1051,2012,2007,W2132902242
10.1037/a0012560,2012,2008,W2011476945
10.1037/a0020216,2012,2010,W2089368760
10.1037/a0023172,2012,2011,W2089838413
10.1037/a0026106,2012,2012,W2079233794
10.1037/h0087101,2012,2000,W2107243153
10.1038/ja.2012.3,2012,2012,W2015486913
10.1038/jes.2011.24,2012,2011,W4233986997
10.1038/labinvest.2010.201,2012,2011,W2010512219
10.1038/nature08456,2012,2009,W2055095239
10.1038/ncomms1932,2012,2012,W2154128850
10.1038/nrc2539,2012,2008,W2048951894
10.1038/srep00537,2012,2012,W2053669881
10.1039/c2an35303b,2012,2012,W2039540526
10.1039/c2jm16106k,2012,2012,W2171832205
10.1039/c2nr30460k,2012,2012,W2083056035
10.1039/c2ra01308h,2012,2012,W2129236565
10.1039/c2ra21452k,2012,2012,W2063670934
10.1046/j.1460-9592.2001.00615.x,2012,2001,W1584998702
10.1046/j.1460-9592.2002.00823.x,2012,2002,W1505308460
10.1051/mattech/2011138,2012,2012,W2039384094
10.1061/40976(316)261,2012,2008,W2317972864
10.1061/41007(331)29,2012,2007,W4235256316
10.1061/41039(345)373,2012,2009,W4235825391
10.1063/1.3231831,2012,2009,W2003032754
10.1063/1.3653286,2012,2011,W2070639210
10.1073/pnas.0400441101,2012,2004,W2153768583
10.1073/pnas.0709477105,2012,2008,W2100236068
10.1073/pnas.0810435106,2012,2008,W2019019426
10.1073/pnas.0812642106,2012,2009,W2041548356
10.1073/pnas.1006377107,2012,2010,W2075077797
10.1074/jbc.m111.288522,2012,2011,W1980911506
10.1074/jbc.m500417200,2012,2005,W2037977556
10.1074/jbc.m504971200,2012,2005,W2008947763
10.1074/jbc.m608307200,2012,2007,W1981777372
10.1074/jbc.m611522200,2012,2007,W2084865513
10.1074/jbc.m710013200,2012,2009,W2030872532
10.1080/00036811.2011.559463,2012,2011,W2979526393
10.1080/00102200903490228,2012,2010,W2098494885
10.1080/00207543.2011.613871,2012,2011,W2030142300
10.1080/00365510701532662,2012,2009,W2133197765
10.1080/00958972.2012.689294,2012,2012,W4250435187
10.1080/01441640500124779,2012,2007,W2121890075
10.1080/01468030490510324,2012,2004,W2008589120
10.1080/01973533.2010.540135,2012,2011,W2043067898
10.1080/02331881003650149,2012,2010,W2625628268
10.1080/0305569042000224170,2012,2010,W2161509450
10.1080/08941920.2011.572146,2012,2011,W2047162791
10.1080/10478400903448516,2012,2009,W1971981925
10.1080/10589759.2011.633606,2012,2012,W2039137824
10.1080/15298860701438414,2012,2008,W2066708128
10.1080/15376490600691981,2012,2007,W2067813224
10.1080/15421406.2012.635976,2012,2012,W2018067256
10.1080/19440049.2011.648660,2012,2012,W2089585716
10.1086/657430,2012,2010,W2110975788
10.1086/662139,2012,2012,W2150396248
10.1089/107632703322066697,2012,2004,W2174653509
10.1089/ars.2006.8.2101,2012,2006,W1990931110
10.1089/ars.2009.2874,2012,2010,W2063504439
10.1089/ars.2011.3975,2012,2012,W2014065745
10.1089/ars.2011.4224,2012,2012,W2049949990
10.1093/abbs/gmr008,2012,2011,W2141052107
10.1093/aje/kwq207,2012,2010,W1999617904
10.1093/intimm/dxh243,2012,2005,W15824067
10.1093/jis/etp023,2012,2009,W1840656621
10.1093/jn/135.1.70s,2012,2005,W1908126299
10.1093/molehr/gap093,2012,2009,W1591832885
10.1093/rpd/ncs162,2012,2012,W1910617710
10.1096/fasebj.11.2.9039961,2012,1997,W1601924230
10.1097/01.shk.0000225318.08681.a7,2012,2006,W1985485013
10.1097/eja.0b013e32833b04e4,2012,2010,W2039326977
10.1097/ico.0b013e31822816e0,2012,2011,W2022358271
10.1097/mcc.0b013e328334b13b,2012,2010,W2090112384
10.1097/moh.0b013e32834da93b,2012,2012,W2065930483
10.1097/prs.0b013e3182131de2,2012,2011,W2332265941
10.1097/prs.0b013e3182402f17,2012,2012,W2077542637
10.1098/rsbl.2011.0376,2012,2011,W2047763128
10.1100/2011/341532,2012,2011,W1985535655
10.1100/2012/202804,2012,2012,W2075097596
10.1103/physrevb.58.12952,2012,2002,W1994843150
10.1103/physrevd.84.084020,2012,2011,W1998218095
10.1103/physrevlett.107.080403,2012,2011,W1977315729
10.1103/physrevlett.107.217203,2012,2011,W2028299899
10.1107/s1600536805026358,2012,2005,W2135220122
10.1107/s1600536807039050,2012,2007,W1989069344
10.1107/s1600536807041657,2012,2007,W1965364003
10.1107/s1600536807042122,2012,2007,W1971837436
10.1107/s1600536807046466,2012,2007,W2041721489
10.1107/s1600536807049665,2012,2007,W4205823798
10.1107/s1600536807051008,2012,2007,W4206056808
10.1107/s1600536807065051,2012,2007,W2028477962
10.1107/s1600536807065361,2012,2007,W2226149529
10.1107/s1600536807066512,2012,2008,W1997925963
10.1107/s1600536808000287,2012,2008,W2228709398
10.1107/s1600536808018540,2012,2008,W4206163766
10.1107/s1600536808021892,2012,2008,W3147531495
10.1107/s1600536808023507,2012,2008,W2224070523
10.1107/s1600536808028389,2012,2008,W2984187716
10.1107/s1600536808035150,2012,2008,W2016722860
10.1107/s1600536808043936,2012,2009,W2053607117
10.1107/s1600536809040227,2012,2009,W4205711094
10.1107/s1600536811013067,2012,2011,W2083224589
10.1107/s1744309111054388,2012,2012,W4206468767
10.1109/acct.2012.73,2012,2012,W2334391116
10.1109/beiac.2012.6226084,2012,2012,W1923357487
10.1109/beiac.2012.6226093,2012,2012,W413032055
10.1109/ccnc.2012.6181073,2012,2012,W2316589835
10.1109/conielecomp.2012.6189889,2012,2012,W2089553337
10.1109/csnt.2012.89,2012,2012,W2293633325
10.1109/cso.2012.33,2012,2012,W2272258209
10.1109/fskd.2012.6234293,2012,2012,W2201401136
10.1109/fskd.2012.6234332,2012,2012,W2291761262
10.1109/icbmi.2011.71,2012,2011,W2534536144
10.1109/iccsnt.2011.6181991,2012,2011,W2541995177
10.1109/icetet.2011.13,2012,2011,W1971300488
10.1109/icimtr.2012.6236355,2012,2012,W2125478364
10.1109/icimtr.2012.6236360,2012,2012,W2253038038
10.1109/icimtr.2012.6236379,2012,2012,W1849867663
10.1109/icimtr.2012.6236423,2012,2012,W2201265957
10.1109/icimtr.2012.6236425,2012,2012,W2164543427
10.1109/icimtr.2012.6236482,2012,2012,W2207580498
10.1109/icnc.2012.6234532,2012,2012,W2227818108
10.1109/icnc.2012.6234579,2012,2012,W386727226
10.1109/icnc.2012.6234733,2012,2012,W2218190325
10.1109/nano.2011.6144500,2012,2011,W1589757672
10.1109/nano.2011.6144509,2012,2011,W1493878570
10.1109/nano.2011.6144524,2012,2011,W1563394269
10.1109/nano.2011.6144545,2012,2011,W1564788367
10.1109/nano.2011.6144655,2012,2011,W1516744642
10.1109/nano.2011.6144664,2012,2011,W1575560077
10.1109/peam.2011.6134812,2012,2011,W2539055770
10.1109/peam.2011.6134816,2012,2011,W2545014206
10.1109/peam.2011.6134817,2012,2011,W2532779095
10.1109/peam.2011.6134832,2012,2011,W2547859544
10.1109/peam.2011.6134843,2012,2011,W2540984558
10.1109/peam.2011.6134845,2012,2011,W2532078427
10.1109/peam.2011.6134847,2012,2011,W2537030942
10.1109/peam.2011.6134858,2012,2011,W2548008099
10.1109/peam.2011.6134860,2012,2011,W2534622329
10.1109/peam.2011.6134863,2012,2011,W2539616206
10.1109/peam.2011.6134868,2012,2011,W2533918656
10.1109/peam.2011.6134870,2012,2011,W2541919863
10.1109/peam.2011.6134872,2012,2011,W1589905399
10.1109/peam.2011.6134873,2012,2011,W2537207432
10.1109/peam.2011.6134878,2012,2011,W2545104804
10.1109/peam.2011.6134884,2012,2011,W2544102401
10.1109/peam.2011.6134902,2012,2011,W2538341438
10.1109/peam.2011.6134903,2012,2011,W2537654543
10.1109/peam.2011.6134904,2012,2011,W2545128286
10.1109/peam.2011.6134909,2012,2011,W2543623119
10.1109/peam.2011.6134913,2012,2011,W2547771460
10.1109/peam.2011.6134922,2012,2011,W2548331049
10.1109/peam.2011.6134932,2012,2011,W2535975717
10.1109/peam.2011.6134933,2012,2011,W2535841038
10.1109/peam.2011.6134936,2012,2011,W2538943410
10.1109/peam.2011.6134946,2012,2011,W2536404564
10.1109/peam.2011.6134948,2012,2011,W2539922584
10.1109/peam.2011.6134950,2012,2011,W2538418275
10.1109/peam.2011.6134953,2012,2011,W2544364168
10.1109/peam.2011.6134967,2012,2011,W2531972374
10.1109/peam.2011.6134971,2012,2011,W2541853119
10.1109/peam.2011.6134992,2012,2011,W2533328719
10.1109/peam.2011.6135054,2012,2011,W2547815849
10.1109/peam.2011.6135062,2012,2011,W2076867620
10.1109/peam.2011.6135068,2012,2011,W2539807239
10.1109/peam.2011.6135090,2012,2011,W2543020249
10.1109/peam.2011.6135092,2012,2011,W2542373860
10.1109/peam.2011.6135105,2012,2011,W2547103319
10.1109/peam.2011.6135106,2012,2011,W2534628233
10.1109/peam.2011.6135114,2012,2011,W2545283713
10.1109/shuser.2012.6268802,2012,2012,W1887455498
10.1109/shuser.2012.6268806,2012,2012,W2202791915
10.1109/shuser.2012.6268814,2012,2012,W1916018345
10.1109/shuser.2012.6268830,2012,2012,W2262612596
10.1109/shuser.2012.6268836,2012,2012,W2142137503
10.1109/shuser.2012.6268837,2012,2012,W2219727090
10.1109/shuser.2012.6268839,2012,2012,W2110861978
10.1109/shuser.2012.6268845,2012,2012,W2122363769
10.1109/shuser.2012.6268847,2012,2012,W1954078036
10.1109/shuser.2012.6268849,2012,2012,W363339268
10.1109/shuser.2012.6268851,2012,2012,W1617054023
10.1109/shuser.2012.6268853,2012,2012,W2219793235
10.1109/shuser.2012.6268875,2012,2012,W1783764114
10.1109/shuser.2012.6268876,2012,2012,W2258721209
10.1111/j.1346-8138.1994.tb03293.x,2012,1994,W2088689254
10.1111/j.1365-2044.2011.06976.x,2012,2011,W1522658068
10.1111/j.1365-2109.2008.01951.x,2012,2008,W2147199819
10.1111/j.1365-2109.2008.01964.x,2012,2008,W1926085594
10.1111/j.1399-0039.2010.01622.x,2012,2011,W1979463196
10.1111/j.1399-6576.2012.02716.x,2012,2012,W2116045413
10.1111/j.1439-0396.2011.01190.x,2012,2011,W2107327904
10.1111/j.1440-1789.2007.00785.x,2012,2007,W1503091102
10.1111/j.1447-0756.2008.00745.x,2012,2008,W1582443863
10.1111/j.1447-0756.2011.01688.x,2012,2011,W1750085255
10.1111/j.1447-0756.2011.01754.x,2012,2012,W1575284806
10.1111/j.1464-410x.2005.05616.x,2012,2005,W1977224950
10.1111/j.1467-6486.2010.00994.x,2012,2011,W1935156965
10.1111/j.1467-9280.2008.02097.x,2012,2008,W1768213964
10.1111/j.1467-9280.2008.02128.x,2012,2008,W2083739432
10.1111/j.1467-9523.2009.00504.x,2012,2009,W1566674077
10.1111/j.1471-4159.2006.04301.x,2012,2007,W1548965003
10.1111/j.1471-4159.2008.05353.x,2012,2008,W1555940993
10.1111/j.1478-3231.2011.02505.x,2012,2011,W1923149392
10.1111/j.1610-0387.2005.04397.x,2012,2005,W1958151982
10.1111/j.1651-2227.2008.01213.x,2012,2009,W2050747371
10.1111/j.1744-4667.2011.00077.x,2012,2012,W1506724151
10.1111/j.1744-7917.2012.01521.x,2012,2012,W2033779660
10.1124/jpet.111.179820,2012,2011,W2025112656
10.1124/jpet.112.193946,2012,2012,W2066124854
10.1126/science.1104696,2012,2004,W1964570639
10.1136/pmj.2003.009571,2012,2004,W2088746427
10.1142/s0217751x1105436x,2012,2011,W2008905501
10.1142/s179329201100286x,2012,2011,W2097653414
10.1152/ajpendo.00662.2010,2012,2011,W4230555306
10.1152/ajpheart.00399.2006,2012,2006,W2097631901
10.1152/ajpheart.01012.2001,2012,2002,W2130345110
10.1152/ajpheart.01285.2004,2012,2005,W2168005136
10.1152/ajplung.00017.2008,2012,2008,W2168081766
10.1152/ajplung.00099.2007,2012,2007,W2153324184
10.1155/2010/414650,2012,2010,W2129831442
10.1155/2012/768591,2012,2012,W2130149378
10.1158/1078-0432.ccr-07-4110,2012,2008,W2112372740
10.1159/000320379,2012,2011,W2004890600
10.1159/000334713,2012,2012,W1996112956
10.1161/01.cir.0000162483.51132.25,2012,2005,W2130629110
10.1161/circulationaha.107.757096,2012,2008,W2021200564
10.1161/circulationaha.108.784785,2012,2008,W2108709323
10.1161/hc3301.095286,2012,2001,W2116014852
10.1161/hypertensionaha.111.175463,2012,2011,W4231455521
10.1165/rcmb.2008-0197oc,2012,2009,W2071877124
10.1172/jci42315,2012,2010,W2098317989
10.1177/0146167209357746,2012,2010,W2041304728
10.1177/0146167210381083,2012,2010,W2148183701
10.1177/0148607106030003222,2012,2006,W4321258660
10.1177/0190272511398208,2012,2011,W2317826651
10.1177/0310057x9602400107,2012,1996,W2469920913
10.1177/0310057x9902700304,2012,1999,W2406153776
10.1177/0748233711416951,2012,2011,W2108025164
10.1177/0890334411411916,2012,2011,W2256423815
10.1177/1082013210368738,2012,2011,W2067169307
10.1177/1368431011432375,2012,2011,W4242596056
10.1177/147323000903700609,2012,2009,W4249010670
10.1182/blood-2006-09-047043,2012,2007,W2041435092
10.1182/blood-2008-01-133710,2012,2008,W1969103012
10.1182/blood-2009-03-209247,2012,2009,W2032295860
10.1182/blood-2011-04-342998,2012,2011,W2090406171
10.1186/1471-2121-13-8,2012,2012,W1982110158
10.1186/1471-2172-12-63,2012,2011,W2170192989
10.1186/1477-3155-10-31,2012,2012,W2113342933
10.1186/1477-7819-8-35,2012,2010,W2168187705
10.1186/1687-1499-2012-133,2012,2012,W2131619509
10.1186/1756-0500-4-547,2012,2011,W2155565640
10.1186/2228-5326-2-2,2012,2012,W2143255835
10.1186/2228-5326-2-7,2012,2012,W2132178362
10.1186/2228-5326-2-8,2012,2012,W2125665145
10.1186/2251-6581-11-7,2012,2012,W2122392356
10.1186/2251-712x-8-27,2012,2012,W2125200541
10.1213/00000539-199401000-00014,2012,1994,W1983940912
10.1213/00000539-199912000-00048,2012,1999,W4254794903
10.1258/ar.2011.100462,2012,2012,W2156851466
10.1258/td.2012.110335,2012,2012,W2001030230
10.1287/orsc.1090.0499,2012,2010,W2120257996
10.1289/ehp.7783,2012,2005,W2040036798
10.1292/jvms.11-0580e,2012,2012,W4256265924
10.1308/003588411x604794,2012,2011,W22041231
10.1309/ajcpix0ruo5pglxd,2012,2012,W2141825556
10.1371/journal.pcbi.1002308,2012,2012,W4242860775
10.1371/journal.pmed.1001214,2012,2012,W2030755393
10.1371/journal.pone.0004168,2012,2009,W2089064056
10.1371/journal.pone.0013512,2012,2010,W2054664832
10.1371/journal.pone.0014163,2012,2010,W2054806272
10.1371/journal.pone.0022730,2012,2011,W1991574325
10.1371/journal.pone.0026503,2012,2011,W2144643125
10.1371/journal.pone.0030980,2012,2012,W2021038383
10.1371/journal.ppat.0020025,2012,2006,W2063905114
10.1378/chest.132.4_meetingabstracts.455,2012,2007,W2150431363
10.1517/13543784.2010.514261,2012,2010,W2340559474
10.1517/14656566.2011.557360,2012,2011,W2021600569
10.1517/14656566.2011.585636,2012,2011,W2153537777
10.1517/14712598.3.2.319,2012,2005,W12662145
10.1521/soco.2011.29.3.238,2012,2011,W2158208671
10.1523/jneurosci.1564-11.2011,2012,2011,W2058598635
10.1524/9783486718928.1,2012,2012,W3104073011
10.1529/biophysj.106.086777,2012,2006,W1503900133
10.1536/ihj.49.213,2012,2008,W2058988684
10.1563/aaid-joi-d-11-00071,2012,2011,W2315790151
10.1587/transcom.e95.b.2509,2012,2012,W2023480690
10.1590/s0006-87052012005000009,2012,2012,W2200780965
10.1590/s1516-05722012000100015,2012,2012,W1835679427
10.1617/s11527-005-9008-5,2012,2006,W1989001688
10.1893/0005-3155-83.2.56,2012,2012,W1995099093
10.2147/bctt.s17094,2012,2011,W2083425091
10.2147/bctt.s17108,2012,2011,W2000695869
10.2147/bctt.s20695,2012,2011,W2079023094
10.2169/internalmedicine.50.4792,2012,2011,W2602940488
10.2174/092986606777145850,2012,2006,W1990958956
10.2298/sarh0406182m,2012,2004,W2073629999
10.2298/tsci1202551r,2012,2012,W2031187141
10.2320/matertrans.46.798,2012,2005,W2509916456
10.2337/db12-0317,2012,2012,W2149135778
10.2337/dc08-s263,2012,2008,W1533376794
10.2533/000942906777836327,2012,2006,W1963689511
10.3109/03639045.2012.665459,2012,2011,W2061740004
10.3109/08923971003631417,2012,2010,W1976843338
10.3109/08923971003671116,2012,2010,W2075524210
10.3109/08923971003685959,2012,2010,W2076106631
10.3109/08923973.2010.482591,2012,2010,W2023415532
10.3109/08923973.2010.484839,2012,2010,W2019589113
10.3109/08923973.2010.487871,2012,2010,W2033028123
10.3109/08923973.2010.495393,2012,2010,W1970809411
10.3109/08923973.2010.532804,2012,2010,W2065468023
10.3109/08923973.2010.532805,2012,2010,W2025562045
10.3109/08923973.2011.593180,2012,2011,W149468775
10.3109/08923973.2011.594954,2012,2011,W2003056857
10.3109/08923973.2011.599034,2012,2011,W2070920064
10.3109/08923973.2011.602690,2012,2011,W2034323255
10.3109/09637486.2010.513682,2012,2010,W2013089335
10.3109/13880209.2010.507769,2012,2010,W2084012593
10.3109/14756360903185952,2012,2010,W2060113233
10.3109/14756360903373376,2012,2010,W2022799357
10.3109/19396360903013126,2012,2009,W19938952
10.3122/jabfm.2011.05.100303,2012,2011,W4252996554
10.3164/jcbn.11-47,2012,2011,W2144789312
10.3171/2012.9.spine12687,2012,2012,W1541605638
10.3342/kjorl-hns.2010.53.12.737,2012,2010,W2140910400
10.3389/fpls.2012.00149,2012,2012,W2004167908
10.3390/ijms12042325,2012,2011,W2073058882
10.3390/ma5050882,2012,2012,W2119968872
10.3390/s120100878,2012,2012,W2149543969
10.3390/s121216250,2012,2012,W1603655676
10.3779/j.issn.1009-3419.2012.07.07,2012,2012,W1821301054
10.3791/962,2012,2008,W1988079322
10.3892/ijo.2011.1268,2012,2011,W1983547983
10.3892/ijo.2012.1430,2012,2012,W1964425647
10.3988/jcn.2008.4.4.139,2012,2008,W2148716278
10.4028/www.scientific.net/amr.518-523.3820,2012,2012,W1992764126
10.4049/jimmunol.174.3.1281,2012,2005,W2170319584
10.4049/jimmunol.175.8.4914,2012,2005,W4233461304
10.4070/kcj.2011.41.3.156,2012,2011,W2143209385
10.4070/kcj.2011.41.7.349,2012,2011,W2150924669
10.4103/0019-5154.55628,2012,2009,W2084478058
10.4103/0970-4388.73790,2012,2010,W1972168376
10.4103/0972-124x.100930,2012,2012,W2413497587
10.4103/0972-5229.53109,2012,2009,W2003349873
10.4103/0973-029x.84497,2012,2011,W2095532550
10.4113/jom.2009.1045,2012,2009,W2119532892
10.4187/respcare.01631,2012,2012,W2330552475
10.4236/jmp.2012.32020,2012,2012,W2077795463
10.4236/jmp.2012.32028,2012,2012,W1974643482
10.4236/jmp.2012.33039,2012,2012,W1997291277
10.4236/jmp.2012.35057,2012,2012,W2024623438
10.4236/jmp.2012.35058,2012,2012,W1986565610
10.4236/jmp.2012.36066,2012,2012,W1996402253
10.4321/s1886-36552011000100008,2012,2011,W1996556114
10.5108/acsc.2.5,2012,2010,W2320101747
10.5301/hip.2011.8657,2012,2011,W1971269901
10.5430/jnep.v2n3p38,2012,2012,W2098698046
10.5430/jnep.v2n4p145,2012,1995,W2276217180
10.5539/mas.v6n5p82,2012,2012,W1488804869
10.5761/atcs.cr.11.01745,2012,2011,W2093687305
10.5946/ce.2011.44.1.22,2012,2011,W2089802906
10.7498/aps.61.186102,2012,2012,W3117340757
10.1002/14651858.cd000447.pub2,2013,2004,W1934519169
10.1002/14651858.cd000993,2013,2001,W4212765934
10.1002/14651858.cd001160,2013,2000,W2979763352
10.1002/14651858.cd001160.pub2,2013,2004,W4247261313
10.1002/14651858.cd001790,2013,2001,W4244270997
10.1002/14651858.cd001791.pub2,2013,2010,W2138510668
10.1002/14651858.cd002291.pub3,2013,2004,W4253656064
10.1002/14651858.cd002916,2013,2000,W4234601327
10.1002/14651858.cd002938,2013,2002,W4232019617
10.1002/14651858.cd002970,2013,2003,W2158601348
10.1002/14651858.cd003227,2013,2001,W2148955784
10.1002/14651858.cd003227.pub2,2013,2010,W4211065446
10.1002/14651858.cd003346,2013,2001,W2129226718
10.1002/14651858.cd003375,2013,2001,W4252554927
10.1002/14651858.cd003762,2013,2002,W4239205071
10.1002/14651858.cd003783,2013,2002,W4205941428
10.1002/14651858.cd003783.pub2,2013,2004,W1836249290
10.1002/14651858.cd004088,2013,2003,W4247961034
10.1002/14651858.cd004088.pub2,2013,2005,W4252493438
10.1002/14651858.cd004259,2013,2003,W2121126478
10.1002/14651858.cd004576,2013,2004,W4237665985
10.1002/14651858.cd004576.pub2,2013,2008,W1901058032
10.1002/14651858.cd004769.pub2,2013,2008,W2133581353
10.1002/14651858.cd004843.pub2,2013,2006,W2120447160
10.1002/14651858.cd004846.pub2,2013,2007,W2160209938
10.1002/14651858.cd005178,2013,2005,W3049373895
10.1002/14651858.cd005194,2013,2005,W1497548654
10.1002/14651858.cd005234,2013,2005,W4240617919
10.1002/14651858.cd005234.pub3,2013,2009,W4249606988
10.1002/14651858.cd005234.pub4,2013,2011,W2407594007
10.1002/14651858.cd005336,2013,2005,W4239895488
10.1002/14651858.cd005336.pub2,2013,2006,W2142450006
10.1002/14651858.cd005367,2013,2009,W4251537742
10.1002/14651858.cd005367.pub2,2013,2009,W2164748822
10.1002/14651858.cd005367.pub3,2013,2012,W4236269095
10.1002/14651858.cd005410.pub2,2013,2007,W4234573162
10.1002/14651858.cd006272.pub2,2013,2010,W2168072459
10.1002/14651858.cd006535,2013,2007,W1487913180
10.1002/14651858.cd006535.pub2,2013,2008,W1888066329
10.1002/14651858.cd009217,2013,2011,W3023081556
10.1002/1529-0131(200110)44:10%3c2371::aid-art401%3e3.0.co;2-w,2013,2001,
10.1002/app.32428,2013,2010,W4236776315
10.1002/ardp.201100412,2013,2012,W2026785096
10.1002/art.10674,2013,2002,W2063949126
10.1002/clc.22062,2013,2012,W1973620762
10.1002/hpm.1025,2013,2010,W2062046507
10.1002/ijc.21453,2013,2006,W2018522720
10.1002/jbm.b.32972,2013,2013,W2164523404
10.1002/pa.1427,2013,2012,W1604274076
10.1002/pmic.200401129,2013,2005,W2012194882
10.1002/we.1605,2013,2013,W4244650256
10.1002/wrcr.20065,2013,2013,W2995035640
10.1006/exnr.2002.7968,2013,2002,W2092330708
10.1006/jtbi.1996.0320,2013,1997,W2029067558
10.1007/112_2012_9,2013,2013,W2485700
10.1007/978-1-4614-3872-4_266,2013,2013,W2307961029
10.1007/978-1-4899-8050-2_16,2013,2013,W2304287581
10.1007/978-3-642-32183-2_13,2013,2013,W1520677611
10.1007/978-3-642-35314-7_15,2013,2013,W4206555077
10.1007/978-3-642-35440-3_87,2013,2013,W2201872649
10.1007/978-3-642-35567-7_22,2013,2013,W1006458216
10.1007/978-3-642-36124-1_51,2013,2013,W1748874744
10.1007/978-3-642-39637-3_54,2013,2013,W2934992739
10.1007/bf01235662,2013,1997,W2902121510
10.1007/bf02427950,2013,2005,W2054706924
10.1007/bf02479949,2013,1995,W2070540577
10.1007/bf02480074,2013,1997,W1981093665
10.1007/bf03012096,2013,1998,W3027959097
10.1007/bf03012299,2013,1998,W1976086238
10.1007/bf03012704,2013,1998,W1981705319
10.1007/bf03013130,2013,1999,W2032197013
10.1007/bf03016073,2013,2005,W99802086
10.1007/bf03016525,2013,2005,W2022697400
10.1007/bf03018390,2013,2003,W1484285700
10.1007/bf03018498,2013,2004,W2095321878
10.1007/s00101-011-1863-6,2013,2011,W2146230200
10.1007/s00125-013-2949-2,2013,2013,W2095435900
10.1007/s00170-013-5031-9,2013,2013,W2090789213
10.1007/s00233-012-9423-1,2013,2012,W2016682010
10.1007/s00246-012-0561-8,2013,2012,W2438238051
10.1007/s00464-007-9647-4,2013,2007,W2069765509
10.1007/s00521-012-0865-x,2013,2012,W2030949812
10.1007/s00521-012-0983-5,2013,2012,W2110996721
10.1007/s00521-012-1318-2,2013,2013,W2057675409
10.1007/s00540-011-1241-1,2013,2011,W1988650831
10.1007/s10059-012-0066-6,2013,2012,W2004260679
10.1007/s10067-012-1976-6,2013,2012,W1966626345
10.1007/s10098-013-0704-5,2013,2013,W2015976553
10.1007/s10158-013-0157-x,2013,2013,W2080416543
10.1007/s10342-012-0659-9,2013,2012,W2046370276
10.1007/s10404-012-1091-7,2013,2012,W4243124279
10.1007/s10495-006-0626-3,2013,2007,W1587138655
10.1007/s10551-008-9733-0,2013,2008,W2923554290
10.1007/s10551-012-1281-y,2013,2012,W2161960360
10.1007/s10620-012-2205-5,2013,2012,W1997851506
10.1007/s10661-011-2501-0,2013,2012,W2078164144
10.1007/s10661-012-2944-y,2013,2012,W2066530348
10.1007/s10725-013-9801-z,2013,2013,W4236321641
10.1007/s10815-012-9901-0,2013,2012,W1994367583
10.1007/s10845-011-0556-y,2013,2011,W190055792
10.1007/s10847-013-0312-3,2013,2013,W2118035232
10.1007/s10875-006-9028-0,2013,2006,W1599889899
10.1007/s10905-011-9262-z,2013,2011,W2148428631
10.1007/s11010-010-0658-4,2013,2010,W1974243684
10.1007/s11019-012-9424-6,2013,2012,W2029265345
10.1007/s11032-013-9860-x,2013,2013,W2011944127
10.1007/s11060-006-9322-y,2013,2007,W2396682126
10.1007/s11060-009-9807-6,2013,2009,W1256849100
10.1007/s11062-013-9333-1,2013,2013,W4252771858
10.1007/s11160-012-9279-1,2013,2012,W4211074102
10.1007/s11160-013-9306-x,2013,2013,W2018316377
10.1007/s11220-011-0068-z,2013,2011,W2996231863
10.1007/s11242-012-0094-x,2013,2012,W2028857261
10.1007/s11276-013-0622-9,2013,2013,W1999619289
10.1007/s11518-013-5224-7,2013,2013,W2079452042
10.1007/s11832-012-0416-0,2013,2012,W2121435085
10.1007/s11845-010-0534-y,2013,2010,W2763310535
10.1007/s12029-012-9459-1,2013,2012,W1965966360
10.1007/s12039-012-0272-y,2013,2012,W2053628859
10.1007/s12043-007-0129-y,2013,2007,W1978120087
10.1007/s12098-011-0618-3,2013,2012,W2013866587
10.1007/s12098-012-0857-y,2013,2012,W2032691494
10.1007/s12217-012-9321-x,2013,2012,W2286002975
10.1007/s12232-011-0144-7,2013,2011,W2002370914
10.1007/s12262-011-0329-z,2013,2011,W1976576843
10.1007/s12262-012-0618-1,2013,2012,W2068183749
10.1007/s12262-012-0642-1,2013,2012,W2155206406
10.1007/s12275-009-0068-z,2013,2009,W2072399829
10.1007/s12298-012-0120-z,2013,2012,W1986426891
10.1007/s12540-012-5005-8,2013,2012,W2065182468
10.1007/s12665-011-1199-1,2013,2011,W4256720546
10.1007/s13105-012-0205-8,2013,2012,W2077931762
10.1007/s13280-012-0291-4,2013,2012,W4250908993
10.1016/b978-0-08-011869-7.50003-5,2013,2013,W4255947829
10.1016/b978-0-08-011869-7.50008-4,2013,2013,W3095506007
10.1016/b978-0-08-011869-7.50009-6,2013,2013,W1622719524
10.1016/b978-0-08-011869-7.50010-2,2013,2013,W3096663151
10.1016/b978-0-08-011869-7.50011-4,2013,2013,W1537237995
10.1016/b978-0-08-011869-7.50012-6,2013,2013,W1570692570
10.1016/b978-0-08-011869-7.50013-8,2013,2013,W3096553571
10.1016/b978-0-08-011869-7.50014-x,2013,2013,W1562404086
10.1016/b978-0-08-011869-7.50017-5,2013,2013,W1538072330
10.1016/j.actbio.2010.08.010,2013,2011,W2136152607
10.1016/j.actbio.2012.03.048,2013,2012,W2089417879
10.1016/j.actbio.2012.06.021,2013,2012,W2439432631
10.1016/j.appet.2013.08.004,2013,2013,W1997499180
10.1016/j.athoracsur.2010.05.017,2013,2010,W2053833534
10.1016/j.bbadis.2012.01.002,2013,2012,W1969819112
10.1016/j.bbagrm.2013.07.001,2013,2004,W2094321155
10.1016/j.bbrc.2008.03.120,2013,2008,W1589357319
10.1016/j.bbrc.2012.08.009,2013,2012,W194475882
10.1016/j.bbrc.2012.08.108,2013,2012,W2043671043
10.1016/j.bbrc.2013.07.008,2013,2013,W2087570705
10.1016/j.biocel.2008.01.011,2013,2008,W32178872
10.1016/j.bmcl.2012.07.016,2013,2012,W1993396143
10.1016/j.bone.2011.03.141,2013,2011,W1963685881
10.1016/j.bone.2013.03.018,2013,2013,W2085192698
10.1016/j.bpc.2013.07.007,2013,2013,W1982261211
10.1016/j.brainres.2012.03.038,2013,2012,W2040643662
10.1016/j.canlet.2006.08.009,2013,2007,W2116816819
10.1016/j.canlet.2006.10.015,2013,2007,W2116567973
10.1016/j.canlet.2008.12.018,2013,2009,W2108853055
10.1016/j.canlet.2010.05.012,2013,2010,W2130301080
10.1016/j.carbon.2010.03.066,2013,2010,W1994103227
10.1016/j.carbpol.2012.09.074,2013,2012,W2006880279
10.1016/j.carbpol.2013.05.097,2013,2013,W2538475487
10.1016/j.catcom.2012.11.012,2013,2013,W2078268859
10.1016/j.cej.2011.06.043,2013,2011,W2087219446
10.1016/j.cell.2010.09.025,2013,2010,W2080007501
10.1016/j.cell.2011.03.052,2013,2011,W2099138142
10.1016/j.cellimm.2005.04.019,2013,2004,W1679176876
10.1016/j.ces.2011.08.030,2013,2011,W1995196842
10.1016/j.ces.2013.02.015,2013,2013,W2093212723
10.1016/j.cherd.2012.02.013,2013,2012,W2091628584
10.1016/j.colsurfb.2012.11.040,2013,2012,W2029106298
10.1016/j.compositesb.2013.01.017,2013,2013,W1983372466
10.1016/j.cyto.2012.03.008,2013,2012,W2055886832
10.1016/j.devcel.2008.11.006,2013,2009,W2159952016
10.1016/j.egypro.2013.06.790,2013,2013,W1990213069
10.1016/j.egypro.2013.06.831,2013,2013,W2094053646
10.1016/j.eja.2012.11.001,2013,2012,W2045529197
10.1016/j.ejphar.2012.02.023,2013,2012,W2046950859
10.1016/j.enpol.2013.07.135,2013,2013,W2020849982
10.1016/j.envpol.2012.01.006,2013,2012,W4251442310
10.1016/j.eswa.2011.02.044,2013,2011,W61596835
10.1016/j.fbp.2012.04.007,2013,2012,W2032951228
10.1016/j.fct.2012.08.005,2013,2012,W2112857091
10.1016/j.ieri.2012.06.060,2013,2012,W2018905677
10.1016/j.ifset.2013.01.004,2013,2013,W1984406620
10.1016/j.ijbiomac.2013.04.033,2013,2013,W2085341684
10.1016/j.ijbiomac.2013.05.004,2013,2013,W4206132886
10.1016/j.ijchv.2013.10.001,2013,2013,W2002403579
10.1016/j.ijedudev.2011.02.013,2013,2011,W1964609973
10.1016/j.ijrobp.2012.01.051,2013,2012,W1974458509
10.1016/j.indcrop.2011.01.022,2013,2011,W1987914969
10.1016/j.inoche.2013.06.040,2013,2013,W2012373383
10.1016/j.jacc.2011.12.043,2013,2012,W2234143050
10.1016/j.jafrearsci.2012.09.007,2013,2012,W2039778428
10.1016/j.jbusvent.2007.06.002,2013,2008,W1515601019
10.1016/j.jenvp.2010.06.002,2013,2010,W1242786424
10.1016/j.jesp.2006.07.007,2013,2006,W1973918865
10.1016/j.jesp.2010.05.018,2013,2010,W2057550579
10.1016/j.jesp.2010.12.013,2013,2010,W2097105910
10.1016/j.jesp.2011.02.010,2013,2011,W1979045736
10.1016/j.jlp.2012.09.005,2013,2012,W2050249846
10.1016/j.jmva.2012.11.011,2013,2012,W1968845492
10.1016/j.joms.2012.07.019,2013,2012,W2060249591
10.1016/j.jpcs.2011.09.018,2013,2012,W1991991614
10.1016/j.jspi.2010.02.021,2013,2010,W2056935658
10.1016/j.jtusci.2013.04.003,2013,2013,W2073198256
10.1016/j.kjms.2012.08.031,2013,2012,W2045793196
10.1016/j.lfs.2012.10.024,2013,2012,W1979541851
10.1016/j.lwt.2013.07.015,2013,2013,W2071984991
10.1016/j.matlet.2011.02.048,2013,2011,W2073526835
10.1016/j.matlet.2013.02.049,2013,2013,W2325161071
10.1016/j.mcm.2012.06.007,2013,2012,W2012687983
10.1016/j.molcel.2013.06.005,2013,2013,W2042839842
10.1016/j.msea.2009.09.025,2013,2010,W2006539283
10.1016/j.neubiorev.2004.10.004,2013,2005,W1984224154
10.1016/j.neucom.2012.06.007,2013,2012,W2060373847
10.1016/j.neunet.2012.09.007,2013,2012,W2046828463
10.1016/j.npep.2012.07.004,2013,2012,W2115049351
10.1016/j.optcom.2010.04.028,2013,2010,W2041484931
10.1016/j.optlastec.2012.06.005,2013,2012,W2046740947
10.1016/j.optlastec.2012.06.013,2013,2012,W2122554704
10.1016/j.optlastec.2012.08.036,2013,2012,W2023770240
10.1016/j.optlastec.2012.09.031,2013,2012,W2011479653
10.1016/j.optlastec.2012.10.010,2013,2012,W1981941015
10.1016/j.pedn.2013.02.017,2013,2013,W2062622381
10.1016/j.porgcoat.2012.09.008,2013,2012,W2041079156
10.1016/j.procs.2012.04.150,2013,2012,W2040941777
10.1016/j.proeng.2011.05.002,2013,2012,W2087536200
10.1016/j.proeng.2012.01.122,2013,2012,W2058167416
10.1016/j.proeng.2012.01.1294,2013,2012,W2044095190
10.1016/j.proenv.2011.12.175,2013,2012,W1977977368
10.1016/j.purol.2013.01.002,2013,2013,W1996964299
10.1016/j.rdf.2012.12.001,2013,2013,W2019444274
10.1016/j.regpep.2010.07.163,2013,2010,W2038928011
10.1016/j.renene.2011.06.010,2013,2011,W2071416975
10.1016/j.renene.2012.01.057,2013,2012,W2071441401
10.1016/j.rser.2011.11.002,2013,2012,W2068820659
10.1016/j.rser.2012.06.029,2013,2012,W2010208830
10.1016/j.rser.2012.07.026,2013,2012,W2065493386
10.1016/j.rser.2012.09.022,2013,2013,W216688860
10.1016/j.sbspro.2011.11.156,2013,2011,W2043733843
10.1016/j.sbspro.2013.08.209,2013,2013,W2078059787
10.1016/j.scoms.2013.04.032,2013,2013,W4252155271
10.1016/j.socscimed.2011.06.045,2013,2011,W2029467910
10.1016/j.talanta.2012.11.019,2013,2013,W2038132243
10.1016/j.techfore.2008.07.002,2013,2008,W2036168263
10.1016/j.techfore.2012.02.003,2013,2012,W2092664770
10.1016/j.tet.2011.12.016,2013,2011,W2027355607
10.1016/j.tet.2013.04.128,2013,2013,W2040447284
10.1016/j.tetlet.2010.04.012,2013,2010,W2052957364
10.1016/j.ultsonch.2013.12.006,2013,2013,W1995192529
10.1016/j.vacuum.2012.02.018,2013,2012,W1972409865
10.1016/j.yexmp.2010.01.007,2013,2010,W2114288614
10.1016/j.ygyno.2007.12.020,2013,2008,W2057066469
10.1016/j.ygyno.2011.12.441,2013,2011,W2013550645
10.1016/s0029-7844(01)01641-6,2013,2002,W1974573631
10.1016/s0304-3835(02)00107-6,2013,2002,W2043665369
10.1016/s0735-1097(13)61542-9,2013,2013,W2009747961
10.1016/s0952-8180(03)00086-2,2013,2003,W2093968799
10.1016/s0952-8180(99)00011-2,2013,1999,W2077894018
10.1016/s1535-6108(03)00030-8,2013,2003,W1974188350
10.1016/s1995-7645(13)60015-2,2013,2013,W1970117110
10.1016/s1995-7645(13)60049-8,2013,2013,W2080683232
10.1017/s0007114510000693,2013,2010,W2150435380
10.1017/s0265021504001103,2013,2004,W4232835915
10.1017/s1751731110000121,2013,2010,W2113175293
10.1021/ac400377y,2013,2013,W4241725692
10.1021/bi027298l,2013,2003,W2014458000
10.1021/ja807685r,2013,2008,W2104316507
10.1021/je400067u,2013,2013,W2322770931
10.1021/jm8015766,2013,2009,W1996665783
10.1021/nl400959z,2013,2013,W2320440067
10.1037/0022-3514.87.6.860,2013,2004,W2002016575
10.1037/a0025753,2013,2012,W2001297768
10.1038/cdd.2010.114,2013,2011,W2081190281
10.1038/cmi.2009.38,2013,2009,W2061707676
10.1038/ki.2012.244,2013,2012,W1991824011
10.1038/ki.2013.192,2013,2013,W4244710351
10.1038/nature04344,2013,2005,W2112966283
10.1038/nature09301,2013,2010,W2037573325
10.1038/nm.2077,2013,2010,W2134015733
10.1038/nmeth.1430,2013,2010,W2034207334
10.1038/nphoton.2011.322,2013,2012,W2086940753
10.1038/sj.cdd.4401929,2013,2007,W2086288004
10.1039/c2an35065c,2013,2012,W2114310687
10.1039/c2gc36331c,2013,2012,W2061647869
10.1039/c3tb20262c,2013,2013,W2011983027
10.1046/j.1365-2044.1998.00633.x,2013,1998,W1571123878
10.1046/j.1365-2168.2000.01393.x,2013,2000,W1971079173
10.1046/j.1365-2346.1998.00303.x,2013,1998,W2034871711
10.1046/j.1365-2346.1999.00483.x,2013,1999,W2002038997
10.1046/j.1365-2346.1999.00500.x,2013,1999,W10434165
10.1046/j.1365-2346.2000.00617.x,2013,2000,W2120735110
10.1051/jbio/2013005,2013,2013,W1992405291
10.1055/s-2003-45397,2013,2003,W2413799535
10.1057/hep.2012.21,2013,2012,W1978794102
10.1061/(asce)st.1943-541x.0000392,2013,2011,W4250272259
10.1061/(asce)st.1943-541x.0000697,2013,2012,W4238653407
10.1061/(asce)st.1943-541x.0000718,2013,2012,W4206462153
10.1061/9780784412848.066,2013,2013,W2313526388
10.1061/9780784412848.068,2013,2013,W2134582824
10.1063/1.4769080,2013,2012,W2025992777
10.1073/pnas.0913054107,2013,2010,W2142196115
10.1074/jbc.273.11.6525,2013,1998,W2088432812
10.1074/jbc.274.19.12971,2013,1999,W1972950322
10.1074/jbc.c112.403048,2013,2012,W2070680714
10.1074/jbc.m008096200,2013,2001,W2101417059
10.1074/jbc.m105901200,2013,2001,W2008924522
10.1074/jbc.m107844200,2013,2001,W2007534671
10.1074/jbc.m109.033407,2013,2010,W2128283071
10.1074/jbc.m109278200,2013,2002,W2089140126
10.1074/jbc.m110944200,2013,2002,W2021153400
10.1074/jbc.m111.226027,2013,2011,W2128904073
10.1074/jbc.m111.248690,2013,2011,W1993037993
10.1074/jbc.m111.324632,2013,2012,W2104424042
10.1074/jbc.m113.470914,2013,2013,W1997674863
10.1074/jbc.m202465200,2013,2002,W2009177835
10.1074/jbc.m308788200,2013,2004,W4206107690
10.1074/jbc.m501238200,2013,2005,W2057190489
10.1074/jbc.m510157200,2013,2006,W1991839274
10.1074/jbc.m512112200,2013,2006,W2003696679
10.1074/jbc.m601496200,2013,2006,W1983371018
10.1074/jbc.m701050200,2013,2007,W2035195993
10.1080/00207450590934435,2013,2004,W2061121981
10.1080/00223980.2013.774310,2013,2013,W2965932392
10.1080/00387010.2011.597481,2013,2012,W2317934795
10.1080/01436597.2013.786294,2013,2013,W2090072943
10.1080/01614576.1992.11074061,2013,1992,W2011845509
10.1080/01694243.2012.705482,2013,2012,W1970550100
10.1080/01900691003703761,2013,2010,W1972169520
10.1080/07317115.2012.749319,2013,2012,W4250124815
10.1080/08997764.2011.601980,2013,2011,W1964905369
10.1080/09507116.2011.592699,2013,2011,W2086565754
10.1080/09511920801911019,2013,2009,W2069613780
10.1080/0951192x.2012.749536,2013,2013,W2799836164
10.1080/09546553.2013.842377,2013,2013,W2552697362
10.1080/10447310902963951,2013,2009,W2009256392
10.1080/10447318.2011.552060,2013,2011,W1986201015
10.1080/10532528.1992.10559878,2013,2012,W2331986486
10.1080/10643389.2013.783763,2013,2011,W4243234042
10.1080/10911359.2012.655596,2013,2012,W2016168018
10.1080/10916461003681786,2013,2011,W2093796546
10.1080/10916461003792294,2013,2011,W2011724956
10.1080/10942912.2011.631246,2013,2013,W2313264898
10.1080/11024150201680002,2013,2002,W2107693704
10.1080/14767050801924829,2013,2008,W2043961156
10.1080/14786411003774312,2013,2010,W2088663800
10.1080/15283488.2012.747436,2013,2013,W2093299782
10.1080/15298861003680117,2013,2010,W1969035962
10.1080/15348458.2012.686372,2013,2012,W2024868933
10.1080/15533174.2012.680131,2013,2012,W2045671738
10.1080/15533174.2012.751422,2013,2013,W1973134830
10.1080/15538362.2012.679177,2013,2012,W1967034443
10.1080/15567030903330868,2013,2011,W1997141064
10.1080/16506070902815024,2013,2009,W19675955
10.1080/17476933.2010.504851,2013,2011,W2139599500
10.1080/19368623.2013.835251,2013,2013,W2313937099
10.1080/19393210.2013.820221,2013,2013,W2039659156
10.1080/19443994.2013.822153,2013,2013,W2313732346
10.1083/jcb.200702053,2013,2007,W2136748154
10.1088/0022-3727/44/16/165002,2013,2011,W1984709470
10.1088/1742-6596/410/1/012135,2013,2012,W2084315627
10.1088/1748-0221/8/09/c09006,2013,2013,W2080665362
10.1089/aid.2013.0137,2013,2013,W1975711784
10.1089/dna.2011.1415,2013,2012,W1974090998
10.1089/scd.2009.0504,2013,2010,W2040763366
10.1089/scd.2012.0416,2013,2013,W2333753020
10.1093/bja/81.3.387,2013,1998,W2083063140
10.1093/bja/81.3.390,2013,1998,W2118679287
10.1093/bja/81.4.526,2013,1998,W2162382600
10.1093/bja/86.6.879,2013,2001,W2117239030
10.1093/carcin/bgi185,2013,2005,W2100147353
10.1093/cercor/bhs355,2013,2012,W2261673220
10.1093/eurheartj/ehp363,2013,2009,W2097245721
10.1093/oxfordjournals.jbchem.a022335,2013,1999,W2048667580
10.1096/fj.11-202366,2013,2012,W1527105320
10.1096/fj.12-207431,2013,2012,W2107552797
10.1097/00000539-200111000-00029,2013,2001,W1973650522
10.1097/00000539-200207000-00023,2013,2002,W2088313564
10.1097/dcr.0b013e31825a9f1f,2013,2012,W22810476
10.1097/lbr.0b013e318191f021,2013,2009,W2333854011
10.1097/lgt.0b013e3182554a48,2013,2013,W2080216136
10.1097/lgt.0b013e31826febb0,2013,2013,W2324491654
10.1097/md.0b013e31823913f2,2013,2011,W2010942975
10.1097/mpg.0b013e3182575f9c,2013,2012,W2023341706
10.1098/rsbl.2010.1204,2013,2011,W4206836225
10.1099/mic.0.019299-0,2013,2009,W4245833600
10.1103/physrevb.85.180511,2013,2012,W1996632617
10.1103/physrevb.85.214520,2013,2012,W2315950430
10.1103/physrevlett.110.154802,2013,2013,W2335239011
10.1104/pp.104.040949,2013,2004,W2004510914
10.1109/ccnc.2013.6488490,2013,2013,W2326006470
10.1109/focs.2013.87,2013,2013,W2109815032
10.1109/ic4.2013.6653743,2013,2013,W2331449418
10.1109/iciea.2013.6566408,2013,2013,W2010842125
10.1109/icmee.2010.5558447,2013,2010,W1577745666
10.1109/ncc.2013.6487962,2013,2013,W2035918577
10.1109/qr2mse.2013.6625527,2013,2013,W1840095872
10.1109/qr2mse.2013.6625532,2013,2013,W1879863697
10.1109/qr2mse.2013.6625536,2013,2013,W1945274301
10.1109/qr2mse.2013.6625538,2013,2013,W1574314444
10.1109/qr2mse.2013.6625541,2013,2013,W1607625081
10.1109/qr2mse.2013.6625548,2013,2013,W1487821635
10.1109/qr2mse.2013.6625555,2013,2013,W1892413022
10.1109/qr2mse.2013.6625557,2013,2013,W1770781947
10.1109/qr2mse.2013.6625571,2013,2013,W1505022716
10.1109/qr2mse.2013.6625573,2013,2013,W1758570554
10.1109/qr2mse.2013.6625581,2013,2013,W1538098808
10.1109/qr2mse.2013.6625589,2013,2013,W1709094539
10.1109/qr2mse.2013.6625594,2013,2013,W1896634765
10.1109/qr2mse.2013.6625597,2013,2013,W1554317250
10.1109/qr2mse.2013.6625602,2013,2013,W1886367757
10.1109/qr2mse.2013.6625606,2013,2013,W1825979495
10.1109/qr2mse.2013.6625608,2013,2013,W1573275746
10.1109/qr2mse.2013.6625609,2013,2013,W1879119403
10.1109/qr2mse.2013.6625611,2013,2013,W1568592655
10.1109/qr2mse.2013.6625614,2013,2013,W1919364905
10.1109/qr2mse.2013.6625616,2013,2013,W1786773789
10.1109/qr2mse.2013.6625618,2013,2013,W1914799077
10.1109/qr2mse.2013.6625622,2013,2013,W1526956960
10.1109/qr2mse.2013.6625630,2013,2013,W1560061031
10.1109/qr2mse.2013.6625632,2013,2013,W1576692868
10.1109/qr2mse.2013.6625634,2013,2013,W1782556665
10.1109/qr2mse.2013.6625640,2013,2013,W1846091182
10.1109/qr2mse.2013.6625645,2013,2013,W1550442956
10.1109/qr2mse.2013.6625651,2013,2013,W1591339584
10.1109/qr2mse.2013.6625654,2013,2013,W1908310273
10.1109/qr2mse.2013.6625657,2013,2013,W1845000142
10.1109/qr2mse.2013.6625658,2013,2013,W1957299002
10.1109/qr2mse.2013.6625660,2013,2013,W1570313635
10.1109/qr2mse.2013.6625663,2013,2013,W1801086973
10.1109/qr2mse.2013.6625666,2013,2013,W1567328909
10.1109/qr2mse.2013.6625667,2013,2013,W1536321366
10.1109/qr2mse.2013.6625668,2013,2013,W1518462607
10.1109/qr2mse.2013.6625674,2013,2013,W1621706198
10.1109/qr2mse.2013.6625675,2013,2013,W2105651703
10.1109/qr2mse.2013.6625677,2013,2013,W1575106657
10.1109/qr2mse.2013.6625678,2013,2013,W1487318657
10.1109/qr2mse.2013.6625680,2013,2013,W1889623157
10.1109/qr2mse.2013.6625682,2013,2013,W1941303862
10.1109/qr2mse.2013.6625683,2013,2013,W1599702499
10.1109/qr2mse.2013.6625684,2013,2013,W1946874157
10.1109/qr2mse.2013.6625685,2013,2013,W1520462757
10.1109/qr2mse.2013.6625687,2013,2013,W1584038149
10.1109/qr2mse.2013.6625688,2013,2013,W2108954477
10.1109/qr2mse.2013.6625691,2013,2013,W1520114440
10.1109/qr2mse.2013.6625692,2013,2013,W1831061172
10.1109/qr2mse.2013.6625693,2013,2013,W1808405994
10.1109/qr2mse.2013.6625695,2013,2013,W1512365827
10.1109/qr2mse.2013.6625700,2013,2013,W1757994239
10.1109/qr2mse.2013.6625703,2013,2013,W1644449559
10.1109/qr2mse.2013.6625707,2013,2013,W1519243186
10.1109/qr2mse.2013.6625710,2013,2013,W1901701442
10.1109/qr2mse.2013.6625713,2013,2013,W1894264018
10.1109/qr2mse.2013.6625719,2013,2013,W1909618249
10.1109/qr2mse.2013.6625722,2013,2013,W1836692919
10.1109/qr2mse.2013.6625723,2013,2013,W1579621987
10.1109/qr2mse.2013.6625725,2013,2013,W1538582385
10.1109/qr2mse.2013.6625730,2013,2013,W1575055051
10.1109/qr2mse.2013.6625739,2013,2013,W1558639902
10.1109/qr2mse.2013.6625743,2013,2013,W1776431176
10.1109/qr2mse.2013.6625744,2013,2013,W1541192758
10.1109/qr2mse.2013.6625748,2013,2013,W1909935122
10.1109/qr2mse.2013.6625751,2013,2013,W1607030795
10.1109/qr2mse.2013.6625752,2013,2013,W1569218979
10.1109/qr2mse.2013.6625755,2013,2013,W1544069301
10.1109/qr2mse.2013.6625764,2013,2013,W1891792408
10.1109/qr2mse.2013.6625765,2013,2013,W1564568128
10.1109/qr2mse.2013.6625769,2013,2013,W1595797554
10.1109/qr2mse.2013.6625775,2013,2013,W1599626332
10.1109/qr2mse.2013.6625791,2013,2013,W1551556916
10.1109/qr2mse.2013.6625792,2013,2013,W1508115435
10.1109/qr2mse.2013.6625797,2013,2013,W1578619706
10.1109/qr2mse.2013.6625799,2013,2013,W1575946535
10.1109/qr2mse.2013.6625801,2013,2013,W1527678147
10.1109/qr2mse.2013.6625804,2013,2013,W1823309251
10.1109/qr2mse.2013.6625805,2013,2013,W1608667438
10.1109/qr2mse.2013.6625808,2013,2013,W1505533388
10.1109/qr2mse.2013.6625812,2013,2013,W1497644144
10.1109/qr2mse.2013.6625813,2013,2013,W1608707701
10.1109/qr2mse.2013.6625815,2013,2013,W1578089026
10.1109/qr2mse.2013.6625816,2013,2013,W2112489516
10.1109/qr2mse.2013.6625818,2013,2013,W1521446226
10.1109/qr2mse.2013.6625820,2013,2013,W1542649911
10.1109/qr2mse.2013.6625821,2013,2013,W1844866113
10.1109/qr2mse.2013.6625824,2013,2013,W1535300909
10.1109/qr2mse.2013.6625825,2013,2013,W1890570699
10.1109/qr2mse.2013.6625826,2013,2013,W1885621256
10.1109/qr2mse.2013.6625829,2013,2013,W1562871807
10.1109/qr2mse.2013.6625831,2013,2010,W1765660149
10.1109/qr2mse.2013.6625835,2013,2013,W1489837598
10.1109/qr2mse.2013.6625837,2013,2013,W1935846131
10.1109/qr2mse.2013.6625843,2013,2013,W1605287562
10.1109/qr2mse.2013.6625846,2013,2013,W1622166781
10.1109/qr2mse.2013.6625847,2013,2013,W1528950794
10.1109/qr2mse.2013.6625849,2013,2013,W1680790254
10.1109/qr2mse.2013.6625852,2013,2013,W1884166236
10.1109/qr2mse.2013.6625853,2013,2013,W1512975788
10.1109/qr2mse.2013.6625856,2013,2013,W1524773184
10.1109/qr2mse.2013.6625858,2013,2013,W1555323530
10.1109/qr2mse.2013.6625860,2013,2013,W1486218384
10.1109/qr2mse.2013.6625861,2013,2013,W1539549307
10.1109/qr2mse.2013.6625862,2013,2013,W1659206380
10.1109/qr2mse.2013.6625865,2013,2013,W2105959598
10.1109/qr2mse.2013.6625866,2013,2013,W1890914418
10.1109/qr2mse.2013.6625869,2013,2013,W1530336873
10.1109/qr2mse.2013.6625873,2013,2013,W1939776052
10.1109/qr2mse.2013.6625877,2013,2013,W1548167780
10.1109/qr2mse.2013.6625881,2013,2013,W1543068557
10.1109/qr2mse.2013.6625884,2013,2013,W1942113880
10.1109/qr2mse.2013.6625885,2013,2013,W1886172484
10.1109/qr2mse.2013.6625887,2013,2013,W1586635429
10.1109/qr2mse.2013.6625895,2013,2013,W1589931960
10.1109/qr2mse.2013.6625904,2013,2013,W1499160440
10.1109/qr2mse.2013.6625905,2013,2013,W1867605685
10.1109/qr2mse.2013.6625920,2013,2013,W1582031968
10.1109/qr2mse.2013.6625930,2013,2013,W1844101698
10.1109/qr2mse.2013.6625932,2013,2013,W1496324941
10.1109/qr2mse.2013.6625939,2013,2013,W1553501234
10.1109/qr2mse.2013.6625941,2013,2013,W1551340648
10.1109/qr2mse.2013.6625947,2013,2013,W1621903419
10.1109/qr2mse.2013.6625951,2013,2013,W1575655334
10.1109/qr2mse.2013.6625954,2013,2013,W1958017126
10.1109/qr2mse.2013.6625959,2013,2013,W1616270790
10.1109/qr2mse.2013.6625963,2013,2013,W1954237754
10.1109/qr2mse.2013.6625967,2013,2013,W1805696068
10.1109/qr2mse.2013.6625968,2013,2013,W2122376224
10.1109/qr2mse.2013.6625972,2013,2013,W2150208198
10.1109/qr2mse.2013.6625973,2013,2013,W1615363120
10.1109/qr2mse.2013.6625974,2013,2013,W1748036278
10.1109/qr2mse.2013.6625975,2013,2013,W1574700667
10.1109/qr2mse.2013.6625977,2013,2013,W1799247728
10.1109/qr2mse.2013.6625980,2013,2013,W2119746782
10.1109/qr2mse.2013.6625982,2013,2013,W1561658765
10.1109/qr2mse.2013.6625994,2013,2013,W1673113491
10.1109/qr2mse.2013.6625995,2013,2013,W1609903755
10.1109/qr2mse.2013.6625997,2013,2013,W2158565373
10.1109/qr2mse.2013.6625999,2013,2013,W1649521627
10.1109/qr2mse.2013.6626005,2013,2013,W1588159973
10.1109/qr2mse.2013.6626007,2013,2013,W1889568042
10.1109/qr2mse.2013.6626009,2013,2013,W1599631121
10.1109/qr2mse.2013.6626012,2013,2013,W1917661117
10.1109/shuser.2011.6008498,2013,2013,W1614195315
10.1111/1574-6968.12170,2013,2013,W4239031499
10.1111/dme.12106,2013,2013,W2043724418
10.1111/j.0265-0215.1998.00267.x,2013,1998,W2093581080
10.1111/j.1346-8138.2012.01529.x,2013,2012,W2106116149
10.1111/j.1365-2443.2004.00777.x,2013,2004,W2419632716
10.1111/j.1365-2443.2008.01244.x,2013,2008,W2028973387
10.1111/j.1365-2915.2010.00905.x,2013,2010,W2062091821
10.1111/j.1365-294x.2009.04507.x,2013,2010,W2118045681
10.1111/j.1399-6576.1997.tb04777.x,2013,1997,W2095514701
10.1111/j.1399-6576.1997.tb04860.x,2013,1997,W2153839853
10.1111/j.1399-6576.1998.tb04922.x,2013,1998,W2032219993
10.1111/j.1399-6576.1998.tb05113.x,2013,1998,W2009179966
10.1111/j.1399-6576.1998.tb05297.x,2013,1998,W2046764242
10.1111/j.1440-172x.2011.01938.x,2013,2011,W1838717723
10.1111/j.1467-7687.2009.00842.x,2013,2009,W1509416940
10.1111/j.1467-9639.1997.tb00344.x,2013,2007,W2070392630
10.1111/j.1468-1331.2011.03524.x,2013,2011,W1545263302
10.1111/j.1470-6431.2011.01063.x,2013,2012,W1601837182
10.1111/j.1471-4159.2011.07639.x,2013,2012,W1566179419
10.1111/j.1476-5381.2012.02100.x,2013,2012,W1583899813
10.1111/j.1532-849x.2006.00131.x,2013,2006,W2123477366
10.1111/j.1540-5885.2012.00957.x,2013,2012,W4237813998
10.1111/j.1552-6569.2011.00578.x,2013,2011,W1968045414
10.1111/j.1601-183x.2011.00702.x,2013,2011,W1985114015
10.1111/j.1601-183x.2011.00723.x,2013,2011,W2088207242
10.1111/j.1749-4877.2012.292.x,2013,2012,W2017315935
10.1111/j.1939-1676.2012.01007.x,2013,2012,W1988566347
10.1111/joa.12045,2013,2013,W1999704477
10.1126/science.1173438,2013,2009,W2003531833
10.1126/science.1188635,2013,2010,W2050640165
10.1128/mbio.00084-11,2013,2011,W2155180745
10.1134/s0020441212040100,2013,2012,W2015269552
10.1136/bcr-2012-007666,2013,2012,W2331796915
10.1136/bcr-2013-010004,2013,2013,W2000407321
10.1136/heartjnl-2011-300920b.29,2013,2011,W2097621056
10.1142/s0217751x12300207,2013,2012,W4234050858
10.1142/s0219622010003877,2013,2010,W1989954038
10.1142/s0219887813500205,2013,2013,W1995828578
10.1152/ajpcell.00042.2007,2013,2008,W2078585966
10.1152/ajpheart.00037.2013,2013,2013,W2529561762
10.1152/japplphysiol.01368.2012,2013,2013,W2188527966
10.1155/2012/486230,2013,2012,W2096070568
10.1155/2012/874290,2013,2012,W1995407788
10.1155/2012/971097,2013,2012,W2044633148
10.1155/2013/297501,2013,2013,W2111155616
10.1155/2013/928078,2013,2013,W2055172955
10.1158/0008-5472.can-05-3191,2013,2006,W2137970678
10.1158/0008-5472.can-07-0649,2013,2007,W2051316933
10.1158/0008-5472.can-07-6828,2013,2008,W1970380570
10.1158/1078-0432.ccr-03-0716,2013,2004,W2147177643
10.1158/1078-0432.ccr-07-1992,2013,2008,W2041126596
10.1158/1078-0432.ccr-10-1948,2013,2011,W2017453518
10.1158/1078-0432.ccr-11-0545,2013,2011,W2128402577
10.1161/01.atv.21.4.489,2013,2001,W2102604313
10.1161/01.cir.0000135599.33787.ca,2013,2004,W2141216785
10.1161/01.hyp.38.3.367,2013,2001,W2120509856
10.1161/01.res.88.1.22,2013,2001,W2079825774
10.1161/atvbaha.112.300108,2013,2013,W2028841450
10.1161/circresaha.112.272567,2013,2012,W2153561213
10.1172/jci29852,2013,2007,W2048694820
10.1172/jci32738,2013,2007,W2015599341
10.1177/0146167201278001,2013,2001,W2115268890
10.1177/0146167206296105,2013,2007,W2112105445
10.1177/0269881108096981,2013,2008,W1826609391
10.1177/0310057x9902700109,2013,1999,W2463935181
10.1177/1074248412474491,2013,2013,W2276058125
10.1177/2158244013497028,2013,2013,W2116648075
10.1179/1465312512z.00000000040,2013,2012,W2010393550
10.1182/blood-2012-04-422907,2013,2012,W2058671990
10.1182/blood.v97.1.147,2013,2001,W2064566037
10.1186/1029-242x-2013-50,2013,2013,W4205370128
10.1186/1472-6963-13-180,2013,2012,W4245378575
10.1186/1475-2867-12-21,2013,2012,W2135198311
10.1186/1710-1492-9-26,2013,2013,W1986257712
10.1186/1746-1596-7-170,2013,2012,W2134354837
10.1186/1748-7161-7-11,2013,2012,W2107133256
10.1186/1756-0500-6-182,2013,2013,W2038274605
10.1186/2192-1962-2-6,2013,2012,W2028324016
10.1186/2251-7235-6-10,2013,2012,W2143750048
10.1210/en.2009-1023,2013,2010,W1997323470
10.1210/mend.16.1.0761,2013,2002,W2107691073
10.1213/00000539-199803000-00033,2013,1998,W4232611035
10.1213/00000539-199810000-00004,2013,1998,W3196650002
10.1213/00000539-199908000-00043,2013,1999,W4248130841
10.1213/00000539-200002000-00043,2013,2000,W4229682346
10.1213/00000539-200210000-00028,2013,2002,W3196512020
10.1213/01.ane.0000076142.42255.bf,2013,2003,W2074785083
10.1213/01.ane.0000116927.80080.1e,2013,2004,W2017885454
10.1213/01.ane.0000282835.10607.b8,2013,2007,W2004976497
10.1253/circj.cj-11-0059,2013,2011,W2318071733
10.12688/f1000research.2-236.v1,2013,2013,W1504704672
10.1292/jvms.13-0051,2013,2013,W2110173981
10.1371/journal.pone.0001276,2013,2007,W1999880152
10.1371/journal.pone.0035453,2013,2012,W2055603265
10.1371/journal.pone.0047110,2013,2012,W1981094747
10.14194/ijmbr.122,2013,2013,W2152293291
10.1515/9783110303391.491,2013,2013,W4236259346
10.1515/9783110303391.523,2013,2013,W4236220479
10.1523/jneurosci.2052-10.2010,2013,2010,W2079569453
10.1523/jneurosci.2526-11.2011,2013,2011,W2098402277
10.1523/jneurosci.4203-11.2012,2013,2012,W2001386414
10.1590/s1413-78522012000600009,2013,2012,W1518251945
10.1590/s1516-31802012000500009,2013,2012,W1579996672
10.1590/s1678-69712013000300009,2013,2013,W2205897252
10.1590/s1807-59322011001100020,2013,2011,W2162518658
10.1677/joe-07-0195,2013,2007,W2114440637
10.1902/jop.2001.72.7.968,2013,2001,W4242315969
10.1902/jop.2003.74.6.934,2013,2003,W2418783949
10.2116/analsci.26.325,2013,2010,W2025202110
10.2147/dddt.s39771,2013,2013,W2087313107
10.2147/ijwh.s29362,2013,2012,W2122445774
10.2208/jscejhe.68.i_103,2013,2012,W2121509873
10.2298/hemind120815100p,2013,2012,W1979633989
10.2298/sos1302181g,2013,2013,W2018007015
10.2308/accr.2010.85.3.911,2013,2010,W2150576012
10.3109/10601333.2012.706613,2013,2012,W1979089188
10.3109/14767058.2012.714974,2013,2012,W2087225235
10.3144/expresspolymlett.2007.60,2013,2008,W2071541747
10.3345/kjp.2011.54.6.241,2013,2011,W2148019400
10.3349/ymj.2012.53.5.931,2013,2012,W2157736873
10.3389/fcimb.2012.00123,2013,2012,W2005371557
10.3389/fendo.2012.00087,2013,2012,W2036256412
10.3389/fgene.2013.00123,2013,2013,W2064030855
10.3389/fnbeh.2013.00063,2013,2013,W2024569186
10.3390/app2010035,2013,2012,W1970441336
10.3390/molecules18021434,2013,2013,W2006405584
10.3402/ejpt.v3i0.17660,2013,2012,W2044453520
10.3736/jcim20121204,2013,2012,W2336477813
10.3758/s13415-012-0113-y,2013,2012,W2061194063
10.3844/ajeassp.2009.1.7,2013,2009,W1491680150
10.3858/emm.2012.44.10.067,2013,2012,W2098525565
10.3906/elk-1306-232,2013,2013,
10.4014/jmb.0904.04028,2013,2009,
10.4028/www.scientific.net/amm.421.337,2013,2013,W2009909025
10.4028/www.scientific.net/amr.734-737.3238,2013,2013,W2055998775
10.4028/www.scientific.net/amr.774-776.1223,2013,2013,W1973213314
10.4049/jimmunol.0804061,2013,2009,W1527953088
10.4049/jimmunol.180.9.6027,2013,2008,W1549532175
10.4102/hts.v69i1.2007,2013,2013,W1525872273
10.4103/0019-5154.105323,2013,2012,W2063132780
10.4103/0019-5278.116365,2013,2013,W2044675753
10.4103/0019-557x.111365,2013,2013,W1987009002
10.4103/0259-1162.108302,2013,2012,W2085971220
10.4103/0976-237x.94558,2013,2012,W2007384607
10.4103/0976-500x.114612,2013,2013,W2100095613
10.4218/etrij.07.0106.0108,2013,2007,W2402641945
10.5301/hip.2012.9759,2013,2012,W1828120693
10.5430/jnep.v3n11p133,2013,2013,W2169815771
10.5755/j01.eee.19.3.1441,2013,2013,W2012901308
10.5808/gi.2012.10.4.249,2013,2012,W4238423921
10.5964/ejop.v9i1.338,2013,2013,W2002142814
10.5964/ejop.v9i1.387,2013,2013,W2138262190
10.5964/ejop.v9i1.411,2013,2013,W1893510803
10.5964/ejop.v9i1.425,2013,2013,W1683218337
10.5964/ejop.v9i1.583,2013,2013,W1982823849
10.6002/ect.2011.0205,2013,2012,W2334347062
10.7324/japs.2013.3808,2013,2013,W2182440884
10.7498/aps.62.104701,2013,2013,W3116933529
10.7881/dentalmedres.30.57,2013,2010,W2330221969
10.1002/14651858.cd001103,2014,1998,W1600180492
10.1002/14651858.cd001398.pub2,2014,2010,W1831658672
10.1002/14651858.cd002285.pub2,2014,2006,W2362762527
10.1002/14651858.cd003017.pub2,2014,2008,W2098427325
10.1002/14651858.cd003019.pub2,2014,2008,W4255568119
10.1002/14651858.cd003022,2014,2001,W2114846280
10.1002/14651858.cd003222,2014,2000,W1746514121
10.1002/14651858.cd003222.pub2,2014,2008,W1891514152
10.1002/14651858.cd003350,2014,2001,W1487406289
10.1002/14651858.cd003541,2014,2002,W4242284185
10.1002/14651858.cd003818,2014,2002,W1554744982
10.1002/14651858.cd003818.pub2,2014,2005,W2126635496
10.1002/14651858.cd004236.pub2,2014,2006,W1923101797
10.1002/14651858.cd005193.pub2,2014,2006,W125603129
10.1002/14651858.cd006265.pub2,2014,2007,W2110186861
10.1002/14651858.cd006454.pub2,2014,2009,W4247723885
10.1002/14651858.cd006645.pub2,2014,2008,W2134070994
10.1002/14651858.cd007169,2014,2008,W4230822822
10.1002/14651858.cd007169.pub2,2014,2010,W4243557884
10.1002/14651858.cd008640,2014,2010,W4244010743
10.1002/14651858.cd008978,2014,2011,W4252766486
10.1002/14651858.cd008978.pub2,2014,2012,W1892929848
10.1002/2013wr014228,2014,2013,W2006746875
10.1002/aic.11232,2014,2007,W4254731863
10.1002/ajhb.22458,2014,2013,W1929970275
10.1002/bip.20647,2014,2006,W2141257938
10.1002/bit.25275,2014,2014,W4256280596
10.1002/bmc.3166,2014,2014,W2126621990
10.1002/ccd.23014,2014,2013,W1553760404
10.1002/ccd.24972,2014,2013,W2145570338
10.1002/glia.20887,2014,2009,W2035631544
10.1002/ijc.23107,2014,2008,W2133295759
10.1002/jmri.24647,2014,2014,W2149731426
10.1002/jmv.21376,2014,2008,W1807309123
10.1002/pmic.200700148,2014,2007,W2004491858
10.1006/bbrc.1997.7260,2014,1997,W2103532025
10.1007/978-1-62703-971-0_2,2014,2014,W1787524824
10.1007/978-3-319-08599-9_72,2014,2014,W177176643
10.1007/978-3-319-09156-3_13,2014,2014,W1522185421
10.1007/978-3-540-73871-8_40,2014,2007,W1603117631
10.1007/978-3-642-36942-1_1,2014,2014,W4249932097
10.1007/978-3-642-36942-1_12,2014,2014,W3186836585
10.1007/978-3-642-36942-1_15,2014,2014,W2257617084
10.1007/978-3-642-36942-1_16,2014,2014,W2498823037
10.1007/978-3-642-36942-1_18,2014,2014,W2506779131
10.1007/978-3-642-36942-1_19,2014,2014,W2265740275
10.1007/978-3-642-36942-1_2,2014,2014,W4206683433
10.1007/978-3-642-36942-1_20,2014,2014,W2480467264
10.1007/978-3-642-36942-1_24,2014,2014,W2410769122
10.1007/978-3-642-36942-1_26,2014,2014,W2266910182
10.1007/978-3-642-36942-1_27,2014,2014,W2410168221
10.1007/978-3-642-36942-1_30,2014,2014,W4200227805
10.1007/978-3-642-36942-1_32,2014,2014,W2409690536
10.1007/978-3-642-36942-1_33,2014,2014,W2404436611
10.1007/978-3-642-36942-1_34,2014,2014,W2397098941
10.1007/978-3-642-36942-1_35,2014,2014,W4248267424
10.1007/978-3-642-36942-1_36,2014,2014,W2418169715
10.1007/978-3-642-36942-1_37,2014,2014,W2402499236
10.1007/978-3-642-36942-1_38,2014,2014,W2419101113
10.1007/978-3-642-36942-1_39,2014,2014,W2405080598
10.1007/978-3-642-36942-1_42,2014,2014,W4231733927
10.1007/978-3-642-36942-1_44,2014,2014,W4250872914
10.1007/978-3-642-36942-1_45,2014,2014,W4232377549
10.1007/978-3-642-36942-1_48,2014,2014,W2461570203
10.1007/978-3-642-36942-1_50,2014,2014,W2462497444
10.1007/978-3-642-36942-1_51,2014,2014,W2481070166
10.1007/978-3-642-36942-1_54,2014,2014,W2473141530
10.1007/978-3-642-36942-1_55,2014,2014,W4236705348
10.1007/978-3-642-36942-1_56,2014,2014,W4247204663
10.1007/978-3-642-36942-1_6,2014,2014,W4233282222
10.1007/978-3-642-36942-1_61,2014,2014,W2294925899
10.1007/978-3-642-36942-1_63,2014,2014,W4255864314
10.1007/978-3-642-36942-1_7,2014,2014,W4256493840
10.1007/978-3-642-36942-1_8,2014,2014,W4239811636
10.1007/978-3-642-36942-1_9,2014,2014,W4205776386
10.1007/978-81-322-2006-0_11,2014,2014,W1409091514
10.1007/978-94-017-9263-9_4,2014,2014,W2103163471
10.1007/978-94-017-9276-9_6,2014,2014,W28629389
10.1007/s00006-014-0461-5,2014,2014,W2051417782
10.1007/s00018-013-1376-3,2014,2013,W1974250330
10.1007/s00044-010-9421-3,2014,2010,W2045585702
10.1007/s00113-011-2060-4,2014,2009,W200510977
10.1007/s00132-013-2169-y,2014,2014,W2189222145
10.1007/s00170-009-2061-4,2014,2009,W4206642792
10.1007/s00234-007-0341-y,2014,2007,W2043392894
10.1007/s00249-013-0896-y,2014,2013,W2327771630
10.1007/s00253-004-1814-0,2014,2005,W2782303467
10.1007/s00262-007-0431-z,2014,2007,W2612581618
10.1007/s003350010061,2014,2000,W1965112775
10.1007/s00347-014-3071-7,2014,2014,W1163133974
10.1007/s00435-013-0214-3,2014,2014,W1982434727
10.1007/s00484-012-0561-7,2014,2012,W2614200440
10.1007/s10008-012-1972-4,2014,2012,W4205363609
10.1007/s10068-013-0136-3,2014,2013,W2038329930
10.1007/s10126-014-9609-5,2014,2014,W1972061326
10.1007/s10384-013-0252-x,2014,2013,W2080179909
10.1007/s10462-012-9335-1,2014,2012,W1969282323
10.1007/s10554-012-0095-4,2014,2013,W2061533388
10.1007/s10570-014-0384-2,2014,2014,W4206568977
10.1007/s10841-012-9488-x,2014,2012,W4236672809
10.1007/s10958-012-0968-z,2014,2012,W4205913078
10.1007/s11053-012-9190-4,2014,2012,W4206635529
10.1007/s11192-013-1130-5,2014,2013,W1990652696
10.1007/s11250-013-0440-1,2014,2013,W3160015215
10.1007/s11273-014-9341-y,2014,2014,W2065840031
10.1007/s11277-014-1645-y,2014,2014,W2082867735
10.1007/s11365-011-0186-z,2014,2011,W2002726648
10.1007/s11426-009-0149-1,2014,2009,W2738984115
10.1007/s11739-010-0451-0,2014,2010,W2044869280
10.1007/s11948-013-9439-2,2014,2013,W2023483966
10.1007/s12013-014-9880-0,2014,2014,W2013498433
10.1007/s12206-013-0335-0,2014,2013,W2139853763
10.1007/s12291-012-0203-1,2014,2012,W2615554413
10.1007/s12351-011-0117-3,2014,2011,W1979355424
10.1007/s12517-014-1314-1,2014,2014,W2072155696
10.1007/s12552-014-9137-y,2014,2014,W2033001422
10.1007/s13191-011-0110-9,2014,2012,W2070308620
10.1007/s13201-014-0183-9,2014,2014,W2026042614
10.1007/s13238-012-2013-x,2014,2012,W2056123325
10.1007/s13238-014-0067-7,2014,2014,W4205709154
10.1007/s13277-014-1777-4,2014,2014,W2071559555
10.1007/s40005-013-0090-3,2014,2013,W1969789069
10.1016/b978-0-12-079240-5.50012-5,2014,1981,W2496174998
10.1016/b978-0-12-079240-5.50023-x,2014,1981,W4237023275
10.1016/b978-1-4832-3190-7.50040-4,2014,2014,W4256012293
10.1016/j.actatropica.2013.10.010,2014,2013,W2326197246
10.1016/j.apm.2012.03.048,2014,2012,W2054106121
10.1016/j.apsusc.2010.07.037,2014,2010,W1978904674
10.1016/j.apsusc.2012.07.046,2014,2012,W1978455174
10.1016/j.bbadis.2014.06.014,2014,2014,W2062614449
10.1016/j.bbagen.2013.03.003,2014,2013,W2013216314
10.1016/j.bbi.2013.03.011,2014,2013,W2020994298
10.1016/j.bbrc.2014.09.039,2014,2014,W2002131990
10.1016/j.bbrc.2014.09.078,2014,2014,W2014042298
10.1016/j.biocel.2013.09.003,2014,2013,W2148801900
10.1016/j.bionut.2014.07.004,2014,2014,W2053566062
10.1016/j.biopsych.2009.07.004,2014,2009,W2043460424
10.1016/j.bjid.2013.12.008,2014,2014,W2149225046
10.1016/j.bmc.2010.01.015,2014,2010,W2092703587
10.1016/j.bmc.2011.07.014,2014,2011,W2072067689
10.1016/j.bmc.2012.08.011,2014,2011,W1990148877
10.1016/j.cbi.2012.04.005,2014,2012,W2031432337
10.1016/j.cell.2010.06.020,2014,2010,W1963554273
10.1016/j.cell.2011.07.007,2014,2011,W2149560131
10.1016/j.ceramint.2013.10.071,2014,2013,W2067038596
10.1016/j.clinre.2014.10.004,2014,2014,W2065481959
10.1016/j.clsr.2006.07.009,2014,2006,W2013415374
10.1016/j.clsr.2007.07.002,2014,2007,W1966693300
10.1016/j.cmet.2005.10.008,2014,2006,W2057208800
10.1016/j.compositesb.2013.10.087,2014,2013,W2059990170
10.1016/j.cyto.2014.06.011,2014,2014,W2036598745
10.1016/j.drudis.2014.03.027,2014,2014,W2050946885
10.1016/j.drugpo.2014.08.004,2014,2014,W4242276844
10.1016/j.econmod.2006.06.007,2014,2006,W2156439224
10.1016/j.ejphar.2013.07.011,2014,2013,W1992607268
10.1016/j.eururo.2012.09.021,2014,2012,W2061099018
10.1016/j.gcb.2009.02.045,2014,2009,W74976206
10.1016/j.hrthm.2014.01.020,2014,2014,W4245679923
10.1016/j.ijcard.2014.07.183,2014,2014,W2079379725
10.1016/j.ijhydene.2013.08.060,2014,2013,W2034389560
10.1016/j.ijsu.2014.05.014,2014,2014,W2036631921
10.1016/j.indcrop.2013.11.023,2014,2013,W2087978710
10.1016/j.jaci.2013.12.264,2014,2014,W1975129737
10.1016/j.jallcom.2013.06.192,2014,2013,W2021941570
10.1016/j.jallcom.2014.01.143,2014,2014,W2026941313
10.1016/j.jbspin.2014.03.023,2014,2014,W1999686630
10.1016/j.jcyt.2014.03.001,2014,2014,W2528395411
10.1016/j.jengtecman.2011.10.001,2014,2011,W2014624189
10.1016/j.jmaa.2009.01.052,2014,2009,W1518049944
10.1016/j.jmateco.2014.01.003,2014,2014,W2030093469
10.1016/j.jpsychires.2014.06.018,2014,2014,W2031113976
10.1016/j.jtbi.2014.07.017,2014,2014,W1992201186
10.1016/j.jth.2013.12.001,2014,2014,W2002365361
10.1016/j.juro.2014.02.1995,2014,2014,W2077257674
10.1016/j.juro.2014.02.2124,2014,2014,W4234219784
10.1016/j.juro.2014.02.2146,2014,2014,W2089768013
10.1016/j.juro.2014.02.2207,2014,2014,W2332029714
10.1016/j.leaqua.2011.02.002,2014,2011,W1968685498
10.1016/j.lfs.2004.06.019,2014,2004,W121287568
10.1016/j.lungcan.2004.08.006,2014,2005,W1520203303
10.1016/j.matcom.2013.09.011,2014,2013,W1990031748
10.1016/j.matlet.2013.01.116,2014,2013,W2019987885
10.1016/j.molcel.2009.08.017,2014,2009,W2781700929
10.1016/j.molcel.2010.03.018,2014,2010,W1968515645
10.1016/j.molcel.2012.04.017,2014,2012,W2041480145
10.1016/j.molimm.2007.05.011,2014,2007,W2072878852
10.1016/j.mrgentox.2011.03.011,2014,2011,W2004696124
10.1016/j.msea.2003.10.215,2014,2004,W2087090531
10.1016/j.nbd.2011.06.005,2014,2011,W21742034
10.1016/j.neubiorev.2014.09.003,2014,2014,W2049585420
10.1016/j.neuroimage.2011.10.032,2014,2012,W22032948
10.1016/j.neuroscience.2008.08.073,2014,2008,W2055122739
10.1016/j.nuclphysa.2014.02.001,2014,2014,W2054073259
10.1016/j.pbb.2012.04.008,2014,2012,W2067807640
10.1016/j.physe.2014.06.003,2014,2014,W2030239431
10.1016/j.procs.2014.05.039,2014,2014,W897098146
10.1016/j.proeng.2014.11.438,2014,2014,W895930665
10.1016/j.protcy.2013.12.484,2014,2014,W1985293125
10.1016/j.protcy.2013.12.485,2014,2014,W2002448498
10.1016/j.protcy.2014.10.268,2014,2014,W2235173643
10.1016/j.rinp.2014.06.003,2014,2014,W2053612984
10.1016/j.rse.2014.10.026,2014,2014,W2002880092
10.1016/j.rser.2012.09.039,2014,2012,W7666405
10.1016/j.rser.2014.01.045,2014,2014,W2029278903
10.1016/j.sandf.2014.04.020,2014,2014,W2080795462
10.1016/j.sbspro.2014.01.006,2014,2014,W2058350975
10.1016/j.sbspro.2014.01.1224,2014,2014,W2312592336
10.1016/j.sbspro.2014.01.330,2014,2014,W2118355470
10.1016/j.sbspro.2014.07.604,2014,2014,W2008320528
10.1016/j.seares.2014.04.007,2014,2014,W2014361869
10.1016/j.tcs.2014.07.005,2014,2014,W1618549590
10.1016/j.tifs.2011.05.006,2014,2011,W1964645510
10.1016/j.tripleo.2008.12.054,2014,2009,W2169494662
10.1016/j.ultramic.2013.10.008,2014,2014,W1981998253
10.1016/j.urology.2005.07.010,2014,2005,W1944519762
10.1016/j.yrtph.2014.01.003,2014,2014,W2064847311
10.1016/s0167-577x(99)00206-2,2014,2000,W2087612372
10.1016/s0169-328x(00)00224-2,2014,2001,W1604048158
10.1017/jfm.2013.282,2014,2013,W2003086289
10.1021/bc300056x,2014,2012,W2329396023
10.1021/ie301708e,2014,2012,W2323706066
10.1021/je400279d,2014,2014,W2065802643
10.1021/jm100055b,2014,2010,W2093302710
10.1021/la403158d,2014,2013,W2312892278
10.1021/la404125u,2014,2013,W2066579710
10.1027/1864-9335.39.4.222,2014,2008,W2089914536
10.1037/a0022459,2014,2011,W2123554657
10.1038/ajg.2011.51,2014,2011,W2025836606
10.1038/bjc.2014.72,2014,2014,W2029717521
10.1038/embor.2011.33,2014,2011,W2162935379
10.1038/jhh.2011.91,2014,2011,W2093112519
10.1038/nature07404,2014,2008,W2054939637
10.1038/nature11700,2014,2011,W2001358320
10.1038/nature11980,2014,2012,W2078977791
10.1038/nature12535,2014,2013,W2050872197
10.1038/nature12968,2014,2013,W2114648293
10.1038/ncb1647,2014,2007,W2122803804
10.1038/ncb2578,2014,2012,W1969553379
10.1038/ncb942,2014,2003,W2070393128
10.1038/nchembio.369,2014,2010,W2028570435
10.1038/nchembio.378,2014,2010,W1981083886
10.1038/ni.1741,2014,2013,W1983899969
10.1038/ni.2607,2014,2013,W1995222786
10.1038/sj.cdd.4401839,2014,2006,W1990272519
10.1038/sj.emboj.7600853,2014,2005,W2009095952
10.1038/sj.emboj.7601899,2014,2007,W2113397956
10.1039/c3ay41358f,2014,2013,W2108291140
10.1042/bj20091271,2014,2009,W2032537417
10.1046/j.1341-8076.2003.00072.x,2014,2003,W1969017806
10.1046/j.1460-9592.2000.00441.x,2014,2000,W1535054265
10.1046/j.1471-4159.2001.00435.x,2014,2001,W1935475606
10.1053/j.jvca.2005.12.005,2014,2006,W2017946583
10.1061/(asce)ae.1943-5568.0000120,2014,2013,W4251371162
10.1061/(asce)cf.1943-5509.0000462,2014,2013,W4241623534
10.1061/(asce)cr.1943-5495.0000058,2014,2013,W1990789568
10.1061/(asce)em.1943-7889.0000446,2014,2012,W2066950191
10.1061/(asce)gm.1943-5622.0000124,2014,2011,W2070900997
10.1061/(asce)ps.1949-1204.0000138,2014,2013,W4233099206
10.1063/1.3079329,2014,2009,W2065498011
10.1063/1.4793307,2014,2013,W2044009718
10.1063/1.4829485,2014,2013,W2462084719
10.1063/1.4861374,2014,2014,W2088302414
10.1073/pnas.0901184106,2014,2009,W2085885379
10.1073/pnas.1010307107,2014,2010,W2013379183
10.1073/pnas.1301480110,2014,2013,W2075355645
10.1074/jbc.m004687200,2014,2011,W2071916220
10.1074/jbc.m109.034280,2014,2009,W2018806199
10.1074/jbc.m110.109298,2014,2010,W2057121915
10.1074/jbc.m110.175802,2014,2010,W2049192981
10.1080/00141840050198018,2014,2010,W2007785228
10.1080/00207721.2014.907943,2014,2014,W4230431916
10.1080/00949650903071096,2014,2010,W1971029036
10.1080/014198700329114,2014,2010,W2097384229
10.1080/01634372.2013.819826,2014,2014,W2958872908
10.1080/01932691.2013.807740,2014,2013,W2066492799
10.1080/01932691.2013.860605,2014,2013,W2321493881
10.1080/02602938.2013.872769,2014,2013,W2028374172
10.1080/07481187.2013.867554,2014,2014,W2725179543
10.1080/08839514.2014.862783,2014,2014,W2086825819
10.1080/09500340.2013.827252,2014,2013,W2121158900
10.1080/10668926.2012.760174,2014,2013,W1981292942
10.1080/1091367x.2010.519963,2014,2010,W2061534407
10.1080/13675567.2014.992305,2014,2014,W2197104828
10.1080/13873950701214424,2014,2007,W2011595971
10.1080/15376494.2011.563414,2014,2012,W1992608848
10.1080/15376494.2011.584139,2014,2012,W1964308589
10.1080/15459624.2012.710143,2014,2012,
10.1080/17441730.2011.576822,2014,2011,W2028190219
10.1084/jem.20110680,2014,2011,W2161659067
10.1086/648688,2014,2009,W2162866923
10.1086/661553,2014,2011,W2020535048
10.1088/1742-6596/511/1/012082,2014,2010,W2096409779
10.1088/2051-672x/2/2/024003,2014,2014,W2088926675
10.1089/ten.tea.2012.0127,2014,2012,W1967142248
10.1093/alcalc/agt137,2014,2013,W2061805242
10.1093/alcalc/agu019,2014,2014,W1974710850
10.1093/bja/77.4.480,2014,1996,W2159650927
10.1093/brain/awn288,2014,2008,W2143605092
10.1093/cvr/cvp416,2014,2009,W2098852983
10.1093/ejcts/ezt260,2014,2013,W2113224125
10.1093/icvts/ivu350,2014,2014,W2005996314
10.1093/jac/dks077,2014,2014,W2095696514
10.1093/molehr/gal015,2014,2006,W2131250419
10.1093/tandt/ttm023,2014,2007,W1979039028
10.1096/fasebj.28.1_supplement.829.18,2014,2014,W2898585788
10.1096/fj.03-0311fje,2014,2003,W2112644312
10.1096/fj.04-3278fje,2014,2005,W2169292567
10.1097/00000539-199608000-00010,2014,1996,W2086716794
10.1097/aog.0b013e31817327d0,2014,2008,W4244009083
10.1097/eja.0b013e3283592733,2014,2013,W2044518493
10.1097/md.0000000000000064,2014,2014,W2050380442
10.1097/mpg.0b013e318253b80a,2014,2012,W2335343522
10.1097/tp.0000000000000163,2014,2014,W2052063974
10.1098/rsbl.2013.0540,2014,2013,W2604093455
10.1099/mic.0.053298-0,2014,2012,W2097651491
10.1100/2012/736730,2014,2012,W2137086945
10.1103/physrevlett.112.157803,2014,2014,W24785074
10.1108/03684921211276675,2014,2012,W2057086091
10.1109/asemd.2013.6780741,2014,2013,W2541712468
10.1109/conecct.2014.6740187,2014,2014,W2323261247
10.1109/icaict.2013.6722721,2014,2013,W2046197159
10.1109/icctet.2014.6966339,2014,2014,W2208755910
10.1109/wartia.2014.6976397,2014,2014,W2323980164
10.1111/gcb.12697,2014,2014,W2942303289
10.1111/inr.12062,2014,2014,W2015736520
10.1111/isqu.12099,2014,2013,W4243362202
10.1111/j.1349-7006.2012.02337.x,2014,2012,W1978878186
10.1111/j.1365-2044.2010.06344.x,2014,2010,W1553844132
10.1111/j.1365-2125.2006.02597.x,2014,2006,W2140478374
10.1111/j.1365-2249.2009.03982.x,2014,2009,W1567723906
10.1111/j.1365-2702.2008.02558.x,2014,2008,W2138996212
10.1111/j.1442-2018.2009.00427.x,2014,2009,W1920526382
10.1111/j.1442-2050.2012.01332.x,2014,2013,W1492723715
10.1111/j.1464-410x.2012.11768.x,2014,2013,W1883754746
10.1111/j.1467-6486.2011.01035.x,2014,2012,W1495099220
10.1111/j.1467-789x.2012.01014.x,2014,2012,W1778854178
10.1111/j.1540-6520.2012.00548.x,2014,2012,W2077485717
10.1111/j.1740-8784.2011.00248.x,2014,2011,W1545139551
10.1111/j.1742-481x.2007.00424.x,2014,2008,W2047368565
10.1111/j.1750-3841.2012.02959.x,2014,2012,W2074793210
10.1111/j.1756-1051.2013.00102.x,2014,2013,W1989899361
10.1111/j.2047-2927.2013.00097.x,2014,2013,W2164551986
10.1111/trf.12744,2014,2014,W4233668150
10.1115/1.4007299,2014,2014,W1708245076
10.1124/jpet.105.087643,2014,2005,W2123426958
10.1124/jpet.105.092049,2014,2006,W2081958108
10.1124/jpet.109.161570,2014,2010,W2127876243
10.1126/science.1095001,2014,2004,W2076247365
10.1126/scitranslmed.3007762,2014,2013,W2118473129
10.1128/jb.01375-10,2014,2011,W2044877689
10.1128/mcb.00813-07,2014,2007,W2114461986
10.1128/mcb.19.8.5363,2014,1999,W2148032010
10.1136/archdischild-2013-304379,2014,2013,W2108679196
10.1136/bmjspcare-2013-000491.158,2014,2013,W2047715033
10.1136/sextrans-2013-051184.0789,2014,2013,W2334233527
10.1139/v2012-020,2014,2012,W2133184044
10.1142/s0217979211100679,2014,2011,W1864485610
10.1142/s0217984910024389,2014,2010,W1782995051
10.1152/ajpheart.00777.2008,2014,2009,W2031811841
10.1152/jn.00462.2013,2014,2013,W1998388400
10.1155/2010/514747,2014,2010,W2017286762
10.1155/2012/343701,2014,2011,W2058784388
10.1155/2012/394574,2014,2012,W2003578980
10.1155/2012/482952,2014,2012,W2018165892
10.1155/2012/549102,2014,2012,W2111710136
10.1155/2012/641361,2014,2012,W2080548160
10.1155/2013/160157,2014,2013,W1966975825
10.1155/2013/163062,2014,2013,W2169801401
10.1155/2013/434561,2014,2013,W2097113616
10.1155/2013/607935,2014,2013,W2160761685
10.1155/2013/851518,2014,2013,W2007827340
10.1155/2013/918767,2014,2013,W2168159750
10.1155/2013/932391,2014,2013,W2089341474
10.1155/2013/978031,2014,2013,W2020508381
10.1155/2014/206062,2014,2014,W2110219264
10.1155/2014/603186,2014,2014,W1993982761
10.1155/2014/624535,2014,2014,W2081792860
10.1158/1055-9965.epi-10-0091,2014,2010,W2034369831
10.1159/000228558,2014,2009,W1981006823
10.1159/000332969,2014,2011,W2056125583
10.11607/ofph.1220,2014,2014,W2295582261
10.1161/01.res.85.10.e44,2014,1999,W2039587854
10.1161/atvbaha.110.221804,2014,2011,W2126187445
10.1172/jci20303,2014,2004,W2118190502
10.1172/jci41769,2014,2011,W2126112073
10.1172/jci45144,2014,2011,W2099622909
10.1177/004947550303300417,2014,2003,W2428193046
10.1177/0300060513479859,2014,2013,W2025419576
10.1177/0300060513483414,2014,2013,W2110241773
10.1177/1065912913508342,2014,2013,W2090953052
10.1177/1077546307074246,2014,2007,W2082187258
10.1177/1077546310372004,2014,2010,W2131496996
10.1177/1077546310379625,2014,2010,W2163914223
10.1177/1077546310385737,2014,2010,W2157690621
10.1177/1077546310395971,2014,2011,W2143501729
10.1177/1077546310395974,2014,2011,W2171809877
10.1177/1077546310397561,2014,2011,W1985365446
10.1177/1077546311403182,2014,2011,W2043248151
10.1177/1077546311428345,2014,2011,W1992857009
10.1177/1077546311429476,2014,2012,W2025740470
10.1177/1077546311429841,2014,2012,W2153533617
10.1177/1077546311430107,2014,2012,W1977564366
10.1177/1077546311434794,2014,2012,W2164431612
10.1177/1077546312442232,2014,2012,W2016451439
10.1177/1077546312442233,2014,2012,W2145144386
10.1177/1077546312442947,2014,2012,W2035823991
10.1177/1077546312443377,2014,2012,W2108952270
10.1177/1077546312446361,2014,2012,W2109451789
10.1177/1077546312449644,2014,2012,W2153970491
10.1177/1077546312449645,2014,2012,W2116336064
10.1177/1077546312451034,2014,2012,W2056062307
10.1177/1077546312452184,2014,2013,W2037878605
10.1177/1077546312456231,2014,2012,W2036650320
10.1177/1077546312458821,2014,2012,W2061108877
10.1177/1077546312458822,2014,2012,W2091842473
10.1177/1077546312463757,2014,2012,W1903240529
10.1177/1077546312463759,2014,2012,W2143429901
10.1177/1077546312464993,2014,2012,W1510078905
10.1177/1077546312466579,2014,2012,W1971085427
10.1177/1077546312466687,2014,2013,W2256608198
10.1177/1077546312467360,2014,2013,W1563068240
10.1177/1077546312470481,2014,2013,W2144051960
10.1177/1077546312472925,2014,2013,W1822567779
10.1177/1077546312473321,2014,2013,W1680386540
10.1177/1545968312471901,2014,2013,W2005424148
10.1177/1933719108324132,2014,2008,W1566032609
10.1177/2156587212461279,2014,2012,W2332672826
10.1182/blood-2009-10-246959,2014,2010,W2061217859
10.1186/1029-242x-2013-337,2014,2013,W2104062842
10.1186/1471-2393-13-160,2014,2013,W2017202593
10.1186/1472-6793-10-7,2014,2010,W2269836274
10.1186/1742-4690-9-s2-p362,2014,2012,W2052638411
10.1186/1743-7075-5-27,2014,2008,W2087826156
10.1186/1744-8069-8-3,2014,2012,W2736823107
10.1186/1744-859x-13-11,2014,2014,W1493514376
10.1186/1752-0509-6-20,2014,2012,W2127864418
10.1186/1758-5996-5-22,2014,2013,W2142279323
10.1192/bjp.bp.112.120055,2014,2013,W2123497401
10.1194/jlr.m005595,2014,2010,W2022928419
10.1194/jlr.m900223-jlr200,2014,2009,W2039873647
10.1208/s12249-013-0001-y,2014,2013,W2955524227
10.1210/en.2013-1998,2014,2014,W2942836019
10.1242/bio.20134747,2014,2013,W2099970745
10.1248/bpb.22.858,2014,1999,W2025699445
10.1248/bpb.29.577,2014,2006,W2056376918
10.1254/jphs.13069fp,2014,2013,W1985319060
10.12669/pjms.302.4759,2014,2014,W2316756589
10.12669/pjms.306.5927,2014,2014,W2332654336
10.1271/bbb.60142,2014,2006,W1804785031
10.1271/bbb.63.1749,2014,1999,W1965026366
10.1271/bbb.65.752,2014,2001,W1966996706
10.12771/emj.2013.36.s.s14,2014,2013,W2074248725
10.1291/hypres.31.1171,2014,2008,W141789558
10.12968/bjon.2009.18.1.32071,2014,2008,W2156271266
10.1353/dtc.2009.0001,2014,2009,W2180891184
10.1353/dtc.2010.0005,2014,2010,W2106217469
10.1353/dtc.2013.0033,2014,2013,W2056789008
10.1371/journal.pone.0019652,2014,2011,W1987015092
10.1371/journal.pone.0046410,2014,2012,W2031528950
10.1371/journal.pone.0051549,2014,2012,W2038681263
10.1371/journal.pone.0069669,2014,2013,W2027794695
10.1371/journal.pone.0072333,2014,2013,W4242234217
10.1371/journal.pone.0075928,2014,2013,W2108644616
10.1371/journal.pone.0084127,2014,2013,W2007115502
10.1378/chest.1822040,2014,2014,W2020270968
10.1386/sfc.13.1.33_1,2014,2013,W1974627684
10.1510/icvts.2005.107755,2014,2005,W2087382704
10.1515/9783110346329.1,2014,2014,W4250045968
10.1515/9783110346329.311,2014,2014,W4243759732
10.1515/9783110346329.toc,2014,2014,W4229665285
10.1515/9783110346329.xi,2014,2014,W4241578874
10.1515/9783110914825-002,2014,2004,W3214572689
10.1515/9783486781687-003,2014,2004,W4240687690
10.1515/epoly-2014-0023,2014,2014,W2333704529
10.1517/14656566.2014.853038,2014,2013,W2005080289
10.15283/ijsc.2014.7.1.30,2014,2014,W2003438335
10.1530/eje-11-0892,2014,2012,W2157546484
10.1587/elex.9.1237,2014,2012,W1987174473
10.1590/s0482-50042011000600005,2014,2011,W1970853294
10.1590/s1679-45082014rw2955,2014,2014,W1565234562
10.1673/031.012.14101,2014,2012,W2156957276
10.1681/asn.2006050514,2014,2006,W2125718087
10.1681/asn.2008070734,2014,2009,W2166233619
10.17227/01212494.40pys35.45,2014,2014,W2315885951
10.1902/cap.2014.142001,2014,2012,W2093100155
10.19030/jbcs.v9i4.7956,2014,2013,W2179451930
10.20453/reh.v23i4.1789,2014,2013,W1789061180
10.2141/jpsa.0120013,2014,2013,W2083233641
10.2147/btt.s3080,2014,2009,W2058427643
10.2165/00044011-200626040-00004,2014,2006,W1013125913
10.2165/00044011-200626110-00003,2014,2006,W143587371
10.2307/23047036,2014,2011,
10.2308/iace-50473,2014,2013,W2129411383
10.2337/db07-0339,2014,2008,W2131096470
10.2337/dc06-2493,2014,2007,W2182562383
10.2343/geochemj.1.0000,2014,2009,W4253824545
10.2355/isijinternational.54.567,2014,2014,W1981855241
10.2478/v10157-011-0040-1,2014,2012,W1970809442
10.2486/indhealth.2014-0013,2014,2014,W4244841779
10.2491/jjsth.16.412,2014,2007,W2322868101
10.2495/ht140241,2014,2014,W2051368207
10.2989/ajar.2008.7.1.8.436,2014,2008,W1957670153
10.3109/02688697.2012.757295,2014,2012,W2007733481
10.3109/13697137.2013.861815,2014,2013,W2137417716
10.3109/14764172.2013.864201,2014,2014,W2008853977
10.3109/15368378.2013.776437,2014,2013,W2138981377
10.3109/17483107.2014.905645,2014,2013,W2072420667
10.3389/fpsyg.2013.00073,2014,2013,W2127845314
10.3390/molecules17044755,2014,2012,W2020014999
10.3402/gha.v7.21783,2014,2014,W2056901495
10.3760/cma.j.issn.0366-6999.20132144,2014,2014,W1885525395
10.3760/cma.j.issn.0366-6999.20133074,2014,2014,W91336467
10.3889/mjms.1857-5773.2013.0335,2014,2014,W2087922355
10.3892/etm.2013.1340,2014,2013,W2084327576
10.3892/mmr.2014.1885,2014,2014,W1622935102
10.3892/ol.2013.1586,2014,2013,W2013252346
10.3978/j.issn.2072-1439.2014.02.19,2014,2014,W35682858
10.4012/dmj.2011-138,2014,2012,W2076475693
10.4014/jmb.1407.07011,2014,2014,W2399418535
10.4028/www.scientific.net/amm.513-517.4458,2014,2014,W2062716505
10.4028/www.scientific.net/amr.1016.781,2014,2014,W2075722215
10.4040/jkan.2013.43.1.69,2014,2013,W2162186624
10.4055/jkoa.2005.40.7.897,2014,2005,W4249103746
10.4055/jkoa.2009.44.1.68,2014,2009,W2134593503
10.4084/mjhid.2013.028,2014,2013,W2100862054
10.4103/0019-5154.105317,2014,2012,W2050945058
10.4103/0019-5154.55630,2014,2009,W2136417071
10.4103/0019-5413.111502,2014,2013,W2008616735
10.4103/0019-5413.121597,2014,2013,W2076176778
10.4103/0378-6323.136903,2014,2014,W2026797921
10.4103/0970-9185.119128,2014,2013,W2037263707
10.4103/0972-124x.131354,2014,2014,W1972221484
10.4103/2141-9248.139321,2014,2014,W1989318352
10.4103/2229-5070.72109,2014,2010,W2132593095
10.4103/2229-5070.97232,2014,2011,W2150780453
10.4103/2249-4847.116405,2014,2013,W2025329979
10.4137/ojcs.s16156,2014,2014,W2020449336
10.4161/21645698.2014.950541,2014,2014,W2317330232
10.4161/auto.29414,2014,2014,W2083044114
10.4161/cc.9.24.14245,2014,2010,W1990993778
10.4161/hv.28834,2014,2014,W4236276874
10.4238/2014.april.8.5,2014,2014,W2332423992
10.5388/aon.2013.13.3.152,2014,2013,W1924810865
10.5755/j01.eee.19.10.3925,2014,2013,W2143802725
10.5755/j01.eee.20.3.6676,2014,2014,W1999085775
10.5897/ajfs2013.1093,2014,2014,W2334595228
10.7759/cureus.155,2014,2014,W2317675375
10.7860/jcdr/2013/6138.3422,2014,2013,W1985000514
10.1001/jama.2012.216237,2015,2013,W2004833857
10.1001/jama.298.13.1539,2015,2007,W1983805905
10.1002/14651858.cd000243.pub3,2015,2014,W2804484511
10.1002/14651858.cd000319.pub2,2015,2003,W4245135279
10.1002/14651858.cd000319.pub4,2015,2007,W2112483583
10.1002/14651858.cd000387,2015,2005,W1674914011
10.1002/14651858.cd000496,2015,1999,W2156467130
10.1002/14651858.cd000993.pub3,2015,2009,W2148260177
10.1002/14651858.cd001316,2015,2001,W4251227958
10.1002/14651858.cd001364,2015,1999,W1727089362
10.1002/14651858.cd001364.pub3,2015,2011,W1981001019
10.1002/14651858.cd001782,2015,1999,W4243667806
10.1002/14651858.cd001869,2015,2001,W1480431573
10.1002/14651858.cd001869.pub3,2015,2009,W187835295
10.1002/14651858.cd001869.pub4,2015,2009,W4241384504
10.1002/14651858.cd001869.pub5,2015,2015,W1467736063
10.1002/14651858.cd001898,2015,2001,W4233512365
10.1002/14651858.cd001898.pub2,2015,2008,W1892657396
10.1002/14651858.cd002121,2015,2001,W4252995375
10.1002/14651858.cd002235,2015,2001,W4245688391
10.1002/14651858.cd002966,2015,2000,W4232093460
10.1002/14651858.cd003231,2015,2003,W4255457974
10.1002/14651858.cd003417.pub2,2015,2005,W2108527237
10.1002/14651858.cd003472,2015,2003,W2132677610
10.1002/14651858.cd003604,2015,2002,W1580278412
10.1002/14651858.cd003908.pub2,2015,2007,W2483126533
10.1002/14651858.cd003908.pub3,2015,2009,W2161745310
10.1002/14651858.cd004193.pub2,2015,2009,W1920922907
10.1002/14651858.cd004347,2015,2003,W4233050319
10.1002/14651858.cd004347.pub2,2015,2004,W4253526307
10.1002/14651858.cd004486.pub2,2015,2004,W4238967266
10.1002/14651858.cd004486.pub3,2015,2010,W4246516586
10.1002/14651858.cd004603.pub2,2015,2006,W2122863606
10.1002/14651858.cd004941,2015,2004,W4243225959
10.1002/14651858.cd004973,2015,2009,W2423538642
10.1002/14651858.cd005054,2015,2004,W2394185037
10.1002/14651858.cd005054.pub2,2015,2006,W4289255920
10.1002/14651858.cd005168,2015,2005,W1601796124
10.1002/14651858.cd005168.pub2,2015,2008,W1858665461
10.1002/14651858.cd005550,2015,2005,W2114693759
10.1002/14651858.cd006491,2015,2009,W4232091289
10.1002/14651858.cd006491.pub2,2015,2009,W3023018610
10.1002/14651858.cd006754,2015,2007,W4238922592
10.1002/14651858.cd007025,2015,2008,W4245581311
10.1002/14651858.cd007025.pub2,2015,2014,W1895021308
10.1002/14651858.cd007877,2015,2009,W1523819235
10.1002/14651858.cd008143.pub2,2015,2011,W4255646770
10.1002/14651858.cd008626.pub2,2015,2011,W1937195991
10.1002/14651858.cd009173.pub2,2015,2012,W1507279073
10.1002/2015jc011368,2015,2015,W1864064312
10.1002/adsc.201400420,2015,2014,W2028788930
10.1002/anie.201400623,2015,2014,W2129413170
10.1002/celc.201402369,2015,2015,W2143909355
10.1002/chem.201002071,2015,2010,W2156320575
10.1002/cjce.21943,2015,2013,W2134999875
10.1002/cjoc.201100445,2015,2012,W1997454334
10.1002/cncr.10308,2015,2002,W1859533501
10.1002/cphc.201200238,2015,2012,W2050890876
10.1002/cphc.201402614,2015,2015,W2054213077
10.1002/cta.2157,2015,2015,W1795531538
10.1002/ejsp.569,2015,2009,W2294379435
10.1002/gj.2685,2015,2015,W1564383919
10.1002/gps.3845,2015,2012,W2119138095
10.1002/hed.24139,2015,2015,W1526521203
10.1002/ibd.21133,2015,2010,W2166098164
10.1002/ijc.21125,2015,2005,W2012489501
10.1002/jcb.21852,2015,2008,W1903493012
10.1002/jcp.25157,2015,2015,W2140523466
10.1002/jez.1833,2015,2013,W1480886699
10.1002/jmv.21612,2015,2010,W2017385482
10.1002/joe.21595,2015,2014,W1978931366
10.1002/jsfa.6492,2015,2014,W1996660887
10.1002/mop.22764,2015,2007,W1961200629
10.1002/mop.22794,2015,2007,W1626186458
10.1002/oby.21077,2015,2015,W25960146
10.1002/pssc.201200129,2015,2012,W2526704704
10.1002/ptr.1964,2015,2006,W2120345630
10.1006/obhd.1998.2802,2015,1998,W1977038610
10.1007/978-0-387-71799-9_318,2015,2010,W4206219158
10.1007/978-3-319-08780-1_2,2015,2014,W2207742827
10.1007/978-3-531-94257-5_3,2015,2013,W2226488456
10.1007/978-3-662-46491-5_53,2015,2015,W2241032862
10.1007/bf02190689,2015,2014,W3107029625
10.1007/s00011-015-0853-6,2015,2015,W2145844155
10.1007/s00033-002-8137-8,2015,2002,W1663463078
10.1007/s00044-013-0866-z,2015,2013,W2025940882
10.1007/s00170-012-4497-1,2015,2012,W4206470796
10.1007/s00256-014-1995-2,2015,2014,W2082800436
10.1007/s00280-015-2802-z,2015,2015,W1696255159
10.1007/s00395-012-0318-9,2015,2012,W2588162686
10.1007/s00402-007-0350-7,2015,2007,W2041317381
10.1007/s00405-014-3328-4,2015,2014,W1463343654
10.1007/s00408-006-0085-1,2015,2007,W2095909164
10.1007/s00408-013-9509-x,2015,2014,W2605659762
10.1007/s00408-014-9631-4,2015,2014,W2606486238
10.1007/s00408-014-9639-9,2015,2014,W2316238658
10.1007/s00438-012-0710-z,2015,2012,W1992315305
10.1007/s00521-012-0857-x,2015,2012,W2137003149
10.1007/s00590-013-1385-9,2015,2013,W2617539167
10.1007/s00607-012-0210-3,2015,2012,W1478049201
10.1007/s00726-015-1954-9,2015,2015,W2325447901
10.1007/s10072-014-1992-1,2015,2014,W2616706594
10.1007/s10462-012-9385-4,2015,2013,W1980297267
10.1007/s10529-013-1360-x,2015,2013,W2345667682
10.1007/s10552-014-0436-9,2015,2014,W621489731
10.1007/s10646-014-1360-1,2015,2014,W2090959561
10.1007/s10661-010-1398-3,2015,2010,W214096997
10.1007/s10661-014-4050-9,2015,2014,W1993246470
10.1007/s10661-015-4325-9,2015,2015,W2093711881
10.1007/s10735-013-9556-x,2015,2013,W2806862556
10.1007/s10765-009-0608-0,2015,2009,W275362624
10.1007/s10845-014-0910-y,2015,2014,W2065881125
10.1007/s10852-012-9175-7,2015,2012,W2601918393
10.1007/s10912-009-9096-2,2015,2010,W2176894845
10.1007/s10912-009-9104-6,2015,2010,W1923239258
10.1007/s10912-010-9122-4,2015,2010,W2177783083
10.1007/s10948-012-1513-5,2015,2012,W2089839683
10.1007/s10948-014-2894-4,2015,2014,W2159061531
10.1007/s10971-013-3019-4,2015,2013,W4206036387
10.1007/s11010-013-1820-6,2015,2013,W2324731951
10.1007/s11010-014-1980-z,2015,2014,W2914589974
10.1007/s11012-013-9865-x,2015,2014,W1989028558
10.1007/s11012-014-9954-5,2015,2014,W2093603682
10.1007/s11012-014-9962-5,2015,2014,W2054749771
10.1007/s11012-014-9970-5,2015,2014,W1984927554
10.1007/s11012-014-9980-3,2015,2014,W2054119921
10.1007/s11019-014-9610-9,2015,2014,W1986337026
10.1007/s11033-014-3199-1,2015,2014,W2326242805
10.1007/s11033-014-3260-0,2015,2014,W24566681
10.1007/s11033-014-3313-4,2015,2014,W2581202990
10.1007/s11033-014-3317-0,2015,2014,W2912561305
10.1007/s11033-014-3402-4,2015,2014,W1977868913
10.1007/s11033-014-3474-1,2015,2014,W2332963608
10.1007/s11033-014-3479-9,2015,2014,W2465249536
10.1007/s11033-014-3509-7,2015,2014,W2616084215
10.1007/s11033-014-3515-9,2015,2014,W2613504425
10.1007/s11033-014-3517-7,2015,2014,W2318712432
10.1007/s11033-014-3705-5,2015,2014,W2614725848
10.1007/s11033-014-3731-3,2015,2014,W1201991222
10.1007/s11033-014-3754-9,2015,2014,W2615652856
10.1007/s11033-014-3765-6,2015,2014,W2602232783
10.1007/s11059-008-3007-9,2015,2008,W1975165512
10.1007/s11059-011-0111-z,2015,2011,W2056529847
10.1007/s11059-013-0232-7,2015,2014,W148879963
10.1007/s11059-014-0235-z,2015,2014,W71918092
10.1007/s11071-014-1339-8,2015,2014,W1980296619
10.1007/s11071-014-1726-1,2015,2014,W1926170366
10.1007/s11232-014-0209-3,2015,2014,W1999657311
10.1007/s11242-012-9973-4,2015,2012,W4206620469
10.1007/s11249-010-9600-x,2015,2010,W4206196247
10.1007/s11258-011-9998-8,2015,2011,W2328406702
10.1007/s11262-014-1115-3,2015,2014,W2013456827
10.1007/s11274-011-0825-0,2015,2011,W2600258911
10.1007/s11664-015-3696-6,2015,2015,W1903363054
10.1007/s11673-015-9654-4,2015,2015,W2157975501
10.1007/s11743-014-1587-0,2015,2014,W1977561148
10.1007/s11747-015-0430-0,2015,2015,W1984598997
10.1007/s11770-006-0022-3,2015,2006,W1990408085
10.1007/s11845-009-0394-5,2015,2009,W2099350161
10.1007/s12031-015-0599-1,2015,2015,W1141694641
10.1007/s12031-015-0624-4,2015,2015,W939262947
10.1007/s12032-013-0756-8,2015,2013,W2282923389
10.1007/s12035-014-8890-7,2015,2014,W1409465085
10.1007/s12035-014-8976-2,2015,2014,W1835051029
10.1007/s12094-014-1218-2,2015,2014,W2616165384
10.1007/s12205-014-0328-2,2015,2014,W2067388530
10.1007/s12206-014-1011-8,2015,2014,W4205783073
10.1007/s12273-011-0048-1,2015,2012,W2050783805
10.1007/s12540-012-3003-5,2015,2012,W2202972455
10.1007/s12548-014-0113-3,2015,2014,W827637273
10.1007/s12614-015-5773-x,2015,2015,W2125454797
10.1007/s12665-013-3012-9,2015,2014,W4205334512
10.1007/s12665-014-3218-5,2015,2014,W1990079114
10.1007/s12665-014-3749-9,2015,2014,W2046812709
10.1007/s13165-015-0105-7,2015,2015,W1154153973
10.1007/s13277-013-0702-6,2015,2013,W2314818532
10.1007/s13277-013-0873-1,2015,2013,W1751458220
10.1007/s13277-014-1885-1,2015,2014,W2593873668
10.1007/s13277-014-2120-9,2015,2014,W1996819212
10.1007/s13277-014-2123-6,2015,2014,W1998842793
10.1007/s13277-014-2235-z,2015,2014,W3148483053
10.1007/s13277-014-2251-z,2015,2015,W2616034313
10.1007/s13277-014-2653-y,2015,2015,W2157167605
10.1007/s13304-014-0251-6,2015,2014,W2754916558
10.1007/s13353-013-0174-9,2015,2013,W4206533402
10.1007/s13538-015-0330-2,2015,2015,W2615639278
10.1007/s40242-014-4183-y,2015,2014,W2253493319
10.1007/s40544-015-0072-8,2015,2014,W2084635924
10.1016/b978-0-12-803365-4.00001-4,2015,2015,W3023887696
10.1016/b978-0-12-803365-4.00002-6,2015,2015,W2782694279
10.1016/b978-0-12-803365-4.00003-8,2015,2015,W2784251366
10.1016/b978-0-12-803365-4.00004-x,2015,2015,W2783384256
10.1016/b978-0-12-803365-4.00005-1,2015,2015,W2783074982
10.1016/b978-0-12-803365-4.00008-7,2015,2015,W2782634595
10.1016/b978-0-12-803365-4.00009-9,2015,2015,W2784330047
10.1016/b978-0-12-803365-4.00010-5,2015,2015,W2782690187
10.1016/b978-0-12-803365-4.00011-7,2015,2015,W2783110296
10.1016/b978-0-12-803365-4.00015-4,2015,2015,W2782935980
10.1016/b978-0-12-803365-4.00016-6,2015,2015,W3021633822
10.1016/b978-0-12-803365-4.00017-8,2015,2015,W2783261103
10.1016/b978-0-12-803365-4.00019-1,2015,2015,W3022075879
10.1016/b978-0-12-803365-4.00021-x,2015,2015,W2480845184
10.1016/b978-0-12-803365-4.00022-1,2015,2015,W2784075775
10.1016/b978-0-12-803365-4.00023-3,2015,2015,W2782700125
10.1016/b978-0-12-803365-4.00027-0,2015,2015,W2783875039
10.1016/b978-0-12-803365-4.00029-4,2015,2015,W1682215895
10.1016/b978-0-12-803365-4.00032-4,2015,2015,W2496699029
10.1016/b978-0-12-803365-4.00035-x,2015,2015,W2782956736
10.1016/b978-0-12-803365-4.00036-1,2015,2015,W2782644639
10.1016/b978-0-12-803365-4.00037-3,2015,2015,W2782724713
10.1016/b978-0-12-803365-4.00040-3,2015,2015,W2782985213
10.1016/b978-0-12-803365-4.00041-5,2015,2015,W2783615817
10.1016/b978-0-12-803365-4.00043-9,2015,2015,W2782820286
10.1016/b978-0-12-803365-4.00046-4,2015,2015,W2782545937
10.1016/b978-0-12-803365-4.00047-6,2015,2015,W2783313875
10.1016/b978-0-12-803365-4.00052-x,2015,2015,W4236921733
10.1016/b978-0-12-803365-4.00053-1,2015,2015,W2544446734
10.1016/j.aaspro.2015.03.014,2015,2015,W2040301175
10.1016/j.accinf.2007.05.001,2015,2007,W2044820427
10.1016/j.accinf.2010.07.016,2015,2010,W2126356178
10.1016/j.accre.2015.09.005,2015,2015,W1889970072
10.1016/j.actaastro.2015.01.021,2015,2015,W2013060737
10.1016/j.agrformet.2015.08.131,2015,2015,W4255077982
10.1016/j.agrformet.2015.08.134,2015,2015,W4250305825
10.1016/j.ajpath.2014.08.023,2015,2014,W1978928027
10.1016/j.amc.2014.01.092,2015,2014,W62234225
10.1016/j.amc.2014.01.117,2015,2014,W1042599028
10.1016/j.amc.2014.09.131,2015,2014,W2013696693
10.1016/j.apenergy.2011.02.033,2015,2011,W2011004739
10.1016/j.apsusc.2012.11.139,2015,2012,W2095265731
10.1016/j.apsusc.2014.11.042,2015,2014,W2020773017
10.1016/j.aqpro.2015.02.231,2015,2015,W2090269403
10.1016/j.asr.2015.08.006,2015,2015,W2243961099
10.1016/j.bbalip.2011.05.008,2015,2011,W2091237985
10.1016/j.bbr.2014.02.052,2015,2015,W584021747
10.1016/j.bjid.2014.10.007,2015,2014,W2028686708
10.1016/j.burns.2015.10.008,2015,2015,W2202181760
10.1016/j.cam.2013.09.036,2015,2013,W2123103483
10.1016/j.cancergen.2015.02.005,2015,2015,W2056460586
10.1016/j.canep.2013.05.003,2015,2013,W2072822421
10.1016/j.carbpol.2014.12.053,2015,2015,W2092520469
10.1016/j.chembiol.2012.05.018,2015,2012,W2053383361
10.1016/j.chemolab.2013.11.007,2015,2013,W1989739668
10.1016/j.clinph.2014.06.011,2015,2014,W2086781157
10.1016/j.cmet.2009.04.010,2015,2009,W2092380274
10.1016/j.cmet.2012.10.005,2015,2012,W2197107516
10.1016/j.colsurfb.2015.02.048,2015,2015,W1989821050
10.1016/j.commatsci.2010.08.004,2015,2011,W2085903257
10.1016/j.commatsci.2010.08.012,2015,2011,W103018443
10.1016/j.commatsci.2013.08.040,2015,2014,W2018514946
10.1016/j.compscitech.2014.04.012,2015,2014,W2026663475
10.1016/j.concog.2015.04.012,2015,2015,W272338092
10.1016/j.concog.2015.08.006,2015,2015,W1805821772
10.1016/j.cub.2011.02.029,2015,2011,W1998899958
10.1016/j.desal.2015.05.022,2015,2015,W2103184224
10.1016/j.diabres.2015.01.042,2015,2015,W2077207564
10.1016/j.dsx.2013.06.016,2015,2013,W2080011614
10.1016/j.dsx.2015.08.002,2015,2015,W1180578952
10.1016/j.ecoleng.2015.01.007,2015,2015,W1976556081
10.1016/j.econmod.2012.04.020,2015,2012,W2059936618
10.1016/j.econmod.2012.05.013,2015,2012,W1995304995
10.1016/j.econmod.2012.07.006,2015,2012,W2079193179
10.1016/j.econmod.2012.07.012,2015,2012,W2052266281
10.1016/j.econmod.2012.07.021,2015,2012,W1988594999
10.1016/j.econmod.2012.09.015,2015,2012,W2061307680
10.1016/j.ejca.2010.09.045,2015,2011,W2018647913
10.1016/j.ejphar.2014.11.001,2015,2015,W2065469502
10.1016/j.energy.2013.10.055,2015,2013,W2008185615
10.1016/j.energy.2014.08.026,2015,2014,W2026584458
10.1016/j.engfracmech.2015.03.013,2015,2015,W4247300877
10.1016/j.envres.2013.11.001,2015,2013,W1990872875
10.1016/j.eswa.2008.10.025,2015,2008,W2083438692
10.1016/j.fertnstert.2007.07.1385,2015,2008,W1972181118
10.1016/j.fertnstert.2008.07.633,2015,2008,W4247794841
10.1016/j.geomorph.2013.08.026,2015,2013,W2003912003
10.1016/j.ijans.2014.06.004,2015,2014,W2644654940
10.1016/j.ijcard.2014.09.159,2015,2014,W2069969085
10.1016/j.ijcard.2014.12.014,2015,2014,W2108456010
10.1016/j.ijleo.2014.11.005,2015,2014,W2040844740
10.1016/j.ijleo.2015.08.051,2015,2015,W1899607656
10.1016/j.ijoa.2015.02.006,2015,2015,W4255162093
10.1016/j.ijpharm.2012.05.025,2015,2012,W2016877956
10.1016/j.injury.2014.10.044,2015,2014,W2112391719
10.1016/j.jacc.2014.08.044,2015,2014,W2328887562
10.1016/j.jacl.2015.03.060,2015,2015,W1926297758
10.1016/j.jamcollsurg.2014.03.053,2015,2014,W2024202844
10.1016/j.jash.2012.11.006,2015,2013,W2023488839
10.1016/j.jbiotec.2015.12.036,2015,2015,W2282569278
10.1016/j.jcjd.2015.09.088,2015,2015,W4232627469
10.1016/j.jhep.2014.01.014,2015,2014,W2048377342
10.1016/j.jmaa.2014.09.043,2015,2014,W1211910911
10.1016/j.jmmm.2011.10.011,2015,2012,W1966076043
10.1016/j.jmmm.2014.08.012,2015,2014,W2028576977
10.1016/j.joep.2015.02.005,2015,2015,W2082901748
10.1016/j.jpowsour.2014.09.071,2015,2014,W2049747380
10.1016/j.jsams.2013.05.004,2015,2014,W1969062632
10.1016/j.jss.2012.06.069,2015,2012,W2152366622
10.1016/j.jvolgeores.2014.03.007,2015,2014,W2077889611
10.1016/j.lithos.2014.11.028,2015,2014,W2068931603
10.1016/j.lungcan.2015.12.004,2015,2015,W2251635131
10.1016/j.marpol.2015.01.006,2015,2015,W2088076734
10.1016/j.matchar.2015.01.012,2015,2015,W2019660495
10.1016/j.materresbull.2007.11.001,2015,2008,W1971110368
10.1016/j.mjafi.2015.04.012,2015,2015,W1025772683
10.1016/j.molcel.2006.07.006,2015,2006,W2040337560
10.1016/j.msea.2010.04.021,2015,2010,W2059098075
10.1016/j.msea.2013.12.037,2015,2014,W2034068639
10.1016/j.msea.2014.01.025,2015,2014,W2197646340
10.1016/j.msea.2014.03.085,2015,2014,W1986440906
10.1016/j.msea.2014.12.066,2015,2015,W2022228093
10.1016/j.msea.2015.06.076,2015,2015,W1425829177
10.1016/j.neucom.2015.03.059,2015,2015,W2002576333
10.1016/j.neurobiolaging.2015.11.019,2015,2015,W2193765358
10.1016/j.neuroscience.2013.12.064,2015,2014,W2040180819
10.1016/j.oooo.2015.09.023,2015,2015,W2320581575
10.1016/j.optcom.2013.03.044,2015,2013,W2090541385
10.1016/j.optcom.2015.02.052,2015,2015,W2028159472
10.1016/j.pestbp.2015.01.015,2015,2015,W2034085564
10.1016/j.porgcoat.2015.02.004,2015,2015,W1963792931
10.1016/j.porgcoat.2015.06.023,2015,2015,W987555739
10.1016/j.powtec.2013.07.014,2015,2013,W1990214506
10.1016/j.precamres.2014.08.012,2015,2014,W2012280752
10.1016/j.procs.2015.02.019,2015,2015,W2028141552
10.1016/j.procs.2015.04.123,2015,2015,W2343014940
10.1016/j.proeng.2015.01.247,2015,2015,W1993873351
10.1016/j.proeng.2015.01.330,2015,2015,W2027726795
10.1016/j.promfg.2015.07.899,2015,2015,W2317557578
10.1016/j.promfg.2015.07.926,2015,2015,W4232176830
10.1016/j.protcy.2015.10.051,2015,2015,W2208961993
10.1016/j.protcy.2015.10.063,2015,2015,W2197655347
10.1016/j.psep.2012.05.005,2015,2013,W2085369424
10.1016/j.qref.2015.05.003,2015,2015,W2296651786
10.1016/j.renene.2013.09.033,2015,2013,W1973240512
10.1016/j.renene.2014.02.021,2015,2014,W2089093279
10.1016/j.repl.2015.01.057,2015,2015,W4240649164
10.1016/j.repl.2015.01.058,2015,2015,W4252090938
10.1016/j.rinp.2015.10.006,2015,2015,W1771091107
10.1016/j.rser.2010.03.009,2015,2010,W1989424925
10.1016/j.rser.2012.11.013,2015,2012,W35065087
10.1016/j.rser.2012.12.020,2015,2013,W2004438824
10.1016/j.rser.2013.04.002,2015,2013,W2130234847
10.1016/j.rser.2013.10.025,2015,2014,W2008925546
10.1016/j.saa.2014.09.129,2015,2014,W2015441982
10.1016/j.saa.2015.05.001,2015,2015,W969018969
10.1016/j.sbspro.2015.01.949,2015,2015,W2317948615
10.1016/j.sbspro.2015.02.359,2015,2015,W2322492984
10.1016/j.sbspro.2015.04.460,2015,2015,W990560381
10.1016/j.tet.2005.09.050,2015,2005,W2951655493
10.1016/j.tet.2012.06.061,2015,2012,W2950364260
10.1016/j.transproceed.2015.04.022,2015,2015,W1491411363
10.1016/j.wneu.2015.09.051,2015,2015,W2215850112
10.1016/j.ydbio.2008.11.017,2015,2008,W1972575998
10.1016/j.yexcr.2015.01.008,2015,2015,W2313152903
10.1016/s0006-2952(02)01149-8,2015,2002,W2058659363
10.1016/s0140-6736(14)60921-1,2015,2014,W2113302343
10.1016/s1001-9294(13)60029-2,2015,2013,W1983751838
10.1016/s1567-5688(11)70148-9,2015,2011,W2045627014
10.1016/s2212-5671(15)00314-7,2015,2015,W895622119
10.1016/s2221-1691(12)60253-6,2015,2012,W55064808
10.1017/psrm.2014.25,2015,2014,W3124818719
10.1017/s1431927615002524,2015,2015,W4237517013
10.1017/s1431927615012180,2015,2015,W4253000721
10.1021/acs.jpcb.5b02877,2015,2015,W2398322459
10.1021/am303272g,2015,2013,W2314163815
10.1021/bc2000484,2015,2011,W21545182
10.1021/ja201135y,2015,2011,W2083463266
10.1021/ja910716s,2015,2010,W1997661314
10.1021/jo502424u,2015,2014,W2323052337
10.1021/ml300217f,2015,2012,W2066751879
10.1021/mp2005164,2015,2012,W1965629903
10.1021/mp3007133,2015,2013,W1996714765
10.1021/ol047676+,2015,2005,W2949449893
10.1021/ol502029z,2015,2014,W1975980368
10.1023/a:1012296803189,2015,2001,W4238769378
10.1037/a0030094,2015,2013,W2128004254
10.1038/cgt.2013.86,2015,2014,W2081903760
10.1038/cgt.2014.49,2015,2014,W2076487563
10.1038/emboj.2010.65,2015,2010,W2104184327
10.1038/jcbfm.2010.111,2015,2010,W2012786015
10.1038/nature01126,2015,2002,W2077482246
10.1038/nature08072,2015,2009,W2044161294
10.1038/nature12415,2015,2013,W2088424318
10.1038/ncomms8784,2015,2015,W1804425585
10.1038/nnano.2013.71,2015,2013,W1967831654
10.1038/srep04571,2015,2013,W1982172887
10.1038/srep06770,2015,2014,W4205129132
10.1039/c2sc20639k,2015,2012,W2056820146
10.1039/c4cc09280e,2015,2015,W2148204353
10.1039/c4nj00768a,2015,2014,W1883688329
10.1039/c4nr05077k,2015,2014,W4206839821
10.1046/j.1365-313x.2003.01676.x,2015,2003,W2108733083
10.1046/j.1525-1438.2003.t01-1-13382.x,2015,2003,W14675356
10.1056/nejmc081528,2015,2008,W2395197220
10.1061/(asce)em.1943-7889.0000744,2015,2013,W2111154881
10.1061/(asce)he.1943-5584.0001128,2015,2014,W2102959681
10.1061/(asce)mt.1943-5533.0001207,2015,2014,W1616889165
10.1061/(asce)ww.1943-5460.0000184,2015,2012,W2320626455
10.1073/pnas.0604627103,2015,2006,W2083236798
10.1073/pnas.1317350111,2015,2014,W1985944222
10.1074/jbc.m109.026195,2015,2009,W4251717380
10.1074/jbc.m109.065862,2015,2009,W2061653945
10.1074/jbc.m109006200,2015,2002,W3121948843
10.1074/jbc.m110.110312,2015,2010,W2049926337
10.1074/jbc.m111.218263,2015,2011,W4253112469
10.1074/jbc.m112.385922,2015,2012,W2080873862
10.1074/jbc.m113.453886,2015,2013,W2060708294
10.1074/jbc.m113.483115,2015,2014,W2123794725
10.1074/jbc.m113.512061,2015,2014,W4205464589
10.1074/jbc.m114.603209,2015,2014,W1976690533
10.1074/jbc.m114.608596,2015,2014,W2032188814
10.1074/jbc.m115.639880,2015,2015,W4250186939
10.1074/jbc.m115.659011,2015,2015,W2139860116
10.1074/jbc.m401878200,2015,2004,W4246029756
10.1074/jbc.m408387200,2015,2007,W1993147247
10.1074/jbc.m600135200,2015,2006,W4205765598
10.1074/jbc.m703438200,2015,2007,W1992580233
10.1074/jbc.m709317200,2015,2008,W4241001653
10.1074/jbc.m801571200,2015,2008,W2111822843
10.1080/00397700109598531,2015,2001,W2022007847
10.1080/00397709909598513,2015,1999,W1978079003
10.1080/00397911.2014.963876,2015,2014,W4251819268
10.1080/00986445.2014.908352,2015,2014,W2331004943
10.1080/02331934.2015.1032283,2015,2015,W2345745553
10.1080/02607476.2015.1011899,2015,2015,W2089166363
10.1080/03650340.2015.1021338,2015,2015,W1715508044
10.1080/09349847.2014.968748,2015,2014,W2316118104
10.1080/10408398.2010.513779,2015,2011,W2131866163
10.1080/10426507.2013.855766,2015,2014,W2067315248
10.1080/1042819031000083262,2015,2003,W4247656795
10.1080/10705511.2015.1044653,2015,2015,W2208278830
10.1080/10942910902800531,2015,2012,W2079872716
10.1080/10942911003754734,2015,2011,W2052003347
10.1080/10942912.2010.535400,2015,2011,W2007207354
10.1080/10942912.2011.578317,2015,2012,W2330541769
10.1080/10942912.2011.614988,2015,2013,W2323442608
10.1080/13603108.2014.979263,2015,2014,W1501597562
10.1080/14786419.2014.952234,2015,2014,W3209640729
10.1080/14788810903264795,2015,2009,W1511799631
10.1080/15321819.2013.779925,2015,2013,W2091486530
10.1080/15435075.2014.884500,2015,2014,W2060117620
10.1080/15435075.2014.888661,2015,2014,W2066960335
10.1080/15538362.2013.818495,2015,2014,W2332628672
10.1080/15592324.2015.1052925,2015,2015,W2140583276
10.1080/19392699.2015.1006770,2015,2015,W2329442500
10.1080/19443994.2014.961171,2015,2014,W1978644578
10.1080/20013891081674,2015,2008,W2055690528
10.1083/jcb.201012083,2015,2011,W2108278134
10.1088/1742-6596/635/11/112010,2015,2015,W2419425384
10.1088/1742-6596/790/1/012006,2015,2015,W2589095723
10.1088/1742-6596/790/1/012007,2015,2015,W2589107549
10.1088/1757-899x/100/1/012048,2015,2015,W2228548683
10.1089/104454704774076127,2015,2004,W4232219060
10.1089/dna.2013.2253,2015,2014,W347604911
10.1089/dna.2014.2773,2015,2015,W1974925561
10.1093/asj/sju056,2015,2015,W2086286848
10.1093/biomet/asv053,2015,2015,W2301714634
10.1093/carcin/bgt276,2015,2013,W2123916622
10.1093/ejcts/ezu405,2015,2014,W2109251023
10.1093/jisesa/iev011,2015,2015,W4255605219
10.1093/jmcb/mjt005,2015,2013,W2109483532
10.1093/toxsci/kfu253,2015,2014,W2142719631
10.1097/00000542-199109000-00008,2015,1991,W2134901380
10.1097/bsd.0000000000000266,2015,2015,W2334130352
10.1097/hjh.0b013e3282f8e3b6,2015,2008,W1964858352
10.1097/sla.0000000000000484,2015,2015,W2318497240
10.1097/sle.0000000000000117,2015,2014,W2313161827
10.1098/rspa.2011.0360,2015,2012,W3009926040
10.1098/rspb.2009.1774,2015,2009,W2134540936
10.1099/vir.0.071407-0,2015,2014,W2025983696
10.1104/pp.123.2.725,2015,2000,W2168342737
10.1105/tpc.020719,2015,2004,W2103743117
10.1105/tpc.114.125682,2015,2014,W2125464253
10.1107/s2053230x15001806,2015,2015,W2073171197
10.1109/afrcon.2015.7331983,2015,2015,W2111126869
10.1109/cistem.2014.7076750,2015,2014,W2547916649
10.1109/cvpr.2015.7298670,2015,2015,W2528662554
10.1109/eesco.2015.7253812,2015,2015,W1560335779
10.1109/icaict.2015.7338552,2015,2015,W2889856446
10.1109/icci-cc.2015.7259393,2015,2015,W1485563863
10.1109/iccsp.2015.7322829,2015,2015,W1994643340
10.1109/tfuzz.2015.2453394,2015,2015,W2519814569
10.1111/1348-0421.12179,2015,2014,W4243567221
10.1111/1348-0421.12199,2015,2014,W4248074886
10.1111/1365-2435.12497,2015,2014,W4243546084
10.1111/brv.12025,2015,2013,W1504218378
10.1111/ecog.01481,2015,2015,W1914398873
10.1111/ggi.12099,2015,2013,W2148031668
10.1111/ggi.12187,2015,2014,W1705105702
10.1111/hel.12233,2015,2015,W1833448258
10.1111/j.1464-410x.2009.09041.x,2015,2009,W1568034267
10.1111/j.1464-410x.2009.09154.x,2015,2010,W1499900745
10.1111/j.1467-6486.2010.00934.x,2015,2010,W1692874338
10.1111/j.1469-7793.2001.t01-1-00679.x,2015,2001,W2124374208
10.1111/j.1475-679x.2006.00210.x,2015,2006,W2061057155
10.1111/j.1556-4029.2012.02247.x,2015,2012,W2135050412
10.1111/j.1600-079x.1990.tb00679.x,2015,1990,W2108734742
10.1111/j.1600-0811.2006.00045.x,2015,2004,W2088046132
10.1111/j.1600-0811.2007.420206.x,2015,2007,W1974144136
10.1111/j.1600-6143.2005.01201.x,2015,2006,W1964111561
10.1111/j.1743-6109.2008.01119.x,2015,2008,W2005656524
10.1111/j.1911-3846.2010.01034.x,2015,2010,W1575457327
10.1111/jcpt.12228,2015,2014,W1886342326
10.1111/jofi.12255,2015,2015,W2174865964
10.1111/pace.12602,2015,2015,W237014792
10.11111/jkana.2014.20.5.481,2015,2014,W1967231157
10.11124/jbisrir-2014-1669,2015,2014,W4230076922
10.1113/ep085495,2015,2015,W1913783002
10.1113/jphysiol.2002.021881,2015,2002,W2139060480
10.1113/jphysiol.2003.043778,2015,2003,W2060517395
10.11138/mltj/2014.4.4.471,2015,2015,W2322271585
10.1115/1.4028880,2015,2013,W4252758870
10.1117/12.836788,2015,2009,W2296237151
10.1117/12.836814,2015,2009,W2035122843
10.1117/12.836819,2015,2009,W1994211509
10.1124/jpet.113.207233,2015,2013,W2100665576
10.1126/science.1207934,2015,2011,W2056189301
10.1126/science.1237242,2015,2013,W2172294403
10.1126/science.1256151,2015,2014,W1983960628
10.1128/aac.00796-15,2015,2015,W2257305497
10.1128/aac.04976-14,2015,2015,W2255912517
10.1128/aem.02433-12,2015,2012,W2133086096
10.1128/iai.00206-12,2015,2012,W2143325834
10.1128/iai.06295-11,2015,2012,W2103532831
10.1128/jb.00478-15,2015,2009,W1897496690
10.1128/jcm.00841-11,2015,2011,W2116013729
10.1128/jcm.00935-11,2015,2011,W2111858534
10.1128/jvi.01045-10,2015,2010,W1982717820
10.1134/s0005117914100154,2015,2014,W2116823808
10.1136/bmj.299.6693.228,2015,1989,W2045508091
10.1136/jclinpath-2014-202797,2015,2015,W4205950808
10.1136/thoraxjnl-2014-206260.170,2015,2012,W2223209097
10.1152/ajpendo.00163.2012,2015,2012,W1975775502
10.1152/ajplung.00067.2010,2015,2010,W2166127888
10.1152/ajplung.00134.2011,2015,2011,W2027638957
10.1152/ajplung.00384.2007,2015,2008,W1968574342
10.1152/ajpregu.00303.2012,2015,2013,W2126746380
10.1152/japplphysiol.01293.2011,2015,2012,W2162921496
10.1155/2012/479046,2015,2012,W1968636140
10.1155/2013/272598,2015,2013,W2156825091
10.1155/2013/537810,2015,2013,W2130417219
10.1155/2013/549502,2015,2013,W1965108617
10.1155/2013/913438,2015,2013,W1983674837
10.1155/2014/103459,2015,2014,W2053183837
10.1155/2014/123918,2015,2014,W1977319931
10.1155/2014/146967,2015,2014,W2003062981
10.1155/2014/243746,2015,2014,W2028803329
10.1155/2014/467063,2015,2014,W2149372126
10.1155/2014/602586,2015,2014,W25374434
10.1155/2014/629412,2015,2014,W2167981462
10.1155/2014/651895,2015,2014,W2169115393
10.1155/2014/687827,2015,2014,W1991960830
10.1155/2014/747865,2015,2014,W1998300914
10.1155/2014/893459,2015,2014,W2165680159
10.1155/2014/969864,2015,2014,W2042447046
10.1158/0008-5472.can-15-1145,2015,2015,W1850524932
10.1159/000184439,2015,2008,W2168382225
10.1159/000222127,2015,1986,W243789278
10.11591/ijeei.v3i3.150,2015,2015,W1257747879
10.11604/pamj.2012.12.42.1196,2015,2012,
10.11604/pamj.2013.16.18.2505,2015,2013,W2059517571
10.11604/pamj.2015.20.350.6572,2015,2015,W2069471371
10.1161/01.hyp.0000168945.44069.aa,2015,2005,W2166512895
10.1161/circresaha.114.302420,2015,2014,W2099859397
10.1162/jocn_a_00207,2015,2012,W2171581499
10.1162/jocn_a_00649,2015,2014,W2027099196
10.1164/rccm.201109-1671oc,2015,2012,W2098926324
10.1165/rcmb.2011-0256oc,2015,2012,W2063036865
10.1167/iovs.10-6233,2015,2011,W2011244391
10.1172/jci22787,2015,2004,W2098585472
10.1177/0021909614547601,2015,2014,W1886686076
10.1177/0037549715588839,2015,2015,W1781022111
10.1177/0267659113498617,2015,2013,W2159572889
10.1177/0267659113502835,2015,2013,W2053180939
10.1177/0267659113513823,2015,2013,W2154608233
10.1177/0267659114536761,2015,2014,W2023773892
10.1177/0267659114547942,2015,2014,W2055985683
10.1177/0267659114557720,2015,2014,W2042937721
10.1177/0748233711422728,2015,2011,W2169788266
10.1177/0892705713520176,2015,2014,W2029137640
10.1177/0956797612464380,2015,2013,W2140343936
10.1177/0962280215586011,2015,2015,W1955909669
10.1177/1056789513514072,2015,2013,W1975782575
10.1177/1056789514535945,2015,2014,W2141272606
10.1177/1077546314561036,2015,2014,W2101118892
10.1177/1470320314524011,2015,2014,W2157438592
10.1177/1470320314557849,2015,2014,W2167192070
10.1177/1470320314563425,2015,2015,W2112948623
10.1177/1470320314563426,2015,2014,W2126445837
10.1177/1470320314566221,2015,2015,W2142550729
10.1186/1471-2148-4-18,2015,2004,W1633681515
10.1186/1471-2261-14-53,2015,2014,W4206118256
10.1186/1471-2407-14-28,2015,2014,W4206226795
10.1186/1471-2415-13-11,2015,2013,W2215847805
10.1186/1471-2482-13-s2-s25,2015,2013,W2014530493
10.1186/1476-511x-13-147,2015,2014,W2159005546
10.1186/1477-7819-11-311,2015,2013,W1982374016
10.1186/1477-7827-1-125,2015,2003,W2106547226
10.1186/1687-1847-2014-235,2015,2014,W2149139875
10.1186/1710-1492-10-s2-a48,2015,2014,W569830108
10.1186/1742-2094-11-13,2015,2014,W2162232325
10.1186/1746-1596-8-143,2015,2013,W2147295308
10.1186/1746-1596-8-172,2015,2013,W2109440441
10.1186/1746-1596-9-133,2015,2014,W2080311594
10.1186/1749-799x-9-16,2015,2014,W2072375860
10.1186/1749-799x-9-19,2015,2014,W2097308311
10.1186/1749-799x-9-26,2015,2014,W24735864
10.1186/1749-799x-9-27,2015,2014,W2152868437
10.1186/1757-2215-7-9,2015,2014,W2122184692
10.1186/2047-783x-18-29,2015,2013,W2132783153
10.1186/2047-783x-18-37,2015,2013,W2165536336
10.1186/2047-783x-18-53,2015,2013,W2156346178
10.1186/2047-783x-18-55,2015,2013,W2096922766
10.1186/2047-783x-18-62,2015,2013,W2139062117
10.1186/2047-783x-19-15,2015,2014,W2107571450
10.1186/2047-783x-19-31,2015,2014,W2139384320
10.1186/2047-783x-19-39,2015,2014,W2170145227
10.1186/2196-1166-1-6,2015,2014,W1879530215
10.1186/ar3466,2015,2011,W2132079355
10.1186/s12989-014-0047-3,2015,2014,W2603988640
10.1186/s13000-014-0156-1,2015,2014,W2162033710
10.1186/s13000-014-0176-x,2015,2014,W2156705427
10.1186/s13013-015-0043-x,2015,2015,W4206642927
10.1186/s13018-014-0075-6,2015,2014,W2130819612
10.1186/s13018-014-0133-0,2015,2014,W2111085067
10.1186/s40001-014-0050-z,2015,2014,W2163497253
10.1186/s40001-014-0052-x,2015,2014,W4206275167
10.1186/s40201-014-0153-z,2015,2014,W2297660434
10.1190/geo2013-0325.1,2015,2014,W2133544370
10.1210/jc.2002-021325,2015,2003,W2022779155
10.1213/00000539-200102000-00051,2015,2001,W4251052037
10.1242/jcs.01728,2015,2005,W2145753939
10.1242/jcs.147223,2015,2014,W2091537797
10.12720/ijsps.3.2.106-111,2015,2015,W4251965219
10.1289/ehp.1205188,2015,2012,W2081805051
10.1292/jvms.15-0102,2015,2015,W1908281935
10.12932/ap0360.32.2.2013,2015,2014,W2068181132
10.1359/jbmr.050402,2015,2005,W2573365816
10.1371/journal.pbio.0050005,2015,2006,W2147095295
10.1371/journal.pgen.1003361,2015,2013,W2051599381
10.1371/journal.pone.0115741,2015,2015,W2092124306
10.1371/journal.pone.0133525,2015,2015,W1850186016
10.1380/ejssnt.2015.426,2015,2008,W2166706901
10.14802/jmd.11008,2015,2011,W4205302176
10.1503/jpn.120073,2015,2013,W2119790474
10.1515/9783110337211.432,2015,2015,W4292925557
10.1515/9783110337211.ix,2015,2015,W4229502308
10.1515/9783110355062.1,2015,2015,W4252785100
10.1515/9783110355062.toc,2015,2015,W4242418774
10.1515/9783110355062.xxiv,2015,2015,W4251491601
10.1515/9783110355062.xxviii,2015,2015,W4249935346
10.1515/reveh-2015-0033,2015,2015,W26613329
10.1515/revneuro.2007.18.5.365,2015,2007,W2186019413
10.1517/13543776.2015.1021688,2015,2015,W2060529542
10.1523/jneurosci.3233-12.2012,2015,2012,W2088580957
10.1523/jneurosci.4125-10.2011,2015,2011,W2062433364
10.1524/zkri.2012.1495,2015,2012,W2330125484
10.1542/pir.32-4-135,2015,2011,W1986600432
10.15616/bsl.2015.21.2.60,2015,2015,W2948517802
10.1586/erc.12.95,2015,2012,W2102800742
10.1590/1519-6984.20813,2015,2015,W2293586824
10.1628/002268815x14188140054660,2015,2015,W2323882922
10.18632/oncotarget.2138,2015,2014,W4206756421
10.2105/ajph.2015.302623,2015,2015,W2207055834
10.2147/opth.s59725,2015,2015,W1593071308
10.2147/ott.s86536,2015,2015,W1537603325
10.2174/1874110x01509010443,2015,2015,W2189851476
10.2174/1874110x01509010587,2015,2015,W1433162112
10.2174/1874123101509010067,2015,2015,W2229673023
10.2174/1874155x01408010624,2015,2014,W2118520606
10.2174/1874155x01509010411,2015,2015,W1239134948
10.2174/1874836801408010476,2015,2014,W1571096360
10.2174/1874836801509010233,2015,2015,W2219765734
10.2174/1874836801509010238,2015,2015,W2194031037
10.2174/1876973x01508010309,2015,2015,W2230565940
10.2298/abs0501001r,2015,2005,W2071365444
10.2298/abs0504259r,2015,2005,W2009741541
10.2298/abs0701029r,2015,2007,W2153014600
10.2298/abs0801025r,2015,2008,W1982770491
10.2298/abs1303063b,2015,2013,W1981376160
10.2298/abs1303223l,2015,2013,W1972843768
10.2298/abs1304363m,2015,2013,W2098118178
10.2298/abs1304435h,2015,2013,W2075784566
10.2298/abs1402785p,2015,2014,W4254003460
10.2298/abs1404479o,2015,2014,W2026580419
10.2298/abs140915038b,2015,2015,W2095096661
10.2308/acch-10451.s02,2015,1996,
10.2308/acch-10452.s02,2015,1996,
10.2308/acch.2002.16.2.125,2015,2002,W2120657458
10.2308/accr.2006.81.1.207,2015,2008,W1918811367
10.2308/aud.2000.19.s-1.5,2015,2000,W4255398888
10.2308/aud.2001.20.1.157,2015,2001,W4233516314
10.2308/bria-10071,2015,2011,W2116166472
10.2308/bria.2001.13.1.127,2015,2001,W2191567602
10.2308/jeta.2007.4.1.47,2015,2007,W4248137970
10.2308/jis.2002.16.1.31,2015,2002,W3125008888
10.2308/jis.2004.18.2.7,2015,2004,W3121415281
10.2308/jis.2005.19.2.111,2015,2005,W2182691915
10.2337/dc13-1391,2015,2014,W2091554294
10.2353/ajpath.2010.100509,2015,2010,W2055205462
10.2355/isijinternational.52.759,2015,2012,W2056567648
10.2355/isijinternational.54.2881,2015,2015,W1996899466
10.3109/14767058.2010.509915,2015,2010,W2196693997
10.3109/17549507.2013.763291,2015,2013,W2015128451
10.3109/19396368.2012.723793,2015,2012,W1991332673
10.3109/19401736.2015.1033712,2015,2015,W1714336283
10.3171/2009.8.jns09850,2015,2010,W2185196236
10.3171/2012.8.jns111580,2015,2013,W1774120629
10.3178/jjshwr.25.152,2015,2012,W2049144976
10.3233/nre-130856,2015,2013,W1538587337
10.3357/amhp.4075.2015,2015,2015,W2175945911
10.3365/met.mat.2008.06.291,2015,2008,W1470642883
10.3366/nfs.2004-3.003,2015,2012,W2284482428
10.3389/fmicb.2012.00387,2015,2012,W2140372372
10.3389/fnins.2015.00380,2015,2015,W2145930696
10.3389/fphys.2013.00240,2015,2013,W2148067238
10.3389/fpls.2014.00421,2015,2014,W2060401939
10.3390/ijerph120809375,2015,2015,W2167430611
10.3390/ijerph120911608,2015,2015,W2096965030
10.3390/ijms11114687,2015,2010,W2001556743
10.3390/pr3020422,2015,2015,W1506240752
10.3727/096368915x686760,2015,2015,W2133445429
10.3807/josk.2012.16.4.386,2015,2012,W2011542318
10.3892/mmr.2014.1932,2015,2014,W1739689245
10.3892/mmr.2014.2983,2015,2014,W2212578031
10.3928/01477447-20140401-66,2015,2014,W2333812146
10.3978/j.issn.2072-1439.2014.09.03,2015,2014,W2179054378
10.4012/dmj.2012-144,2015,2013,W2131603046
10.4028/www.scientific.net/amm.787.8,2015,2015,W2246049545
10.4049/jimmunol.177.11.7950,2015,2006,W2129490323
10.4049/jimmunol.178.2.720,2015,2007,W1802670353
10.4066/amj.2014.1956,2015,2014,W2107290240
10.4103/0970-0218.51231,2015,2009,W2006329974
10.4103/0971-5851.142038,2015,2014,W1994715487
10.4103/0972-5229.156487,2015,2015,W1575908694
10.4103/0975-5950.111344,2015,2013,W2029296070
10.4103/1450-1147.138570,2015,2014,W2165474867
10.4103/1450-1147.138579,2015,2014,W2139604188
10.4103/2231-0762.149026,2015,2014,W1986933151
10.4161/cc.9.24.14246,2015,2010,W2329512057
10.4236/am.2015.63048,2015,2015,W2093036543
10.4236/fns.2013.49a1013,2015,2013,W2049124047
10.4236/ojsta.2013.21001,2015,2013,W2065423306
10.4315/0362-028x.jfp-15-157,2015,2015,W4252996938
10.5055/jom.2015.0257,2015,2015,W1909539113
10.5296/ijld.v5i2.6876,2015,2015,W1638083428
10.5339/irl.2013.10,2015,2013,W2077813489
10.5402/2011/983542,2015,2011,W2072717488
10.5455/ijmsph.2014.150220144,2015,2014,W111256955
10.5455/ijmsph.2014.160220143,2015,2014,W1586753540
10.5539/ijms.v6n2p105,2015,2014,W4253904190
10.5772/39065,2015,2012,W1580836357
10.5772/58442,2015,2014,W1489125205
10.5899/2014/jnaa-00257,2015,2014,W2157892238
10.5946/ce.2012.45.1.89,2015,2012,W2111438153
10.7754/clin.lab.2012.121244,2015,2014,W2027967247
10.7860/jcdr/2013/4833.2724,2015,2013,W2031458114
10.7860/jcdr/2014/8462.4679,2015,2014,W2084534743
10.7883/yoken.jjid.2015.157,2015,2015,W2339360201
