doi,retraction_year,publication_year
10.1083/jcb.6.2.301,1966,1959
10.1016/s0020-1693(00)93130-x,1967,1967
10.1126/science.141.3584.919,1968,1963
10.1515/9783111725093.1,1970,1970
10.1515/9783111725093.235,1970,1970
10.1515/9783111725093.237,1970,1970
10.1515/9783111725093.240,1970,1970
10.1056/nejm197306212882502,1975,1973
10.1016/0014-5793(75)80344-9,1977,1975
10.1038/262311a0,1977,1976
10.1042/bj1480567,1977,1975
10.1042/bst0010849,1977,1975
10.1111/j.1471-4159.1976.tb07010.x,1977,1976
10.1515/9783486820225-001,1977,1977
10.1515/9783486820225-008,1977,1977
10.1515/9783486820225-010,1977,1977
10.1515/9783486820225-012,1977,1977
10.1515/9783486820225-013,1977,1977
10.1515/9783486820225-014,1977,1977
10.1515/9783486820225-019,1977,1977
10.1515/9783486820225-020,1977,1977
10.1515/9783486820225-024,1977,1977
10.1515/9783486820225-025,1977,1977
10.1515/9783486820225-027,1977,1977
10.1016/b978-0-12-484760-6.50011-4,1979,1979
10.1016/b978-0-12-484760-6.50016-3,1979,1979
10.1016/b978-0-12-484760-6.50021-7,1979,1979
10.1016/0002-9343(80)90167-9,1980,1980
10.1172/jci108759,1980,1977
10.1172/jci108966,1980,1977
10.1172/jci109108,1980,1978
10.1172/jci109394,1980,1979
10.1210/jcem-47-1-216,1980,1978
10.2337/diab.29.2.159,1980,1980
10.1002/ana.410080324,1981,1980
10.1073/pnas.78.11.7152,1982,1981
10.1172/jci110239,1982,1981
10.2307/3213336,1982,1981
10.1016/0002-9149(80)90510-x,1983,1980
10.1016/s0002-9149(79)80132-0,1983,1979
10.1056/nejm198101153040301,1983,1981
10.1126/science.6337398,1983,1983
10.1152/ajpheart.1981.240.3.h399,1983,1981
10.1161/01.res.49.4.1017,1983,1981
10.7326/0003-4819-89-6-867,1983,1978
10.1073/pnas.80.15.4694,1984,1983
10.1172/jci110109,1984,1981
10.3109/02713688208997686,1984,1982
10.1016/b978-0-12-484787-3.50008-0,1985,1985
10.1016/s0735-1097(85)80047-4,1985,1985
10.1073/pnas.78.11.6729,1985,1981
10.1161/01.res.43.5.705,1985,1978
10.1172/jci109397,1985,1979
10.1172/jci110061,1985,1981
10.1016/b978-0-12-484772-9.50008-6,1986,1986
10.1016/b978-0-12-484772-9.50011-6,1986,1986
10.1016/b978-0-12-484772-9.50016-5,1986,1986
10.1016/b978-0-12-484772-9.50021-9,1986,1986
10.1016/b978-0-12-484772-9.50022-0,1986,1986
10.1148/radiology.154.3.577,1986,1985
10.1148/radiology.155.1.11,1986,1985
10.1152/ajpheart.1984.247.4.h610,1986,1984
10.1515/9783110863932-001,1986,1986
10.1515/9783110863932-003,1986,1986
10.1515/9783110863932-009,1986,1986
10.1515/9783110863932-011,1986,1986
10.1515/9783110863932-fm,1986,1986
10.1007/bf02552680,1987,1984
10.1073/pnas.83.18.7008,1987,1986
10.1084/jem.163.6.1583,1987,1986
10.1097/00003246-198309000-00010,1987,1983
10.1097/00003246-198312000-00001,1987,1983
10.3928/0147-7447-19870301-06,1988,1987
10.1073/pnas.84.24.9011,1989,1987
10.1126/science.3047873,1989,1988
10.1126/science.6417790,1989,1983
10.1126/science.6810463,1989,1982
10.1128/jcm.26.9.1791-1794.1988,1989,1988
10.1136/bmj.298.6682.1215,1989,1989
10.1176/ajp.139.11.1447,1989,1982
10.1002/j.1460-2075.1989.tb08465.x,1990,1989
10.1002/jnr.490230113,1990,1989
10.1002/pd.1970090505,1990,1989
10.1007/bf00637383,1990,1989
10.1007/bf01964817,1990,1985
10.1037/0097-7403.13.1.3,1990,1987
10.1073/pnas.86.20.8005,1990,1989
10.1093/nar/18.14.4268,1990,1990
10.1111/j.1432-1033.1988.tb14419.x,1990,1988
10.1002/j.1460-2075.1990.tb08121.x,1991,1990
10.1002/jlb.46.5.428,1991,1989
10.1007/bf01790093,1991,1988
10.1016/0006-291x(89)92008-1,1991,1989
10.1016/0092-8674(89)90288-2,1991,1989
10.1016/s0022-5347(17)39791-4,1991,1990
10.1111/j.1432-1033.1990.tb19421.x,1991,1990
10.1111/j.1600-0897.1990.tb01046.x,1991,1990
10.2337/diab.38.12.1643,1991,1989
10.1002/ijc.2910490412,1992,1991
10.1002/j.1460-2075.1990.tb07480.x,1992,1990
10.1016/0038-1101(91)90174-w,1992,1990
10.1016/0092-8674(90)90066-n,1992,1990
10.1016/0140-6736(90)92206-w,1992,1990
10.1016/0140-6736(91)90597-i,1992,1991
10.1038/354476a0,1992,1991
10.1073/pnas.86.20.7928,1992,1989
10.1089/aid.1991.7.789,1992,1991
10.1126/science.254.5033.826,1992,1991
10.1002/eji.1830170806,1993,1987
10.1007/bf02935565,1993,1992
10.1016/0022-510x(92)90154-d,1993,1992
10.1016/b978-0-12-676350-8.50015-3,1993,1993
10.1016/b978-0-12-676350-8.50019-0,1993,1993
10.1073/pnas.83.10.3171,1993,1986
10.1111/j.1471-4159.1989.tb07431.x,1993,1989
10.1128/iai.59.6.1888-1892.1991,1993,1991
10.1515/9783486818666-001,1993,1993
10.3109/00207459008986624,1993,1990
10.1002/j.1460-2075.1990.tb07896.x,1994,1990
10.1016/0014-5793(92)81355-p,1994,1992
10.1073/pnas.84.11.3545,1994,1987
10.1093/nar/22.6.953,1994,1994
10.1126/science.7680491,1994,1993
10.1128/iai.61.1.338-342.1993,1994,1993
10.1128/mcb.13.8.5112-5121.1993,1994,1993
10.1006/abbi.1994.1170,1995,1994
10.1006/bbrc.1995.1675,1995,1995
10.1016/0029-7844(95)00007-e,1995,1995
10.1016/s0022-3476(95)70354-3,1995,1995
10.1038/370456a0,1995,1994
10.1093/infdis/168.4.1059,1995,1993
10.1128/iai.62.2.657-664.1994,1995,1994
10.1128/mcb.14.4.2564-2576.1994,1995,1994
10.1007/bf02331830,1996,1995
10.1016/s0015-0282(16)56090-7,1996,1993
10.1016/s0140-6736(95)91723-3,1996,1995
10.1016/s0143-4179(96)90052-9,1996,1996
10.1098/rspb.1991.0017,1996,1991
10.1515/9783486791969.305,1996,1996
10.1515/9783486818567-toc,1996,1996
10.1515/9783486830262.397,1996,1996
10.1515/9783486830262.fm,1996,1996
10.1515/9783486830262.toc,1996,1996
10.1520/jfs13893j,1996,1996
10.2307/3578497,1996,1993
10.1002/(sici)1098-1136(199602)16:23.0.co;2-b,1997,1996
10.1016/s0003-4975(96)00685-6,1997,1997
10.1038/380707a0,1997,1996
10.1073/pnas.89.17.8049,1997,1992
10.1073/pnas.92.7.2979,1997,1995
10.1073/pnas.93.24.14053,1997,1996
10.1084/jem.181.2.793,1997,1995
10.1089/aid.1996.12.1571,1997,1996
10.1093/chemse/15.1.137,1997,1990
10.1126/science.270.5236.628,1997,1995
10.1126/science.272.5267.1489,1997,1996
10.1126/science.8171334,1997,1994
10.1128/jb.176.14.4424-4429.1994,1997,1994
10.1128/mcb.15.6.3424,1997,1995
10.1515/9783050073835-002,1997,1997
10.1515/9783050073835-004,1997,1997
10.1515/9783050073835-005,1997,1997
10.1515/9783050073835-toc,1997,1997
10.1016/0014-5793(91)80550-m,1998,1991
10.1016/0014-5793(95)00496-v,1998,1995
10.1016/0165-2478(96)02548-5,1998,1996
10.1016/0896-6273(95)90230-9,1998,1995
10.1016/s0092-8674(00)81822-x,1998,1996
10.1016/s0092-8674(00)81866-8,1998,1997
10.1016/s0167-8809(97)00053-4,1998,1997
10.1016/s0896-6273(00)80968-x,1998,1997
10.1038/37678,1998,1997
10.1038/37810,1998,1997
10.1038/sj.ejcn.1600476,1998,1997
10.1042/bj3060787,1998,1995
10.1073/pnas.92.7.2558,1998,1995
10.1097/00000542-199808000-00003,1998,1998
10.1113/jphysiol.1994.sp020220,1998,1994
10.1113/jphysiol.1997.sp022001,1998,1997
10.1128/iai.65.7.2759-2764.1997,1998,1997
10.1136/bmj.317.7159.687,1998,1998
10.1139/m96-039,1998,1996
10.1161/01.cir.94.3.547,1998,1996
10.1515/9783486831184.toc,1998,1998
10.1515/9783486831184.v,1998,1998
10.1515/9783486831184.vii,1998,1998
10.1515/9783486831184.xxxiii,1998,1998
10.5694/j.1326-5377.1998.tb126727.x,1998,1998
10.1002/glia.440020508,1999,1989
10.1002/ijc.2910430519,1999,1989
10.1006/exer.1997.0449,1999,1998
10.1016/0168-583x(95)00853-5,1999,1996
10.1016/s0266-3538(98)00079-7,1999,1999
10.1021/bi970564o,1999,1997
10.1038/emm.1999.11,1999,1999
10.1046/j.1460-9568.1999.00436.x,1999,1999
10.1056/nejm199701233360415,1999,1997
10.1056/nejm199802053380607,1999,1998
10.1074/jbc.271.8.4154,1999,1996
10.1074/jbc.273.29.18019,1999,1998
10.1093/emboj/16.19.5855,1999,1997
10.1093/emboj/16.8.2119,1999,1997
10.1093/jac/40.5.745,1999,1997
10.1126/science.269.5225.841,1999,1995
10.1177/028418519503600442,1999,1995
10.1515/9783110937770-015,1999,1999
10.1002/(sici)1096-8628(19961230)66:4%3c403::aid-ajmg4%3e3.0.co;2-l,2000,1996
10.1007/bf00210477,2000,1993
10.1016/s0003-4975(00)01485-5,2000,2000
10.1016/s0003-4975(98)01155-2,2000,1999
10.1016/s0140-6736(99)05131-4,2000,2000
10.1016/s0266-3538(99)00163-3,2000,2000
10.1016/s0378-8741(99)00177-4,2000,2000
10.1073/pnas.87.23.9290,2000,1990
10.1073/pnas.96.10.5873,2000,1999
10.1073/pnas.96.24.13845,2000,1999
10.1093/jn/130.2.171,2000,2000
10.1111/j.1600-0668.1999.t01-1-00007.x,2000,1999
10.1111/j.1600-0668.1999.t01-2-00005.x,2000,1999
10.1111/j.1600-0668.1999.t01-3-00003.x,2000,1999
10.1111/j.1600-0668.1999.t01-3-00004.x,2000,1999
10.1126/science.11542874,2000,1993
10.1126/science.288.5468.1058,2000,2000
10.1164/ajrccm.155.2.9032197,2000,1997
10.1164/ajrccm.158.1.9801028,2000,1998
10.1007/s001280000154,2001,2000
10.1016/s0006-8993(01)02789-5,2001,2001
10.1016/s0010-0277(00)00078-0,2001,2000
10.1016/s0043-1648(01)00645-7,2001,2001
10.1016/s0168-1702(99)00088-x,2001,1998
10.1016/s0272-7358(99)00055-0,2001,2000
10.1016/s0370-2693(01)00865-6,2001,2001
10.1016/s0920-1211(00)00155-8,2001,2001
10.1037/0022-3514.77.4.774,2001,1999
10.1073/pnas.96.20.11566,2001,1999
10.1073/pnas.97.1.297,2001,2000
10.1099/0022-1317-82-11-2837,2001,2001
10.1111/j.1360-0443.1991.tb01856.x,2001,1991
10.1136/gut.31.12.1358,2001,1990
10.1136/gut.31.5.a589,2001,1990
10.1177/014616720026200,2001,2000
10.1200/jco.1995.13.10.2483,2001,1995
10.1002/1097-4652(2001)9999:9999%3c000::aid-jcp1045%3e3.0.co;2-0,2002,2001
10.1006/aphy.2002.6289,2002,2002
10.1007/bf02487706,2002,1997
10.1016/s0019-0578(00)00014-8,2002,2000
10.1016/s0043-1648(01)00823-7,2002,2001
10.1016/s0092-8674(00)80887-9,2002,2000
10.1016/s0169-4332(01)90582-3,2002,2002
10.1016/s0300-483x(02)00028-8,2002,2002
10.1016/s0300-483x(02)00388-8,2002,2002
10.1016/s0899-9007(02)90845-2,2002,2002
10.1016/s0925-4773(02)00288-5,2002,2002
10.1016/s0925-4773(02)00292-7,2002,2002
10.1016/s0925-4773(02)00294-0,2002,2002
10.1016/s0925-4773(02)00299-x,2002,2002
10.1016/s0925-4773(02)00300-3,2002,2002
10.1016/s0925-4773(02)00302-7,2002,2002
10.1016/s0925-4773(02)00304-0,2002,2002
10.1016/s0925-4773(02)00305-2,2002,2002
10.1016/s0925-4773(02)00306-4,2002,2002
10.1016/s0925-4773(02)00340-4,2002,2002
10.1016/s0925-4773(02)00347-7,2002,2002
10.1016/s0925-4773(02)00348-9,2002,2002
10.1016/s0925-4773(02)00354-4,2002,2002
10.1016/s0925-4773(02)00356-8,2002,2002
10.1016/s0925-4773(02)00380-5,2002,2002
10.1016/s0925-4773(02)00387-8,2002,2002
10.1016/s0925-4773(02)00417-3,2002,2002
10.1016/s0925-4773(02)00418-5,2002,2002
10.1016/s0925-4773(02)00422-7,2002,2002
10.1016/s0925-4773(03)00113-8,2002,2002
10.1016/s0925-5273(02)00107-x,2002,2002
10.1016/s1053-8119(01)92536-4,2002,2001
10.1016/s1053-8119(01)92538-8,2002,2001
10.1016/s1364-6826(01)00115-8,2002,2001
10.1016/s1567-133x(02)00052-2,2002,2002
10.1016/s1567-133x(02)00055-8,2002,2002
10.1016/s1567-133x(02)00058-3,2002,2002
10.1038/35001001,2002,2000
10.1053/ejvx.2000.0005,2002,2001
10.1055/s-2001-17398,2002,2001
10.1056/nejm199810153391601,2002,1998
10.1074/jbc.m103321200,2002,2001
10.1093/emboj/19.15.3956,2002,2000
10.1101/gad.937201,2002,2001
10.1103/physrevb.63.245201,2002,2001
10.1103/physrevb.64.035209,2002,2001
10.1103/physrevlett.86.3843,2002,2001
10.1109/nrc.1998.677994,2002,1998
10.1111/j.1349-7006.2001.tb01122.x,2002,2001
10.1126/science.1058812,2002,2001
10.1126/science.1064773,2002,2001
10.1126/science.283.5400.357,2002,1999
10.1126/science.288.5466.656,2002,2000
10.1126/science.288.5475.2338,2002,2000
10.1126/science.291.5501.100,2002,2001
10.1126/science.291.5501.134,2002,2001
10.1161/01.hyp.35.1.202,2002,2000
10.1177/014616729824800,2002,1998
10.1177/096777200000800209,2002,2000
10.1002/1521-4095(200108)13:16%3c1273::aid-adma1273%3e3.0.co;2-p,2003,2001
10.1002/1521-4095(20020219)14:4%3c323::aid-adma323%3e3.0.co;2-5,2003,2002
10.1007/bf02828181,2003,2002
10.1016/0196-8904(93)90092-o,2003,1993
10.1016/s0006-291x(02)00444-8,2003,2002
10.1016/s0006-3495(03)74953-4,2003,2003
10.1016/s0006-8993(99)01437-7,2003,1999
10.1016/s0008-8749(03)00157-6,2003,2003
10.1016/s0020-7683(02)00582-6,2003,2003
10.1016/s0022-0396(03)00062-7,2003,2003
10.1016/s0048-3575(02)00104-9,2003,2002
10.1016/s0166-6851(02)00303-1,2003,2003
10.1016/s0168-583x(99)00542-x,2003,1999
10.1016/s0921-8777(98)00007-x,2003,1998
10.1023/a:1007189828584,2003,2000
10.1023/a:1025027231938,2003,2003
10.1038/20208,2003,1999
10.1038/35000172,2003,2000
10.1038/35101577,2003,2001
10.1038/35106539,2003,2001
10.1038/nature00948,2003,2002
10.1039/b208572k,2003,2003
10.1046/j.1528-1157.2003.05203.x,2003,2003
10.1056/nejmoa012710,2003,2002
10.1063/1.1400097,2003,2001
10.1073/pnas.91.24.11743,2003,1994
10.1086/376438,2003,2003
10.1088/0022-3727/36/1/302,2003,2002
10.1103/physreve.61.880,2003,2000
10.1109/fuzz.2003.1206609,2003,2003
10.1109/ictel.2003.1191486,2003,2003
10.1109/tc.2003.1214335,2003,2003
10.1126/science.1064204,2003,2001
10.1126/science.1070563,2003,2002
10.1126/science.1074501,2003,2002
10.1126/science.281.5379.1009,2003,1998
10.1128/jb.183.6.1983-1989.2001,2003,2001
10.1172/jci114186,2003,1989
10.1172/jci116914,2003,1993
10.1172/jci17321,2003,2003
10.1186/1476-4598-2-2,2003,2003
10.3923/pjbs.2003.1548.1552,2003,2003
10.7326/0003-4819-123-9-199511010-00005,2003,1995
10.1002/1521-396x(200207)192:1%3c212::aid-pssa212%3e3.0.co;2-b,2004,2002
10.1002/glia.10344,2004,2004
10.1002/pssa.200306153,2004,2003
10.1006/bbrc.2001.5190,2004,2001
10.1007/bf03342546,2004,2004
10.1016/j.amjmed.2004.05.019,2004,2004
10.1016/j.applthermaleng.2003.08.017,2004,2003
10.1016/j.ejphar.2004.02.002,2004,2003
10.1016/j.fct.2003.09.009,2004,2003
10.1016/j.ijom.2003.09.015,2004,2004
10.1016/j.jmatprotec.2004.04.356,2004,2004
10.1016/j.jmva.2004.10.006,2004,2004
10.1016/s0006-3223(02)01912-1,2004,2003
10.1016/s0010-7824(98)00122-x,2004,1998
10.1016/s0013-9351(02)00084-1,2004,2003
10.1016/s0014-2999(02)02420-2,2004,2002
10.1016/s0016-5085(03)83760-5,2004,2003
10.1016/s0016-5085(03)83878-7,2004,2003
10.1016/s0016-5085(03)83922-7,2004,2003
10.1016/s0016-5085(03)83929-x,2004,2003
10.1016/s0016-5085(03)83937-9,2004,2003
10.1016/s0016-5085(03)83946-x,2004,2003
10.1016/s0022-4804(03)00285-3,2004,2004
10.1016/s0092-8674(03)00200-9,2004,2003
10.1016/s0140-1963(03)00003-x,2004,2003
10.1016/s0734-9750(02)00096-4,2004,2003
10.1023/a:1018999919169,2004,2000
10.1038/sj.onc.1207786,2004,2003
10.1039/b308034j,2004,2003
10.1046/j.1440-1681.2002.03780.x,2004,2002
10.1073/pnas.0402344101,2004,2004
10.1073/pnas.2637011100,2004,2004
10.1074/jbc.m106610200,2004,2001
10.1080/10575630108041293,2004,2001
10.1093/carcin/bgh127,2004,2003
10.1093/carcin/bgh141,2004,2004
10.1093/ije/dyh094,2004,2004
10.1095/biolreprod.104.030718,2004,2004
10.1109/cicc.2004.1358760,2004,2004
10.1109/esscir.2004.1356693,2004,2004
10.1109/isscc.2004.1332736,2004,2004
10.1109/jmems.2004.828734,2004,2004
10.1109/telsks.2003.1246305,2004,2003
10.1109/vlsic.2004.1346630,2004,2004
10.1109/vlsic.2004.1346631,2004,2004
10.1111/j.1549-0831.1999.tb00004.x,2004,1999
10.1111/j.1550-7408.2003.tb00635.x,2004,2003
10.1111/j.1741-6892.2004.00468.x,2004,2004
10.1126/science.1096750,2004,2004
10.1136/gut.52.3.363,2004,2003
10.1182/blood-2002-04-1255,2004,2003
10.1210/me.2002-0330,2004,2003
10.1248/bpb.26.1517,2004,2003
10.1345/aph.1c086,2004,2003
10.1385/endo:22:3:193,2004,2003
10.1515/9783110914825-003,2004,2004
10.1515/9783110914825-toc,2004,2004
10.1515/9783486781687-030,2004,2004
10.1515/9783486781687-031,2004,2004
10.1001/jama.289.12.1533,2005,2003
10.1002/mana.200310289,2005,2005
10.1006/bbrc.1997.7931,2005,1998
10.1007/11008941_18,2005,2005
10.1007/11596370_7,2005,2005
10.1007/s00605-003-0035-4,2005,2003
10.1007/s10350-003-0067-9,2005,2004
10.1016/0026-0495(92)90118-t,2005,1992
10.1016/j.annemergmed.2004.09.036,2005,2005
10.1016/j.diabres.2003.10.029,2005,2004
10.1016/j.irle.2005.05.001,2005,2005
10.1016/j.jfoodeng.2005.05.060,2005,2005
10.1016/j.jsc.2003.06.002,2005,2003
10.1016/j.prosdent.2004.03.002,2005,2004
10.1016/j.spl.2004.12.014,2005,2005
10.1016/s0736-5748(03)00070-4,2005,2003
10.1016/s0899-9007(01)00610-4,2005,2001
10.1016/s0957-4166(03)00584-6,2005,2003
10.1021/bp025791i,2005,2003
10.1038/nature02715,2005,2004
10.1038/nature03828,2005,2005
10.1038/sj.cr.7290376,2005,2005
10.1038/sj.onc.1206311,2005,2002
10.1038/sj.onc.1208866,2005,2005
10.1042/bj1870261,2005,1980
10.1042/bj1990069,2005,1981
10.1046/j.1365-2362.1997.1160662.x,2005,1997
10.1046/j.1524-4741.2002.08405.x,2005,2002
10.1063/1.1641184,2005,2004
10.1063/1.1855387,2005,2005
10.1063/1.1896510,2005,2005
10.1063/1.1896513,2005,2005
10.1073/pnas.0400460101,2005,2004
10.1073/pnas.96.6.2937,2005,1999
10.1083/jcb.146.4.791,2005,1999
10.1095/biolreprod.105.046870,2005,2005
10.1097/01.aog.0000142738.68439.9e,2005,2004
10.1097/01.jsm.0000157652.47572.56,2005,2005
10.1097/01.tp.0000122221.28546.6d,2005,2004
10.1103/physrevb.68.134406,2005,2003
10.1109/camp.2005.45,2005,2005
10.1109/jssc.2004.838004,2005,2005
10.1109/rfic.2005.1489827,2005,2005
10.1109/vlsic.2005.1469367,2005,2005
10.1109/vlsic.2005.1469378,2005,2005
10.1111/j.1349-7006.2004.tb03322.x,2005,2004
10.1126/science.1098225,2005,2004
10.1126/science.1100582,2005,2005
10.1128/cdli.6.2.254-259.1999,2005,1999
10.1128/iai.69.8.5107-5114.2001,2005,2001
10.1128/jvi.77.24.13248-13256.2003,2005,2003
10.1136/bmj.331.7512.356,2005,2005
10.1143/jpsj.73.1651,2005,2004
10.1152/jappl.1994.76.6.2281,2005,1994
10.1158/0008-5472.can-03-2556,2005,2004
10.1158/0008-5472.can-04-0552,2005,2004
10.1212/wnl.59.5.724,2005,2002
10.1216/rmjm/1181069735,2005,2005
10.1524/9783486834062.xii,2005,2005
10.1524/9783486834062.xiii,2005,2005
10.1890/03-0488,2005,2004
10.2117/psysoc.2004.158,2005,2004
10.2337/diabetes.54.1.152,2005,2005
10.4049/jimmunol.170.3.1566,2005,2003
10.1001/archinte.165.18.2142,2006,2005
10.1002/14651858.cd002285,2006,2000
10.1002/art.10305,2006,2002
10.1002/bjs.4775,2006,2004
10.1002/hyp.5790,2006,2005
10.1002/pi.2076,2006,2006
10.1002/pssb.200540069,2006,2005
10.1007/11841760_18,2006,2006
10.1007/bf02829223,2006,2006
10.1007/bf02973885,2006,2005
10.1016/j.ajog.2004.03.087,2006,2004
10.1016/j.apsusc.2006.03.013,2006,2006
10.1016/j.avb.2005.08.004,2006,2005
10.1016/j.bbrc.2006.06.142,2006,2006
10.1016/j.ctnm.2004.09.002,2006,2005
10.1016/j.febslet.2005.12.094,2006,2006
10.1016/j.freeradbiomed.2006.09.021,2006,2006
10.1016/j.giec.2006.03.005,2006,2006
10.1016/j.jconhyd.2005.05.014,2006,2005
10.1016/j.jhin.2005.10.007,2006,2006
10.1016/j.jtcvs.2005.10.003,2006,2006
10.1016/j.jvs.2004.08.055,2006,2004
10.1016/j.lfs.2005.05.045,2006,2005
10.1016/j.nucengdes.2006.03.043,2006,2006
10.1016/j.oraloncology.2005.05.003,2006,2005
10.1016/j.porgcoat.2006.02.001,2006,2006
10.1016/j.procbio.2005.07.017,2006,2005
10.1016/j.saa.2005.04.013,2006,2005
10.1016/j.tetasy.2005.01.011,2006,2005
10.1016/s0043-1354(01)00355-4,2006,2002
10.1016/s0140-6736(05)67488-0,2006,2005
10.1016/s0899-7071(03)00150-5,2006,2004
10.1021/ja027891q,2006,2002
10.1021/ja034848+,2006,2003
10.1021/ja036157j,2006,2003
10.1038/35013144,2006,2000
10.1038/emm.2006.8,2006,2006
10.1038/nature00913,2006,2002
10.1038/nbt0402-376,2006,2002
10.1038/nm1424,2006,2006
10.1038/sj.gt.3301831,2006,2002
10.1051/rnd:2006004,2006,2006
10.1056/nejmoa033374,2006,2004
10.1063/1.1456034,2006,2002
10.1063/1.1927272,2006,2005
10.1073/pnas.0507024103,2006,2006
10.1074/jbc.270.37.21998,2006,1995
10.1074/jbc.m405712200,2006,2004
10.1080/00207160512331331084,2006,2005
10.1080/01443610410001645442,2006,2004
10.1080/01969720490499281,2006,2004
10.1080/02757540500290222,2006,2005
10.1080/02772240500414911,2006,2006
10.1080/10618560008940722,2006,2000
10.1088/0963-0252/15/4/014,2006,2006
10.1089/105072502320288429,2006,2002
10.1089/jir.2006.26.414,2006,2006
10.1093/humrep/dei487,2006,2006
10.1093/nar/gkl657,2006,2006
10.1095/biolreprod.105.043331,2006,2006
10.1095/biolreprod.106.051946,2006,2006
10.1097/01.mpa.0000148509.03047.79,2006,2005
10.1101/gr.4258005,2006,2005
10.1103/physrevb.71.235313,2006,2005
10.1108/03074350610676732,2006,2006
10.1109/ccnc.2005.1405245,2006,2005
10.1109/icdt.2006.80,2006,2006
10.1109/rfic.2006.1651161,2006,2006
10.1111/1467-9922.00219,2006,2003
10.1111/j.1151-2916.2002.tb00248.x,2006,2002
10.1111/j.1365-3148.2006.00666.x,2006,2006
10.1111/j.1440-1827.2006.01947.x,2006,2006
10.1111/j.1442-2042.2005.01111.x,2006,2005
10.1111/j.1464-5491.2004.01194.x,2006,2004
10.1111/j.1468-2478.2005.00373.x,2006,2005
10.1124/mol.66.1.153,2006,2004
10.1126/science.1112286,2006,2005
10.1128/jb.188.5.1969-1978.2006,2006,2006
10.1128/jvi.80.5.2291-2308.2006,2006,2006
10.1128/mcb.23.12.4283-4294.2003,2006,2003
10.1507/endocrj.53.133,2006,2006
10.1634/stemcells.22-6-950,2006,2004
10.2116/analsci.22.803,2006,2005
10.2116/bunsekikagaku.52.1187,2006,2003
10.2135/cropsci2005.04-0036,2006,2005
10.2298/eka0669166m,2006,2006
10.2337/diabetes.51.9.2817,2006,2002
10.3164/jcbn.38.77,2006,2006
10.3346/jkms.2005.20.5.877,2006,2005
10.3923/jas.2006.1818.1821,2006,2006
10.4040/jkan.2006.36.1.15,2006,2006
10.4049/jimmunol.167.4.2331,2006,2001
10.5414/cnp65153,2006,2006
10.7326/0003-4819-144-9-200605020-00009,2006,2006
10.7498/aps.55.791,2006,2006
10.1002/anie.200700170,2007,2007
10.1002/aoc.1299,2007,2007
10.1002/bmc.866,2007,2007
10.1002/em.20185,2007,2005
10.1002/hfm.20091,2007,2007
10.1002/jgm.983,2007,2006
10.1002/jps.20868,2007,2007
10.1002/jso.20742,2007,2007
10.1002/mds.21181,2007,2006
10.1002/pds.1434,2007,2007
10.1002/pssb.200743055,2007,2007
10.1007/11523468_114,2007,2005
10.1007/s10103-007-0499-x,2007,2007
10.1007/s10661-006-9544-7,2007,2007
10.1007/s10661-007-9663-9,2007,2007
10.1007/s10661-007-9837-5,2007,2007
10.1007/s10867-006-9032-x,2007,2006
10.1007/s10895-006-0132-6,2007,2006
10.1007/s11427-005-0014-1,2007,2006
10.1016/j.amc.2007.03.043,2007,2007
10.1016/j.apsusc.2006.07.048,2007,2006
10.1016/j.apsusc.2006.10.032,2007,2006
10.1016/j.athoracsur.2006.05.080,2007,2006
10.1016/j.athoracsur.2006.11.072,2007,2007
10.1016/j.bbamcr.2006.11.012,2007,2006
10.1016/j.biopsych.2005.08.011,2007,2005
10.1016/j.bmcl.2007.05.082,2007,2007
10.1016/j.bpobgyn.2004.11.002,2007,2005
10.1016/j.catcom.2006.08.008,2007,2006
10.1016/j.cell.2005.11.024,2007,2006
10.1016/j.compscitech.2005.09.008,2007,2005
10.1016/j.cplett.2007.06.114,2007,2007
10.1016/j.cub.2004.02.003,2007,2004
10.1016/j.diabres.2007.01.069,2007,2007
10.1016/j.enpol.2006.10.013,2007,2007
10.1016/j.epsl.2007.07.046,2007,2007
10.1016/j.expthermflusci.2005.01.001,2007,2005
10.1016/j.ijpe.2006.07.001,2007,2006
10.1016/j.ijporl.2006.10.023,2007,2007
10.1016/j.jallcom.2006.08.073,2007,2006
10.1016/j.jcis.2006.07.027,2007,2006
10.1016/j.joms.2003.08.029,2007,2004
10.1016/j.jpolmod.2006.04.007,2007,2007
10.1016/j.jtcvs.2005.02.047,2007,2005
10.1016/j.neuron.2006.03.038,2007,2006
10.1016/j.orgel.2005.03.010,2007,2005
10.1016/j.profnurs.2006.06.002,2007,2006
10.1016/j.snb.2007.02.046,2007,2007
10.1016/j.spl.2007.05.014,2007,2007
10.1016/j.spl.2007.10.005,2007,2007
10.1016/j.tet.2006.03.096,2007,2006
10.1016/j.tox.2006.10.013,2007,2006
10.1016/j.virol.2005.11.020,2007,2006
10.1016/s0023-9690(03)00012-2,2007,2003
10.1016/s1368-8375(00)00126-3,2007,2001
10.1021/la052897p,2007,2006
10.1038/ncb950,2007,2003
10.1038/ncb955,2007,2003
10.1038/sj.cr.7310005,2007,2006
10.1038/sj.emboj.7600343,2007,2004
10.1038/sj.embor.7400551,2007,2006
10.1038/sj.gt.3302808,2007,2006
10.1038/sj.ijir.3901350,2007,2005
10.1038/sj.pcan.4500919,2007,2006
10.1039/b604684c,2007,2006
10.1042/bj20050548,2007,2005
10.1056/nejmc063094,2007,2007
10.1073/pnas.0400137101,2007,2004
10.1073/pnas.0606127103,2007,2006
10.1074/jbc.m212991200,2007,2003
10.1080/00207160212117,2007,2002
10.1080/02678290601111556,2007,2007
10.1080/10643380600620353,2007,2006
10.1080/13803390409609787,2007,2004
10.1088/0305-4470/39/4/017,2007,2006
10.1093/carcin/bgl136,2007,2006
10.1093/hmg/ddl446,2007,2006
10.1102/1470-7330.2006.9018,2007,2006
10.1103/physrevb.65.134103,2007,2002
10.1107/s1600536806039894,2007,2006
10.1109/ares.2007.70,2007,2007
10.1109/bipol.2006.311164,2007,2006
10.1109/bipol.2006.311171,2007,2006
10.1109/bipol.2006.311173,2007,2006
10.1109/ccece.2007.335,2007,2007
10.1109/cicc.2006.320876,2007,2006
10.1109/icbbe.2007.101,2007,2007
10.1109/icbbe.2007.14,2007,2007
10.1109/icbbe.2007.146,2007,2007
10.1109/icbbe.2007.156,2007,2007
10.1109/icbbe.2007.176,2007,2007
10.1109/icbbe.2007.301,2007,2007
10.1109/icbbe.2007.330,2007,2007
10.1109/icbbe.2007.42,2007,2007
10.1109/icbbe.2007.77,2007,2007
10.1109/jssc.2007.900764,2007,2007
10.1109/jssc.2007.907171,2007,2007
10.1109/rws.2007.351736,2007,2007
10.1109/rws.2007.351759,2007,2007
10.1109/rws.2007.351859,2007,2007
10.1109/vlsic.2007.4342720,2007,2007
10.1109/vlsic.2007.4342722,2007,2007
10.1109/wicom.2007.1029,2007,2007
10.1109/wicom.2007.1035,2007,2007
10.1109/wicom.2007.1041,2007,2007
10.1109/wicom.2007.1051,2007,2007
10.1109/wicom.2007.1063,2007,2007
10.1109/wicom.2007.1093,2007,2007
10.1109/wicom.2007.1096,2007,2007
10.1109/wicom.2007.1111,2007,2007
10.1109/wicom.2007.1168,2007,2007
10.1109/wicom.2007.1196,2007,2007
10.1109/wicom.2007.1440,2007,2007
10.1109/wicom.2007.1484,2007,2007
10.1109/wicom.2007.1605,2007,2007
10.1109/wicom.2007.1611,2007,2007
10.1109/wicom.2007.1643,2007,2007
10.1109/wicom.2007.793,2007,2007
10.1109/wicom.2007.818,2007,2007
10.1109/wicom.2007.832,2007,2007
10.1109/wicom.2007.970,2007,2007
10.1109/wicom.2007.980,2007,2007
10.1109/wicom.2007.990,2007,2007
10.1111/j.1399-3054.2007.00908.x,2007,2007
10.1111/j.1467-9566.2007.00543.x,2007,2007
10.1111/j.1744-313x.2006.00595.x,2007,2006
10.1111/j.1745-7254.2007.00492.x,2007,2007
10.1126/science.1117768,2007,2005
10.1126/science.1120925,2007,2006
10.1128/jcm.01696-06,2007,2007
10.1136/bjsm.2006.029504,2007,2006
10.1136/emj.2006.043307,2007,2007
10.1142/s0217984907012876,2007,2007
10.1142/s0218339006001982,2007,2006
10.1152/ajpendo.00702.2006,2007,2007
10.1152/ajpheart.00146.2007,2007,2007
10.1152/jn.2000.83.6.3299,2007,2000
10.1155/2006/407609,2007,2006
10.1159/000094409,2007,2006
10.1186/1743-422x-4-92,2007,2007
10.1212/01.wnl.0000096940.92986.02,2007,2003
10.1254/jphs.fp0050687,2007,2005
10.1257/000282802762024656,2007,2002
10.12968/bjon.2007.16.1.22713,2007,2006
10.1385/ir:26:1-3:143,2007,2002
10.1515/9783110937381.5,2007,2007
10.1515/9783110976618.5,2007,2007
10.1542/peds.2006-3030,2007,2007
10.1557/jmr.2007.0087,2007,2007
10.2174/156802606776743165,2007,2006
10.2214/ajr.05.0819,2007,2006
10.2353/ajpath.2006.050801,2007,2006
10.3121/cmr.2.4.233,2007,2004
10.3348/kjr.2002.3.3.180,2007,2002
10.3390/12030673,2007,2007
10.3923/pjbs.2007.3390.3394,2007,2007
10.4143/crt.2004.36.4.255,2007,2004
10.1001/archpsyc.64.12.1402,2008,2007
10.1002/ajh.20284,2008,2005
10.1002/art.22387,2008,2007
10.1002/bit.21545,2008,2007
10.1002/ca.20148,2008,2005
10.1002/ddr.20087,2008,2006
10.1002/jgm.1282,2008,2008
10.1002/jls.20058,2008,2008
10.1002/jobm.200800097,2008,2008
10.1002/pfi.189,2008,2008
10.1002/pmic.200700695,2008,2008
10.1002/ptr.874,2008,2001
10.1007/978-0-387-79112-8_20,2008,2008
10.1007/978-3-211-75718-5_28,2008,2008
10.1007/bf02703919,2008,2006
10.1007/s00299-007-0460-2,2008,2007
10.1007/s10310-006-0225-8,2008,2006
10.1007/s11069-007-9148-8,2008,2007
10.1007/s11427-007-0065-6,2008,2006
10.1007/s11427-007-0101-6,2008,2007
10.1007/s11596-008-0127-4,2008,2007
10.1016/b978-159749197-6.50010-9,2008,2008
10.1016/b978-159749197-6.50011-0,2008,2008
10.1016/b978-159749197-6.50012-2,2008,2008
10.1016/j.ab.2005.01.013,2008,2005
10.1016/j.ajic.2007.04.281,2008,2008
10.1016/j.arcmed.2004.10.004,2008,2004
10.1016/j.berh.2004.04.005,2008,2004
10.1016/j.biortech.2007.01.031,2008,2004
10.1016/j.bpc.2008.02.006,2008,2008
10.1016/j.cell.2008.01.051,2008,2008
10.1016/j.chemosphere.2005.05.034,2008,2006
10.1016/j.colsurfa.2006.05.003,2008,2006
10.1016/j.colsurfa.2006.09.041,2008,2007
10.1016/j.ejmech.2006.11.017,2008,2007
10.1016/j.jce.2008.01.003,2008,2008
10.1016/j.jep.2005.01.027,2008,2005
10.1016/j.jep.2005.04.032,2008,2005
10.1016/j.jep.2008.03.006,2008,2008
10.1016/j.jhazmat.2005.01.004,2008,2005
10.1016/j.jhazmat.2005.08.036,2008,2005
10.1016/j.jhazmat.2006.06.061,2008,2007
10.1016/j.jhazmat.2006.10.001,2008,2006
10.1016/j.jhazmat.2006.10.002,2008,2006
10.1016/j.jhazmat.2006.11.059,2008,2007
10.1016/j.jhazmat.2006.11.060,2008,2007
10.1016/j.jmb.2006.12.002,2008,2006
10.1016/j.laa.2007.08.006,2008,2007
10.1016/j.medengphy.2007.06.007,2008,2007
10.1016/j.molcata.2007.12.010,2008,2007
10.1016/j.neuropharm.2008.08.030,2008,2008
10.1016/j.phrs.2004.06.006,2008,2004
10.1016/j.physleta.2008.07.090,2008,2008
10.1016/j.str.2008.04.010,2008,2008
10.1016/j.talanta.2005.05.020,2008,2006
10.1016/j.talanta.2006.04.037,2008,2007
10.1016/j.talanta.2006.10.003,2008,2007
10.1016/j.thorsurg.2007.10.004,2008,2008
10.1016/j.tripleo.2006.09.010,2008,2007
10.1016/j.ygyno.2007.02.027,2008,2007
10.1016/s0039-9140(03)00007-9,2008,2003
10.1016/s0079-8169(08)62509-x,2008,1987
10.1016/s0895-7061(03)00976-2,2008,2003
10.1016/s1015-9584(09)60112-3,2008,2006
10.1016/s1672-6529(08)60031-1,2008,2008
10.1021/bp0704539,2008,2008
10.1021/jo7022685,2008,2007
10.1034/j.1600-065x.2001.1830118.x,2008,2001
10.1037/0096-1523.32.6.1405,2008,2006
10.1038/35102506,2008,2001
10.1038/jid.2008.140,2008,2008
10.1038/nchembio800,2008,2006
10.1039/b604801c,2008,2006
10.1042/cs20040236,2008,2005
10.1056/nejmc062898,2008,2007
10.1056/nejmc0801352,2008,2008
10.1073/pnas.0403155101,2008,2004
10.1074/jbc.m406397200,2008,2004
10.1074/jbc.m601645200,2008,2006
10.1074/jbc.m603482200,2008,2006
10.1074/jbc.m610956200,2008,2007
10.1074/jbc.m801464200,2008,2008
10.1080/00032710701380814,2008,2007
10.1080/10426500801901194,2008,2008
10.1080/10611860500471906,2008,2005
10.1080/10910340802067130,2008,2008
10.1080/15376510701533921,2008,2008
10.1088/0957-0233/12/11/303,2008,2001
10.1088/0957-4484/18/49/495606,2008,2007
10.1089/088282402317340341,2008,2004
10.1089/vim.2008.0013,2008,2008
10.1093/arclin/18.5.473,2008,2003
10.1093/nass/nrn048,2008,2008
10.1096/fj.05-4879fje,2008,2006
10.1096/fj.07-101212,2008,2008
10.1097/00006231-200210000-00010,2008,2002
10.1097/00007890-199805150-00003,2008,1998
10.1097/01.prs.0000299911.54966.13,2008,2008
10.1097/aud.0b013e3181576c9c,2008,2007
10.1103/physrevd.71.103503,2008,2005
10.1107/s0108270107001977,2008,2007
10.1107/s1600536807020880,2008,2007
10.1107/s1600536807021174,2008,2007
10.1109/ams.2008.157,2008,2008
10.1109/ares.2008.173,2008,2008
10.1109/aswec.2008.4483193,2008,2008
10.1109/cmd.2008.4580379,2008,2008
10.1109/gcc.2008.106,2008,2008
10.1109/icalip.2008.4589998,2008,2008
10.1109/icbbe.2008.563,2008,2008
10.1109/iccima.2007.346,2008,2007
10.1109/icct.2008.4716103,2008,2008
10.1109/icct.2008.4716127,2008,2008
10.1109/icct.2008.4716143,2008,2008
10.1109/icct.2008.4716144,2008,2008
10.1109/icct.2008.4716206,2008,2008
10.1109/icct.2008.4716240,2008,2008
10.1109/icct.2008.4716262,2008,2008
10.1109/icct.2008.4716269,2008,2008
10.1109/icct.2008.4716280,2008,2008
10.1109/icetet.2008.76,2008,2008
10.1109/icimw.2008.4665781,2008,2008
10.1109/iciw.2008.121,2008,2008
10.1109/icmit.2008.4654519,2008,2008
10.1109/icmlc.2008.4620421,2008,2008
10.1109/icmlc.2008.4620459,2008,2008
10.1109/icmlc.2008.4620496,2008,2008
10.1109/icmlc.2008.4621058,2008,2008
10.1109/icmlc.2008.4621090,2008,2008
10.1109/icnc.2008.312,2008,2008
10.1109/milcom.2007.4455057,2008,2007
10.1109/rws.2008.4463426,2008,2008
10.1109/rws.2008.4463509,2008,2008
10.1109/rws.2008.4463610,2008,2008
10.1109/smic.2008.7,2008,2008
10.1109/smic.2008.8,2008,2008
10.1109/wicom.2008.1138,2008,2008
10.1109/wicom.2008.1171,2008,2008
10.1109/wicom.2008.1566,2008,2008
10.1109/wicom.2008.1694,2008,2008
10.1109/wicom.2008.1701,2008,2008
10.1109/wicom.2008.1709,2008,2008
10.1109/wicom.2008.1852,2008,2008
10.1109/wicom.2008.1954,2008,2008
10.1109/wicom.2008.1976,2008,2008
10.1109/wicom.2008.2024,2008,2008
10.1109/wicom.2008.2053,2008,2008
10.1109/wicom.2008.2118,2008,2008
10.1109/wicom.2008.2250,2008,2008
10.1109/wicom.2008.2298,2008,2008
10.1109/wicom.2008.2311,2008,2008
10.1109/wicom.2008.2343,2008,2008
10.1109/wicom.2008.2351,2008,2008
10.1109/wicom.2008.2358,2008,2008
10.1109/wicom.2008.2380,2008,2008
10.1109/wicom.2008.2457,2008,2008
10.1109/wicom.2008.2915,2008,2008
10.1109/wicom.2008.2964,2008,2008
10.1109/wicom.2008.2967,2008,2008
10.1109/wicom.2008.3042,2008,2008
10.1111/j.1349-7006.2008.00797.x,2008,2008
10.1111/j.1365-2036.2007.03513.x,2008,2007
10.1111/j.1365-2036.2008.03602.x,2008,2008
10.1111/j.1365-2036.2008.03636.x,2008,2008
10.1111/j.1365-2249.2007.03347.x,2008,2007
10.1111/j.1442-200x.2004.01972.x,2008,2004
10.1111/j.1442-2050.2007.00803.x,2008,2007
10.1111/j.1460-9592.2008.02767.x,2008,2008
10.1111/j.1462-2920.2006.01136.x,2008,2006
10.1111/j.1475-3588.2006.00428.x,2008,2006
10.1111/j.1567-1364.2007.00344.x,2008,2008
10.1111/j.1600-0404.2005.00526.x,2008,2006
10.1111/j.1743-6109.2007.00609.x,2008,2007
10.1111/j.1744-7909.2007.00601.x,2008,2007
10.1128/iai.72.4.2280-2287.2004,2008,2004
10.1128/mcb.00315-06,2008,2006
10.1136/ard.2007.083436,2008,2008
10.1136/bjo.2007.131813,2008,2008
10.1136/gut.2007.131359,2008,2008
10.1143/jjap.46.l7,2008,2006
10.1159/000099177,2008,2007
10.1161/atvbaha.108.168955,2008,2008
10.1165/rcmb.2003-0340oc,2008,2004
10.1165/rcmb.2005-0236oc,2008,2005
10.1177/0891988707311043,2008,2008
10.1182/blood-2003-12-4274,2008,2004
10.1182/blood-2006-04-015206,2008,2006
10.1186/1471-2342-7-1,2008,2007
10.1210/en.2005-0510,2008,2005
10.1210/me.2005-0285,2008,2006
10.1210/me.2006-0224,2008,2006
10.1210/me.2006-0228,2008,2007
10.1215/1089201x-25-2-481,2008,2005
10.1378/chest.129.2.407,2008,2006
10.1515/9783598441066.319,2008,2008
10.1515/9783598441066.4,2008,2008
10.1515/9783598441066.toc,2008,2008
10.1515/9783598441240.189,2008,2008
10.1530/eje-08-0271,2008,2008
10.1902/jop.2008.070286,2008,2008
10.2116/analsci.23.1071,2008,2007
10.2169/internalmedicine.43.977,2008,2005
10.2310/6650.2007.00027,2008,2007
10.2478/s11532-007-0064-2,2008,2008
10.3324/haematol.12123,2008,2008
10.4049/jimmunol.178.9.5888,2008,2007
10.4067/s0718-33052008000400013,2008,2008
10.4161/cbt.7.3.5365,2008,2007
10.1001/jama.299.14.1669,2009,2008
10.1002/14651858.cd001268.pub2,2009,2005
10.1002/14651858.cd001729,2009,2003
10.1002/14651858.cd002093,2009,2000
10.1002/14651858.cd003471,2009,2001
10.1002/14651858.cd003471.pub3,2009,2006
10.1002/14651858.cd003643.pub2,2009,2009
10.1002/14651858.cd003694,2009,2002
10.1002/14651858.cd003791,2009,2002
10.1002/14651858.cd003791.pub2,2009,2009
10.1002/14651858.cd005176,2009,2005
10.1002/ajhb.20757,2009,2008
10.1002/app.31243,2009,2009
10.1002/clc.20541,2009,2009
10.1002/ijc.24299,2009,2009
10.1002/jctb.2202,2009,2009
10.1002/jrs.2222,2009,2009
10.1002/jts.20388,2009,2009
10.1002/lary.20004,2009,2008
10.1002/lary.20015,2009,2008
10.1002/lary.20573,2009,2009
10.1002/oti.245,2009,2008
10.1002/ppul.1056,2009,2001
10.1002/ptr.2157,2009,2007
10.1002/ptr.2835,2009,2009
10.1002/rmv.603,2009,2008
10.1002/sia.2908,2009,2008
10.1007/978-3-642-02342-2_11,2009,2009
10.1007/978-3-642-05036-7_41,2009,2009
10.1007/bf02742511,2009,1996
10.1007/bf02823929,2009,2006
10.1007/s00266-006-0062-3,2009,2006
10.1007/s00266-007-9108-4,2009,2008
10.1007/s00299-009-0732-0,2009,2009
10.1007/s00595-005-3056-x,2009,2005
10.1007/s10067-009-1167-2,2009,2009
10.1007/s10143-007-0077-5,2009,2007
10.1007/s10265-005-0250-2,2009,2006
10.1007/s11012-008-9189-4,2009,2009
10.1007/s11064-008-9893-4,2009,2008
10.1007/s11581-008-0309-x,2009,2009
10.1007/s11816-009-0089-4,2009,2009
10.1007/s12015-008-9049-6,2009,2009
10.1007/s12206-008-0606-3,2009,2008
10.1007/s12253-008-9086-0,2009,2008
10.1007/s12264-009-1027-8,2009,2009
10.1007/s12600-009-0033-8,2009,2009
10.1007/s12603-009-0166-y,2009,2009
10.1016/j.acpain.2005.05.002,2009,2005
10.1016/j.apm.2004.09.014,2009,2004
10.1016/j.bbrc.2005.12.154,2009,2006
10.1016/j.bbrc.2006.12.051,2009,2007
10.1016/j.bcmd.2007.05.009,2009,2007
10.1016/j.biortech.2005.10.045,2009,2007
10.1016/j.bmcl.2007.01.031,2009,2007
10.1016/j.cam.2009.07.023,2009,2009
10.1016/j.cap.2008.03.014,2009,2008
10.1016/j.cognition.2006.04.010,2009,2006
10.1016/j.cognition.2007.05.014,2009,2007
10.1016/j.compgeo.2008.03.004,2009,2009
10.1016/j.compmedimag.2008.07.002,2009,2008
10.1016/j.cub.2007.05.034,2009,2007
10.1016/j.ecolecon.2009.03.006,2009,2009
10.1016/j.ejcts.2008.09.017,2009,2008
10.1016/j.ejso.2006.10.006,2009,2007
10.1016/j.entcs.2004.06.063,2009,2005
10.1016/j.fct.2009.06.027,2009,2009
10.1016/j.irle.2009.06.003,2009,2009
10.1016/j.jamcollsurg.2009.06.156,2009,2009
10.1016/j.jcis.2007.06.064,2009,2007
10.1016/j.jcrysgro.2004.09.042,2009,2004
10.1016/j.jpainsymman.2003.06.004,2009,2004
10.1016/j.msea.2005.06.078,2009,2005
10.1016/j.neuroscience.2007.03.013,2009,2007
10.1016/j.nima.2009.01.220,2009,2009
10.1016/j.nimb.2007.10.014,2009,2007
10.1016/j.pnpbp.2009.12.013,2009,2009
10.1016/j.porgcoat.2008.12.005,2009,2009
10.1016/j.semcdb.2007.06.005,2009,2008
10.1016/j.sleep.2007.02.002,2009,2007
10.1016/j.talanta.2004.11.021,2009,2004
10.1016/j.tetlet.2008.09.059,2009,2008
10.1016/j.ultsonch.2009.12.011,2009,2009
10.1016/s0966-3274(03)00054-6,2009,2003
10.1016/s1074-7613(00)80150-8,2009,1999
10.1016/s1074-7613(00)80478-1,2009,1998
10.1021/ac800406f,2009,2008
10.1021/ja904224y,2009,2009
10.1021/jf021166h,2009,2003
10.1021/jf901458p,2009,2009
10.1021/jo802452q,2009,2009
10.1021/jo9017556,2009,2009
10.1023/a:1022377001084,2009,1998
10.1023/a:1027386724444,2009,1997
10.1038/35044106,2009,2000
10.1038/ncpneph0967,2009,2008
10.1038/ng1121,2009,2003
10.1038/sj.bjp.0705780,2009,2004
10.1055/s-0029-1214408,2009,2008
10.1055/s-2008-1038972,2009,2008
10.1063/1.3168612,2009,2009
10.1063/1.3170140,2009,2009
10.1063/1.480830,2009,2000
10.1073/pnas.0501997102,2009,2005
10.1073/pnas.0805837105,2009,2008
10.1073/pnas.0902168106,2009,2009
10.1073/pnas.0908521106,2009,2009
10.1073/pnas.192569699,2009,2002
10.1073/pnas.96.17.9879,2009,1999
10.1074/jbc.m611728200,2009,2007
10.1074/jbc.m702039200,2009,2007
10.1080/00958970802702247,2009,2009
10.1080/01932690600859374,2009,2006
10.1080/026992099299040,2009,1999
10.1080/03055690802288536,2009,2009
10.1080/03091900902952675,2009,2009
10.1080/10402659908426312,2009,1999
10.1080/10428190802090151,2009,2008
10.1080/10611860903244207,2009,2009
10.1080/14647270600830672,2009,2007
10.1080/14647270600930332,2009,2007
10.1080/14786410500078276,2009,2006
10.1080/14786410500081494,2009,2006
10.1080/14786410600825907,2009,2007
10.1080/15421400802619313,2009,2009
10.1080/16742834.2009.11446809,2009,2009
10.1080/17441690801950543,2009,2009
10.1080/17483100701475962,2009,2009
10.1084/jem.186.7.1119,2009,1997
10.1088/0268-1242/23/9/095005,2009,2008
10.1089/acm.2007.0734,2009,2008
10.1089/scd.2009.0063,2009,2009
10.1093/nar/gkp447,2009,2009
10.1093/ps/85.12.2124,2009,2006
10.1093/schbul/30-4-1063,2009,2004
10.1096/fj.05-3993fje,2009,2005
10.1096/fj.08-119529,2009,2009
10.1096/fj.09-142067,2009,2009
10.1097/icl.0b013e318159aff6,2009,2008
10.1104/pp.011019,2009,2002
10.1107/s1600536806041122,2009,2006
10.1107/s1600536806053232,2009,2007
10.1107/s1600536806053530,2009,2007
10.1107/s1600536807001171,2009,2007
10.1107/s160053680700791x,2009,2007
10.1107/s1600536807021502,2009,2007
10.1107/s1600536807027171,2009,2007
10.1107/s1600536807030371,2009,2007
10.1107/s1600536807031224,2009,2007
10.1107/s1600536807031613,2009,2007
10.1107/s1600536807035076,2009,2007
10.1107/s1600536807035337,2009,2007
10.1107/s1600536807039384,2009,2007
10.1107/s1600536807040068,2009,2007
10.1107/s1600536807043486,2009,2007
10.1107/s1600536807043528,2009,2007
10.1107/s1600536807045199,2009,2007
10.1107/s1600536807045230,2009,2007
10.1107/s1600536807051756,2009,2007
10.1107/s160053680705204x,2009,2007
10.1107/s1600536807053494,2009,2007
10.1107/s1600536807054529,2009,2007
10.1107/s1600536807054876,2009,2007
10.1107/s160053680705622x,2009,2007
10.1107/s1600536807056504,2009,2007
10.1107/s1600536807058540,2009,2007
10.1107/s1600536807059077,2009,2007
10.1107/s160053680706254x,2009,2007
10.1107/s1600536807068614,2009,2008
10.1108/00022660910926908,2009,2009
10.1109/ahs.2009.9,2009,2009
10.1109/apcip.2009.252,2009,2009
10.1109/appeec.2009.4918497,2009,2009
10.1109/appeec.2009.4918645,2009,2009
10.1109/appeec.2009.4918684,2009,2009
10.1109/appeec.2009.4918784,2009,2009
10.1109/appeec.2009.4918816,2009,2009
10.1109/appeec.2009.4918828,2009,2009
10.1109/ares.2009.168,2009,2009
10.1109/bibmw.2009.5332106,2009,2009
10.1109/cise.2009.5362928,2009,2009
10.1109/cise.2009.5363059,2009,2009
10.1109/cise.2009.5363525,2009,2009
10.1109/cise.2009.5363564,2009,2009
10.1109/cise.2009.5363829,2009,2009
10.1109/cise.2009.5364141,2009,2009
10.1109/cise.2009.5364841,2009,2009
10.1109/cise.2009.5364906,2009,2009
10.1109/cise.2009.5365291,2009,2009
10.1109/cise.2009.5365371,2009,2009
10.1109/cise.2009.5365501,2009,2009
10.1109/cise.2009.5365778,2009,2009
10.1109/cise.2009.5365836,2009,2009
10.1109/cise.2009.5366325,2009,2009
10.1109/cise.2009.5367044,2009,2009
10.1109/coinfo.2009.20,2009,2009
10.1109/ebiss.2009.5137940,2009,2009
10.1109/ebiss.2009.5137971,2009,2009
10.1109/ebiss.2009.5137974,2009,2009
10.1109/ebiss.2009.5138029,2009,2009
10.1109/ebiss.2009.5138060,2009,2009
10.1109/eeee.2009.18,2009,2009
10.1109/eeee.2009.28,2009,2009
10.1109/eeee.2009.33,2009,2009
10.1109/eeee.2009.56,2009,2009
10.1109/eeee.2009.59,2009,2009
10.1109/eeee.2009.78,2009,2009
10.1109/eeee.2009.8,2009,2009
10.1109/esiat.2009.461,2009,2009
10.1109/ettandgrs.2008.41,2009,2008
10.1109/euc.2008.191,2009,2008
10.1109/eurcon.2009.5167617,2009,2009
10.1109/gmc.2009.5295820,2009,2009
10.1109/gmc.2009.5295822,2009,2009
10.1109/icbbe.2009.5162252,2009,2009
10.1109/icbbe.2009.5162309,2009,2009
10.1109/icbbe.2009.5162545,2009,2009
10.1109/icbbe.2009.5162897,2009,2009
10.1109/icbbe.2009.5163430,2009,2009
10.1109/iccet.2009.86,2009,2009
10.1109/iccms.2009.19,2009,2009
10.1109/iccms.2009.24,2009,2009
10.1109/iccms.2009.25,2009,2009
10.1109/iccms.2009.27,2009,2009
10.1109/iccms.2009.44,2009,2009
10.1109/iccsit.2009.5234407,2009,2009
10.1109/iccsit.2009.5234432,2009,2009
10.1109/iccsit.2009.5234467,2009,2009
10.1109/iccsit.2009.5234562,2009,2009
10.1109/iccsit.2009.5234715,2009,2009
10.1109/iccsit.2009.5234793,2009,2009
10.1109/iccsit.2009.5234843,2009,2009
10.1109/iccsit.2009.5234868,2009,2009
10.1109/iccsit.2009.5234898,2009,2009
10.1109/icctd.2009.111,2009,2009
10.1109/icctd.2009.147,2009,2009
10.1109/icctd.2009.175,2009,2009
10.1109/icctd.2009.187,2009,2009
10.1109/icctd.2009.232,2009,2009
10.1109/icctd.2009.251,2009,2009
10.1109/icctd.2009.260,2009,2009
10.1109/icctd.2009.262,2009,2009
10.1109/icctd.2009.263,2009,2009
10.1109/icctd.2009.266,2009,2009
10.1109/icctd.2009.36,2009,2009
10.1109/icctd.2009.68,2009,2009
10.1109/icctd.2009.69,2009,2009
10.1109/icctd.2009.95,2009,2009
10.1109/icetc.2009.11,2009,2009
10.1109/icetc.2009.12,2009,2009
10.1109/icetc.2009.27,2009,2009
10.1109/icetc.2009.52,2009,2009
10.1109/icetc.2009.70,2009,2009
10.1109/iciecs.2009.5362703,2009,2009
10.1109/iciecs.2009.5363622,2009,2009
10.1109/iciecs.2009.5365308,2009,2009
10.1109/iciecs.2009.5365472,2009,2009
10.1109/iciecs.2009.5365482,2009,2009
10.1109/iciecs.2009.5365534,2009,2009
10.1109/iciecs.2009.5365766,2009,2009
10.1109/iciecs.2009.5366707,2009,2009
10.1109/iciecs.2009.5366900,2009,2009
10.1109/iciecs.2009.5366918,2009,2009
10.1109/iciecs.2009.5366962,2009,2009
10.1109/iciecs.2009.5367119,2009,2009
10.1109/icmlc.2009.5212137,2009,2009
10.1109/icmlc.2009.5212230,2009,2009
10.1109/icmlc.2009.5212328,2009,2009
10.1109/icmlc.2009.5212383,2009,2009
10.1109/icmlc.2009.5212636,2009,2009
10.1109/icmlc.2009.5212656,2009,2009
10.1109/icmlc.2009.5212663,2009,2009
10.1109/icmlc.2009.5212666,2009,2009
10.1109/icmss.2009.5300832,2009,2009
10.1109/icmss.2009.5300892,2009,2009
10.1109/icmss.2009.5300906,2009,2009
10.1109/icmss.2009.5300907,2009,2009
10.1109/icmss.2009.5300917,2009,2009
10.1109/icmss.2009.5301094,2009,2009
10.1109/icmss.2009.5301126,2009,2009
10.1109/icmss.2009.5301156,2009,2009
10.1109/icmss.2009.5301161,2009,2009
10.1109/icmss.2009.5301190,2009,2009
10.1109/icmss.2009.5301191,2009,2009
10.1109/icmss.2009.5301192,2009,2009
10.1109/icmss.2009.5301197,2009,2009
10.1109/icmss.2009.5301256,2009,2009
10.1109/icmss.2009.5301257,2009,2009
10.1109/icmss.2009.5301258,2009,2009
10.1109/icmss.2009.5301269,2009,2009
10.1109/icmss.2009.5301306,2009,2009
10.1109/icmss.2009.5301310,2009,2009
10.1109/icmss.2009.5301377,2009,2009
10.1109/icmss.2009.5301446,2009,2009
10.1109/icmss.2009.5301534,2009,2009
10.1109/icmss.2009.5301614,2009,2009
10.1109/icmss.2009.5301646,2009,2009
10.1109/icmss.2009.5301691,2009,2009
10.1109/icmss.2009.5301742,2009,2009
10.1109/icmss.2009.5301792,2009,2009
10.1109/icmss.2009.5301852,2009,2009
10.1109/icmss.2009.5301862,2009,2009
10.1109/icmss.2009.5301872,2009,2009
10.1109/icmss.2009.5301877,2009,2009
10.1109/icmss.2009.5301882,2009,2009
10.1109/icmss.2009.5301901,2009,2009
10.1109/icmss.2009.5301926,2009,2009
10.1109/icmss.2009.5301936,2009,2009
10.1109/icmss.2009.5301992,2009,2009
10.1109/icmss.2009.5302012,2009,2009
10.1109/icmss.2009.5302062,2009,2009
10.1109/icmss.2009.5302092,2009,2009
10.1109/icmss.2009.5302097,2009,2009
10.1109/icmss.2009.5302162,2009,2009
10.1109/icmss.2009.5302166,2009,2009
10.1109/icmss.2009.5302171,2009,2009
10.1109/icmss.2009.5302177,2009,2009
10.1109/icmss.2009.5302192,2009,2009
10.1109/icmss.2009.5302226,2009,2009
10.1109/icmss.2009.5302266,2009,2009
10.1109/icmss.2009.5302271,2009,2009
10.1109/icmss.2009.5302321,2009,2009
10.1109/icmss.2009.5302322,2009,2009
10.1109/icmss.2009.5302326,2009,2009
10.1109/icmss.2009.5302341,2009,2009
10.1109/icmss.2009.5302366,2009,2009
10.1109/icmss.2009.5302367,2009,2009
10.1109/icmss.2009.5302372,2009,2009
10.1109/icmss.2009.5302441,2009,2009
10.1109/icmss.2009.5302627,2009,2009
10.1109/icmss.2009.5302632,2009,2009
10.1109/icmss.2009.5302636,2009,2009
10.1109/icmss.2009.5302785,2009,2009
10.1109/icmss.2009.5302791,2009,2009
10.1109/icmss.2009.5302860,2009,2009
10.1109/icmss.2009.5302876,2009,2009
10.1109/icmss.2009.5302881,2009,2009
10.1109/icmss.2009.5302885,2009,2009
10.1109/icmss.2009.5302891,2009,2009
10.1109/icmss.2009.5302991,2009,2009
10.1109/icmss.2009.5303001,2009,2009
10.1109/icmss.2009.5303007,2009,2009
10.1109/icmss.2009.5303017,2009,2009
10.1109/icmss.2009.5303050,2009,2009
10.1109/icmss.2009.5303223,2009,2009
10.1109/icmss.2009.5303233,2009,2009
10.1109/icmss.2009.5303300,2009,2009
10.1109/icmss.2009.5303339,2009,2009
10.1109/icmss.2009.5303423,2009,2009
10.1109/icmss.2009.5303519,2009,2009
10.1109/icmss.2009.5303581,2009,2009
10.1109/icmss.2009.5303593,2009,2009
10.1109/icmss.2009.5303624,2009,2009
10.1109/icmss.2009.5303674,2009,2009
10.1109/icmss.2009.5303679,2009,2009
10.1109/icmss.2009.5303753,2009,2009
10.1109/icmss.2009.5303773,2009,2009
10.1109/icmss.2009.5303779,2009,2009
10.1109/icmss.2009.5303869,2009,2009
10.1109/icmss.2009.5303944,2009,2009
10.1109/icmss.2009.5303987,2009,2009
10.1109/icmss.2009.5303997,2009,2009
10.1109/icmss.2009.5304084,2009,2009
10.1109/icmss.2009.5304089,2009,2009
10.1109/icmss.2009.5304110,2009,2009
10.1109/icmss.2009.5304121,2009,2009
10.1109/icmss.2009.5304126,2009,2009
10.1109/icmss.2009.5304127,2009,2009
10.1109/icmss.2009.5304143,2009,2009
10.1109/icmss.2009.5304158,2009,2009
10.1109/icmss.2009.5304191,2009,2009
10.1109/icmss.2009.5304201,2009,2009
10.1109/icmss.2009.5304233,2009,2009
10.1109/icmss.2009.5304267,2009,2009
10.1109/icmss.2009.5304277,2009,2009
10.1109/icmss.2009.5304314,2009,2009
10.1109/icmss.2009.5304352,2009,2009
10.1109/icmss.2009.5304390,2009,2009
10.1109/icmss.2009.5304417,2009,2009
10.1109/icmss.2009.5304480,2009,2009
10.1109/icmss.2009.5304490,2009,2009
10.1109/icmss.2009.5304512,2009,2009
10.1109/icmss.2009.5304523,2009,2009
10.1109/icmss.2009.5304527,2009,2009
10.1109/icmss.2009.5304554,2009,2009
10.1109/icmss.2009.5304607,2009,2009
10.1109/icmss.2009.5304632,2009,2009
10.1109/icmss.2009.5304637,2009,2009
10.1109/icmss.2009.5304643,2009,2009
10.1109/icmss.2009.5304649,2009,2009
10.1109/icmss.2009.5304718,2009,2009
10.1109/icmss.2009.5304733,2009,2009
10.1109/icmss.2009.5304777,2009,2009
10.1109/icmss.2009.5304782,2009,2009
10.1109/icmss.2009.5304810,2009,2009
10.1109/icmss.2009.5304824,2009,2009
10.1109/icmss.2009.5304834,2009,2009
10.1109/icmss.2009.5304844,2009,2009
10.1109/icmss.2009.5304904,2009,2009
10.1109/icmss.2009.5304914,2009,2009
10.1109/icmss.2009.5304993,2009,2009
10.1109/icmss.2009.5305015,2009,2009
10.1109/icmss.2009.5305069,2009,2009
10.1109/icmss.2009.5305221,2009,2009
10.1109/icmss.2009.5305232,2009,2009
10.1109/icmss.2009.5305279,2009,2009
10.1109/icmss.2009.5305290,2009,2009
10.1109/icmss.2009.5305295,2009,2009
10.1109/icmss.2009.5305296,2009,2009
10.1109/icmss.2009.5305314,2009,2009
10.1109/icmss.2009.5305319,2009,2009
10.1109/icmss.2009.5305320,2009,2009
10.1109/icmss.2009.5305415,2009,2009
10.1109/icmss.2009.5305451,2009,2009
10.1109/icmss.2009.5305480,2009,2009
10.1109/icmss.2009.5305515,2009,2009
10.1109/icmss.2009.5305537,2009,2009
10.1109/icmss.2009.5305602,2009,2009
10.1109/icmss.2009.5305643,2009,2009
10.1109/icmss.2009.5305667,2009,2009
10.1109/icmss.2009.5305724,2009,2009
10.1109/icmss.2009.5305736,2009,2009
10.1109/icmss.2009.5305752,2009,2009
10.1109/icmss.2009.5305771,2009,2009
10.1109/icmss.2009.5305812,2009,2009
10.1109/icmss.2009.5305824,2009,2009
10.1109/icmss.2009.5305848,2009,2009
10.1109/icmss.2009.5305869,2009,2009
10.1109/icmss.2009.5305881,2009,2009
10.1109/icnc.2009.16,2009,2009
10.1109/icnc.2009.19,2009,2009
10.1109/icnidc.2009.5360846,2009,2009
10.1109/icnidc.2009.5360856,2009,2009
10.1109/icnidc.2009.5360885,2009,2009
10.1109/icnidc.2009.5360902,2009,2009
10.1109/icnidc.2009.5360927,2009,2009
10.1109/icnidc.2009.5360931,2009,2009
10.1109/icnidc.2009.5360940,2009,2009
10.1109/icsps.2009.75,2009,2009
10.1109/ieec.2009.147,2009,2009
10.1109/ieec.2009.169,2009,2009
10.1109/ieec.2009.21,2009,2009
10.1109/ieec.2009.51,2009,2009
10.1109/ieec.2009.74,2009,2009
10.1109/ieec.2009.79,2009,2009
10.1109/ieec.2009.8,2009,2009
10.1109/ifita.2009.102,2009,2009
10.1109/ifita.2009.108,2009,2009
10.1109/ifita.2009.109,2009,2009
10.1109/ifita.2009.123,2009,2009
10.1109/ifita.2009.133,2009,2009
10.1109/ifita.2009.135,2009,2009
10.1109/ifita.2009.143,2009,2009
10.1109/ifita.2009.146,2009,2009
10.1109/ifita.2009.148,2009,2009
10.1109/ifita.2009.161,2009,2009
10.1109/ifita.2009.170,2009,2009
10.1109/ifita.2009.176,2009,2009
10.1109/ifita.2009.187,2009,2009
10.1109/ifita.2009.195,2009,2009
10.1109/ifita.2009.254,2009,2009
10.1109/ifita.2009.255,2009,2009
10.1109/ifita.2009.266,2009,2009
10.1109/ifita.2009.275,2009,2009
10.1109/ifita.2009.295,2009,2009
10.1109/ifita.2009.356,2009,2009
10.1109/ifita.2009.362,2009,2009
10.1109/ifita.2009.396,2009,2009
10.1109/ifita.2009.419,2009,2009
10.1109/ifita.2009.469,2009,2009
10.1109/ifita.2009.500,2009,2009
10.1109/ifita.2009.508,2009,2009
10.1109/ifita.2009.535,2009,2009
10.1109/ifita.2009.557,2009,2009
10.1109/ifita.2009.59,2009,2009
10.1109/ifita.2009.65,2009,2009
10.1109/ifita.2009.66,2009,2009
10.1109/ifita.2009.76,2009,2009
10.1109/ifita.2009.90,2009,2009
10.1109/iis.2009.100,2009,2009
10.1109/iis.2009.103,2009,2009
10.1109/iis.2009.104,2009,2009
10.1109/iis.2009.111,2009,2009
10.1109/iis.2009.117,2009,2009
10.1109/iis.2009.120,2009,2009
10.1109/iis.2009.26,2009,2009
10.1109/iis.2009.33,2009,2009
10.1109/iis.2009.38,2009,2009
10.1109/iis.2009.43,2009,2009
10.1109/iis.2009.45,2009,2009
10.1109/iis.2009.83,2009,2009
10.1109/iis.2009.84,2009,2009
10.1109/iis.2009.87,2009,2009
10.1109/iis.2009.89,2009,2009
10.1109/iis.2009.92,2009,2009
10.1109/iis.2009.95,2009,2009
10.1109/isscc.2008.4523195,2009,2008
10.1109/iuce.2009.25,2009,2009
10.1109/iwisa.2009.5072951,2009,2009
10.1109/niss.2009.126,2009,2009
10.1109/niss.2009.13,2009,2009
10.1109/niss.2009.261,2009,2009
10.1109/paccs.2009.110,2009,2009
10.1109/rws.2008.4463459,2009,2008
10.1109/ssme.2009.13,2009,2009
10.1109/ssme.2009.140,2009,2009
10.1109/ssme.2009.57,2009,2009
10.1109/ssme.2009.76,2009,2009
10.1109/ssme.2009.81,2009,2009
10.1109/sws.2009.5271788,2009,2009
10.1109/sws.2009.5271799,2009,2009
10.1111/j.1365-2702.2009.02807.x,2009,2009
10.1111/j.1399-6576.2008.01593.x,2009,2008
10.1111/j.1447-0756.2006.00373.x,2009,2006
10.1111/j.1468-4446.2007.00184.x,2009,2008
10.1111/j.1469-1809.2007.00403.x,2009,2008
10.1111/j.1533-2500.2008.00222.x,2009,2008
10.1111/j.1540-8191.2009.00931.x,2009,2009
10.1111/j.1572-0241.2008.01743.x,2009,2008
10.1111/j.1600-0463.2006.apm_372.x,2009,2006
10.1111/j.1749-6632.2002.tb05907.x,2009,2002
10.1124/jpet.109.151654,2009,2009
10.1128/aac.01250-07,2009,2008
10.1128/iai.01083-08,2009,2009
10.1128/jcm.00313-09,2009,2009
10.1128/mcb.20.12.4428-4435.2000,2009,2000
10.1128/mcb.22.12.4256-4267.2002,2009,2002
10.1134/s1070363209060462,2009,2009
10.1134/s1070363209060474,2009,2009
10.1134/s1070363209060486,2009,2009
10.1134/s1070428008110122,2009,2008
10.1136/adc.2007.131045,2009,2008
10.1136/ard.2003.020016,2009,2005
10.1136/jcp.2006.045682,2009,2008
10.1139/o07-107,2009,2007
10.1143/jpsj.76.094801,2009,2007
10.1152/ajpcell.00324.2008,2009,2009
10.1152/ajpendo.00096.2002,2009,2003
10.1152/ajpgi.2001.281.3.g654,2009,2001
10.1155/2006/515496,2009,2006
10.1155/2009/531080,2009,2009
10.1158/1078-0432.ccr-04-2548,2009,2005
10.1177/0003319709335033,2009,2009
10.1177/0146167204271660,2009,2005
10.1177/1468796807084018,2009,2007
10.1177/1753465809339327,2009,2009
10.1186/1476-4598-8-78,2009,2009
10.1186/1477-7800-6-4,2009,2009
10.1186/1756-9966-27-27,2009,2008
10.1186/1756-9966-28-102,2009,2009
10.1210/en.2006-0987,2009,2006
10.1213/00000539-200208000-00041,2009,2002
10.1213/01.ane.0000194879.85643.ff,2009,2006
10.1213/01.ane.0000237279.08847.2d,2009,2006
10.1213/01.ane.0000265443.20919.c8,2009,2007
10.1213/ane.0b013e318165e208,2009,2008
10.1248/bpb.31.1704,2009,2008
10.1248/bpb.32.36,2009,2009
10.1249/mss.0b013e3181878067,2009,2009
10.1302/0301-620x.90b8.20349,2009,2008
10.1371/journal.pgen.1000424,2009,2009
10.1507/endocrj.k05-178,2009,2007
10.1519/jsc.0b013e3181a0547a,2009,2009
10.1617/s11527-007-9318-x,2009,2007
10.1634/stemcells.2007-0149,2009,2007
10.18352/erlacs.9751,2009,2009
10.2106/jbjs.f.00906,2009,2007
10.2116/analsci.24.775,2009,2008
10.2116/analsci.25.57,2009,2009
10.2143/etl.75.4.504765,2009,1999
10.2143/rtpm.67.1.520,2009,2000
10.2169/internalmedicine.48.1607,2009,2009
10.2298/vsp0810733m,2009,2008
10.3171/foc.2008.25.10.e6,2009,2008
10.3844/jcssp.2009.878.882,2009,2009
10.4161/cbt.6.4.3815,2009,2007
10.4161/psb.4.4.8155,2009,2009
10.4166/kjg.2009.53.5.320,2009,2009
10.1002/14651858.cd000027,2010,1997
10.1002/14651858.cd000145,2010,2003
10.1002/14651858.cd000181,2010,2000
10.1002/14651858.cd000181.pub2,2010,2004
10.1002/14651858.cd001068,2010,1999
10.1002/14651858.cd001254,2010,2000
10.1002/14651858.cd001254.pub2,2010,2004
10.1002/14651858.cd001306,2010,2000
10.1002/14651858.cd001958.pub2,2010,2006
10.1002/14651858.cd002092,2010,2003
10.1002/14651858.cd002092.pub2,2010,2006
10.1002/14651858.cd002950,2010,2003
10.1002/14651858.cd003245.pub2,2010,2004
10.1002/14651858.cd003321.pub3,2010,2004
10.1002/14651858.cd003352,2010,2003
10.1002/14651858.cd003731,2010,2001
10.1002/14651858.cd003731.pub2,2010,2005
10.1002/14651858.cd003747.pub2,2010,2009
10.1002/14651858.cd003979,2010,2003
10.1002/14651858.cd003979.pub2,2010,2004
10.1002/14651858.cd004063,2010,2003
10.1002/14651858.cd004723,2010,2004
10.1002/14651858.cd004723.pub2,2010,2007
10.1002/14651858.cd004724,2010,2004
10.1002/14651858.cd004724.pub2,2010,2007
10.1002/14651858.cd004883,2010,2004
10.1002/14651858.cd005150,2010,2005
10.1002/14651858.cd005150.pub2,2010,2006
10.1002/14651858.cd006493.pub2,2010,2007
10.1002/art.27655,2010,2010
10.1002/asl.204,2010,2008
10.1002/ca.20923,2010,2010
10.1002/cbdv.200900210,2010,2010
10.1002/chem.200901991,2010,2009
10.1002/hep.23316,2010,2010
10.1002/jcb.22458,2010,2010
10.1002/jlcr.1781,2010,2010
10.1002/jnr.21723,2010,2008
10.1002/jps.21940,2010,2009
10.1002/lite.201000056,2010,2010
10.1002/mop.24925,2010,2009
10.1002/mop.25068,2010,2010
10.1002/poc.1683,2010,2010
10.1006/mchj.1999.1723,2010,1999
10.1007/978-1-60761-823-2_7,2010,2010
10.1007/978-3-540-37275-2_87,2010,2006
10.1007/978-3-642-13166-0_90,2010,2010
10.1007/978-3-642-15766-0_110,2010,2010
10.1007/978-3-642-16318-0_54,2010,2010
10.1007/978-3-642-16444-6_17,2010,2010
10.1007/bf01242793,2010,1989
10.1007/s00120-009-2118-x,2010,2009
10.1007/s00289-009-0093-4,2010,2009
10.1007/s00362-010-0346-1,2010,2010
10.1007/s00403-006-0732-7,2010,2007
10.1007/s00404-007-0545-8,2010,2008
10.1007/s00405-008-0766-x,2010,2008
10.1007/s00421-010-1525-4,2010,2010
10.1007/s00432-009-0582-8,2010,2009
10.1007/s00455-008-9165-0,2010,2008
10.1007/s10047-010-0489-9,2010,2010
10.1007/s10067-009-1354-1,2010,2010
10.1007/s10067-010-1539-7,2010,2010
10.1007/s10157-004-0307-x,2010,2004
10.1007/s10330-010-0042-6,2010,2010
10.1007/s10495-010-0540-6,2010,2010
10.1007/s10551-009-0133-x,2010,2009
10.1007/s10571-009-9449-4,2010,2009
10.1007/s10620-009-0921-2,2010,2009
10.1007/s10709-009-9422-7,2010,2009
10.1007/s10845-010-0381-8,2010,2010
10.1007/s11010-009-0306-z,2010,2009
10.1007/s11136-010-9595-7,2010,2010
10.1007/s11738-008-0191-1,2010,2008
10.1007/s11741-009-0116-3,2010,2009
10.1007/s11768-009-7019-4,2010,2009
10.1007/s11802-009-0385-1,2010,2009
10.1007/s11814-009-0196-5,2010,2010
10.1007/s12032-009-9352-3,2010,2009
10.1007/s13273-010-0006-5,2010,2010
10.1016/b978-1-59749-537-0.00002-8,2010,2010
10.1016/b978-1-59749-537-0.00016-8,2010,2010
10.1016/j.aml.2010.05.003,2010,2010
10.1016/j.anireprosci.2008.04.009,2010,2009
10.1016/j.bcp.2008.05.003,2010,2008
10.1016/j.biopsych.2009.02.005,2010,2009
10.1016/j.biotechadv.2008.07.002,2010,2008
10.1016/j.bpg.2010.02.006,2010,2010
10.1016/j.brainresbull.2009.05.018,2010,2009
10.1016/j.brat.2010.10.009,2010,2010
10.1016/j.cbpb.2007.04.009,2010,2007
10.1016/j.clay.2007.08.001,2010,2007
10.1016/j.clsr.2009.11.004,2010,2010
10.1016/j.cnsns.2008.01.006,2010,2008
10.1016/j.cognition.2010.08.017,2010,2010
10.1016/j.csda.2009.07.024,2010,2010
10.1016/j.desal.2008.05.069,2010,2009
10.1016/j.fct.2009.12.007,2010,2009
10.1016/j.febslet.2010.07.034,2010,2010
10.1016/j.ijpe.2007.08.009,2010,2007
10.1016/j.inoche.2010.01.027,2010,2010
10.1016/j.intimp.2007.10.002,2010,2008
10.1016/j.jallcom.2004.03.099,2010,2004
10.1016/j.jcmg.2010.08.008,2010,2010
10.1016/j.jhazmat.2009.11.065,2010,2009
10.1016/j.jhep.2009.02.001,2010,2009
10.1016/j.jmaa.2006.02.034,2010,2006
10.1016/j.jmarsys.2008.12.012,2010,2009
10.1016/j.jmb.2009.03.024,2010,2009
10.1016/j.jngse.2010.02.003,2010,2010
10.1016/j.jnn.2006.11.006,2010,2010
10.1016/j.jpain.2005.01.079,2010,2005
10.1016/j.jpain.2006.01.109,2010,2006
10.1016/j.juro.2010.02.2160,2010,2010
10.1016/j.neuroscience.2009.09.056,2010,2009
10.1016/j.ophtha.2010.02.012,2010,2010
10.1016/j.pbb.2008.11.010,2010,2009
10.1016/j.petrol.2009.09.011,2010,2009
10.1016/j.physleta.2009.12.068,2010,2009
10.1016/j.physletb.2010.02.054,2010,2010
10.1016/j.porgcoat.2010.09.003,2010,2010
10.1016/j.procs.2010.04.289,2010,2010
10.1016/j.theochem.2009.04.010,2010,2009
10.1016/j.transproceed.2009.09.009,2010,2009
10.1016/j.virusres.2004.02.022,2010,2004
10.1016/s0026-2692(02)00028-9,2010,2002
10.1016/s0140-6736(97)11096-0,2010,1998
10.1016/s0929-6646(08)60169-2,2010,2008
10.1017/s0265021503000322,2010,2003
10.1021/cr068216s,2010,2008
10.1021/ja1088452,2010,2010
10.1021/ja903873n,2010,2009
10.1021/jp809956w,2010,2008
10.1021/ol9007475,2010,2009
10.1038/nature02356,2010,2004
10.1038/nature08749,2010,2010
10.1038/ngeo587,2010,2009
10.1038/nm1778,2010,2008
10.1038/nrg2336,2010,2008
10.1038/onc.2009.398,2010,2009
10.1038/sc.2010.35,2010,2010
10.1038/sj.leu.2404595,2010,2007
10.1038/sj.mt.6300137,2010,2007
10.1039/b924772f,2010,2010
10.1042/cs20030389,2010,2004
10.1051/ro/2009021,2010,2009
10.1053/j.jfas.2009.06.002,2010,2010
10.1061/(asce)0733-9399(2010)136:2(174,2010,2010
10.1063/1.2041833,2010,2005
10.1063/1.3103647,2010,2009
10.1071/fp08120,2010,2008
10.1073/pnas.0501420102,2010,2005
10.1073/pnas.0503960102,2010,2005
10.1073/pnas.0809516106,2010,2009
10.1073/pnas.132630999,2010,2002
10.1074/jbc.271.46.29422,2010,1996
10.1074/jbc.m109.025742,2010,2009
10.1074/jbc.m804144200,2010,2008
10.1080/00140130902836259,2010,2009
10.1080/03071020802410312,2010,2010
10.1080/09546550903472252,2010,2010
10.1080/10942910902716968,2010,2010
10.1080/13607860903046578,2010,2010
10.1080/15376520490434692,2010,2008
10.1080/17487870903105346,2010,2009
10.1080/21507680903570474,2010,2010
10.1083/jcb.200705182,2010,2007
10.1084/jem.20021466,2010,2002
10.1088/0029-5515/47/9/037,2010,2007
10.1093/jnci/djn308,2010,2008
10.1097/00000542-200409000-00011,2010,2004
10.1097/00000542-200510000-00010,2010,2005
10.1097/aln.0b013e31818aa6e1,2010,2008
10.1097/ico.0b013e3181ca2984,2010,2010
10.1097/iop.0b013e3181b59eea,2010,2009
10.1097/jom.0b013e3181d8d9e4,2010,2010
10.1097/qco.0b013e328336a23f,2010,2010
10.1099/ijs.0.004978-0,2010,2009
10.1099/ijs.0.011882-0,2010,2010
10.1099/ijs.0.012336-0,2010,2010
10.1099/ijs.0.013698-0,2010,2010
10.1099/ijs.0.015370-0,2010,2010
10.1099/vir.0.80531-0,2010,2005
10.1103/physreve.79.011115,2010,2009
10.1104/pp.109.149542,2010,2010
10.1107/s0907444999007064,2010,1999
10.1107/s0907444999011324,2010,1999
10.1107/s1600536806012931,2010,2006
10.1107/s1600536806030637,2010,2006
10.1107/s1600536806035410,2010,2006
10.1107/s1600536806047295,2010,2006
10.1107/s1600536807017461,2010,2007
10.1107/s160053680701879x,2010,2007
10.1107/s1600536807022593,2010,2007
10.1107/s1600536807022891,2010,2007
10.1107/s1600536807027195,2010,2007
10.1107/s1600536807028735,2010,2007
10.1107/s1600536807031121,2010,2007
10.1107/s1600536807032540,2010,2007
10.1107/s1600536807035349,2010,2007
10.1107/s1600536807037130,2010,2007
10.1107/s1600536807037488,2010,2007
10.1107/s1600536807040640,2010,2007
10.1107/s1600536807040652,2010,2007
10.1107/s1600536807042390,2010,2007
10.1107/s1600536807047526,2010,2007
10.1107/s1600536807052051,2010,2007
10.1107/s1600536807052464,2010,2007
10.1107/s1600536807052993,2010,2007
10.1107/s1600536807054244,2010,2007
10.1107/s1600536807054372,2010,2007
10.1107/s1600536807056309,2010,2007
10.1107/s1600536807056498,2010,2007
10.1107/s1600536807059909,2010,2007
10.1107/s160053680706151x,2010,2007
10.1107/s1600536808013743,2010,2008
10.1107/s1600536809033558,2010,2009
10.1109/ace.2010.54,2010,2010
10.1109/act.2009.141,2010,2009
10.1109/appeec.2010.5448138,2010,2010
10.1109/appeec.2010.5448139,2010,2010
10.1109/appeec.2010.5448159,2010,2010
10.1109/appeec.2010.5448163,2010,2010
10.1109/appeec.2010.5448168,2010,2010
10.1109/appeec.2010.5448170,2010,2010
10.1109/appeec.2010.5448183,2010,2010
10.1109/appeec.2010.5448204,2010,2010
10.1109/appeec.2010.5448230,2010,2010
10.1109/appeec.2010.5448244,2010,2010
10.1109/appeec.2010.5448262,2010,2010
10.1109/appeec.2010.5448268,2010,2010
10.1109/appeec.2010.5448271,2010,2010
10.1109/appeec.2010.5448273,2010,2010
10.1109/appeec.2010.5448275,2010,2010
10.1109/appeec.2010.5448280,2010,2010
10.1109/appeec.2010.5448295,2010,2010
10.1109/appeec.2010.5448307,2010,2010
10.1109/appeec.2010.5448320,2010,2010
10.1109/appeec.2010.5448322,2010,2010
10.1109/appeec.2010.5448323,2010,2010
10.1109/appeec.2010.5448329,2010,2010
10.1109/appeec.2010.5448358,2010,2010
10.1109/appeec.2010.5448367,2010,2010
10.1109/appeec.2010.5448380,2010,2010
10.1109/appeec.2010.5448383,2010,2010
10.1109/appeec.2010.5448386,2010,2010
10.1109/appeec.2010.5448388,2010,2010
10.1109/appeec.2010.5448404,2010,2010
10.1109/appeec.2010.5448415,2010,2010
10.1109/appeec.2010.5448431,2010,2010
10.1109/appeec.2010.5448447,2010,2010
10.1109/appeec.2010.5448456,2010,2010
10.1109/appeec.2010.5448464,2010,2010
10.1109/appeec.2010.5448470,2010,2010
10.1109/appeec.2010.5448472,2010,2010
10.1109/appeec.2010.5448520,2010,2010
10.1109/appeec.2010.5448551,2010,2010
10.1109/appeec.2010.5448554,2010,2010
10.1109/appeec.2010.5448557,2010,2010
10.1109/appeec.2010.5448572,2010,2010
10.1109/appeec.2010.5448575,2010,2010
10.1109/appeec.2010.5448587,2010,2010
10.1109/appeec.2010.5448593,2010,2010
10.1109/appeec.2010.5448605,2010,2010
10.1109/appeec.2010.5448612,2010,2010
10.1109/appeec.2010.5448617,2010,2010
10.1109/appeec.2010.5448621,2010,2010
10.1109/appeec.2010.5448627,2010,2010
10.1109/appeec.2010.5448659,2010,2010
10.1109/appeec.2010.5448669,2010,2010
10.1109/appeec.2010.5448671,2010,2010
10.1109/appeec.2010.5448680,2010,2010
10.1109/appeec.2010.5448698,2010,2010
10.1109/appeec.2010.5448703,2010,2010
10.1109/appeec.2010.5448724,2010,2010
10.1109/appeec.2010.5448725,2010,2010
10.1109/appeec.2010.5448727,2010,2010
10.1109/appeec.2010.5448742,2010,2010
10.1109/appeec.2010.5448751,2010,2010
10.1109/appeec.2010.5448773,2010,2010
10.1109/appeec.2010.5448778,2010,2010
10.1109/appeec.2010.5448781,2010,2010
10.1109/appeec.2010.5448808,2010,2010
10.1109/appeec.2010.5448814,2010,2010
10.1109/appeec.2010.5448842,2010,2010
10.1109/appeec.2010.5448859,2010,2010
10.1109/appeec.2010.5448869,2010,2010
10.1109/appeec.2010.5448873,2010,2010
10.1109/appeec.2010.5448890,2010,2010
10.1109/appeec.2010.5448931,2010,2010
10.1109/appeec.2010.5448942,2010,2010
10.1109/appeec.2010.5448956,2010,2010
10.1109/appeec.2010.5448961,2010,2010
10.1109/appeec.2010.5448963,2010,2010
10.1109/appeec.2010.5448970,2010,2010
10.1109/appeec.2010.5448978,2010,2010
10.1109/appeec.2010.5448980,2010,2010
10.1109/appeec.2010.5448993,2010,2010
10.1109/appeec.2010.5449074,2010,2010
10.1109/appeec.2010.5449086,2010,2010
10.1109/appeec.2010.5449103,2010,2010
10.1109/appeec.2010.5449110,2010,2010
10.1109/appeec.2010.5449111,2010,2010
10.1109/appeec.2010.5449116,2010,2010
10.1109/appeec.2010.5449128,2010,2010
10.1109/appeec.2010.5449146,2010,2010
10.1109/appeec.2010.5449158,2010,2010
10.1109/appeec.2010.5449168,2010,2010
10.1109/appeec.2010.5449226,2010,2010
10.1109/appeec.2010.5449267,2010,2010
10.1109/appeec.2010.5449311,2010,2010
10.1109/appeec.2010.5449321,2010,2010
10.1109/appeec.2010.5449322,2010,2010
10.1109/appeec.2010.5449384,2010,2010
10.1109/appeec.2010.5449386,2010,2010
10.1109/appeec.2010.5449421,2010,2010
10.1109/appeec.2010.5449429,2010,2010
10.1109/appeec.2010.5449462,2010,2010
10.1109/appeec.2010.5449464,2010,2010
10.1109/appeec.2010.5449468,2010,2010
10.1109/appeec.2010.5449475,2010,2010
10.1109/appeec.2010.5449482,2010,2010
10.1109/appeec.2010.5449500,2010,2010
10.1109/appeec.2010.5449504,2010,2010
10.1109/appeec.2010.5449510,2010,2010
10.1109/appeec.2010.5449518,2010,2010
10.1109/appeec.2010.5449534,2010,2010
10.1109/asonam.2010.73,2010,2010
10.1109/caidcd.2009.5374859,2010,2009
10.1109/caidcd.2009.5374875,2010,2009
10.1109/caidcd.2009.5374918,2010,2009
10.1109/caidcd.2009.5374938,2010,2009
10.1109/caidcd.2009.5374939,2010,2009
10.1109/caidcd.2009.5375014,2010,2009
10.1109/caidcd.2009.5375037,2010,2009
10.1109/caidcd.2009.5375075,2010,2009
10.1109/caidcd.2009.5375234,2010,2009
10.1109/caidcd.2009.5375241,2010,2009
10.1109/caidcd.2009.5375244,2010,2009
10.1109/caidcd.2009.5375247,2010,2009
10.1109/caidcd.2009.5375299,2010,2009
10.1109/caidcd.2009.5375382,2010,2009
10.1109/cctae.2010.5543196,2010,2010
10.1109/cctae.2010.5543292,2010,2010
10.1109/cctae.2010.5543303,2010,2010
10.1109/cctae.2010.5543326,2010,2010
10.1109/cctae.2010.5543349,2010,2010
10.1109/cctae.2010.5543364,2010,2010
10.1109/cctae.2010.5543367,2010,2010
10.1109/cctae.2010.5543379,2010,2010
10.1109/cctae.2010.5543401,2010,2010
10.1109/cctae.2010.5543418,2010,2010
10.1109/cctae.2010.5543423,2010,2010
10.1109/cctae.2010.5543439,2010,2010
10.1109/cctae.2010.5543445,2010,2010
10.1109/cctae.2010.5543448,2010,2010
10.1109/cctae.2010.5543488,2010,2010
10.1109/cctae.2010.5543610,2010,2010
10.1109/cctae.2010.5543678,2010,2010
10.1109/cctae.2010.5543697,2010,2010
10.1109/cctae.2010.5543809,2010,2010
10.1109/cctae.2010.5543998,2010,2010
10.1109/cctae.2010.5544069,2010,2010
10.1109/cctae.2010.5544078,2010,2010
10.1109/cctae.2010.5544119,2010,2010
10.1109/cctae.2010.5544178,2010,2010
10.1109/cctae.2010.5544191,2010,2010
10.1109/cctae.2010.5544197,2010,2010
10.1109/cctae.2010.5544199,2010,2010
10.1109/cctae.2010.5544243,2010,2010
10.1109/cctae.2010.5544336,2010,2010
10.1109/cctae.2010.5544351,2010,2010
10.1109/cctae.2010.5544363,2010,2010
10.1109/cctae.2010.5544370,2010,2010
10.1109/cctae.2010.5544371,2010,2010
10.1109/cctae.2010.5544374,2010,2010
10.1109/cctae.2010.5544468,2010,2010
10.1109/cctae.2010.5544493,2010,2010
10.1109/cctae.2010.5544537,2010,2010
10.1109/cctae.2010.5544611,2010,2010
10.1109/cctae.2010.5544636,2010,2010
10.1109/cctae.2010.5544741,2010,2010
10.1109/cctae.2010.5544784,2010,2010
10.1109/cctae.2010.5544854,2010,2010
10.1109/cctae.2010.5544857,2010,2010
10.1109/cctae.2010.5544909,2010,2010
10.1109/cctae.2010.5544959,2010,2010
10.1109/cctae.2010.5545047,2010,2010
10.1109/cctae.2010.5545254,2010,2010
10.1109/cctae.2010.5545311,2010,2010
10.1109/cctae.2010.5545736,2010,2010
10.1109/cicc-itoe.2010.19,2010,2010
10.1109/cicc-itoe.2010.23,2010,2010
10.1109/cicc-itoe.2010.36,2010,2010
10.1109/cicc-itoe.2010.77,2010,2010
10.1109/cmce.2010.5609544,2010,2010
10.1109/cmce.2010.5609547,2010,2010
10.1109/cmce.2010.5609754,2010,2010
10.1109/cmce.2010.5609800,2010,2010
10.1109/cmce.2010.5609819,2010,2010
10.1109/cmce.2010.5609822,2010,2010
10.1109/cmce.2010.5609824,2010,2010
10.1109/cmce.2010.5609837,2010,2010
10.1109/cmce.2010.5609870,2010,2010
10.1109/cmce.2010.5609994,2010,2010
10.1109/cmce.2010.5610033,2010,2010
10.1109/cmce.2010.5610069,2010,2010
10.1109/cmce.2010.5610104,2010,2010
10.1109/cmce.2010.5610176,2010,2010
10.1109/cmce.2010.5610207,2010,2010
10.1109/cmce.2010.5610225,2010,2010
10.1109/cmce.2010.5610229,2010,2010
10.1109/cmce.2010.5610312,2010,2010
10.1109/cmce.2010.5610336,2010,2010
10.1109/cmce.2010.5610350,2010,2010
10.1109/cmce.2010.5610417,2010,2010
10.1109/cmce.2010.5610538,2010,2010
10.1109/dasc.2009.155,2010,2009
10.1109/edt.2010.5496369,2010,2010
10.1109/edt.2010.5496379,2010,2010
10.1109/edt.2010.5496388,2010,2010
10.1109/edt.2010.5496393,2010,2010
10.1109/edt.2010.5496397,2010,2010
10.1109/edt.2010.5496420,2010,2010
10.1109/edt.2010.5496421,2010,2010
10.1109/edt.2010.5496443,2010,2010
10.1109/edt.2010.5496455,2010,2010
10.1109/edt.2010.5496546,2010,2010
10.1109/edt.2010.5496547,2010,2010
10.1109/edt.2010.5496622,2010,2010
10.1109/edt.2010.5496628,2010,2010
10.1109/esiat.2010.5567207,2010,2010
10.1109/esiat.2010.5567215,2010,2009
10.1109/esiat.2010.5567219,2010,2010
10.1109/esiat.2010.5567225,2010,2010
10.1109/esiat.2010.5567251,2010,2010
10.1109/esiat.2010.5567263,2010,2010
10.1109/esiat.2010.5567268,2010,2010
10.1109/esiat.2010.5567318,2010,2010
10.1109/esiat.2010.5567324,2010,2010
10.1109/esiat.2010.5567341,2010,2010
10.1109/esiat.2010.5567361,2010,2010
10.1109/esiat.2010.5567374,2010,2010
10.1109/esiat.2010.5567381,2010,2010
10.1109/esiat.2010.5567383,2010,2010
10.1109/esiat.2010.5567400,2010,2010
10.1109/esiat.2010.5567403,2010,2010
10.1109/esiat.2010.5567407,2010,2010
10.1109/esiat.2010.5567418,2010,2010
10.1109/esiat.2010.5567426,2010,2010
10.1109/esiat.2010.5567429,2010,2010
10.1109/esiat.2010.5567442,2010,2010
10.1109/esiat.2010.5567444,2010,2010
10.1109/esiat.2010.5567458,2010,2010
10.1109/esiat.2010.5568267,2010,2010
10.1109/esiat.2010.5568269,2010,2010
10.1109/esiat.2010.5568285,2010,2010
10.1109/esiat.2010.5568290,2010,2010
10.1109/esiat.2010.5568294,2010,2010
10.1109/esiat.2010.5568313,2010,2010
10.1109/esiat.2010.5568318,2010,2010
10.1109/esiat.2010.5568336,2010,2010
10.1109/esiat.2010.5568347,2010,2010
10.1109/esiat.2010.5568353,2010,2010
10.1109/esiat.2010.5568361,2010,2010
10.1109/esiat.2010.5568362,2010,2010
10.1109/esiat.2010.5568383,2010,2010
10.1109/esiat.2010.5568385,2010,2010
10.1109/esiat.2010.5568386,2010,2010
10.1109/esiat.2010.5568389,2010,2010
10.1109/esiat.2010.5568392,2010,2010
10.1109/esiat.2010.5568393,2010,2010
10.1109/esiat.2010.5568395,2010,2010
10.1109/esiat.2010.5568397,2010,2010
10.1109/esiat.2010.5568398,2010,2010
10.1109/esiat.2010.5568403,2010,2010
10.1109/esiat.2010.5568421,2010,2010
10.1109/esiat.2010.5568424,2010,2010
10.1109/esiat.2010.5568425,2010,2010
10.1109/esiat.2010.5568447,2010,2010
10.1109/esiat.2010.5568455,2010,2010
10.1109/esiat.2010.5568461,2010,2010
10.1109/esiat.2010.5568467,2010,2010
10.1109/esiat.2010.5568471,2010,2010
10.1109/esiat.2010.5568477,2010,2010
10.1109/esiat.2010.5568490,2010,2010
10.1109/esiat.2010.5568493,2010,2010
10.1109/esiat.2010.5568498,2010,2010
10.1109/esiat.2010.5568505,2010,2010
10.1109/esiat.2010.5568526,2010,2010
10.1109/esiat.2010.5568536,2010,2010
10.1109/esiat.2010.5568537,2010,2010
10.1109/esiat.2010.5568544,2010,2010
10.1109/esiat.2010.5568556,2010,2010
10.1109/esiat.2010.5568569,2010,2010
10.1109/esiat.2010.5568574,2010,2010
10.1109/esiat.2010.5568721,2010,2010
10.1109/esiat.2010.5568724,2010,2010
10.1109/esiat.2010.5568728,2010,2010
10.1109/esiat.2010.5568732,2010,2010
10.1109/esiat.2010.5568736,2010,2010
10.1109/esiat.2010.5568862,2010,2010
10.1109/esiat.2010.5568892,2010,2010
10.1109/esiat.2010.5568918,2010,2010
10.1109/esiat.2010.5568921,2010,2010
10.1109/esiat.2010.5568923,2010,2010
10.1109/esiat.2010.5568924,2010,2010
10.1109/esiat.2010.5568934,2010,2010
10.1109/esiat.2010.5568950,2010,2010
10.1109/esiat.2010.5568956,2010,2010
10.1109/esiat.2010.5568960,2010,2010
10.1109/esiat.2010.5568964,2010,2010
10.1109/esiat.2010.5568967,2010,2010
10.1109/esiat.2010.5568977,2010,2010
10.1109/esiat.2010.5568983,2010,2010
10.1109/etcs.2010.100,2010,2010
10.1109/etcs.2010.11,2010,2010
10.1109/etcs.2010.113,2010,2010
10.1109/etcs.2010.119,2010,2010
10.1109/etcs.2010.120,2010,2010
10.1109/etcs.2010.121,2010,2010
10.1109/etcs.2010.125,2010,2010
10.1109/etcs.2010.13,2010,2010
10.1109/etcs.2010.131,2010,2010
10.1109/etcs.2010.132,2010,2010
10.1109/etcs.2010.142,2010,2010
10.1109/etcs.2010.145,2010,2010
10.1109/etcs.2010.147,2010,2010
10.1109/etcs.2010.153,2010,2010
10.1109/etcs.2010.155,2010,2010
10.1109/etcs.2010.162,2010,2010
10.1109/etcs.2010.163,2010,2010
10.1109/etcs.2010.171,2010,2010
10.1109/etcs.2010.172,2010,2010
10.1109/etcs.2010.180,2010,2010
10.1109/etcs.2010.182,2010,2010
10.1109/etcs.2010.202,2010,2010
10.1109/etcs.2010.203,2010,2010
10.1109/etcs.2010.209,2010,2010
10.1109/etcs.2010.211,2010,2010
10.1109/etcs.2010.219,2010,2010
10.1109/etcs.2010.220,2010,2010
10.1109/etcs.2010.225,2010,2010
10.1109/etcs.2010.233,2010,2010
10.1109/etcs.2010.235,2010,2010
10.1109/etcs.2010.242,2010,2010
10.1109/etcs.2010.249,2010,2010
10.1109/etcs.2010.250,2010,2010
10.1109/etcs.2010.253,2010,2010
10.1109/etcs.2010.259,2010,2010
10.1109/etcs.2010.260,2010,2010
10.1109/etcs.2010.263,2010,2010
10.1109/etcs.2010.277,2010,2010
10.1109/etcs.2010.278,2010,2010
10.1109/etcs.2010.281,2010,2010
10.1109/etcs.2010.29,2010,2010
10.1109/etcs.2010.297,2010,2010
10.1109/etcs.2010.30,2010,2010
10.1109/etcs.2010.301,2010,2010
10.1109/etcs.2010.309,2010,2010
10.1109/etcs.2010.311,2010,2010
10.1109/etcs.2010.324,2010,2010
10.1109/etcs.2010.327,2010,2010
10.1109/etcs.2010.329,2010,2010
10.1109/etcs.2010.332,2010,2010
10.1109/etcs.2010.333,2010,2010
10.1109/etcs.2010.334,2010,2010
10.1109/etcs.2010.335,2010,2010
10.1109/etcs.2010.341,2010,2010
10.1109/etcs.2010.342,2010,2010
10.1109/etcs.2010.354,2010,2010
10.1109/etcs.2010.356,2010,2010
10.1109/etcs.2010.36,2010,2010
10.1109/etcs.2010.369,2010,2010
10.1109/etcs.2010.370,2010,2010
10.1109/etcs.2010.372,2010,2010
10.1109/etcs.2010.387,2010,2010
10.1109/etcs.2010.393,2010,2010
10.1109/etcs.2010.396,2010,2010
10.1109/etcs.2010.398,2010,2010
10.1109/etcs.2010.40,2010,2010
10.1109/etcs.2010.400,2010,2010
10.1109/etcs.2010.402,2010,2010
10.1109/etcs.2010.403,2010,2010
10.1109/etcs.2010.406,2010,2010
10.1109/etcs.2010.410,2010,2010
10.1109/etcs.2010.415,2010,2010
10.1109/etcs.2010.427,2010,2010
10.1109/etcs.2010.428,2010,2010
10.1109/etcs.2010.436,2010,2010
10.1109/etcs.2010.441,2010,2010
10.1109/etcs.2010.452,2010,2010
10.1109/etcs.2010.454,2010,2010
10.1109/etcs.2010.458,2010,2010
10.1109/etcs.2010.46,2010,2010
10.1109/etcs.2010.461,2010,2010
10.1109/etcs.2010.462,2010,2010
10.1109/etcs.2010.463,2010,2010
10.1109/etcs.2010.469,2010,2010
10.1109/etcs.2010.474,2010,2010
10.1109/etcs.2010.489,2010,2010
10.1109/etcs.2010.490,2010,2010
10.1109/etcs.2010.495,2010,2010
10.1109/etcs.2010.497,2010,2010
10.1109/etcs.2010.50,2010,2010
10.1109/etcs.2010.503,2010,2010
10.1109/etcs.2010.511,2010,2010
10.1109/etcs.2010.512,2010,2010
10.1109/etcs.2010.513,2010,2010
10.1109/etcs.2010.518,2010,2010
10.1109/etcs.2010.532,2010,2010
10.1109/etcs.2010.537,2010,2010
10.1109/etcs.2010.542,2010,2010
10.1109/etcs.2010.543,2010,2010
10.1109/etcs.2010.546,2010,2010
10.1109/etcs.2010.549,2010,2010
10.1109/etcs.2010.55,2010,2010
10.1109/etcs.2010.552,2010,2010
10.1109/etcs.2010.56,2010,2010
10.1109/etcs.2010.561,2010,2010
10.1109/etcs.2010.562,2010,2010
10.1109/etcs.2010.566,2010,2010
10.1109/etcs.2010.569,2010,2010
10.1109/etcs.2010.579,2010,2010
10.1109/etcs.2010.58,2010,2010
10.1109/etcs.2010.585,2010,2010
10.1109/etcs.2010.587,2010,2010
10.1109/etcs.2010.594,2010,2010
10.1109/etcs.2010.596,2010,2010
10.1109/etcs.2010.603,2010,2010
10.1109/etcs.2010.625,2010,2010
10.1109/etcs.2010.632,2010,2010
10.1109/etcs.2010.70,2010,2010
10.1109/etcs.2010.77,2010,2010
10.1109/etcs.2010.80,2010,2010
10.1109/etcs.2010.84,2010,2010
10.1109/etcs.2010.91,2010,2010
10.1109/etcs.2010.92,2010,2010
10.1109/ett.2009.100,2010,2009
10.1109/ett.2009.101,2010,2009
10.1109/ett.2009.103,2010,2009
10.1109/ett.2009.13,2010,2009
10.1109/ett.2009.26,2010,2009
10.1109/ett.2009.27,2010,2009
10.1109/ett.2009.28,2010,2009
10.1109/ett.2009.31,2010,2009
10.1109/ett.2009.39,2010,2009
10.1109/ett.2009.46,2010,2009
10.1109/ett.2009.56,2010,2009
10.1109/ett.2009.60,2010,2009
10.1109/ett.2009.66,2010,2009
10.1109/ett.2009.67,2010,2009
10.1109/ett.2009.82,2010,2009
10.1109/ett.2009.83,2010,2009
10.1109/ett.2009.85,2010,2009
10.1109/ett.2009.87,2010,2009
10.1109/ett.2009.88,2010,2009
10.1109/ett.2009.93,2010,2009
10.1109/ett.2009.95,2010,2009
10.1109/ett.2009.99,2010,2009
10.1109/fitme.2009.112,2010,2009
10.1109/fitme.2009.118,2010,2009
10.1109/fitme.2009.55,2010,2009
10.1109/fitme.2009.88,2010,2009
10.1109/fitme.2009.9,2010,2009
10.1109/fitme.2010.5654699,2010,2010
10.1109/fitme.2010.5654702,2010,2010
10.1109/fitme.2010.5654729,2010,2010
10.1109/fitme.2010.5654808,2010,2010
10.1109/fitme.2010.5654809,2010,2010
10.1109/fitme.2010.5654834,2010,2010
10.1109/fitme.2010.5654866,2010,2010
10.1109/fitme.2010.5654870,2010,2010
10.1109/fitme.2010.5654901,2010,2010
10.1109/fitme.2010.5655605,2010,2010
10.1109/fitme.2010.5655606,2010,2010
10.1109/fitme.2010.5655679,2010,2010
10.1109/fitme.2010.5655691,2010,2010
10.1109/fitme.2010.5655700,2010,2010
10.1109/fitme.2010.5655784,2010,2010
10.1109/fitme.2010.5655797,2010,2010
10.1109/fitme.2010.5656204,2010,2010
10.1109/fitme.2010.5656228,2010,2010
10.1109/fitme.2010.5656235,2010,2010
10.1109/fitme.2010.5656534,2010,2010
10.1109/fitme.2010.5656557,2010,2010
10.1109/fitme.2010.5656722,2010,2010
10.1109/ic4e.2010.101,2010,2010
10.1109/ic4e.2010.107,2010,2010
10.1109/ic4e.2010.115,2010,2010
10.1109/ic4e.2010.120,2010,2010
10.1109/ic4e.2010.135,2010,2010
10.1109/ic4e.2010.14,2010,2010
10.1109/ic4e.2010.151,2010,2010
10.1109/icacc.2010.5486641,2010,2010
10.1109/icacc.2010.5486663,2010,2010
10.1109/icacc.2010.5486716,2010,2010
10.1109/icacc.2010.5486744,2010,2010
10.1109/icacc.2010.5486767,2010,2010
10.1109/icacc.2010.5486769,2010,2010
10.1109/icacc.2010.5486771,2010,2010
10.1109/icacc.2010.5486791,2010,2010
10.1109/icacc.2010.5486826,2010,2010
10.1109/icacc.2010.5486852,2010,2010
10.1109/icacc.2010.5486858,2010,2010
10.1109/icacc.2010.5486868,2010,2010
10.1109/icacc.2010.5486897,2010,2010
10.1109/icacc.2010.5486898,2010,2010
10.1109/icacc.2010.5486901,2010,2010
10.1109/icacc.2010.5486906,2010,2010
10.1109/icacc.2010.5486917,2010,2010
10.1109/icacc.2010.5487009,2010,2010
10.1109/icacc.2010.5487017,2010,2010
10.1109/icacc.2010.5487035,2010,2010
10.1109/icacc.2010.5487049,2010,2010
10.1109/icacc.2010.5487060,2010,2010
10.1109/icacc.2010.5487073,2010,2010
10.1109/icacc.2010.5487106,2010,2010
10.1109/icacc.2010.5487108,2010,2010
10.1109/icacc.2010.5487111,2010,2010
10.1109/icacc.2010.5487113,2010,2010
10.1109/icacc.2010.5487165,2010,2010
10.1109/icacc.2010.5487178,2010,2010
10.1109/icacc.2010.5487207,2010,2010
10.1109/icacc.2010.5487247,2010,2010
10.1109/icacc.2010.5487254,2010,2010
10.1109/icacc.2010.5487274,2010,2010
10.1109/icacte.2010.5578992,2010,2010
10.1109/icacte.2010.5579126,2010,2010
10.1109/icacte.2010.5579292,2010,2010
10.1109/icacte.2010.5579333,2010,2010
10.1109/icacte.2010.5579585,2010,2010
10.1109/icacte.2010.5579602,2010,2010
10.1109/icadvc.2009.5378250,2010,2009
10.1109/icams.2010.5552833,2010,2010
10.1109/icams.2010.5552836,2010,2010
10.1109/icams.2010.5552849,2010,2010
10.1109/icams.2010.5552863,2010,2010
10.1109/icams.2010.5552866,2010,2010
10.1109/icams.2010.5552874,2010,2010
10.1109/icams.2010.5552877,2010,2010
10.1109/icams.2010.5552878,2010,2010
10.1109/icams.2010.5552879,2010,2010
10.1109/icams.2010.5552890,2010,2010
10.1109/icams.2010.5552907,2010,2010
10.1109/icams.2010.5552908,2010,2010
10.1109/icams.2010.5552909,2010,2010
10.1109/icams.2010.5552910,2010,2010
10.1109/icams.2010.5552912,2010,2010
10.1109/icams.2010.5552914,2010,2010
10.1109/icams.2010.5552919,2010,2010
10.1109/icams.2010.5552925,2010,2010
10.1109/icams.2010.5552928,2010,2010
10.1109/icams.2010.5552931,2010,2010
10.1109/icams.2010.5552933,2010,2010
10.1109/icams.2010.5552934,2010,2010
10.1109/icams.2010.5552935,2010,2010
10.1109/icams.2010.5552937,2010,2010
10.1109/icams.2010.5552943,2010,2010
10.1109/icams.2010.5552946,2010,2010
10.1109/icams.2010.5552947,2010,2010
10.1109/icams.2010.5552948,2010,2010
10.1109/icams.2010.5552949,2010,2010
10.1109/icams.2010.5552950,2010,2010
10.1109/icams.2010.5552953,2010,2010
10.1109/icams.2010.5552957,2010,2010
10.1109/icams.2010.5552962,2010,2010
10.1109/icams.2010.5552974,2010,2010
10.1109/icams.2010.5552975,2010,2010
10.1109/icams.2010.5552978,2010,2010
10.1109/icams.2010.5552979,2010,2010
10.1109/icams.2010.5552981,2010,2010
10.1109/icams.2010.5552983,2010,2010
10.1109/icams.2010.5552995,2010,2010
10.1109/icams.2010.5552996,2010,2010
10.1109/icams.2010.5553007,2010,2010
10.1109/icams.2010.5553009,2010,2010
10.1109/icams.2010.5553019,2010,2010
10.1109/icams.2010.5553029,2010,2010
10.1109/icams.2010.5553031,2010,2010
10.1109/icams.2010.5553038,2010,2010
10.1109/icams.2010.5553041,2010,2010
10.1109/icams.2010.5553044,2010,2010
10.1109/icams.2010.5553049,2010,2010
10.1109/icams.2010.5553051,2010,2010
10.1109/icams.2010.5553055,2010,2010
10.1109/icams.2010.5553057,2010,2010
10.1109/icams.2010.5553062,2010,2010
10.1109/icams.2010.5553066,2010,2010
10.1109/icams.2010.5553073,2010,2010
10.1109/icams.2010.5553077,2010,2010
10.1109/icams.2010.5553078,2010,2010
10.1109/icams.2010.5553080,2010,2010
10.1109/icams.2010.5553082,2010,2010
10.1109/icams.2010.5553083,2010,2010
10.1109/icams.2010.5553089,2010,2010
10.1109/icams.2010.5553094,2010,2010
10.1109/icams.2010.5553095,2010,2010
10.1109/icams.2010.5553096,2010,2010
10.1109/icams.2010.5553098,2010,2010
10.1109/icams.2010.5553100,2010,2010
10.1109/icams.2010.5553101,2010,2010
10.1109/icams.2010.5553104,2010,2010
10.1109/icams.2010.5553106,2010,2010
10.1109/icams.2010.5553113,2010,2010
10.1109/icams.2010.5553118,2010,2010
10.1109/icams.2010.5553121,2010,2010
10.1109/icams.2010.5553126,2010,2010
10.1109/icams.2010.5553140,2010,2010
10.1109/icams.2010.5553144,2010,2010
10.1109/icams.2010.5553145,2010,2010
10.1109/icams.2010.5553147,2010,2010
10.1109/icams.2010.5553150,2010,2010
10.1109/icams.2010.5553153,2010,2010
10.1109/icams.2010.5553154,2010,2010
10.1109/icams.2010.5553155,2010,2010
10.1109/icams.2010.5553165,2010,2010
10.1109/icams.2010.5553166,2010,2010
10.1109/icams.2010.5553170,2010,2010
10.1109/icams.2010.5553174,2010,2010
10.1109/icams.2010.5553186,2010,2010
10.1109/icams.2010.5553190,2010,2010
10.1109/icams.2010.5553195,2010,2010
10.1109/icams.2010.5553197,2010,2010
10.1109/icams.2010.5553200,2010,2010
10.1109/icams.2010.5553205,2010,2010
10.1109/icams.2010.5553206,2010,2010
10.1109/icams.2010.5553212,2010,2010
10.1109/icams.2010.5553219,2010,2010
10.1109/icams.2010.5553223,2010,2010
10.1109/icams.2010.5553224,2010,2010
10.1109/icams.2010.5553236,2010,2010
10.1109/icams.2010.5553238,2010,2010
10.1109/icams.2010.5553239,2010,2010
10.1109/icams.2010.5553246,2010,2010
10.1109/icams.2010.5553250,2010,2010
10.1109/icams.2010.5553253,2010,2010
10.1109/icams.2010.5553268,2010,2010
10.1109/icams.2010.5553269,2010,2010
10.1109/icams.2010.5553271,2010,2010
10.1109/icams.2010.5553272,2010,2010
10.1109/icams.2010.5553291,2010,2010
10.1109/icams.2010.5553299,2010,2010
10.1109/icams.2010.5553302,2010,2010
10.1109/iccasm.2010.5618998,2010,2010
10.1109/iccasm.2010.5619006,2010,2010
10.1109/iccasm.2010.5619032,2010,2010
10.1109/iccasm.2010.5619090,2010,2010
10.1109/iccasm.2010.5619100,2010,2010
10.1109/iccasm.2010.5619105,2010,2010
10.1109/iccasm.2010.5619203,2010,2010
10.1109/iccasm.2010.5619252,2010,2010
10.1109/iccasm.2010.5619281,2010,2010
10.1109/iccasm.2010.5619297,2010,2010
10.1109/iccasm.2010.5619302,2010,2010
10.1109/iccasm.2010.5619335,2010,2010
10.1109/iccasm.2010.5619351,2010,2010
10.1109/iccasm.2010.5619357,2010,2010
10.1109/iccasm.2010.5619365,2010,2010
10.1109/iccasm.2010.5620000,2010,2010
10.1109/iccasm.2010.5620078,2010,2010
10.1109/iccasm.2010.5620109,2010,2010
10.1109/iccasm.2010.5620123,2010,2010
10.1109/iccasm.2010.5620163,2010,2010
10.1109/iccasm.2010.5620202,2010,2010
10.1109/iccasm.2010.5620247,2010,2010
10.1109/iccasm.2010.5620260,2010,2010
10.1109/iccasm.2010.5620336,2010,2010
10.1109/iccasm.2010.5620341,2010,2010
10.1109/iccasm.2010.5620344,2010,2010
10.1109/iccasm.2010.5620394,2010,2010
10.1109/iccasm.2010.5620396,2010,2010
10.1109/iccasm.2010.5620452,2010,2010
10.1109/iccasm.2010.5620483,2010,2010
10.1109/iccasm.2010.5620500,2010,2010
10.1109/iccasm.2010.5620558,2010,2010
10.1109/iccasm.2010.5620744,2010,2010
10.1109/iccasm.2010.5620757,2010,2010
10.1109/iccasm.2010.5620770,2010,2010
10.1109/iccasm.2010.5620794,2010,2010
10.1109/iccasm.2010.5620796,2010,2010
10.1109/iccasm.2010.5620797,2010,2010
10.1109/iccasm.2010.5622124,2010,2010
10.1109/iccasm.2010.5622175,2010,2010
10.1109/iccasm.2010.5622181,2010,2010
10.1109/iccasm.2010.5622243,2010,2010
10.1109/iccasm.2010.5622314,2010,2010
10.1109/iccasm.2010.5622344,2010,2010
10.1109/iccasm.2010.5622397,2010,2010
10.1109/iccasm.2010.5622398,2010,2010
10.1109/iccasm.2010.5622468,2010,2010
10.1109/iccasm.2010.5622494,2010,2010
10.1109/iccasm.2010.5622533,2010,2010
10.1109/iccasm.2010.5622541,2010,2010
10.1109/iccasm.2010.5622573,2010,2010
10.1109/iccasm.2010.5622637,2010,2010
10.1109/iccasm.2010.5622702,2010,2010
10.1109/iccasm.2010.5622723,2010,2010
10.1109/iccasm.2010.5622788,2010,2010
10.1109/iccasm.2010.5622833,2010,2010
10.1109/iccasm.2010.5622838,2010,2010
10.1109/iccasm.2010.5622982,2010,2010
10.1109/iccasm.2010.5622992,2010,2010
10.1109/iccasm.2010.5623006,2010,2010
10.1109/iccasm.2010.5623056,2010,2010
10.1109/iccasm.2010.5623063,2010,2010
10.1109/iccasm.2010.5623067,2010,2010
10.1109/iccasm.2010.5623077,2010,2010
10.1109/iccasm.2010.5623079,2010,2010
10.1109/iccasm.2010.5623096,2010,2010
10.1109/iccasm.2010.5623120,2010,2010
10.1109/iccasm.2010.5623151,2010,2010
10.1109/iccasm.2010.5623162,2010,2010
10.1109/iccasm.2010.5623192,2010,2010
10.1109/iccasm.2010.5623203,2010,2010
10.1109/iccasm.2010.5623204,2010,2010
10.1109/iccasm.2010.5623272,2010,2010
10.1109/icccnt.2010.5592604,2010,2010
10.1109/iccea.2010.288,2010,2010
10.1109/iccea.2010.97,2010,2010
10.1109/iccee.2009.59,2010,2009
10.1109/iccet.2010.5485327,2010,2010
10.1109/iccet.2010.5485353,2010,2010
10.1109/iccet.2010.5485380,2010,2010
10.1109/iccet.2010.5485427,2010,2010
10.1109/iccet.2010.5485435,2010,2010
10.1109/iccet.2010.5485437,2010,2010
10.1109/iccet.2010.5485452,2010,2010
10.1109/iccet.2010.5485526,2010,2010
10.1109/iccet.2010.5485551,2010,2010
10.1109/iccet.2010.5485555,2010,2010
10.1109/iccet.2010.5485604,2010,2010
10.1109/iccet.2010.5485619,2010,2010
10.1109/iccet.2010.5485625,2010,2010
10.1109/iccet.2010.5485640,2010,2010
10.1109/iccet.2010.5485701,2010,2010
10.1109/iccet.2010.5485728,2010,2010
10.1109/iccet.2010.5485737,2010,2010
10.1109/iccet.2010.5485767,2010,2010
10.1109/iccet.2010.5485794,2010,2010
10.1109/iccet.2010.5485809,2010,2010
10.1109/iccet.2010.5485811,2010,2010
10.1109/iccet.2010.5485815,2010,2010
10.1109/iccet.2010.5485838,2010,2010
10.1109/iccet.2010.5485867,2010,2010
10.1109/iccet.2010.5485912,2010,2010
10.1109/iccet.2010.5485914,2010,2010
10.1109/iccet.2010.5485917,2010,2010
10.1109/iccet.2010.5485921,2010,2010
10.1109/iccet.2010.5485952,2010,2010
10.1109/iccet.2010.5485993,2010,2010
10.1109/iccet.2010.5486000,2010,2010
10.1109/iccet.2010.5486011,2010,2010
10.1109/iccet.2010.5486022,2010,2010
10.1109/iccet.2010.5486034,2010,2010
10.1109/iccet.2010.5486050,2010,2010
10.1109/iccet.2010.5486053,2010,2010
10.1109/iccet.2010.5486060,2010,2010
10.1109/iccet.2010.5486074,2010,2010
10.1109/iccet.2010.5486085,2010,2010
10.1109/iccet.2010.5486136,2010,2010
10.1109/iccet.2010.5486165,2010,2010
10.1109/iccet.2010.5486173,2010,2010
10.1109/iccet.2010.5486176,2010,2010
10.1109/iccet.2010.5486207,2010,2010
10.1109/iccet.2010.5486211,2010,2010
10.1109/iccet.2010.5486217,2010,2010
10.1109/iccet.2010.5486231,2010,2010
10.1109/iccet.2010.5486296,2010,2010
10.1109/iccet.2010.5486302,2010,2010
10.1109/iccet.2010.5486318,2010,2010
10.1109/iccet.2010.5486323,2010,2010
10.1109/iccet.2010.5486329,2010,2010
10.1109/iccms.2010.193,2010,2010
10.1109/iccms.2010.197,2010,2010
10.1109/iccms.2010.210,2010,2010
10.1109/iccms.2010.217,2010,2010
10.1109/iccms.2010.252,2010,2010
10.1109/iccms.2010.28,2010,2010
10.1109/iccms.2010.30,2010,2010
10.1109/iccms.2010.321,2010,2010
10.1109/iccms.2010.378,2010,2010
10.1109/iccms.2010.440,2010,2010
10.1109/iccms.2010.78,2010,2010
10.1109/iccsit.2010.5563524,2010,2010
10.1109/iccsit.2010.5563540,2010,2010
10.1109/iccsit.2010.5563586,2010,2010
10.1109/iccsit.2010.5563593,2010,2010
10.1109/iccsit.2010.5563606,2010,2010
10.1109/iccsit.2010.5563611,2010,2010
10.1109/iccsit.2010.5563619,2010,2010
10.1109/iccsit.2010.5563656,2010,2010
10.1109/iccsit.2010.5563689,2010,2010
10.1109/iccsit.2010.5563699,2010,2010
10.1109/iccsit.2010.5563701,2010,2010
10.1109/iccsit.2010.5563705,2010,2010
10.1109/iccsit.2010.5563706,2010,2010
10.1109/iccsit.2010.5563719,2010,2010
10.1109/iccsit.2010.5563731,2010,2010
10.1109/iccsit.2010.5563742,2010,2010
10.1109/iccsit.2010.5563743,2010,2010
10.1109/iccsit.2010.5563746,2010,2010
10.1109/iccsit.2010.5563755,2010,2010
10.1109/iccsit.2010.5563794,2010,2010
10.1109/iccsit.2010.5563811,2010,2010
10.1109/iccsit.2010.5563821,2010,2010
10.1109/iccsit.2010.5563825,2010,2010
10.1109/iccsit.2010.5563842,2010,2010
10.1109/iccsit.2010.5563868,2010,2010
10.1109/iccsit.2010.5563870,2010,2010
10.1109/iccsit.2010.5563887,2010,2010
10.1109/iccsit.2010.5563890,2010,2010
10.1109/iccsit.2010.5563893,2010,2010
10.1109/iccsit.2010.5563907,2010,2010
10.1109/iccsit.2010.5563921,2010,2010
10.1109/iccsit.2010.5563943,2010,2010
10.1109/iccsit.2010.5563951,2010,2010
10.1109/iccsit.2010.5563955,2010,2010
10.1109/iccsit.2010.5563971,2010,2010
10.1109/iccsit.2010.5563985,2010,2010
10.1109/iccsit.2010.5564003,2010,2010
10.1109/iccsit.2010.5564005,2010,2010
10.1109/iccsit.2010.5564021,2010,2010
10.1109/iccsit.2010.5564038,2010,2010
10.1109/iccsit.2010.5564043,2010,2010
10.1109/iccsit.2010.5564063,2010,2010
10.1109/iccsit.2010.5564084,2010,2010
10.1109/iccsit.2010.5564093,2010,2010
10.1109/iccsit.2010.5564122,2010,2010
10.1109/iccsit.2010.5564418,2010,2010
10.1109/iccsit.2010.5564469,2010,2010
10.1109/iccsit.2010.5564482,2010,2010
10.1109/iccsit.2010.5564485,2010,2010
10.1109/iccsit.2010.5564513,2010,2010
10.1109/iccsit.2010.5564523,2010,2010
10.1109/iccsit.2010.5564527,2010,2010
10.1109/iccsit.2010.5564553,2010,2010
10.1109/iccsit.2010.5564562,2010,2010
10.1109/iccsit.2010.5564568,2010,2010
10.1109/iccsit.2010.5564575,2010,2010
10.1109/iccsit.2010.5564582,2010,2010
10.1109/iccsit.2010.5564597,2010,2010
10.1109/iccsit.2010.5564606,2010,2010
10.1109/iccsit.2010.5564614,2010,2010
10.1109/iccsit.2010.5564617,2010,2010
10.1109/iccsit.2010.5564630,2010,2010
10.1109/iccsit.2010.5564635,2010,2010
10.1109/iccsit.2010.5564639,2010,2010
10.1109/iccsit.2010.5564643,2010,2010
10.1109/iccsit.2010.5564644,2010,2010
10.1109/iccsit.2010.5564645,2010,2010
10.1109/iccsit.2010.5564651,2010,2010
10.1109/iccsit.2010.5564664,2010,2010
10.1109/iccsit.2010.5564672,2010,2010
10.1109/iccsit.2010.5564722,2010,2010
10.1109/iccsit.2010.5564732,2010,2010
10.1109/iccsit.2010.5564774,2010,2010
10.1109/iccsit.2010.5564775,2010,2010
10.1109/iccsit.2010.5564776,2010,2010
10.1109/iccsit.2010.5564796,2010,2010
10.1109/iccsit.2010.5564797,2010,2010
10.1109/iccsit.2010.5564803,2010,2010
10.1109/iccsit.2010.5564813,2010,2010
10.1109/iccsit.2010.5564822,2010,2010
10.1109/iccsit.2010.5564833,2010,2010
10.1109/iccsit.2010.5564869,2010,2010
10.1109/iccsit.2010.5564886,2010,2010
10.1109/iccsit.2010.5564907,2010,2010
10.1109/iccsit.2010.5564908,2010,2010
10.1109/iccsit.2010.5564913,2010,2010
10.1109/iccsit.2010.5564915,2010,2010
10.1109/iccsit.2010.5564917,2010,2010
10.1109/iccsit.2010.5564926,2010,2010
10.1109/iccsit.2010.5564934,2010,2010
10.1109/iccsit.2010.5564939,2010,2010
10.1109/iccsit.2010.5564975,2010,2010
10.1109/iccsit.2010.5564995,2010,2010
10.1109/iccsit.2010.5564997,2010,2010
10.1109/iccsit.2010.5565035,2010,2010
10.1109/iccsit.2010.5565048,2010,2010
10.1109/iccsit.2010.5565049,2010,2010
10.1109/iccsit.2010.5565051,2010,2010
10.1109/iccsit.2010.5565082,2010,2010
10.1109/iccsit.2010.5565100,2010,2010
10.1109/iccsit.2010.5565114,2010,2010
10.1109/iccsit.2010.5565121,2010,2010
10.1109/iccsit.2010.5565149,2010,2010
10.1109/iccsit.2010.5565155,2010,2010
10.1109/iccsit.2010.5565182,2010,2010
10.1109/iccsit.2010.5565184,2010,2010
10.1109/iccsit.2010.5565186,2010,2010
10.1109/iccsit.2010.5565192,2010,2010
10.1109/iccsit.2010.5565326,2010,2010
10.1109/iccsit.2010.5565327,2010,2010
10.1109/icdim.2010.5664650,2010,2010
10.1109/icece.2010.1381,2010,2010
10.1109/icecs.2009.5410829,2010,2009
10.1109/icee.2010.1143,2010,2010
10.1109/icee.2010.838,2010,2010
10.1109/iceit.2010.5607507,2010,2010
10.1109/iceit.2010.5607511,2010,2010
10.1109/iceit.2010.5607514,2010,2010
10.1109/iceit.2010.5607533,2010,2010
10.1109/iceit.2010.5607538,2010,2010
10.1109/iceit.2010.5607584,2010,2010
10.1109/iceit.2010.5607592,2010,2010
10.1109/iceit.2010.5607643,2010,2010
10.1109/iceit.2010.5607647,2010,2010
10.1109/iceit.2010.5607651,2010,2010
10.1109/iceit.2010.5607652,2010,2010
10.1109/iceit.2010.5607661,2010,2010
10.1109/iceit.2010.5607678,2010,2010
10.1109/iceit.2010.5607686,2010,2010
10.1109/iceit.2010.5607729,2010,2010
10.1109/iceit.2010.5607748,2010,2010
10.1109/iceit.2010.5607769,2010,2010
10.1109/iceit.2010.5607789,2010,2010
10.1109/iceit.2010.5608351,2010,2010
10.1109/iceit.2010.5608363,2010,2010
10.1109/iceit.2010.5608391,2010,2010
10.1109/iceit.2010.5608415,2010,2010
10.1109/iceit.2010.5608425,2010,2010
10.1109/icemms.2010.5563395,2010,2010
10.1109/icemms.2010.5563412,2010,2010
10.1109/icemms.2010.5563416,2010,2010
10.1109/icemms.2010.5563428,2010,2010
10.1109/icemms.2010.5563429,2010,2010
10.1109/icemms.2010.5563435,2010,2010
10.1109/icemms.2010.5563450,2010,2010
10.1109/icemms.2010.5563451,2010,2010
10.1109/icemms.2010.5563455,2010,2010
10.1109/icemms.2010.5563472,2010,2010
10.1109/icemms.2010.5563511,2010,2010
10.1109/icemms.2010.5563512,2010,2010
10.1109/icent.2010.5532094,2010,2010
10.1109/icent.2010.5532099,2010,2010
10.1109/icent.2010.5532113,2010,2010
10.1109/icent.2010.5532114,2010,2010
10.1109/icent.2010.5532116,2010,2010
10.1109/icent.2010.5532117,2010,2010
10.1109/icent.2010.5532124,2010,2010
10.1109/icent.2010.5532127,2010,2010
10.1109/icent.2010.5532134,2010,2010
10.1109/icent.2010.5532152,2010,2010
10.1109/icent.2010.5532154,2010,2010
10.1109/icent.2010.5532157,2010,2010
10.1109/icent.2010.5532165,2010,2010
10.1109/icent.2010.5532184,2010,2010
10.1109/icent.2010.5532188,2010,2010
10.1109/icent.2010.5532196,2010,2010
10.1109/icent.2010.5532198,2010,2010
10.1109/icent.2010.5532203,2010,2010
10.1109/icent.2010.5532266,2010,2010
10.1109/icent.2010.5532274,2010,2010
10.1109/icetc.2010.5529198,2010,2010
10.1109/icetc.2010.5529209,2010,2010
10.1109/icetc.2010.5529210,2010,2010
10.1109/icetc.2010.5529216,2010,2010
10.1109/icetc.2010.5529237,2010,2010
10.1109/icetc.2010.5529282,2010,2010
10.1109/icetc.2010.5529295,2010,2010
10.1109/icetc.2010.5529324,2010,2010
10.1109/icetc.2010.5529325,2010,2010
10.1109/icetc.2010.5529356,2010,2010
10.1109/icetc.2010.5529376,2010,2010
10.1109/icetc.2010.5529518,2010,2010
10.1109/icetc.2010.5529519,2010,2010
10.1109/icetc.2010.5529537,2010,2010
10.1109/icetc.2010.5529545,2010,2010
10.1109/icetc.2010.5529558,2010,2010
10.1109/icetc.2010.5529593,2010,2010
10.1109/icetc.2010.5529623,2010,2010
10.1109/icetc.2010.5529693,2010,2010
10.1109/icetet.2009.154,2010,2009
10.1109/icicci.2010.108,2010,2010
10.1109/icicci.2010.11,2010,2010
10.1109/icicci.2010.131,2010,2010
10.1109/icicci.2010.134,2010,2010
10.1109/icicci.2010.20,2010,2010
10.1109/icicci.2010.29,2010,2010
10.1109/icicci.2010.61,2010,2010
10.1109/icicci.2010.71,2010,2010
10.1109/icicci.2010.74,2010,2010
10.1109/icicci.2010.75,2010,2010
10.1109/icicci.2010.86,2010,2010
10.1109/icicci.2010.9,2010,2010
10.1109/icicci.2010.91,2010,2010
10.1109/icicci.2010.97,2010,2010
10.1109/icicisys.2010.5658333,2010,2010
10.1109/icicisys.2010.5658382,2010,2010
10.1109/icicisys.2010.5658383,2010,2010
10.1109/icicisys.2010.5658413,2010,2010
10.1109/icicisys.2010.5658473,2010,2010
10.1109/icicisys.2010.5658646,2010,2010
10.1109/icicse.2009.56,2010,2009
10.1109/iciecs.2010.5677696,2010,2010
10.1109/iciecs.2010.5677705,2010,2010
10.1109/iciecs.2010.5677715,2010,2010
10.1109/iciecs.2010.5677716,2010,2010
10.1109/iciecs.2010.5677736,2010,2010
10.1109/iciecs.2010.5677743,2010,2010
10.1109/iciecs.2010.5677750,2010,2010
10.1109/iciecs.2010.5677760,2010,2010
10.1109/iciecs.2010.5677770,2010,2010
10.1109/iciecs.2010.5677772,2010,2010
10.1109/iciecs.2010.5677895,2010,2010
10.1109/iciecs.2010.5678123,2010,2010
10.1109/iciecs.2010.5678132,2010,2010
10.1109/iciecs.2010.5678200,2010,2010
10.1109/iciecs.2010.5678206,2010,2010
10.1109/iciecs.2010.5678219,2010,2010
10.1109/iciecs.2010.5678220,2010,2010
10.1109/iciecs.2010.5678226,2010,2010
10.1109/iciecs.2010.5678227,2010,2010
10.1109/iciecs.2010.5678239,2010,2010
10.1109/iciecs.2010.5678248,2010,2010
10.1109/iciecs.2010.5678252,2010,2010
10.1109/iciecs.2010.5678275,2010,2010
10.1109/iciecs.2010.5678296,2010,2010
10.1109/iciecs.2010.5678312,2010,2010
10.1109/iciecs.2010.5678390,2010,2010
10.1109/iciecs.2010.5678399,2010,2010
10.1109/iciecs.2010.5678410,2010,2010
10.1109/iciecs.2010.5678418,2010,2010
10.1109/iciecs.2010.5678419,2010,2010
10.1109/iciecs.2010.5678424,2010,2010
10.1109/iciecs.2010.5678427,2010,2010
10.1109/icife.2010.5609375,2010,2010
10.1109/icife.2010.5609414,2010,2010
10.1109/icife.2010.5609493,2010,2010
10.1109/icimt.2009.106,2010,2009
10.1109/icimt.2009.13,2010,2009
10.1109/icimt.2009.74,2010,2009
10.1109/icina.2010.5636433,2010,2010
10.1109/icina.2010.5636499,2010,2010
10.1109/icina.2010.5636513,2010,2010
10.1109/icise.2009.1113,2010,2009
10.1109/icise.2009.1120,2010,2009
10.1109/icise.2009.1192,2010,2009
10.1109/icise.2009.1263,2010,2009
10.1109/icise.2009.1269,2010,2008
10.1109/icise.2009.1317,2010,2009
10.1109/icise.2009.321,2010,2009
10.1109/icise.2009.339,2010,2009
10.1109/icise.2009.374,2010,2009
10.1109/icise.2009.446,2010,2009
10.1109/icise.2009.492,2010,2009
10.1109/icise.2009.600,2010,2009
10.1109/icise.2009.606,2010,2009
10.1109/icise.2009.685,2010,2009
10.1109/icise.2009.777,2010,2009
10.1109/icise.2009.814,2010,2009
10.1109/icise.2009.867,2010,2009
10.1109/icise.2009.885,2010,2009
10.1109/icise.2009.905,2010,2009
10.1109/icise.2009.927,2010,2009
10.1109/icise.2009.933,2010,2009
10.1109/icise.2009.978,2010,2009
10.1109/iciss.2010.5655023,2010,2010
10.1109/icm2cs.2009.5397950,2010,2009
10.1109/icmee.2010.5558413,2010,2010
10.1109/icmee.2010.5558417,2010,2010
10.1109/icmee.2010.5558499,2010,2010
10.1109/icmee.2010.5558508,2010,2010
10.1109/icmee.2010.5558534,2010,2010
10.1109/icmee.2010.5558542,2010,2010
10.1109/icmee.2010.5558555,2010,2010
10.1109/icmee.2010.5558561,2010,2010
10.1109/icmee.2010.5558603,2010,2010
10.1109/icmlc.2010.5580870,2010,2010
10.1109/icmlc.2010.5580976,2010,2010
10.1109/icmlc.2010.5580987,2010,2010
10.1109/icmmt.2010.5525275,2010,2010
10.1109/icmss.2010.5575526,2010,2010
10.1109/icmss.2010.5575759,2010,2010
10.1109/icmss.2010.5575942,2010,2010
10.1109/icmss.2010.5575975,2010,2010
10.1109/icmss.2010.5576188,2010,2010
10.1109/icmss.2010.5576200,2010,2010
10.1109/icmss.2010.5576209,2010,2010
10.1109/icmss.2010.5576351,2010,2010
10.1109/icmss.2010.5576364,2010,2010
10.1109/icmss.2010.5576404,2010,2010
10.1109/icmss.2010.5576522,2010,2010
10.1109/icmss.2010.5576536,2010,2010
10.1109/icmss.2010.5576562,2010,2010
10.1109/icmss.2010.5576670,2010,2010
10.1109/icmss.2010.5576698,2010,2010
10.1109/icmss.2010.5576699,2010,2010
10.1109/icmss.2010.5576906,2010,2010
10.1109/icmss.2010.5576965,2010,2010
10.1109/icmss.2010.5576967,2010,2010
10.1109/icmss.2010.5576996,2010,2010
10.1109/icmss.2010.5576999,2010,2010
10.1109/icmss.2010.5577023,2010,2010
10.1109/icmss.2010.5577048,2010,2010
10.1109/icmss.2010.5577070,2010,2010
10.1109/icmss.2010.5577230,2010,2010
10.1109/icmss.2010.5577360,2010,2010
10.1109/icmss.2010.5577431,2010,2010
10.1109/icmss.2010.5577448,2010,2010
10.1109/icnc.2010.5582426,2010,2010
10.1109/icnc.2010.5582554,2010,2010
10.1109/icnc.2010.5582956,2010,2010
10.1109/icnc.2010.5583148,2010,2010
10.1109/icnc.2010.5583302,2010,2010
10.1109/icnc.2010.5583323,2010,2010
10.1109/icnc.2010.5583350,2010,2010
10.1109/icnc.2010.5583576,2010,2010
10.1109/icnc.2010.5583694,2010,2010
10.1109/icnc.2010.5583747,2010,2010
10.1109/icnc.2010.5583792,2010,2010
10.1109/icnc.2010.5583966,2010,2010
10.1109/icnc.2010.5584299,2010,2010
10.1109/icnc.2010.5584564,2010,2010
10.1109/icnc.2010.5584747,2010,2010
10.1109/icnc.2010.5584814,2010,2010
10.1109/icnc.2010.5584829,2010,2010
10.1109/icnidc.2010.5657921,2010,2010
10.1109/ifita.2010.23,2010,2010
10.1109/ifita.2010.240,2010,2010
10.1109/ifita.2010.272,2010,2010
10.1109/ifita.2010.83,2010,2010
10.1109/indusis.2010.5565783,2010,2010
10.1109/itapp.2010.5566468,2010,2010
10.1109/itapp.2010.5566552,2010,2010
10.1109/itcs.2010.63,2010,2010
10.1109/kese.2009.10,2010,2009
10.1109/kese.2009.21,2010,2009
10.1109/kese.2009.35,2010,2009
10.1109/kese.2009.36,2010,2009
10.1109/kese.2009.46,2010,2009
10.1109/kese.2009.64,2010,2009
10.1109/leits.2010.5664948,2010,2010
10.1109/leits.2010.5664957,2010,2010
10.1109/opee.2010.5507949,2010,2010
10.1109/opee.2010.5507953,2010,2010
10.1109/opee.2010.5507955,2010,2010
10.1109/opee.2010.5507957,2010,2010
10.1109/opee.2010.5507961,2010,2010
10.1109/opee.2010.5507963,2010,2010
10.1109/opee.2010.5507965,2010,2010
10.1109/opee.2010.5507976,2010,2010
10.1109/opee.2010.5507977,2010,2010
10.1109/opee.2010.5507982,2010,2010
10.1109/opee.2010.5507990,2010,2010
10.1109/opee.2010.5508006,2010,2010
10.1109/opee.2010.5508013,2010,2010
10.1109/opee.2010.5508031,2010,2010
10.1109/opee.2010.5508035,2010,2010
10.1109/opee.2010.5508038,2010,2010
10.1109/opee.2010.5508041,2010,2010
10.1109/opee.2010.5508044,2010,2010
10.1109/opee.2010.5508045,2010,2010
10.1109/opee.2010.5508047,2010,2010
10.1109/opee.2010.5508050,2010,2010
10.1109/opee.2010.5508051,2010,2010
10.1109/opee.2010.5508061,2010,2010
10.1109/opee.2010.5508068,2010,2010
10.1109/opee.2010.5508072,2010,2010
10.1109/opee.2010.5508076,2010,2010
10.1109/opee.2010.5508079,2010,2010
10.1109/opee.2010.5508083,2010,2010
10.1109/opee.2010.5508084,2010,2010
10.1109/opee.2010.5508085,2010,2010
10.1109/opee.2010.5508088,2010,2010
10.1109/opee.2010.5508136,2010,2010
10.1109/opee.2010.5508147,2010,2010
10.1109/opee.2010.5508164,2010,2010
10.1109/opee.2010.5508179,2010,2010
10.1109/peits.2009.5406819,2010,2009
10.1109/peits.2009.5406840,2010,2009
10.1109/peits.2009.5406875,2010,2009
10.1109/peits.2009.5406876,2010,2009
10.1109/peits.2009.5406887,2010,2009
10.1109/peits.2009.5406899,2010,2009
10.1109/peits.2009.5406929,2010,2009
10.1109/peits.2009.5406931,2010,2009
10.1109/peits.2009.5406932,2010,2009
10.1109/peits.2009.5406976,2010,2009
10.1109/sws.2010.5607394,2010,2010
10.1109/sws.2010.5607406,2010,2010
10.1109/sws.2010.5607411,2010,2010
10.1109/sws.2010.5607432,2010,2010
10.1109/wkdd.2010.18,2010,2010
10.1109/wkdd.2010.37,2010,2010
10.1109/wkdd.2010.38,2010,2010
10.1109/wkdd.2010.42,2010,2010
10.1109/wkdd.2010.49,2010,2010
10.1109/wkdd.2010.64,2010,2010
10.1109/wkdd.2010.72,2010,2010
10.1109/wkdd.2010.74,2010,2010
10.1109/wkdd.2010.79,2010,2010
10.1109/wkdd.2010.8,2010,2010
10.1109/wmsvm.2010.13,2010,2010
10.1109/wmsvm.2010.23,2010,2010
10.1109/wmsvm.2010.36,2010,2010
10.1109/wmsvm.2010.42,2010,2010
10.1109/wmsvm.2010.59,2010,2010
10.1109/wmsvm.2010.68,2010,2010
10.1109/wmsvm.2010.76,2010,2010
10.1111/j.1346-8138.2010.00927.x,2010,2010
10.1111/j.1349-7006.2006.00175.x,2010,2006
10.1111/j.1349-7006.2008.00917.x,2010,2008
10.1111/j.1349-7006.2009.01121.x,2010,2009
10.1111/j.1365-2044.2009.06232.x,2010,2010
10.1111/j.1438-8677.2010.00336.x,2010,2010
10.1111/j.1442-2042.2004.00924.x,2010,2004
10.1111/j.1442-2042.2009.02429.x,2010,2009
10.1111/j.1447-0756.2006.00401.x,2010,2006
10.1111/j.1466-8238.2009.00501.x,2010,2009
10.1111/j.1540-8175.2008.00846.x,2010,2009
10.1111/j.1551-2916.2008.02398.x,2010,2008
10.1111/j.1582-4934.2008.00370.x,2010,2008
10.1111/j.1600-0463.2009.02505.x,2010,2009
10.1111/j.1742-4658.2009.07461.x,2010,2009
10.1111/j.1751-1097.2009.00698.x,2010,2010
10.1126/science.1124755,2010,2006
10.1128/mcb.01732-06,2010,2006
10.1134/s0006297909080136,2010,2009
10.1142/s0218339009002892,2010,2009
10.1142/s0218927510001404,2010,2010
10.1143/apex.2.083002,2010,2009
10.1143/jjap.44.7267,2010,2005
10.1158/0008-5472.can-03-3025,2010,2004
10.1158/0008-5472.can-08-2448,2010,2009
10.1159/000218139,2010,2008
10.1159/000313750,2010,2010
10.1159/000321496,2010,2010
10.1164/rccm.200806-908oc,2010,2009
10.1177/1043454209358753,2010,2009
10.1182/blood-2008-10-183772,2010,2009
10.1182/blood-2009-06-226621,2010,2009
10.1182/blood-2009-08-240044,2010,2010
10.1186/1471-2105-11-s1-s13,2010,2010
10.1186/1743-422x-7-169,2010,2010
10.1186/1749-8546-4-22,2010,2009
10.1186/1756-3305-3-55,2010,2010
10.1209/0295-5075/87/47007,2010,2009
10.1210/en.2008-1102,2010,2008
10.1210/me.2007-0485,2010,2008
10.1210/me.2008-0255,2010,2008
10.1212/wnl.0b013e3181ec7fbd,2010,2010
10.1213/01.ane.0000144772.13372.f4,2010,2005
10.1213/ane.0b013e31817f6d2e,2010,2008
10.1213/ane.0b013e3181b5a24b,2010,2009
10.1234/03093247jsa513,2010,2009
10.1247/csf.08040,2010,2009
10.1253/circj.70.737,2010,2006
10.1371/journal.ppat.1000210,2010,2008
10.1371/journal.ppat.1000915,2010,2010
10.1507/endocrj.k10e-195,2010,2010
10.1515/9783110204544.6.277,2010,2004
10.1590/s1980-65232010000400018,2010,2010
10.17305/bjbms.2010.2696,2010,2010
10.2298/abs0502093k,2010,2005
10.2298/abs1001159m,2010,2010
10.2298/abs1001167s,2010,2010
10.2298/abs1002231k,2010,2010
10.2298/abs1002347r,2010,2010
10.2298/abs1002397k,2010,2010
10.2298/csis1001163d,2010,2010
10.2298/sarh08s3210n,2010,2008
10.2353/jmoldx.2010.090065,2010,2009
10.2478/s11535-009-0017-1,2010,2009
10.3275/7142,2010,2010
10.3324/haematol.006072,2010,2010
10.3324/haematol.2009.022277,2010,2010
10.3324/haematol.2010.021923,2010,2010
10.3324/haematol.2010.022210,2010,2010
10.3324/haematol.2010.029181,2010,2010
10.3342/kjorl-hns.2010.53.8.470,2010,2010
10.3797/scipharm.0905.15,2010,2009
10.3923/pjbs.2010.906.910,2010,2010
10.3988/jcn.2005.1.2.121,2010,2005
10.4049/jimmunol.170.4.1830,2010,2003
10.4049/jimmunol.171.7.3520,2010,2003
10.4049/jimmunol.173.2.1360,2010,2004
10.4049/jimmunol.173.6.4179,2010,2004
10.4049/jimmunol.178.3.1426,2010,2007
10.4049/jimmunol.178.6.3583,2010,2007
10.5483/bmbrep.2006.39.1.076,2010,2005
10.5665/sleep/31.7.953,2010,2008
10.1002/14651858.cd000045,2011,1998
10.1002/14651858.cd000524,2011,2002
10.1002/14651858.cd000524.pub2,2011,2004
10.1002/14651858.cd001056,2011,2001
10.1002/14651858.cd001089,2011,1998
10.1002/14651858.cd001426,2011,1999
10.1002/14651858.cd001727.pub2,2011,2004
10.1002/14651858.cd001727.pub3,2011,2007
10.1002/14651858.cd001727.pub4,2011,2008
10.1002/14651858.cd001834.pub2,2011,2006
10.1002/14651858.cd001960.pub3,2011,2006
10.1002/14651858.cd002171,2011,2001
10.1002/14651858.cd002171.pub2,2011,2004
10.1002/14651858.cd002301.pub2,2011,2004
10.1002/14651858.cd002301.pub3,2011,2004
10.1002/14651858.cd002301.pub4,2011,2005
10.1002/14651858.cd002870,2011,2005
10.1002/14651858.cd002870.pub2,2011,2006
10.1002/14651858.cd003244,2011,2001
10.1002/14651858.cd003244.pub2,2011,2007
10.1002/14651858.cd003851,2011,2000
10.1002/14651858.cd003973,2011,2003
10.1002/14651858.cd004403,2011,2003
10.1002/14651858.cd004403.pub2,2011,2006
10.1002/14651858.cd004881,2011,2004
10.1002/14651858.cd005096,2011,2005
10.1002/14651858.cd005096.pub2,2011,2010
10.1002/14651858.cd005316.pub2,2011,2005
10.1002/14651858.cd005961.pub2,2011,2007
10.1002/14651858.cd006083,2011,2006
10.1002/14651858.cd006083.pub2,2011,2008
10.1002/adsc.200800361,2011,2009
10.1002/adv.20248,2011,2011
10.1002/app.34819,2011,2011
10.1002/biot.200800073,2011,2009
10.1002/cbic.201000254,2011,2011
10.1002/ijc.21389,2011,2006
10.1002/ijc.21427,2011,2006
10.1002/ijc.22403,2011,2007
10.1002/ijc.22534,2011,2007
10.1002/ijc.24257,2011,2009
10.1002/jcb.23001,2011,2010
10.1002/jcp.21015,2011,2007
10.1002/jcp.21030,2011,2007
10.1002/jps.21888,2011,2009
10.1002/mrm.22412,2011,2010
10.1002/pmic.201100126,2011,2011
10.1002/polb.22194,2011,2011
10.1002/srin.201000191,2011,2011
10.1002/srin.201100102,2011,2011
10.1007/978-1-4419-6953-8_4,2011,2010
10.1007/978-1-4419-7089-3_11,2011,2011
10.1007/978-1-4614-0254-1_5,2011,2011
10.1007/978-3-642-17881-8_36,2011,2011
10.1007/978-3-642-21765-4_59,2011,2011
10.1007/978-3-642-22543-7_40,2011,2011
10.1007/978-3-642-22606-9_27,2011,2011
10.1007/978-3-642-25200-6_12,2011,2011
10.1007/978-94-007-1113-6_2,2011,2011
10.1007/dcr.0b013e3181d3206e,2011,2010
10.1007/s00101-008-1495-7,2011,2009
10.1007/s00125-005-1766-7,2011,2005
10.1007/s00127-010-0309-9,2011,2010
10.1007/s00134-002-1435-y,2011,2002
10.1007/s00134-003-2110-7,2011,2004
10.1007/s00134-006-0409-x,2011,2006
10.1007/s00268-010-0426-3,2011,2010
10.1007/s00382-009-0713-6,2011,2009
10.1007/s00404-011-1842-9,2011,2011
10.1007/s00432-010-0804-0,2011,2010
10.1007/s10072-010-0320-7,2011,2010
10.1007/s10456-009-9153-5,2011,2009
10.1007/s10532-010-9372-x,2011,2010
10.1007/s10653-010-9332-8,2011,2011
10.1007/s10815-010-9532-2,2011,2011
10.1007/s10856-011-4305-8,2011,2011
10.1007/s10948-010-0827-4,2011,2010
10.1007/s10965-011-9598-2,2011,2011
10.1007/s11032-007-9140-8,2011,2008
10.1007/s11055-011-9408-7,2011,2011
10.1007/s11060-008-9641-2,2011,2008
10.1007/s11144-010-0210-2,2011,2010
10.1007/s11144-011-0330-3,2011,2011
10.1007/s11164-010-0231-5,2011,2011
10.1007/s11277-010-0181-7,2011,2010
10.1007/s11325-008-0201-y,2011,2009
10.1007/s11605-009-0835-5,2011,2009
10.1007/s11783-011-0303-9,2011,2011
10.1007/s11814-010-0266-8,2011,2010
10.1007/s12011-010-8945-1,2011,2011
10.1007/s12032-011-9859-2,2011,2011
10.1007/s12034-007-0051-4,2011,2007
10.1007/s12490-011-0040-8,2011,2011
10.1007/s12686-010-9309-z,2011,2010
10.1007/s13233-011-0213-5,2011,2011
10.1016/j.amc.2011.02.038,2011,2011
10.1016/j.aml.2011.01.019,2011,2011
10.1016/j.anbehav.2009.11.027,2011,2009
10.1016/j.anpedi.2010.01.002,2011,2010
10.1016/j.apsusc.2009.08.045,2011,2009
10.1016/j.apsusc.2010.07.031,2011,2010
10.1016/j.arth.2004.06.032,2011,2009
10.1016/j.arth.2009.08.006,2011,2009
10.1016/j.asoc.2010.06.001,2011,2010
10.1016/j.astropartphys.2006.05.003,2011,2006
10.1016/j.athoracsur.2004.04.039,2011,2004
10.1016/j.biombioe.2010.12.037,2011,2011
10.1016/j.biosystemseng.2011.02.002,2011,2011
10.1016/j.carbpol.2005.11.001,2011,2005
10.1016/j.cardiores.2004.03.014,2011,2004
10.1016/j.carrev.2009.09.005,2011,2010
10.1016/j.chaos.2008.02.005,2011,2008
10.1016/j.chemosphere.2010.04.068,2011,2010
10.1016/j.clinbiochem.2011.09.004,2011,2011
10.1016/j.cll.2010.02.003,2011,2010
10.1016/j.conengprac.2009.04.004,2011,2009
10.1016/j.csda.2007.07.021,2011,2008
10.1016/j.econmod.2010.06.007,2011,2010
10.1016/j.ejca.2010.03.038,2011,2010
10.1016/j.ejim.2011.08.005,2011,2011
10.1016/j.ejim.2011.08.007,2011,2011
10.1016/j.ejim.2011.08.008,2011,2011
10.1016/j.ejmech.2009.09.011,2011,2009
10.1016/j.engfailanal.2011.02.013,2011,2011
10.1016/j.epsr.2008.10.016,2011,2008
10.1016/j.eswa.2010.07.069,2011,2010
10.1016/j.exer.2011.07.014,2011,2011
10.1016/j.exppara.2011.12.004,2011,2011
10.1016/j.fct.2010.10.023,2011,2010
10.1016/j.fertnstert.2009.03.075,2011,2009
10.1016/j.healun.2011.01.214,2011,2011
10.1016/j.ijcard.2009.04.045,2011,2010
10.1016/j.ijhydene.2010.11.024,2011,2011
10.1016/j.jaci.2008.12.643,2011,2009
10.1016/j.jamcollsurg.2009.01.033,2011,2009
10.1016/j.jcis.2009.05.013,2011,2009
10.1016/j.jep.2010.06.045,2011,2010
10.1016/j.jhazmat.2009.06.032,2011,2009
10.1016/j.jhazmat.2009.07.016,2011,2009
10.1016/j.jhazmat.2010.07.027,2011,2010
10.1016/j.jhin.2009.03.027,2011,2010
10.1016/j.jmaa.2010.09.059,2011,2010
10.1016/j.jmatprotec.2004.04.136,2011,2004
10.1016/j.jmmm.2011.06.007,2011,2011
10.1016/j.joms.2010.06.212,2011,2010
10.1016/j.jpor.2011.02.001,2011,2011
10.1016/j.jsbmb.2004.03.100,2011,2004
10.1016/j.jsbmb.2006.12.093,2011,2007
10.1016/j.jss.2010.10.035,2011,2010
10.1016/j.jtrangeo.2011.03.006,2011,2011
10.1016/j.laa.2009.08.019,2011,2011
10.1016/j.main.2011.04.011,2011,2011
10.1016/j.mcm.2011.02.029,2011,2011
10.1016/j.metabol.2004.10.017,2011,2005
10.1016/j.neuroscience.2010.05.051,2011,2010
10.1016/j.nonrwa.2010.11.008,2011,2010
10.1016/j.porgcoat.2011.08.003,2011,2011
10.1016/j.postharvbio.2010.04.002,2011,2010
10.1016/j.proeng.2011.04.167,2011,2011
10.1016/j.proeng.2011.04.363,2011,2011
10.1016/j.proenv.2011.10.046,2011,2011
10.1016/j.rmed.2011.06.002,2011,2011
10.1016/j.rser.2011.05.014,2011,2011
10.1016/j.rvsc.2010.03.010,2011,2010
10.1016/j.sbspro.2011.03.261,2011,2011
10.1016/j.sbspro.2011.04.398,2011,2011
10.1016/j.sbspro.2011.05.014,2011,2011
10.1016/j.shpsa.2011.02.001,2011,2011
10.1016/j.ssc.2009.02.014,2011,2009
10.1016/j.ssi.2005.04.046,2011,2006
10.1016/j.theochem.2006.06.035,2011,2006
10.1016/j.theochem.2007.03.010,2011,2007
10.1016/j.transproceed.2007.06.087,2011,2007
10.1016/j.vetmic.2010.07.008,2011,2010
10.1016/j.yexmp.2011.09.011,2011,2011
10.1016/j.ygyno.2010.12.010,2011,2011
10.1016/s0003-4975(02)04903-2,2011,2003
10.1016/s0008-6363(02)00266-3,2011,2002
10.1016/s0261-3069(02)00086-9,2011,2003
10.1016/s0921-5107(02)00572-x,2011,2003
10.1016/s1010-7940(02)00256-7,2011,2002
10.1016/s1010-7940(03)00577-3,2011,2003
10.1021/ac200096b,2011,2011
10.1021/bc2001006,2011,2011
10.1021/ja900133m,2011,2009
10.1021/je100517z,2011,2010
10.1021/jo2004346,2011,2011
10.1021/nn200681p,2011,2011
10.1023/a:1007840808650,2011,2001
10.1034/j.1399-6576.2001.450210.x,2011,2001
10.1038/jhg.2011.62,2011,2011
10.1038/nature03356,2011,2005
10.1038/ni.2004,2011,2011
10.1038/nm.2209,2011,2010
10.1038/oby.2010.101,2011,2010
10.1038/sj.bjc.6604727,2011,2008
10.1038/sj.emboj.7600874,2011,2005
10.1038/sj.onc.1208184,2011,2004
10.1042/bj20091768,2011,2010
10.1046/j.1365-2044.2001.02175.x,2011,2001
10.1046/j.1365-2044.2003.02964_2.x,2011,2003
10.1046/j.1365-2648.2003.02596.x,2011,2003
10.1046/j.1365-3083.2002.01081.x,2011,2002
10.1046/j.1471-4159.2003.01550.x,2011,2003
10.1053/cr.2000.5853,2011,2000
10.1053/j.jvca.2007.02.015,2011,2007
10.1053/j.jvca.2008.02.019,2011,2008
10.1053/j.jvca.2010.02.008,2011,2010
10.1053/j.jvca.2010.03.001,2011,2010
10.1053/jcan.2000.18447,2011,2000
10.1053/jcan.2001.24979,2011,2001
10.1055/s-2004-814331,2011,2004
10.1063/1.2829805,2011,2008
10.1063/1.3493735,2011,2010
10.1063/1.3499325,2011,2010
10.1063/1.3505637,2011,2010
10.1063/1.370630,2011,1999
10.1073/pnas.0812470106,2011,2009
10.1073/pnas.0904984106,2011,2009
10.1073/pnas.1006608107,2011,2010
10.1073/pnas.1006901107,2011,2010
10.1073/pnas.1101934108,2011,2011
10.1074/jbc.c800061200,2011,2008
10.1074/jbc.m005615200,2011,2000
10.1074/jbc.m312182200,2011,2004
10.1074/jbc.m404125200,2011,2004
10.1074/jbc.m508829200,2011,2006
10.1074/jbc.m605000200,2011,2006
10.1074/jbc.m806325200,2011,2009
10.1074/mcp.m700417-mcp200,2011,2008
10.1080/00207540902865746,2011,2010
10.1080/00343400802154565,2011,2009
10.1080/02664760500448974,2011,2006
10.1080/02678292.2010.489156,2011,2010
10.1080/02713680590968196,2011,2005
10.1080/02713680903056391,2011,2009
10.1080/07351690.2010.513624,2011,2011
10.1080/07391102.2011.10507386,2011,2011
10.1080/09064710903233862,2011,2010
10.1080/09639280903180774,2011,2009
10.1080/15476910802483415,2011,2008
10.1084/jem.20100730,2011,2011
10.1088/0022-3727/42/7/075301,2011,2009
10.1088/0031-8949/82/04/045604,2011,2010
10.1088/0031-8949/83/04/045803,2011,2011
10.1088/0031-8949/84/03/035004,2011,2011
10.1088/0143-0807/31/5/016,2011,2010
10.1089/10799900252952262,2011,2004
10.1089/gtmb.2010.0019,2011,2010
10.1089/vim.2009.0006,2011,2010
10.1093/annonc/mdj965,2011,2006
10.1093/bja/85.3.417,2011,2000
10.1093/bja/87.3.435,2011,2000
10.1093/bja/aef242,2011,2002
10.1093/bja/ael341,2011,2007
10.1093/bja/aep133,2011,2009
10.1093/ecam/nep149,2011,2011
10.1093/ejechocard/jen001,2011,2008
10.1093/ejechocard/jen314,2011,2008
10.1093/jmcb/mjq011,2011,2010
10.1093/jmcb/mjr003,2011,2011
10.1093/jnci/djq427,2011,2010
10.1096/fasebj.13.12.1575,2011,1999
10.1096/fj.02-0453fje,2011,2003
10.1097/00000542-200205000-00012,2011,2002
10.1097/00003246-200105000-00008,2011,2001
10.1097/aog.0b013e318169f722,2011,2003
10.1097/cad.0b013e32833e53ea,2011,2010
10.1097/eja.0b013e32832f5a90,2011,2009
10.1097/eja.0b013e3283392c1d,2011,2010
10.1097/maj.0b013e3181d6566a,2011,2010
10.1097/smj.0b013e31820bfcce,2011,2011
10.1099/ijs.0.024539-0,2011,2011
10.1099/ijs.0.030643-0,2011,2011
10.1099/mic.0.2008/017806-0,2011,2008
10.1101/gad.489409,2011,2009
10.1103/physrevlett.106.068302,2011,2011
10.1107/s1600536807048489,2011,2007
10.1109/aimsec.2011.6009625,2011,2011
10.1109/aimsec.2011.6009626,2011,2011
10.1109/aimsec.2011.6009627,2011,2011
10.1109/aimsec.2011.6009631,2011,2011
10.1109/aimsec.2011.6009636,2011,2011
10.1109/aimsec.2011.6009637,2011,2011
10.1109/aimsec.2011.6009638,2011,2011
10.1109/aimsec.2011.6009639,2011,2011
10.1109/aimsec.2011.6009642,2011,2011
10.1109/aimsec.2011.6009644,2011,2011
10.1109/aimsec.2011.6009645,2011,2011
10.1109/aimsec.2011.6009648,2011,2011
10.1109/aimsec.2011.6009656,2011,2011
10.1109/aimsec.2011.6009659,2011,2011
10.1109/aimsec.2011.6009660,2011,2011
10.1109/aimsec.2011.6009661,2011,2011
10.1109/aimsec.2011.6009663,2011,2011
10.1109/aimsec.2011.6009666,2011,2011
10.1109/aimsec.2011.6009669,2011,2011
10.1109/aimsec.2011.6009670,2011,2011
10.1109/aimsec.2011.6009671,2011,2011
10.1109/aimsec.2011.6009673,2011,2011
10.1109/aimsec.2011.6009682,2011,2011
10.1109/aimsec.2011.6009684,2011,2011
10.1109/aimsec.2011.6009689,2011,2011
10.1109/aimsec.2011.6009690,2011,2010
10.1109/aimsec.2011.6009691,2011,2011
10.1109/aimsec.2011.6009694,2011,2011
10.1109/aimsec.2011.6009696,2011,2011
10.1109/aimsec.2011.6009697,2011,2011
10.1109/aimsec.2011.6009699,2011,2011
10.1109/aimsec.2011.6009700,2011,2011
10.1109/aimsec.2011.6009702,2011,2011
10.1109/aimsec.2011.6009703,2011,2011
10.1109/aimsec.2011.6009705,2011,2011
10.1109/aimsec.2011.6009707,2011,2011
10.1109/aimsec.2011.6009708,2011,2011
10.1109/aimsec.2011.6009712,2011,2011
10.1109/aimsec.2011.6009714,2011,2011
10.1109/aimsec.2011.6009715,2011,2011
10.1109/aimsec.2011.6009723,2011,2011
10.1109/aimsec.2011.6009725,2011,2011
10.1109/aimsec.2011.6009729,2011,2011
10.1109/aimsec.2011.6009730,2011,2011
10.1109/aimsec.2011.6009738,2011,2011
10.1109/aimsec.2011.6009739,2011,2011
10.1109/aimsec.2011.6009741,2011,2011
10.1109/aimsec.2011.6009743,2011,2011
10.1109/aimsec.2011.6009744,2011,2011
10.1109/aimsec.2011.6009753,2011,2011
10.1109/aimsec.2011.6009757,2011,2011
10.1109/aimsec.2011.6009759,2011,2011
10.1109/aimsec.2011.6009760,2011,2011
10.1109/aimsec.2011.6009761,2011,2011
10.1109/aimsec.2011.6009766,2011,2011
10.1109/aimsec.2011.6009767,2011,2011
10.1109/aimsec.2011.6009769,2011,2011
10.1109/aimsec.2011.6009770,2011,2011
10.1109/aimsec.2011.6009771,2011,2011
10.1109/aimsec.2011.6009774,2011,2011
10.1109/aimsec.2011.6009782,2011,2011
10.1109/aimsec.2011.6009783,2011,2011
10.1109/aimsec.2011.6009784,2011,2011
10.1109/aimsec.2011.6009787,2011,2011
10.1109/aimsec.2011.6009789,2011,2011
10.1109/aimsec.2011.6009790,2011,2011
10.1109/aimsec.2011.6009791,2011,2011
10.1109/aimsec.2011.6009793,2011,2011
10.1109/aimsec.2011.6009800,2011,2011
10.1109/aimsec.2011.6009817,2011,2011
10.1109/aimsec.2011.6009823,2011,2011
10.1109/aimsec.2011.6009830,2011,2011
10.1109/aimsec.2011.6009836,2011,2011
10.1109/aimsec.2011.6009840,2011,2011
10.1109/aimsec.2011.6009841,2011,2011
10.1109/aimsec.2011.6009850,2011,2011
10.1109/aimsec.2011.6009853,2011,2011
10.1109/aimsec.2011.6009854,2011,2011
10.1109/aimsec.2011.6009917,2011,2011
10.1109/aimsec.2011.6009972,2011,2011
10.1109/aimsec.2011.6009995,2011,2011
10.1109/aimsec.2011.6010003,2011,2011
10.1109/aimsec.2011.6010042,2011,2011
10.1109/aimsec.2011.6010048,2011,2011
10.1109/aimsec.2011.6010057,2011,2011
10.1109/aimsec.2011.6010060,2011,2011
10.1109/aimsec.2011.6010063,2011,2011
10.1109/aimsec.2011.6010064,2011,2011
10.1109/aimsec.2011.6010081,2011,2011
10.1109/aimsec.2011.6010095,2011,2011
10.1109/aimsec.2011.6010104,2011,2011
10.1109/aimsec.2011.6010130,2011,2011
10.1109/aimsec.2011.6010132,2011,2011
10.1109/aimsec.2011.6010133,2011,2011
10.1109/aimsec.2011.6010147,2011,2011
10.1109/aimsec.2011.6010157,2011,2011
10.1109/aimsec.2011.6010219,2011,2011
10.1109/aimsec.2011.6010220,2011,2011
10.1109/aimsec.2011.6010222,2011,2011
10.1109/aimsec.2011.6010225,2011,2011
10.1109/aimsec.2011.6010231,2011,2011
10.1109/aimsec.2011.6010232,2011,2011
10.1109/aimsec.2011.6010256,2011,2011
10.1109/aimsec.2011.6010308,2011,2011
10.1109/aimsec.2011.6010319,2011,2011
10.1109/aimsec.2011.6010328,2011,2011
10.1109/aimsec.2011.6010337,2011,2011
10.1109/aimsec.2011.6010340,2011,2011
10.1109/aimsec.2011.6010341,2011,2011
10.1109/aimsec.2011.6010347,2011,2011
10.1109/aimsec.2011.6010373,2011,2011
10.1109/aimsec.2011.6010376,2011,2011
10.1109/aimsec.2011.6010378,2011,2011
10.1109/aimsec.2011.6010386,2011,2011
10.1109/aimsec.2011.6010416,2011,2011
10.1109/aimsec.2011.6010417,2011,2011
10.1109/aimsec.2011.6010441,2011,2011
10.1109/aimsec.2011.6010494,2011,2011
10.1109/aimsec.2011.6010500,2011,2011
10.1109/aimsec.2011.6010513,2011,2011
10.1109/aimsec.2011.6010565,2011,2011
10.1109/aimsec.2011.6010566,2011,2011
10.1109/aimsec.2011.6010571,2011,2011
10.1109/aimsec.2011.6010572,2011,2011
10.1109/aimsec.2011.6010579,2011,2011
10.1109/aimsec.2011.6010581,2011,2011
10.1109/aimsec.2011.6010582,2011,2011
10.1109/aimsec.2011.6010607,2011,2011
10.1109/aimsec.2011.6010618,2011,2011
10.1109/aimsec.2011.6010623,2011,2011
10.1109/aimsec.2011.6010638,2011,2011
10.1109/aimsec.2011.6010644,2011,2011
10.1109/aimsec.2011.6010653,2011,2011
10.1109/aimsec.2011.6010674,2011,2011
10.1109/aimsec.2011.6010680,2011,2011
10.1109/aimsec.2011.6010683,2011,2011
10.1109/aimsec.2011.6010684,2011,2011
10.1109/aimsec.2011.6010685,2011,2011
10.1109/aimsec.2011.6010722,2011,2011
10.1109/aimsec.2011.6010727,2011,2011
10.1109/aimsec.2011.6010728,2011,2011
10.1109/aimsec.2011.6010741,2011,2011
10.1109/aimsec.2011.6010745,2011,2011
10.1109/aimsec.2011.6010746,2011,2011
10.1109/aimsec.2011.6010748,2011,2011
10.1109/aimsec.2011.6010790,2011,2011
10.1109/aimsec.2011.6010818,2011,2011
10.1109/aimsec.2011.6010834,2011,2011
10.1109/aimsec.2011.6010837,2011,2011
10.1109/aimsec.2011.6010840,2011,2011
10.1109/aimsec.2011.6010853,2011,2011
10.1109/aimsec.2011.6010880,2011,2011
10.1109/aimsec.2011.6010886,2011,2011
10.1109/aimsec.2011.6010891,2011,2011
10.1109/aimsec.2011.6010897,2011,2011
10.1109/aimsec.2011.6010946,2011,2011
10.1109/aimsec.2011.6011022,2011,2011
10.1109/aimsec.2011.6011025,2011,2011
10.1109/aimsec.2011.6011032,2011,2011
10.1109/aimsec.2011.6011056,2011,2011
10.1109/aimsec.2011.6011057,2011,2011
10.1109/aimsec.2011.6011059,2011,2011
10.1109/aimsec.2011.6011062,2011,2011
10.1109/aimsec.2011.6011063,2011,2011
10.1109/aimsec.2011.6011068,2011,2011
10.1109/aimsec.2011.6011077,2011,2011
10.1109/aimsec.2011.6011090,2011,2011
10.1109/aimsec.2011.6011091,2011,2011
10.1109/aimsec.2011.6011095,2011,2011
10.1109/aimsec.2011.6011106,2011,2011
10.1109/aimsec.2011.6011110,2011,2011
10.1109/aimsec.2011.6011112,2011,2011
10.1109/aimsec.2011.6011124,2011,2011
10.1109/aimsec.2011.6011125,2011,2011
10.1109/aimsec.2011.6011135,2011,2011
10.1109/aimsec.2011.6011147,2011,2011
10.1109/aimsec.2011.6011149,2011,2011
10.1109/aimsec.2011.6011170,2011,2011
10.1109/aimsec.2011.6011187,2011,2011
10.1109/aimsec.2011.6011194,2011,2011
10.1109/aimsec.2011.6011195,2011,2011
10.1109/aimsec.2011.6011198,2011,2011
10.1109/aimsec.2011.6011201,2011,2011
10.1109/aimsec.2011.6011203,2011,2011
10.1109/aimsec.2011.6011204,2011,2011
10.1109/aimsec.2011.6011209,2011,2011
10.1109/aimsec.2011.6011212,2011,2011
10.1109/aimsec.2011.6011224,2011,2011
10.1109/aimsec.2011.6011226,2011,2011
10.1109/aimsec.2011.6011228,2011,2011
10.1109/aimsec.2011.6011239,2011,2011
10.1109/aimsec.2011.6011241,2011,2011
10.1109/aimsec.2011.6011250,2011,2011
10.1109/aimsec.2011.6011260,2011,2011
10.1109/aimsec.2011.6011264,2011,2011
10.1109/aimsec.2011.6011267,2011,2011
10.1109/aimsec.2011.6011272,2011,2011
10.1109/aimsec.2011.6011273,2011,2011
10.1109/aimsec.2011.6011288,2011,2011
10.1109/aimsec.2011.6011291,2011,2011
10.1109/aimsec.2011.6011299,2011,2011
10.1109/aimsec.2011.6011302,2011,2011
10.1109/aimsec.2011.6011313,2011,2011
10.1109/aimsec.2011.6011320,2011,2011
10.1109/aimsec.2011.6011321,2011,2011
10.1109/aimsec.2011.6011328,2011,2011
10.1109/aimsec.2011.6011335,2011,2011
10.1109/aimsec.2011.6011336,2011,2011
10.1109/aimsec.2011.6011337,2011,2011
10.1109/aimsec.2011.6011341,2011,2011
10.1109/aimsec.2011.6011342,2011,2011
10.1109/aimsec.2011.6011345,2011,2011
10.1109/aimsec.2011.6011357,2011,2011
10.1109/aimsec.2011.6011358,2011,2011
10.1109/aimsec.2011.6011365,2011,2011
10.1109/aimsec.2011.6011372,2011,2011
10.1109/aimsec.2011.6011380,2011,2011
10.1109/aimsec.2011.6011382,2011,2011
10.1109/aimsec.2011.6011389,2011,2011
10.1109/aimsec.2011.6011392,2011,2011
10.1109/aimsec.2011.6011400,2011,2011
10.1109/aimsec.2011.6011409,2011,2011
10.1109/aimsec.2011.6011425,2011,2011
10.1109/aimsec.2011.6011437,2011,2011
10.1109/aimsec.2011.6011438,2011,2011
10.1109/aimsec.2011.6011439,2011,2011
10.1109/aimsec.2011.6011452,2011,2011
10.1109/aimsec.2011.6011453,2011,2011
10.1109/aimsec.2011.6011456,2011,2011
10.1109/aimsec.2011.6011463,2011,2011
10.1109/aimsec.2011.6011464,2011,2011
10.1109/aimsec.2011.6011471,2011,2011
10.1109/aimsec.2011.6011484,2011,2011
10.1109/aimsec.2011.6011489,2011,2011
10.1109/aina.2011.111,2011,2011
10.1109/appeec.2011.5747699,2011,2011
10.1109/appeec.2011.5747722,2011,2011
10.1109/appeec.2011.5748391,2011,2011
10.1109/appeec.2011.5748483,2011,2011
10.1109/appeec.2011.5748549,2011,2011
10.1109/appeec.2011.5748660,2011,2011
10.1109/appeec.2011.5748831,2011,2011
10.1109/appeec.2011.5748990,2011,2011
10.1109/appeec.2011.5749050,2011,2011
10.1109/appeec.2011.5749086,2011,2011
10.1109/apscc.2010.113,2011,2010
10.1109/cecnet.2011.5768237,2011,2011
10.1109/cecnet.2011.5768582,2011,2011
10.1109/cecnet.2011.5769145,2011,2011
10.1109/cecnet.2011.5769243,2011,2011
10.1109/csnt.2011.165,2011,2011
10.1109/emeit.2011.6022972,2011,2011
10.1109/emeit.2011.6023926,2011,2011
10.1109/glocom.2010.5683553,2011,2010
10.1109/gmc.2011.6103927,2011,2011
10.1109/icaict.2011.6111013,2011,2011
10.1109/icbbe.2011.5779978,2011,2011
10.1109/icbbe.2011.5779982,2011,2011
10.1109/icbbe.2011.5779990,2011,2011
10.1109/icbbe.2011.5779993,2011,2011
10.1109/icbbe.2011.5779994,2011,2011
10.1109/icbbe.2011.5780001,2011,2011
10.1109/icbbe.2011.5780003,2011,2011
10.1109/icbbe.2011.5780009,2011,2011
10.1109/icbbe.2011.5780017,2011,2011
10.1109/icbbe.2011.5780019,2011,2011
10.1109/icbbe.2011.5780032,2011,2011
10.1109/icbbe.2011.5780034,2011,2011
10.1109/icbbe.2011.5780036,2011,2011
10.1109/icbbe.2011.5780037,2011,2011
10.1109/icbbe.2011.5780039,2011,2011
10.1109/icbbe.2011.5780043,2011,2011
10.1109/icbbe.2011.5780045,2011,2011
10.1109/icbbe.2011.5780053,2011,2011
10.1109/icbbe.2011.5780057,2011,2011
10.1109/icbbe.2011.5780061,2011,2011
10.1109/icbbe.2011.5780062,2011,2011
10.1109/icbbe.2011.5780065,2011,2011
10.1109/icbbe.2011.5780066,2011,2011
10.1109/icbbe.2011.5780068,2011,2011
10.1109/icbbe.2011.5780069,2011,2011
10.1109/icbbe.2011.5780073,2011,2011
10.1109/icbbe.2011.5780075,2011,2011
10.1109/icbbe.2011.5780078,2011,2011
10.1109/icbbe.2011.5780079,2011,2011
10.1109/icbbe.2011.5780084,2011,2011
10.1109/icbbe.2011.5780086,2011,2011
10.1109/icbbe.2011.5780089,2011,2011
10.1109/icbbe.2011.5780095,2011,2011
10.1109/icbbe.2011.5780101,2011,2011
10.1109/icbbe.2011.5780105,2011,2011
10.1109/icbbe.2011.5780107,2011,2011
10.1109/icbbe.2011.5780110,2011,2011
10.1109/icbbe.2011.5780112,2011,2011
10.1109/icbbe.2011.5780118,2011,2011
10.1109/icbbe.2011.5780119,2011,2011
10.1109/icbbe.2011.5780121,2011,2011
10.1109/icbbe.2011.5780125,2011,2011
10.1109/icbbe.2011.5780126,2011,2011
10.1109/icbbe.2011.5780127,2011,2011
10.1109/icbbe.2011.5780128,2011,2011
10.1109/icbbe.2011.5780129,2011,2011
10.1109/icbbe.2011.5780131,2011,2011
10.1109/icbbe.2011.5780137,2011,2011
10.1109/icbbe.2011.5780140,2011,2011
10.1109/icbbe.2011.5780141,2011,2011
10.1109/icbbe.2011.5780142,2011,2011
10.1109/icbbe.2011.5780149,2011,2011
10.1109/icbbe.2011.5780151,2011,2011
10.1109/icbbe.2011.5780153,2011,2011
10.1109/icbbe.2011.5780154,2011,2011
10.1109/icbbe.2011.5780157,2011,2011
10.1109/icbbe.2011.5780158,2011,2011
10.1109/icbbe.2011.5780159,2011,2011
10.1109/icbbe.2011.5780166,2011,2011
10.1109/icbbe.2011.5780170,2011,2011
10.1109/icbbe.2011.5780171,2011,2011
10.1109/icbbe.2011.5780175,2011,2011
10.1109/icbbe.2011.5780177,2011,2011
10.1109/icbbe.2011.5780186,2011,2011
10.1109/icbbe.2011.5780187,2011,2011
10.1109/icbbe.2011.5780225,2011,2011
10.1109/icbbe.2011.5780233,2011,2011
10.1109/icbbe.2011.5780235,2011,2011
10.1109/icbbe.2011.5780236,2011,2011
10.1109/icbbe.2011.5780244,2011,2011
10.1109/icbbe.2011.5780245,2011,2011
10.1109/icbbe.2011.5780249,2011,2011
10.1109/icbbe.2011.5780254,2011,2011
10.1109/icbbe.2011.5780260,2011,2011
10.1109/icbbe.2011.5780265,2011,2011
10.1109/icbbe.2011.5780267,2011,2011
10.1109/icbbe.2011.5780269,2011,2011
10.1109/icbbe.2011.5780272,2011,2011
10.1109/icbbe.2011.5780278,2011,2011
10.1109/icbbe.2011.5780280,2011,2011
10.1109/icbbe.2011.5780281,2011,2011
10.1109/icbbe.2011.5780284,2011,2011
10.1109/icbbe.2011.5780287,2011,2011
10.1109/icbbe.2011.5780294,2011,2011
10.1109/icbbe.2011.5780296,2011,2011
10.1109/icbbe.2011.5780297,2011,2011
10.1109/icbbe.2011.5780301,2011,2011
10.1109/icbbe.2011.5780302,2011,2011
10.1109/icbbe.2011.5780314,2011,2011
10.1109/icbbe.2011.5780316,2011,2011
10.1109/icbbe.2011.5780318,2011,2011
10.1109/icbbe.2011.5780321,2011,2011
10.1109/icbbe.2011.5780322,2011,2011
10.1109/icbbe.2011.5780327,2011,2011
10.1109/icbbe.2011.5780374,2011,2011
10.1109/icbbe.2011.5780411,2011,2011
10.1109/icbbe.2011.5780412,2011,2011
10.1109/icbbe.2011.5780413,2011,2011
10.1109/icbbe.2011.5780417,2011,2011
10.1109/icbbe.2011.5780424,2011,2011
10.1109/icbbe.2011.5780428,2011,2011
10.1109/icbbe.2011.5780429,2011,2011
10.1109/icbbe.2011.5780434,2011,2011
10.1109/icbbe.2011.5780436,2011,2011
10.1109/icbbe.2011.5780438,2011,2011
10.1109/icbbe.2011.5780446,2011,2011
10.1109/icbbe.2011.5780452,2011,2011
10.1109/icbbe.2011.5780453,2011,2011
10.1109/icbbe.2011.5780459,2011,2011
10.1109/icbbe.2011.5780466,2011,2011
10.1109/icbbe.2011.5780467,2011,2011
10.1109/icbbe.2011.5780470,2011,2011
10.1109/icbbe.2011.5780471,2011,2011
10.1109/icbbe.2011.5780689,2011,2011
10.1109/icbbe.2011.5780690,2011,2011
10.1109/icbbe.2011.5780695,2011,2011
10.1109/icbbe.2011.5780696,2011,2011
10.1109/icbbe.2011.5780701,2011,2011
10.1109/icbbe.2011.5780703,2011,2011
10.1109/icbbe.2011.5780704,2011,2011
10.1109/icbbe.2011.5780707,2011,2011
10.1109/icbbe.2011.5780716,2011,2011
10.1109/icbbe.2011.5780730,2011,2011
10.1109/icbbe.2011.5780735,2011,2011
10.1109/icbbe.2011.5780737,2011,2011
10.1109/icbbe.2011.578074010.1109/icbbe.2011.5780740,2011,2011
10.1109/icbbe.2011.5780741,2011,2011
10.1109/icbbe.2011.5780742,2011,2011
10.1109/icbbe.2011.5780745,2011,2011
10.1109/icbbe.2011.5780750,2011,2011
10.1109/icbbe.2011.5780751,2011,2011
10.1109/icbbe.2011.5780752,2011,2011
10.1109/icbbe.2011.5780755,2011,2011
10.1109/icbbe.2011.5780757,2011,2011
10.1109/icbbe.2011.5780761,2011,2011
10.1109/icbbe.2011.5780763,2011,2011
10.1109/icbbe.2011.5780767,2011,2011
10.1109/icbbe.2011.5780770,2011,2011
10.1109/icbbe.2011.5780772,2011,2011
10.1109/icbbe.2011.5780774,2011,2011
10.1109/icbbe.2011.5780782,2011,2011
10.1109/icbbe.2011.5780786,2011,2011
10.1109/icbbe.2011.5780788,2011,2011
10.1109/icbbe.2011.5780789,2011,2011
10.1109/icbbe.2011.5780796,2011,2011
10.1109/icbbe.2011.5780799,2011,2011
10.1109/icbbe.2011.5780802,2011,2011
10.1109/icbbe.2011.5780805,2011,2011
10.1109/icbbe.2011.5780806,2011,2011
10.1109/icbbe.2011.5780807,2011,2011
10.1109/icbbe.2011.5780811,2011,2011
10.1109/icbbe.2011.5780812,2011,2011
10.1109/icbbe.2011.5780813,2011,2011
10.1109/icbbe.2011.5780814,2011,2011
10.1109/icbbe.2011.5780815,2011,2011
10.1109/icbbe.2011.5780818,2011,2011
10.1109/icbbe.2011.5780819,2011,2011
10.1109/icbbe.2011.5780821,2011,2011
10.1109/icbbe.2011.5780823,2011,2011
10.1109/icbbe.2011.5780824,2011,2011
10.1109/icbbe.2011.5780825,2011,2011
10.1109/icbbe.2011.5780829,2011,2011
10.1109/icbbe.2011.5780830,2011,2011
10.1109/icbbe.2011.5780831,2011,2011
10.1109/icbbe.2011.5780837,2011,2011
10.1109/icbbe.2011.5780842,2011,2011
10.1109/icbbe.2011.5780844,2011,2011
10.1109/icbbe.2011.5780851,2011,2011
10.1109/icbbe.2011.5780853,2011,2011
10.1109/icbbe.2011.5780855,2011,2011
10.1109/icbbe.2011.5780857,2011,2011
10.1109/icbbe.2011.5780860,2011,2011
10.1109/icbbe.2011.5780861,2011,2011
10.1109/icbbe.2011.5780862,2011,2011
10.1109/icbbe.2011.5780866,2011,2011
10.1109/icbbe.2011.5780867,2011,2011
10.1109/icbbe.2011.5780870,2011,2011
10.1109/icbbe.2011.5780871,2011,2011
10.1109/icbbe.2011.5780873,2011,2011
10.1109/icbbe.2011.5780874,2011,2011
10.1109/icbbe.2011.5780875,2011,2011
10.1109/icbbe.2011.5780876,2011,2011
10.1109/icbbe.2011.5780879,2011,2011
10.1109/icbbe.2011.5780880,2011,2011
10.1109/icbbe.2011.5780883,2011,2011
10.1109/icbbe.2011.5780886,2011,2011
10.1109/icbbe.2011.5780888,2011,2011
10.1109/icbbe.2011.5780890,2011,2011
10.1109/icbbe.2011.5780893,2011,2011
10.1109/icbbe.2011.5780894,2011,2011
10.1109/icbbe.2011.5780895,2011,2011
10.1109/icbbe.2011.5780898,2011,2011
10.1109/icbbe.2011.5780899,2011,2011
10.1109/icbbe.2011.5780900,2011,2011
10.1109/icbbe.2011.5780901,2011,2011
10.1109/icbbe.2011.5780902,2011,2011
10.1109/icbbe.2011.5780903,2011,2011
10.1109/icbbe.2011.5780905,2011,2011
10.1109/icbbe.2011.5780908,2011,2011
10.1109/icbbe.2011.5780910,2011,2011
10.1109/icbbe.2011.5780915,2011,2011
10.1109/icbbe.2011.5780917,2011,2011
10.1109/icbbe.2011.5780919,2011,2011
10.1109/icbbe.2011.5780921,2011,2011
10.1109/icbbe.2011.5780923,2011,2011
10.1109/icbbe.2011.5780925,2011,2011
10.1109/icbbe.2011.5780928,2011,2011
10.1109/icbbe.2011.5780930,2011,2011
10.1109/icbbe.2011.5780933,2011,2011
10.1109/icbbe.2011.5780934,2011,2011
10.1109/icbbe.2011.5780935,2011,2011
10.1109/icbbe.2011.5780938,2011,2011
10.1109/icbbe.2011.5780939,2011,2011
10.1109/icbbe.2011.5780940,2011,2011
10.1109/icbbe.2011.5780946,2011,2011
10.1109/icbbe.2011.5780947,2011,2011
10.1109/icbbe.2011.5780948,2011,2011
10.1109/icbbe.2011.5780949,2011,2011
10.1109/icbbe.2011.5780953,2011,2011
10.1109/icbbe.2011.5780954,2011,2011
10.1109/icbbe.2011.5780955,2011,2011
10.1109/icbbe.2011.5780961,2011,2011
10.1109/icbbe.2011.5780962,2011,2011
10.1109/icbbe.2011.5780965,2011,2011
10.1109/icbbe.2011.5780966,2011,2011
10.1109/icbbe.2011.5780968,2011,2011
10.1109/icbbe.2011.5780971,2011,2011
10.1109/icbbe.2011.5780972,2011,2011
10.1109/icbbe.2011.5780976,2011,2011
10.1109/icbbe.2011.5780979,2011,2011
10.1109/icbbe.2011.5780981,2011,2011
10.1109/icbbe.2011.5780984,2011,2011
10.1109/icbbe.2011.5780989,2011,2011
10.1109/icbbe.2011.5780990,2011,2011
10.1109/icbbe.2011.5780991,2011,2011
10.1109/icbbe.2011.5780992,2011,2011
10.1109/icbbe.2011.5780993,2011,2011
10.1109/icbbe.2011.5780995,2011,2011
10.1109/icbbe.2011.5780996,2011,2011
10.1109/icbbe.2011.5780998,2011,2011
10.1109/icbbe.2011.5780999,2011,2011
10.1109/icbbe.2011.5781000,2011,2011
10.1109/icbbe.2011.5781001,2011,2011
10.1109/icbbe.2011.5781002,2011,2011
10.1109/icbbe.2011.5781006,2011,2011
10.1109/icbbe.2011.5781011,2011,2011
10.1109/icbbe.2011.5781013,2011,2011
10.1109/icbbe.2011.5781014,2011,2011
10.1109/icbbe.2011.5781020,2011,2011
10.1109/icbbe.2011.5781021,2011,2011
10.1109/icbbe.2011.5781022,2011,2011
10.1109/icbbe.2011.5781024,2011,2011
10.1109/icbbe.2011.5781025,2011,2011
10.1109/icbbe.2011.5781026,2011,2011
10.1109/icbbe.2011.5781027,2011,2011
10.1109/icbbe.2011.5781029,2011,2011
10.1109/icbbe.2011.5781031,2011,2011
10.1109/icbbe.2011.5781032,2011,2011
10.1109/icbbe.2011.5781035,2011,2011
10.1109/icbbe.2011.5781036,2011,2011
10.1109/icbbe.2011.5781041,2011,2011
10.1109/icbbe.2011.5781046,2011,2011
10.1109/icbbe.2011.5781047,2011,2011
10.1109/icbbe.2011.5781048,2011,2011
10.1109/icbbe.2011.5781052,2011,2011
10.1109/icbbe.2011.5781053,2011,2011
10.1109/icbbe.2011.5781063,2011,2011
10.1109/icbbe.2011.5781064,2011,2011
10.1109/icbbe.2011.5781068,2011,2011
10.1109/icbbe.2011.5781070,2011,2011
10.1109/icbbe.2011.5781074,2011,2011
10.1109/icbbe.2011.5781075,2011,2011
10.1109/icbbe.2011.5781077,2011,2011
10.1109/icbbe.2011.5781078,2011,2011
10.1109/icbbe.2011.5781079,2011,2011
10.1109/icbbe.2011.5781080,2011,2011
10.1109/icbbe.2011.5781085,2011,2011
10.1109/icbbe.2011.5781088,2011,2011
10.1109/icbbe.2011.5781089,2011,2011
10.1109/icbbe.2011.5781090,2011,2011
10.1109/icbbe.2011.5781091,2011,2011
10.1109/icbbe.2011.5781093,2011,2011
10.1109/icbbe.2011.5781094,2011,2011
10.1109/icbbe.2011.5781095,2011,2011
10.1109/icbbe.2011.5781096,2011,2011
10.1109/icbbe.2011.5781097,2011,2011
10.1109/icbbe.2011.5781099,2011,2011
10.1109/icbbe.2011.5781101,2011,2011
10.1109/icbbe.2011.5781102,2011,2011
10.1109/icbbe.2011.5781104,2011,2011
10.1109/icbbe.2011.5781105,2011,2011
10.1109/icbbe.2011.5781108,2011,2011
10.1109/icbbe.2011.5781109,2011,2011
10.1109/icbbe.2011.5781110,2011,2011
10.1109/icbbe.2011.5781114,2011,2011
10.1109/icbbe.2011.5781115,2011,2011
10.1109/icbbe.2011.5781116,2011,2011
10.1109/icbbe.2011.5781117,2011,2011
10.1109/icbbe.2011.5781120,2011,2011
10.1109/icbbe.2011.5781121,2011,2011
10.1109/icbbe.2011.5781127,2011,2011
10.1109/icbbe.2011.5781130,2011,2011
10.1109/icbbe.2011.5781133,2011,2011
10.1109/icbbe.2011.5781135,2011,2011
10.1109/icbbe.2011.5781136,2011,2011
10.1109/icbbe.2011.5781137,2011,2011
10.1109/icbbe.2011.5781139,2011,2011
10.1109/icbbe.2011.5781140,2011,2011
10.1109/icbbe.2011.5781142,2011,2011
10.1109/icbbe.2011.5781147,2011,2011
10.1109/icbbe.2011.5781149,2011,2011
10.1109/icbbe.2011.5781154,2011,2011
10.1109/icbbe.2011.5781155,2011,2011
10.1109/icbbe.2011.5781157,2011,2011
10.1109/icbbe.2011.5781158,2011,2011
10.1109/icbbe.2011.5781161,2011,2011
10.1109/icbbe.2011.5781162,2011,2011
10.1109/icbbe.2011.5781163,2011,2011
10.1109/icbbe.2011.5781168,2011,2011
10.1109/icbbe.2011.5781169,2011,2011
10.1109/icbbe.2011.5781170,2011,2011
10.1109/icbbe.2011.5781171,2011,2011
10.1109/icbbe.2011.5781174,2011,2011
10.1109/icbbe.2011.5781175,2011,2011
10.1109/icbbe.2011.5781176,2011,2011
10.1109/icbbe.2011.5781178,2011,2011
10.1109/icbbe.2011.5781181,2011,2011
10.1109/icbbe.2011.5781182,2011,2011
10.1109/icbbe.2011.5781183,2011,2011
10.1109/icbbe.2011.5781184,2011,2011
10.1109/icbbe.2011.5781185,2011,2011
10.1109/icbbe.2011.5781186,2011,2011
10.1109/icbbe.2011.5781187,2011,2011
10.1109/icbbe.2011.5781188,2011,2011
10.1109/icbbe.2011.5781189,2011,2011
10.1109/icbbe.2011.5781194,2011,2011
10.1109/icbbe.2011.5781196,2011,2011
10.1109/icbbe.2011.5781201,2011,2011
10.1109/icbbe.2011.5781205,2011,2011
10.1109/icbbe.2011.5781206,2011,2011
10.1109/icbbe.2011.5781207,2011,2011
10.1109/icbbe.2011.5781208,2011,2011
10.1109/icbbe.2011.5781209,2011,2011
10.1109/icbbe.2011.5781210,2011,2011
10.1109/icbbe.2011.5781212,2011,2011
10.1109/icbbe.2011.5781215,2011,2011
10.1109/icbbe.2011.5781216,2011,2011
10.1109/icbbe.2011.5781218,2011,2011
10.1109/icbbe.2011.5781222,2011,2011
10.1109/icbbe.2011.5781224,2011,2011
10.1109/icbbe.2011.5781229,2011,2011
10.1109/icbbe.2011.5781230,2011,2011
10.1109/icbbe.2011.5781235,2011,2011
10.1109/icbbe.2011.5781237,2011,2011
10.1109/icbbe.2011.5781238,2011,2011
10.1109/icbbe.2011.5781239,2011,2011
10.1109/icbbe.2011.5781240,2011,2011
10.1109/icbbe.2011.5781241,2011,2011
10.1109/icbbe.2011.5781242,2011,2011
10.1109/icbbe.2011.5781243,2011,2011
10.1109/icbbe.2011.5781244,2011,2011
10.1109/icbbe.2011.5781245,2011,2011
10.1109/icbbe.2011.5781248,2011,2011
10.1109/icbbe.2011.5781250,2011,2011
10.1109/icbbe.2011.5781255,2011,2011
10.1109/icbbe.2011.5781257,2011,2011
10.1109/icbbe.2011.5781262,2011,2011
10.1109/icbbe.2011.5781263,2011,2011
10.1109/icbbe.2011.5781266,2011,2011
10.1109/icbbe.2011.5781267,2011,2011
10.1109/icbbe.2011.5781270,2011,2011
10.1109/icbbe.2011.5781273,2011,2011
10.1109/icbbe.2011.5781274,2011,2011
10.1109/icbbe.2011.5781275,2011,2011
10.1109/icbbe.2011.5781277,2011,2011
10.1109/icbbe.2011.5781279,2011,2011
10.1109/icbbe.2011.5781281,2011,2011
10.1109/icbbe.2011.5781283,2011,2011
10.1109/icbbe.2011.5781285,2011,2011
10.1109/icbbe.2011.5781287,2011,2011
10.1109/icbbe.2011.5781288,2011,2011
10.1109/icbbe.2011.5781291,2011,2011
10.1109/icbbe.2011.5781292,2011,2011
10.1109/icbbe.2011.5781295,2011,2011
10.1109/icbbe.2011.5781296,2011,2011
10.1109/icbbe.2011.5781300,2011,2011
10.1109/icbbe.2011.5781301,2011,2011
10.1109/icbbe.2011.5781302,2011,2011
10.1109/icbbe.2011.5781305,2011,2011
10.1109/icbbe.2011.5781306,2011,2011
10.1109/icbbe.2011.5781308,2011,2011
10.1109/icbbe.2011.5781309,2011,2011
10.1109/icbbe.2011.5781310,2011,2011
10.1109/icbbe.2011.5781313,2011,2011
10.1109/icbbe.2011.5781314,2011,2011
10.1109/icbbe.2011.5781316,2011,2011
10.1109/icbbe.2011.5781320,2011,2011
10.1109/icbbe.2011.5781321,2011,2011
10.1109/icbbe.2011.5781324,2011,2011
10.1109/icbbe.2011.5781325,2011,2011
10.1109/icbbe.2011.5781326,2011,2011
10.1109/icbbe.2011.5781328,2011,2011
10.1109/icbbe.2011.5781329,2011,2011
10.1109/icbbe.2011.5781331,2011,2011
10.1109/icbbe.2011.5781332,2011,2011
10.1109/icbbe.2011.5781335,2011,2011
10.1109/icbbe.2011.5781336,2011,2011
10.1109/icbbe.2011.5781338,2011,2011
10.1109/icbbe.2011.5781339,2011,2011
10.1109/icbbe.2011.5781340,2011,2011
10.1109/icbbe.2011.5781342,2011,2011
10.1109/icbbe.2011.5781346,2011,2011
10.1109/icbbe.2011.5781347,2011,2011
10.1109/icbbe.2011.5781349,2011,2011
10.1109/icbbe.2011.5781351,2011,2011
10.1109/icbbe.2011.5781353,2011,2011
10.1109/icbbe.2011.5781354,2011,2011
10.1109/icbbe.2011.5781355,2011,2011
10.1109/icbbe.2011.5781357,2011,2011
10.1109/icbbe.2011.5781359,2011,2011
10.1109/icbbe.2011.5781362,2011,2011
10.1109/icbbe.2011.5781363,2011,2011
10.1109/icbbe.2011.5781365,2011,2011
10.1109/icbbe.2011.5781367,2011,2011
10.1109/icbbe.2011.5781369,2011,2011
10.1109/icbbe.2011.5781371,2011,2011
10.1109/icbbe.2011.5781372,2011,2011
10.1109/icbbe.2011.5781376,2011,2011
10.1109/icbbe.2011.5781378,2011,2011
10.1109/icbbe.2011.5781381,2011,2011
10.1109/icbbe.2011.5781387,2011,2011
10.1109/icbbe.2011.5781389,2011,2011
10.1109/icbbe.2011.5781390,2011,2011
10.1109/icbbe.2011.5781396,2011,2011
10.1109/icbbe.2011.5781398,2011,2011
10.1109/icbbe.2011.5781401,2011,2011
10.1109/icbbe.2011.5781402,2011,2011
10.1109/icbbe.2011.5781405,2011,2011
10.1109/icbbe.2011.5781409,2011,2011
10.1109/icbbe.2011.5781410,2011,2011
10.1109/icbbe.2011.5781411,2011,2011
10.1109/icbbe.2011.5781413,2011,2011
10.1109/icbbe.2011.5781418,2011,2011
10.1109/icbbe.2011.5781420,2011,2011
10.1109/icbbe.2011.5781425,2011,2011
10.1109/icbbe.2011.5781426,2011,2011
10.1109/icbbe.2011.5781427,2011,2011
10.1109/icbbe.2011.5781428,2011,2011
10.1109/icbbe.2011.5781431,2011,2011
10.1109/icbbe.2011.5781432,2011,2011
10.1109/icbbe.2011.5781439,2011,2011
10.1109/icbbe.2011.5781440,2011,2011
10.1109/icbbe.2011.5781442,2011,2011
10.1109/icbbe.2011.5781444,2011,2011
10.1109/icbbe.2011.5781445,2011,2011
10.1109/icbbe.2011.5781448,2011,2011
10.1109/icbbe.2011.5781449,2011,2011
10.1109/icbbe.2011.5781450,2011,2011
10.1109/icbbe.2011.5781451,2011,2011
10.1109/icbbe.2011.5781452,2011,2011
10.1109/icbbe.2011.5781453,2011,2011
10.1109/icbbe.2011.5781455,2011,2011
10.1109/icbbe.2011.5781460,2011,2011
10.1109/icbbe.2011.5781462,2011,2011
10.1109/icbbe.2011.5781463,2011,2011
10.1109/icbbe.2011.5781464,2011,2011
10.1109/icbbe.2011.5781468,2011,2011
10.1109/icbbe.2011.5781469,2011,2011
10.1109/icbbe.2011.5781471,2011,2011
10.1109/icbbe.2011.5781475,2011,2011
10.1109/icbbe.2011.5781477,2011,2011
10.1109/icbbe.2011.5781478,2011,2011
10.1109/icbbe.2011.5781485,2011,2011
10.1109/icbbe.2011.5781486,2011,2011
10.1109/icbbe.2011.5781488,2011,2011
10.1109/icbbe.2011.5781489,2011,2011
10.1109/icbbe.2011.5781494,2011,2011
10.1109/icbbe.2011.5781499,2011,2011
10.1109/icbbe.2011.5781502,2011,2011
10.1109/icbbe.2011.5781510,2011,2011
10.1109/icbbe.2011.5781513,2011,2011
10.1109/icbbe.2011.5781514,2011,2011
10.1109/icbbe.2011.5781515,2011,2011
10.1109/icbbe.2011.5781522,2011,2011
10.1109/icbbe.2011.5781525,2011,2011
10.1109/icbbe.2011.5781527,2011,2011
10.1109/icbbe.2011.5781528,2011,2011
10.1109/icbbe.2011.5781529,2011,2011
10.1109/icbbe.2011.5781533,2011,2011
10.1109/icbbe.2011.5781535,2011,2011
10.1109/icbbe.2011.5781537,2011,2011
10.1109/icbbe.2011.5781539,2011,2011
10.1109/icbbe.2011.5781540,2011,2011
10.1109/icbbe.2011.5781541,2011,2011
10.1109/icbbe.2011.5781542,2011,2011
10.1109/icbbe.2011.5781543,2011,2011
10.1109/icbbe.2011.5781549,2011,2011
10.1109/icbbe.2011.5781550,2011,2011
10.1109/icbbe.2011.5781551,2011,2011
10.1109/icbbe.2011.5781552,2011,2011
10.1109/icbbe.2011.5781555,2011,2011
10.1109/icbbe.2011.5781556,2011,2011
10.1109/icbbe.2011.5781557,2011,2011
10.1109/icbbe.2011.5781558,2011,2011
10.1109/icbbe.2011.5781559,2011,2011
10.1109/icbbe.2011.5781560,2011,2011
10.1109/icbbe.2011.5781561,2011,2011
10.1109/icbbe.2011.5781562,2011,2011
10.1109/icbbe.2011.5781563,2011,2011
10.1109/icbbe.2011.5781564,2011,2011
10.1109/icbbe.2011.5781565,2011,2011
10.1109/icbbe.2011.5781566,2011,2011
10.1109/icbbe.2011.5781567,2011,2011
10.1109/icbbe.2011.5781568,2011,2011
10.1109/icbbe.2011.5781569,2011,2011
10.1109/icbbe.2011.5781571,2011,2011
10.1109/icbbe.2011.5781573,2011,2011
10.1109/icbbe.2011.5781574,2011,2011
10.1109/icbbe.2011.5781575,2011,2011
10.1109/icbbe.2011.5781578,2011,2011
10.1109/icbbe.2011.5781580,2011,2011
10.1109/icbbe.2011.5781584,2011,2011
10.1109/icbbe.2011.5781586,2011,2011
10.1109/icbbe.2011.5781587,2011,2011
10.1109/icbbe.2011.5781588,2011,2011
10.1109/icbbe.2011.5781590,2011,2011
10.1109/icbbe.2011.5781591,2011,2011
10.1109/icbbe.2011.5781592,2011,2011
10.1109/icbbe.2011.5781595,2011,2011
10.1109/icbbe.2011.5781596,2011,2011
10.1109/icbbe.2011.5781597,2011,2011
10.1109/icbbe.2011.5781599,2011,2011
10.1109/icbbe.2011.5781602,2011,2011
10.1109/icbbe.2011.5781605,2011,2011
10.1109/icbbe.2011.5781606,2011,2011
10.1109/icbbe.2011.5781611,2011,2011
10.1109/icbbe.2011.5781612,2011,2011
10.1109/icbbe.2011.5781613,2011,2011
10.1109/icbbe.2011.5781614,2011,2011
10.1109/icbbe.2011.5781615,2011,2011
10.1109/icbbe.2011.5781617,2011,2011
10.1109/icbbe.2011.5781618,2011,2011
10.1109/icbbe.2011.5781621,2011,2011
10.1109/icbbe.2011.5781622,2011,2011
10.1109/icbbe.2011.5781628,2011,2011
10.1109/icbbe.2011.5781629,2011,2011
10.1109/icbbe.2011.5781632,2011,2011
10.1109/icbbe.2011.5781633,2011,2011
10.1109/icbbe.2011.5781638,2011,2011
10.1109/icbbe.2011.5781639,2011,2011
10.1109/icbbe.2011.5781641,2011,2011
10.1109/icbbe.2011.5781644,2011,2011
10.1109/icbbe.2011.5781645,2011,2011
10.1109/icbbe.2011.5781647,2011,2011
10.1109/icbbe.2011.5781648,2011,2011
10.1109/icbbe.2011.5781649,2011,2011
10.1109/icbbe.2011.5781650,2011,2011
10.1109/icbbe.2011.5781651,2011,2011
10.1109/icbbe.2011.5781652,2011,2011
10.1109/icbbe.2011.5781658,2011,2011
10.1109/icbbe.2011.5781660,2011,2011
10.1109/icbbe.2011.5781661,2011,2011
10.1109/icbbe.2011.5781664,2011,2011
10.1109/icbbe.2011.5781666,2011,2011
10.1109/icbmei.2011.5914453,2011,2011
10.1109/icbmei.2011.5914479,2011,2011
10.1109/icbmei.2011.5914482,2011,2011
10.1109/icbmei.2011.5914484,2011,2011
10.1109/icbmei.2011.5914498,2011,2011
10.1109/icbmei.2011.5914507,2011,2011
10.1109/icbmei.2011.5916846,2011,2011
10.1109/icbmei.2011.5916856,2011,2011
10.1109/icbmei.2011.5916881,2011,2011
10.1109/icbmei.2011.5916892,2011,2011
10.1109/icbmei.2011.5916893,2011,2011
10.1109/icbmei.2011.5916921,2011,2011
10.1109/icbmei.2011.5916933,2011,2011
10.1109/icbmei.2011.5916942,2011,2011
10.1109/icbmei.2011.5916956,2011,2011
10.1109/icbmei.2011.5916964,2011,2011
10.1109/icbmei.2011.5916983,2011,2011
10.1109/icbmei.2011.5916985,2011,2011
10.1109/icbmei.2011.5916987,2011,2011
10.1109/icbmei.2011.5916988,2011,2011
10.1109/icbmei.2011.5917002,2011,2011
10.1109/icbmei.2011.5917008,2011,2011
10.1109/icbmei.2011.5917034,2011,2011
10.1109/icbmei.2011.5917035,2011,2011
10.1109/icbmei.2011.5917057,2011,2011
10.1109/icbmei.2011.5917834,2011,2011
10.1109/icbmei.2011.5917836,2011,2011
10.1109/icbmei.2011.5917841,2011,2011
10.1109/icbmei.2011.5917847,2011,2011
10.1109/icbmei.2011.5917852,2011,2011
10.1109/icbmei.2011.5917854,2011,2011
10.1109/icbmei.2011.5917858,2011,2011
10.1109/icbmei.2011.5917860,2011,2011
10.1109/icbmei.2011.5917861,2011,2011
10.1109/icbmei.2011.5917871,2011,2011
10.1109/icbmei.2011.5917900,2011,2011
10.1109/icbmei.2011.5917924,2011,2011
10.1109/icbmei.2011.5917928,2011,2011
10.1109/icbmei.2011.5917938,2011,2011
10.1109/icbmei.2011.5917945,2011,2011
10.1109/icbmei.2011.5917959,2011,2011
10.1109/icbmei.2011.5917968,2011,2011
10.1109/icbmei.2011.5917979,2011,2011
10.1109/icbmei.2011.5917982,2011,2011
10.1109/icbmei.2011.5917989,2011,2011
10.1109/icbmei.2011.5917990,2011,2011
10.1109/icbmei.2011.5917995,2011,2011
10.1109/icbmei.2011.5918007,2011,2011
10.1109/icbmei.2011.5918008,2011,2011
10.1109/icbmei.2011.5918010,2011,2011
10.1109/icbmei.2011.5918013,2011,2011
10.1109/icbmei.2011.5918026,2011,2011
10.1109/icbmei.2011.5918032,2011,2011
10.1109/icbmei.2011.5918037,2011,2011
10.1109/icbmei.2011.5920339,2011,2011
10.1109/icbmei.2011.5920340,2011,2011
10.1109/icbmei.2011.5920342,2011,2011
10.1109/icbmei.2011.5920343,2011,2011
10.1109/icbmei.2011.5920347,2011,2011
10.1109/icbmei.2011.5920350,2011,2011
10.1109/icbmei.2011.5920351,2011,2011
10.1109/icbmei.2011.5920352,2011,2011
10.1109/icbmei.2011.5920354,2011,2011
10.1109/icbmei.2011.5920361,2011,2011
10.1109/icbmei.2011.5920363,2011,2011
10.1109/icbmei.2011.5920366,2011,2011
10.1109/icbmei.2011.5920376,2011,2011
10.1109/icbmei.2011.5920379,2011,2011
10.1109/icbmei.2011.5920385,2011,2011
10.1109/icbmei.2011.5920391,2011,2011
10.1109/icbmei.2011.5920396,2011,2011
10.1109/icbmei.2011.5920400,2011,2011
10.1109/icbmei.2011.5920401,2011,2011
10.1109/icbmei.2011.5920423,2011,2011
10.1109/icbmei.2011.5920427,2011,2011
10.1109/icbmei.2011.5920430,2011,2011
10.1109/icbmei.2011.5920441,2011,2011
10.1109/icbmei.2011.5920447,2011,2011
10.1109/icbmei.2011.5920453,2011,2011
10.1109/icbmei.2011.5920459,2011,2011
10.1109/icbmei.2011.5920462,2011,2011
10.1109/icbmei.2011.5920485,2011,2011
10.1109/icbmei.2011.5920489,2011,2011
10.1109/icbmei.2011.5920493,2011,2011
10.1109/icbmei.2011.5920495,2011,2011
10.1109/icbmei.2011.5920496,2011,2011
10.1109/icbmei.2011.5920503,2011,2011
10.1109/icbmei.2011.5920511,2011,2011
10.1109/icbmei.2011.5920518,2011,2011
10.1109/icbmei.2011.5920519,2011,2011
10.1109/icbmei.2011.5920523,2011,2011
10.1109/icbmei.2011.5920527,2011,2011
10.1109/icbmei.2011.5920528,2011,2011
10.1109/icbmei.2011.5920529,2011,2011
10.1109/icbmei.2011.5920532,2011,2011
10.1109/icbmei.2011.5920540,2011,2011
10.1109/icbmei.2011.5920542,2011,2011
10.1109/icbmei.2011.5920909,2011,2011
10.1109/icbmei.2011.5920914,2011,2011
10.1109/icbmei.2011.5920919,2011,2011
10.1109/icbmei.2011.5920927,2011,2011
10.1109/icbmei.2011.5920931,2011,2011
10.1109/icbmei.2011.5920932,2011,2011
10.1109/icbmei.2011.5920934,2011,2011
10.1109/icbmei.2011.5920936,2011,2011
10.1109/icbmei.2011.5920940,2011,2011
10.1109/icbmei.2011.5920943,2011,2011
10.1109/icbmei.2011.5920948,2011,2011
10.1109/icbmei.2011.5920949,2011,2011
10.1109/icbmei.2011.5920963,2011,2011
10.1109/icbmei.2011.5920968,2011,2011
10.1109/icbmei.2011.5920974,2011,2011
10.1109/icbmei.2011.5920978,2011,2011
10.1109/icbmei.2011.5920984,2011,2011
10.1109/icbmei.2011.5920985,2011,2011
10.1109/icbmei.2011.5920998,2011,2011
10.1109/icbmei.2011.5921010,2011,2011
10.1109/icbmei.2011.5921011,2011,2011
10.1109/icbmei.2011.5921012,2011,2011
10.1109/icbmei.2011.5921014,2011,2011
10.1109/icbmei.2011.5921027,2011,2011
10.1109/icbmei.2011.5921029,2011,2011
10.1109/icbmei.2011.5921044,2011,2011
10.1109/icbmei.2011.5921057,2011,2011
10.1109/icbmei.2011.5921059,2011,2011
10.1109/icbmei.2011.5921088,2011,2011
10.1109/icbmei.2011.5921186,2011,2011
10.1109/iccsit.2009.5234701,2011,2009
10.1109/icdecom.2011.5738505,2011,2011
10.1109/icebeg.2011.5876652,2011,2011
10.1109/icebeg.2011.5876654,2011,2011
10.1109/icebeg.2011.5876655,2011,2011
10.1109/icebeg.2011.5876656,2011,2011
10.1109/icebeg.2011.5876657,2011,2011
10.1109/icebeg.2011.5876659,2011,2011
10.1109/icebeg.2011.5876660,2011,2011
10.1109/icebeg.2011.5876671,2011,2011
10.1109/icebeg.2011.5876673,2011,2011
10.1109/icebeg.2011.5876674,2011,2011
10.1109/icebeg.2011.5876691,2011,2011
10.1109/icebeg.2011.5877017,2011,2011
10.1109/icebeg.2011.5877022,2011,2011
10.1109/icebeg.2011.5877026,2011,2011
10.1109/icebeg.2011.5877028,2011,2011
10.1109/icebeg.2011.5877034,2011,2011
10.1109/icebeg.2011.5877035,2011,2011
10.1109/icebeg.2011.5877037,2011,2011
10.1109/icebeg.2011.5877039,2011,2011
10.1109/icebeg.2011.5877041,2011,2011
10.1109/icebeg.2011.5877042,2011,2011
10.1109/icebeg.2011.5877044,2011,2011
10.1109/icebeg.2011.5877045,2011,2011
10.1109/icebeg.2011.5877046,2011,2011
10.1109/icebeg.2011.5877047,2011,2011
10.1109/icebeg.2011.5877051,2011,2011
10.1109/icebeg.2011.5877055,2011,2011
10.1109/icebeg.2011.5877056,2011,2011
10.1109/icebeg.2011.5877057,2011,2011
10.1109/icebeg.2011.5877059,2011,2011
10.1109/icebeg.2011.5877064,2011,2011
10.1109/icebeg.2011.5877069,2011,2011
10.1109/icebeg.2011.5877072,2011,2011
10.1109/icebeg.2011.5881262,2011,2011
10.1109/icebeg.2011.5881267,2011,2011
10.1109/icebeg.2011.5881268,2011,2011
10.1109/icebeg.2011.5881273,2011,2011
10.1109/icebeg.2011.5881274,2011,2011
10.1109/icebeg.2011.5881276,2011,2011
10.1109/icebeg.2011.5881278,2011,2011
10.1109/icebeg.2011.5881290,2011,2011
10.1109/icebeg.2011.5881291,2011,2011
10.1109/icebeg.2011.5881296,2011,2011
10.1109/icebeg.2011.5881299,2011,2011
10.1109/icebeg.2011.5881300,2011,2011
10.1109/icebeg.2011.5881301,2011,2011
10.1109/icebeg.2011.5881303,2011,2011
10.1109/icebeg.2011.5881308,2011,2011
10.1109/icebeg.2011.5881309,2011,2011
10.1109/icebeg.2011.5881310,2011,2011
10.1109/icebeg.2011.5881312,2011,2011
10.1109/icebeg.2011.5881317,2011,2011
10.1109/icebeg.2011.5881318,2011,2011
10.1109/icebeg.2011.5881319,2011,2011
10.1109/icebeg.2011.5881325,2011,2011
10.1109/icebeg.2011.5881326,2011,2011
10.1109/icebeg.2011.5881331,2011,2011
10.1109/icebeg.2011.5881334,2011,2011
10.1109/icebeg.2011.5881336,2011,2011
10.1109/icebeg.2011.5881338,2011,2011
10.1109/icebeg.2011.5881343,2011,2011
10.1109/icebeg.2011.5881344,2011,2011
10.1109/icebeg.2011.5881345,2011,2011
10.1109/icebeg.2011.5881346,2011,2011
10.1109/icebeg.2011.5881348,2011,2011
10.1109/icebeg.2011.5881349,2011,2011
10.1109/icebeg.2011.5881351,2011,2011
10.1109/icebeg.2011.5881355,2011,2011
10.1109/icebeg.2011.5881356,2011,2011
10.1109/icebeg.2011.5881363,2011,2011
10.1109/icebeg.2011.5881369,2011,2011
10.1109/icebeg.2011.5881370,2011,2011
10.1109/icebeg.2011.5881371,2011,2011
10.1109/icebeg.2011.5881379,2011,2011
10.1109/icebeg.2011.5881380,2011,2011
10.1109/icebeg.2011.5881385,2011,2011
10.1109/icebeg.2011.5881388,2011,2011
10.1109/icebeg.2011.5881395,2011,2011
10.1109/icebeg.2011.5881399,2011,2011
10.1109/icebeg.2011.5881400,2011,2011
10.1109/icebeg.2011.5881402,2011,2011
10.1109/icebeg.2011.5881403,2011,2011
10.1109/icebeg.2011.5881405,2011,2011
10.1109/icebeg.2011.5881407,2011,2011
10.1109/icebeg.2011.5881409,2011,2011
10.1109/icebeg.2011.5881414,2011,2011
10.1109/icebeg.2011.5881417,2011,2011
10.1109/icebeg.2011.5881421,2011,2011
10.1109/icebeg.2011.5881423,2011,2011
10.1109/icebeg.2011.5881428,2011,2011
10.1109/icebeg.2011.5881429,2011,2011
10.1109/icebeg.2011.5881430,2011,2011
10.1109/icebeg.2011.5881441,2011,2011
10.1109/icebeg.2011.5881445,2011,2011
10.1109/icebeg.2011.5881448,2011,2011
10.1109/icebeg.2011.5881452,2011,2011
10.1109/icebeg.2011.5881453,2011,2011
10.1109/icebeg.2011.5881454,2011,2011
10.1109/icebeg.2011.5881455,2011,2011
10.1109/icebeg.2011.5881459,2011,2011
10.1109/icebeg.2011.5881461,2011,2011
10.1109/icebeg.2011.5881464,2011,2011
10.1109/icebeg.2011.5881466,2011,2011
10.1109/icebeg.2011.5881468,2011,2011
10.1109/icebeg.2011.5881471,2011,2011
10.1109/icebeg.2011.5881474,2011,2011
10.1109/icebeg.2011.5881475,2011,2011
10.1109/icebeg.2011.5881477,2011,2011
10.1109/icebeg.2011.5881481,2011,2011
10.1109/icebeg.2011.5881486,2011,2011
10.1109/icebeg.2011.5881488,2011,2011
10.1109/icebeg.2011.5881495,2011,2011
10.1109/icebeg.2011.5881499,2011,2011
10.1109/icebeg.2011.5881502,2011,2011
10.1109/icebeg.2011.5881503,2011,2011
10.1109/icebeg.2011.5881504,2011,2011
10.1109/icebeg.2011.5881505,2011,2011
10.1109/icebeg.2011.5881506,2011,2011
10.1109/icebeg.2011.5881507,2011,2011
10.1109/icebeg.2011.5881517,2011,2011
10.1109/icebeg.2011.5881519,2011,2011
10.1109/icebeg.2011.5881523,2011,2011
10.1109/icebeg.2011.5881525,2011,2011
10.1109/icebeg.2011.5881527,2011,2011
10.1109/icebeg.2011.5881538,2011,2011
10.1109/icebeg.2011.5881540,2011,2011
10.1109/icebeg.2011.5881542,2011,2011
10.1109/icebeg.2011.5881545,2011,2011
10.1109/icebeg.2011.5881548,2011,2011
10.1109/icebeg.2011.5881550,2011,2011
10.1109/icebeg.2011.5881551,2011,2011
10.1109/icebeg.2011.5881558,2011,2011
10.1109/icebeg.2011.5881559,2011,2011
10.1109/icebeg.2011.5881561,2011,2011
10.1109/icebeg.2011.5881563,2011,2011
10.1109/icebeg.2011.5881568,2011,2011
10.1109/icebeg.2011.5881571,2011,2011
10.1109/icebeg.2011.5881572,2011,2011
10.1109/icebeg.2011.5881576,2011,2011
10.1109/icebeg.2011.5881578,2011,2011
10.1109/icebeg.2011.5881579,2011,2011
10.1109/icebeg.2011.5881582,2011,2011
10.1109/icebeg.2011.5881583,2011,2011
10.1109/icebeg.2011.5881584,2011,2011
10.1109/icebeg.2011.5881586,2011,2011
10.1109/icebeg.2011.5881589,2011,2011
10.1109/icebeg.2011.5881590,2011,2011
10.1109/icebeg.2011.5881592,2011,2011
10.1109/icebeg.2011.5881596,2011,2011
10.1109/icebeg.2011.5881599,2011,2011
10.1109/icebeg.2011.5881600,2011,2011
10.1109/icebeg.2011.5881601,2011,2011
10.1109/icebeg.2011.5881606,2011,2011
10.1109/icebeg.2011.5881607,2011,2011
10.1109/icebeg.2011.5881608,2011,2011
10.1109/icebeg.2011.5881609,2011,2011
10.1109/icebeg.2011.5881615,2011,2011
10.1109/icebeg.2011.5881619,2011,2011
10.1109/icebeg.2011.5881621,2011,2011
10.1109/icebeg.2011.5881622,2011,2011
10.1109/icebeg.2011.5881626,2011,2011
10.1109/icebeg.2011.5881627,2011,2011
10.1109/icebeg.2011.5881629,2011,2011
10.1109/icebeg.2011.5881632,2011,2011
10.1109/icebeg.2011.5881633,2011,2011
10.1109/icebeg.2011.5881637,2011,2011
10.1109/icebeg.2011.5881641,2011,2011
10.1109/icebeg.2011.5881642,2011,2011
10.1109/icebeg.2011.5881643,2011,2011
10.1109/icebeg.2011.5881644,2011,2011
10.1109/icebeg.2011.5881649,2011,2011
10.1109/icebeg.2011.5881655,2011,2011
10.1109/icebeg.2011.5881658,2011,2011
10.1109/icebeg.2011.5881664,2011,2011
10.1109/icebeg.2011.5881676,2011,2011
10.1109/icebeg.2011.5881677,2011,2011
10.1109/icebeg.2011.5881678,2011,2011
10.1109/icebeg.2011.5881709,2011,2011
10.1109/icebeg.2011.5881714,2011,2011
10.1109/icebeg.2011.5881716,2011,2011
10.1109/icebeg.2011.5881722,2011,2011
10.1109/icebeg.2011.5881726,2011,2011
10.1109/icebeg.2011.5881731,2011,2011
10.1109/icebeg.2011.5881733,2011,2011
10.1109/icebeg.2011.5881739,2011,2011
10.1109/icebeg.2011.5881745,2011,2011
10.1109/icebeg.2011.5881748,2011,2011
10.1109/icebeg.2011.5881751,2011,2011
10.1109/icebeg.2011.5881766,2011,2011
10.1109/icebeg.2011.5881770,2011,2011
10.1109/icebeg.2011.5881772,2011,2011
10.1109/icebeg.2011.5881776,2011,2011
10.1109/icebeg.2011.5881778,2011,2011
10.1109/icebeg.2011.5881783,2011,2011
10.1109/icebeg.2011.5881785,2011,2011
10.1109/icebeg.2011.5881810,2011,2011
10.1109/icebeg.2011.5881811,2011,2011
10.1109/icebeg.2011.5881813,2011,2011
10.1109/icebeg.2011.5881820,2011,2011
10.1109/icebeg.2011.5881822,2011,2011
10.1109/icebeg.2011.5881832,2011,2011
10.1109/icebeg.2011.5881833,2011,2011
10.1109/icebeg.2011.5881841,2011,2011
10.1109/icebeg.2011.5881843,2011,2011
10.1109/icebeg.2011.5881861,2011,2011
10.1109/icebeg.2011.5881863,2011,2011
10.1109/icebeg.2011.5881868,2011,2011
10.1109/icebeg.2011.5881869,2011,2011
10.1109/icebeg.2011.5881874,2011,2011
10.1109/icebeg.2011.5881882,2011,2011
10.1109/icebeg.2011.5881887,2011,2011
10.1109/icebeg.2011.5881903,2011,2011
10.1109/icebeg.2011.5881904,2011,2011
10.1109/icebeg.2011.5881905,2011,2011
10.1109/icebeg.2011.5881907,2011,2011
10.1109/icebeg.2011.5881909,2011,2011
10.1109/icebeg.2011.5881913,2011,2011
10.1109/icebeg.2011.5881914,2011,2011
10.1109/icebeg.2011.5881924,2011,2011
10.1109/icebeg.2011.5881925,2011,2011
10.1109/icebeg.2011.5881926,2011,2011
10.1109/icebeg.2011.5881927,2011,2011
10.1109/icebeg.2011.5881930,2011,2011
10.1109/icebeg.2011.5881944,2011,2011
10.1109/icebeg.2011.5881949,2011,2011
10.1109/icebeg.2011.5881953,2011,2011
10.1109/icebeg.2011.5881955,2011,2011
10.1109/icebeg.2011.5881957,2011,2011
10.1109/icebeg.2011.5881959,2011,2011
10.1109/icebeg.2011.5881964,2011,2011
10.1109/icebeg.2011.5881968,2011,2011
10.1109/icebeg.2011.5881969,2011,2011
10.1109/icebeg.2011.5881970,2011,2011
10.1109/icebeg.2011.5881973,2011,2011
10.1109/icebeg.2011.5881977,2011,2011
10.1109/icebeg.2011.5881980,2011,2011
10.1109/icebeg.2011.5881983,2011,2011
10.1109/icebeg.2011.5881986,2011,2011
10.1109/icebeg.2011.5881989,2011,2011
10.1109/icebeg.2011.5881991,2011,2011
10.1109/icebeg.2011.5881995,2011,2011
10.1109/icebeg.2011.5881996,2011,2011
10.1109/icebeg.2011.5881999,2011,2011
10.1109/icebeg.2011.5882000,2011,2011
10.1109/icebeg.2011.5882001,2011,2011
10.1109/icebeg.2011.5882008,2011,2011
10.1109/icebeg.2011.5882016,2011,2011
10.1109/icebeg.2011.5882018,2011,2011
10.1109/icebeg.2011.5882021,2011,2011
10.1109/icebeg.2011.5882027,2011,2011
10.1109/icebeg.2011.5882030,2011,2011
10.1109/icebeg.2011.5882033,2011,2011
10.1109/icebeg.2011.5882034,2011,2011
10.1109/icebeg.2011.5882036,2011,2011
10.1109/icebeg.2011.5882037,2011,2011
10.1109/icebeg.2011.5882039,2011,2011
10.1109/icebeg.2011.5882043,2011,2011
10.1109/icebeg.2011.5882051,2011,2011
10.1109/icebeg.2011.5882052,2011,2011
10.1109/icebeg.2011.5882059,2011,2011
10.1109/icebeg.2011.5882066,2011,2011
10.1109/icebeg.2011.5882068,2011,2011
10.1109/icebeg.2011.5882069,2011,2011
10.1109/icebeg.2011.5882070,2011,2011
10.1109/icebeg.2011.5882074,2011,2011
10.1109/icebeg.2011.5882085,2011,2011
10.1109/icebeg.2011.5882093,2011,2011
10.1109/icebeg.2011.5882100,2011,2011
10.1109/icebeg.2011.5882110,2011,2011
10.1109/icebeg.2011.5882115,2011,2011
10.1109/icebeg.2011.5882117,2011,2011
10.1109/icebeg.2011.5882121,2011,2011
10.1109/icebeg.2011.5882124,2011,2011
10.1109/icebeg.2011.5882127,2011,2011
10.1109/icebeg.2011.5882130,2011,2011
10.1109/icebeg.2011.5882132,2011,2011
10.1109/icebeg.2011.5882135,2011,2011
10.1109/icebeg.2011.5882139,2011,2011
10.1109/icebeg.2011.5882142,2011,2011
10.1109/icebeg.2011.5882148,2011,2011
10.1109/icebeg.2011.5882149,2011,2011
10.1109/icebeg.2011.5882151,2011,2011
10.1109/icebeg.2011.5882159,2011,2011
10.1109/icebeg.2011.5882160,2011,2011
10.1109/icebeg.2011.5882162,2011,2011
10.1109/icebeg.2011.5882165,2011,2011
10.1109/icebeg.2011.5882168,2011,2011
10.1109/icebeg.2011.5882173,2011,2011
10.1109/icebeg.2011.5882174,2011,2011
10.1109/icebeg.2011.5882178,2011,2011
10.1109/icebeg.2011.5882179,2011,2011
10.1109/icebeg.2011.5882180,2011,2011
10.1109/icebeg.2011.5882187,2011,2011
10.1109/icebeg.2011.5882188,2011,2011
10.1109/icebeg.2011.5882190,2011,2011
10.1109/icebeg.2011.5882195,2011,2011
10.1109/icebeg.2011.5882198,2011,2011
10.1109/icebeg.2011.5882199,2011,2011
10.1109/icebeg.2011.5882200,2011,2011
10.1109/icebeg.2011.5882202,2011,2011
10.1109/icebeg.2011.5882204,2011,2011
10.1109/icebeg.2011.5882209,2011,2011
10.1109/icebeg.2011.5882210,2011,2011
10.1109/icebeg.2011.5882212,2011,2011
10.1109/icebeg.2011.5882214,2011,2011
10.1109/icebeg.2011.5882219,2011,2011
10.1109/icebeg.2011.5882225,2011,2011
10.1109/icebeg.2011.5882228,2011,2011
10.1109/icebeg.2011.5882231,2011,2011
10.1109/icebeg.2011.5882232,2011,2011
10.1109/icebeg.2011.5882233,2011,2011
10.1109/icebeg.2011.5882234,2011,2011
10.1109/icebeg.2011.5882236,2011,2011
10.1109/icebeg.2011.5882242,2011,2011
10.1109/icebeg.2011.5882248,2011,2011
10.1109/icebeg.2011.5882251,2011,2011
10.1109/icebeg.2011.5882255,2011,2011
10.1109/icebeg.2011.5882256,2011,2011
10.1109/icebeg.2011.5882257,2011,2011
10.1109/icebeg.2011.5882260,2011,2011
10.1109/icebeg.2011.5882262,2011,2011
10.1109/icebeg.2011.5882264,2011,2011
10.1109/icebeg.2011.5882265,2011,2011
10.1109/icebeg.2011.5882266,2011,2011
10.1109/icebeg.2011.5882274,2011,2011
10.1109/icebeg.2011.5882278,2011,2011
10.1109/icebeg.2011.5882279,2011,2011
10.1109/icebeg.2011.5882280,2011,2011
10.1109/icebeg.2011.5882294,2011,2011
10.1109/icebeg.2011.5882297,2011,2011
10.1109/icebeg.2011.5882305,2011,2011
10.1109/icebeg.2011.5882311,2011,2011
10.1109/icebeg.2011.5882312,2011,2011
10.1109/icebeg.2011.5882313,2011,2011
10.1109/icebeg.2011.5882314,2011,2011
10.1109/icebeg.2011.5882320,2011,2011
10.1109/icebeg.2011.5882321,2011,2011
10.1109/icebeg.2011.5882322,2011,2011
10.1109/icebeg.2011.5882324,2011,2011
10.1109/icebeg.2011.5882325,2011,2011
10.1109/icebeg.2011.5882328,2011,2011
10.1109/icebeg.2011.5882331,2011,2011
10.1109/icebeg.2011.5882334,2011,2011
10.1109/icebeg.2011.5882336,2011,2011
10.1109/icebeg.2011.5882341,2011,2011
10.1109/icebeg.2011.5882345,2011,2011
10.1109/icebeg.2011.5882347,2011,2011
10.1109/icebeg.2011.5882350,2011,2011
10.1109/icebeg.2011.5882351,2011,2011
10.1109/icebeg.2011.5882353,2011,2011
10.1109/icebeg.2011.5882355,2011,2011
10.1109/icebeg.2011.5882357,2011,2011
10.1109/icebeg.2011.5882358,2011,2011
10.1109/icebeg.2011.5882359,2011,2011
10.1109/icebeg.2011.5882369,2011,2011
10.1109/icebeg.2011.5882373,2011,2011
10.1109/icebeg.2011.5882374,2011,2011
10.1109/icebeg.2011.5882375,2011,2011
10.1109/icebeg.2011.5882379,2011,2011
10.1109/icebeg.2011.5882383,2011,2011
10.1109/icebeg.2011.5882385,2011,2011
10.1109/icebeg.2011.5882388,2011,2011
10.1109/icebeg.2011.5882391,2011,2011
10.1109/icebeg.2011.5882393,2011,2011
10.1109/icebeg.2011.5882395,2011,2011
10.1109/icebeg.2011.5882398,2011,2011
10.1109/icebeg.2011.5882405,2011,2011
10.1109/icebeg.2011.5882410,2011,2011
10.1109/icebeg.2011.5882412,2011,2011
10.1109/icebeg.2011.5882413,2011,2011
10.1109/icebeg.2011.5882425,2011,2011
10.1109/icebeg.2011.5882428,2011,2011
10.1109/icebeg.2011.5882429,2011,2011
10.1109/icebeg.2011.5882432,2011,2011
10.1109/icebeg.2011.5882435,2011,2011
10.1109/icebeg.2011.5882439,2011,2011
10.1109/icebeg.2011.5882440,2011,2011
10.1109/icebeg.2011.5882442,2011,2011
10.1109/icebeg.2011.5882443,2011,2011
10.1109/icebeg.2011.5882444,2011,2011
10.1109/icebeg.2011.5882448,2011,2011
10.1109/icebeg.2011.5882451,2011,2011
10.1109/icebeg.2011.5882453,2011,2011
10.1109/icebeg.2011.5882455,2011,2011
10.1109/icebeg.2011.5882456,2011,2011
10.1109/icebeg.2011.5882457,2011,2011
10.1109/icebeg.2011.5882461,2011,2011
10.1109/icebeg.2011.5882462,2011,2011
10.1109/icebeg.2011.5882467,2011,2011
10.1109/icebeg.2011.5882471,2011,2011
10.1109/icebeg.2011.5882474,2011,2011
10.1109/icebeg.2011.5882479,2011,2011
10.1109/icebeg.2011.5882486,2011,2011
10.1109/icebeg.2011.5882489,2011,2011
10.1109/icebeg.2011.5882491,2011,2011
10.1109/icebeg.2011.5882497,2011,2011
10.1109/icebeg.2011.5882500,2011,2011
10.1109/icebeg.2011.5882507,2011,2011
10.1109/icebeg.2011.5882524,2011,2011
10.1109/icebeg.2011.5882528,2011,2011
10.1109/icebeg.2011.5882529,2011,2011
10.1109/icebeg.2011.5882530,2011,2011
10.1109/icebeg.2011.5882534,2011,2011
10.1109/icebeg.2011.5882552,2011,2011
10.1109/icebeg.2011.5882556,2011,2011
10.1109/icebeg.2011.5882557,2011,2011
10.1109/icebeg.2011.5882559,2011,2011
10.1109/icebeg.2011.5882565,2011,2011
10.1109/icebeg.2011.5882568,2011,2011
10.1109/icebeg.2011.5882582,2011,2011
10.1109/icebeg.2011.5882585,2011,2011
10.1109/icebeg.2011.5882588,2011,2011
10.1109/icebeg.2011.5882591,2011,2011
10.1109/icebeg.2011.5882592,2011,2011
10.1109/icebeg.2011.5882597,2011,2011
10.1109/icebeg.2011.5882618,2011,2011
10.1109/icebeg.2011.5882620,2011,2011
10.1109/icebeg.2011.5882623,2011,2011
10.1109/icebeg.2011.5882626,2011,2011
10.1109/icebeg.2011.5882628,2011,2011
10.1109/icebeg.2011.5882633,2011,2011
10.1109/icebeg.2011.5882637,2011,2011
10.1109/icebeg.2011.5882640,2011,2011
10.1109/icebeg.2011.5882642,2011,2011
10.1109/icebeg.2011.5882644,2011,2011
10.1109/icebeg.2011.5882649,2011,2011
10.1109/icebeg.2011.5882650,2011,2011
10.1109/icebeg.2011.5882655,2011,2011
10.1109/icebeg.2011.5882656,2011,2011
10.1109/icebeg.2011.5882657,2011,2011
10.1109/icebeg.2011.5882659,2011,2011
10.1109/icebeg.2011.5882664,2011,2011
10.1109/icebeg.2011.5882665,2011,2011
10.1109/icebeg.2011.5882671,2011,2011
10.1109/icebeg.2011.5882674,2011,2011
10.1109/icebeg.2011.5882675,2011,2011
10.1109/icebeg.2011.5882681,2011,2011
10.1109/icebeg.2011.5882682,2011,2011
10.1109/icebeg.2011.5882690,2011,2011
10.1109/icebeg.2011.5882696,2011,2011
10.1109/icebeg.2011.5882700,2011,2011
10.1109/icebeg.2011.5882701,2011,2011
10.1109/icebeg.2011.5882704,2011,2011
10.1109/icebeg.2011.5882708,2011,2011
10.1109/icebeg.2011.5882717,2011,2011
10.1109/icebeg.2011.5882744,2011,2011
10.1109/icebeg.2011.5882750,2011,2011
10.1109/icebeg.2011.5882760,2011,2011
10.1109/icebeg.2011.5882761,2011,2011
10.1109/icebeg.2011.5882766,2011,2011
10.1109/icebeg.2011.5882767,2011,2011
10.1109/icebeg.2011.5882768,2011,2011
10.1109/icebeg.2011.5882769,2011,2011
10.1109/icebeg.2011.5882770,2011,2011
10.1109/icebeg.2011.5882779,2011,2011
10.1109/icebeg.2011.5882783,2011,2011
10.1109/icebeg.2011.5882787,2011,2011
10.1109/icebeg.2011.5882789,2011,2011
10.1109/icebeg.2011.5882790,2011,2011
10.1109/icebeg.2011.5882792,2011,2011
10.1109/icebeg.2011.5882793,2011,2011
10.1109/icebeg.2011.5882796,2011,2011
10.1109/icebeg.2011.5882799,2011,2011
10.1109/icebeg.2011.5882800,2011,2011
10.1109/icebeg.2011.5882808,2011,2011
10.1109/icebeg.2011.5882811,2011,2011
10.1109/icebeg.2011.5884471,2011,2011
10.1109/icebeg.2011.5884472,2011,2011
10.1109/icebeg.2011.5884474,2011,2011
10.1109/icebeg.2011.5884475,2011,2011
10.1109/icebeg.2011.5884476,2011,2011
10.1109/icebeg.2011.5884477,2011,2011
10.1109/icebeg.2011.5884478,2011,2011
10.1109/icebeg.2011.5884479,2011,2011
10.1109/icebeg.2011.5884481,2011,2011
10.1109/icebeg.2011.5884483,2011,2011
10.1109/icebeg.2011.5884489,2011,2011
10.1109/icebeg.2011.5884499,2011,2011
10.1109/icebeg.2011.5884501,2011,2011
10.1109/icebeg.2011.5884503,2011,2011
10.1109/icebeg.2011.5884508,2011,2011
10.1109/icebeg.2011.5884514,2011,2011
10.1109/icebeg.2011.5884515,2011,2011
10.1109/icebeg.2011.5884521,2011,2011
10.1109/icebeg.2011.5884525,2011,2011
10.1109/icebeg.2011.5884531,2011,2011
10.1109/icebeg.2011.5884534,2011,2011
10.1109/icebeg.2011.5884537,2011,2011
10.1109/icebeg.2011.5884542,2011,2011
10.1109/icebeg.2011.5885273,2011,2011
10.1109/icebeg.2011.5885276,2011,2011
10.1109/icebeg.2011.5885281,2011,2011
10.1109/icebeg.2011.5885282,2011,2011
10.1109/icebeg.2011.5885283,2011,2011
10.1109/icebeg.2011.5885286,2011,2011
10.1109/icebeg.2011.5885290,2011,2011
10.1109/icebeg.2011.5885292,2011,2011
10.1109/icebeg.2011.5885293,2011,2011
10.1109/icebeg.2011.5885300,2011,2011
10.1109/icebeg.2011.5885301,2011,2011
10.1109/icebeg.2011.5885311,2011,2011
10.1109/icebeg.2011.5885322,2011,2011
10.1109/icebeg.2011.5885324,2011,2011
10.1109/icebeg.2011.5885325,2011,2011
10.1109/icebeg.2011.5885335,2011,2011
10.1109/icebeg.2011.5885336,2011,2011
10.1109/icebeg.2011.5885337,2011,2011
10.1109/icebeg.2011.5885338,2011,2011
10.1109/icebeg.2011.5885339,2011,2011
10.1109/icebeg.2011.5886743,2011,2011
10.1109/icebeg.2011.5886745,2011,2011
10.1109/icebeg.2011.5886746,2011,2011
10.1109/icebeg.2011.5886748,2011,2011
10.1109/icebeg.2011.5886749,2011,2011
10.1109/icebeg.2011.5886751,2011,2011
10.1109/icebeg.2011.5886773,2011,2011
10.1109/icebeg.2011.5886778,2011,2011
10.1109/icebeg.2011.5886787,2011,2011
10.1109/icebeg.2011.5886789,2011,2011
10.1109/icebeg.2011.5886790,2011,2011
10.1109/icebeg.2011.5886793,2011,2011
10.1109/icebeg.2011.5886794,2011,2011
10.1109/icebeg.2011.5886806,2011,2011
10.1109/icebeg.2011.5886811,2011,2011
10.1109/icebeg.2011.5886813,2011,2011
10.1109/icebeg.2011.5886827,2011,2011
10.1109/icebeg.2011.5886831,2011,2011
10.1109/icebeg.2011.5886832,2011,2011
10.1109/icebeg.2011.5886834,2011,2011
10.1109/icebeg.2011.5886835,2011,2011
10.1109/icebeg.2011.5886838,2011,2011
10.1109/icebeg.2011.5886839,2011,2011
10.1109/icebeg.2011.5886842,2011,2011
10.1109/icebeg.2011.5886844,2011,2011
10.1109/icebeg.2011.5886845,2011,2011
10.1109/icebeg.2011.5886846,2011,2011
10.1109/icebeg.2011.5886847,2011,2011
10.1109/icebeg.2011.5886852,2011,2011
10.1109/icebeg.2011.5886857,2011,2011
10.1109/icebeg.2011.5886865,2011,2011
10.1109/icebeg.2011.5886871,2011,2011
10.1109/icebeg.2011.5886879,2011,2011
10.1109/icebeg.2011.5886880,2011,2011
10.1109/icebeg.2011.5886881,2011,2011
10.1109/icebeg.2011.5886882,2011,2011
10.1109/icebeg.2011.5886888,2011,2011
10.1109/icebeg.2011.5886890,2011,2011
10.1109/icebeg.2011.5886893,2011,2011
10.1109/icebeg.2011.5886908,2011,2011
10.1109/icebeg.2011.5886909,2011,2011
10.1109/icebeg.2011.5886917,2011,2011
10.1109/icebeg.2011.5886919,2011,2011
10.1109/icebeg.2011.5886920,2011,2011
10.1109/icebeg.2011.5886922,2011,2011
10.1109/icebeg.2011.5886924,2011,2011
10.1109/icebeg.2011.5886926,2011,2011
10.1109/icebeg.2011.5886933,2011,2011
10.1109/icebeg.2011.5886935,2011,2011
10.1109/icebeg.2011.5886936,2011,2011
10.1109/icebeg.2011.5886937,2011,2011
10.1109/icebeg.2011.5886941,2011,2011
10.1109/icebeg.2011.5886943,2011,2011
10.1109/icebeg.2011.5886951,2011,2011
10.1109/icebeg.2011.5886955,2011,2011
10.1109/icebeg.2011.5886956,2011,2011
10.1109/icebeg.2011.5886957,2011,2011
10.1109/icebeg.2011.5886976,2011,2011
10.1109/icebeg.2011.5886982,2011,2011
10.1109/icebeg.2011.5886985,2011,2011
10.1109/icebeg.2011.5886987,2011,2011
10.1109/icebeg.2011.5886989,2011,2011
10.1109/icebeg.2011.5886990,2011,2011
10.1109/icebeg.2011.5886991,2011,2011
10.1109/icebeg.2011.5886994,2011,2011
10.1109/icebeg.2011.5887002,2011,2011
10.1109/icebeg.2011.5887007,2011,2011
10.1109/icebeg.2011.5887009,2011,2011
10.1109/icebeg.2011.5887012,2011,2011
10.1109/icebeg.2011.5887017,2011,2011
10.1109/icebeg.2011.5887019,2011,2011
10.1109/icebeg.2011.5887021,2011,2011
10.1109/icebeg.2011.5887023,2011,2011
10.1109/icebeg.2011.5887035,2011,2011
10.1109/icebeg.2011.5887046,2011,2011
10.1109/icebeg.2011.5887049,2011,2011
10.1109/icebeg.2011.5887050,2011,2011
10.1109/icebeg.2011.5887054,2011,2011
10.1109/icebeg.2011.5887055,2011,2011
10.1109/icebeg.2011.5887056,2011,2011
10.1109/icebeg.2011.5887072,2011,2011
10.1109/icebeg.2011.5887074,2011,2011
10.1109/icebeg.2011.5887075,2011,2011
10.1109/icebeg.2011.5887079,2011,2011
10.1109/icebeg.2011.5887087,2011,2011
10.1109/icebeg.2011.5887094,2011,2011
10.1109/icebeg.2011.5887096,2011,2011
10.1109/icebeg.2011.5887102,2011,2011
10.1109/icebeg.2011.5887107,2011,2011
10.1109/icebeg.2011.5887108,2011,2011
10.1109/icebeg.2011.5887112,2011,2011
10.1109/icebeg.2011.5887113,2011,2011
10.1109/icebeg.2011.5887114,2011,2011
10.1109/icebeg.2011.5887116,2011,2011
10.1109/icebeg.2011.5887118,2011,2011
10.1109/icebeg.2011.5887119,2011,2011
10.1109/icebeg.2011.5887121,2011,2011
10.1109/icebeg.2011.5887127,2011,2011
10.1109/icebeg.2011.5887130,2011,2011
10.1109/icebeg.2011.5887135,2011,2011
10.1109/icebeg.2011.5887137,2011,2011
10.1109/icebeg.2011.5887139,2011,2011
10.1109/icebeg.2011.5887141,2011,2011
10.1109/icebeg.2011.5887145,2011,2011
10.1109/icebeg.2011.5887148,2011,2011
10.1109/icebeg.2011.5887149,2011,2011
10.1109/icebeg.2011.5887151,2011,2011
10.1109/icebeg.2011.5887157,2011,2011
10.1109/icebeg.2011.5887161,2011,2011
10.1109/icebeg.2011.5887163,2011,2011
10.1109/icebeg.2011.5887167,2011,2011
10.1109/icebeg.2011.5887169,2011,2011
10.1109/icebeg.2011.5887170,2011,2011
10.1109/icebeg.2011.5887175,2011,2011
10.1109/icebeg.2011.5887178,2011,2011
10.1109/icebeg.2011.5887187,2011,2011
10.1109/icebeg.2011.5887194,2011,2011
10.1109/icebeg.2011.5887201,2011,2011
10.1109/icebeg.2011.5887202,2011,2011
10.1109/icebeg.2011.5887209,2011,2011
10.1109/icebeg.2011.5887211,2011,2011
10.1109/icebeg.2011.5887212,2011,2011
10.1109/icebeg.2011.5887213,2011,2011
10.1109/icebeg.2011.5887215,2011,2011
10.1109/icebeg.2011.5887217,2011,2011
10.1109/icebeg.2011.5887221,2011,2011
10.1109/icebeg.2011.5887230,2011,2011
10.1109/icebeg.2011.5887231,2011,2011
10.1109/icebeg.2011.5887232,2011,2011
10.1109/iceceng.2011.6056786,2011,2011
10.1109/iceceng.2011.6056855,2011,2011
10.1109/iceceng.2011.6056874,2011,2011
10.1109/iceceng.2011.6056932,2011,2011
10.1109/iceceng.2011.6057280,2011,2011
10.1109/iceceng.2011.6057285,2011,2011
10.1109/iceceng.2011.6057294,2011,2011
10.1109/iceceng.2011.6057426,2011,2011
10.1109/iceceng.2011.6057480,2011,2011
10.1109/iceceng.2011.6057505,2011,2011
10.1109/iceceng.2011.6057544,2011,2011
10.1109/iceceng.2011.6057559,2011,2011
10.1109/iceceng.2011.6057814,2011,2011
10.1109/iceceng.2011.6057820,2011,2011
10.1109/iceceng.2011.6057923,2011,2011
10.1109/iceceng.2011.6057970,2011,2011
10.1109/iceceng.2011.6057976,2011,2011
10.1109/iceceng.2011.6058006,2011,2011
10.1109/iceceng.2011.6058052,2011,2011
10.1109/iceceng.2011.6058225,2011,2011
10.1109/iceceng.2011.6058259,2011,2011
10.1109/iceceng.2011.6058379,2011,2011
10.1109/iceceng.2011.6058444,2011,2011
10.1109/iceceng.2011.6058450,2011,2011
10.1109/icectech.2011.5942014,2011,2011
10.1109/iceice.2011.5776839,2011,2011
10.1109/iceice.2011.5777152,2011,2011
10.1109/iceice.2011.5777251,2011,2011
10.1109/iceice.2011.57772824,2011,2011
10.1109/iceice.2011.5777294,2011,2011
10.1109/iceice.2011.5777307,2011,2011
10.1109/iceice.2011.57773324,2011,2011
10.1109/iceice.2011.5777333,2011,2011
10.1109/iceice.2011.5777396,2011,2011
10.1109/iceice.2011.5777419,2011,2011
10.1109/iceice.2011.5777424,2011,2011
10.1109/iceice.2011.5777434,2011,2011
10.1109/iceice.2011.5777477,2011,2011
10.1109/iceice.2011.5777548,2011,2011
10.1109/iceice.2011.5777554,2011,2011
10.1109/iceice.2011.5777603,2011,2011
10.1109/iceice.2011.5777632,2011,2011
10.1109/iceice.2011.5777656,2011,2011
10.1109/iceice.2011.5777662,2011,2011
10.1109/iceice.2011.5777666,2011,2011
10.1109/iceice.2011.5777672,2011,2011
10.1109/iceice.2011.5777728,2011,2011
10.1109/iceice.2011.5777750,2011,2011
10.1109/iceice.2011.5777772,2011,2011
10.1109/iceice.2011.5777788,2011,2011
10.1109/iceice.2011.5777814,2011,2011
10.1109/iceice.2011.5777889,2011,2011
10.1109/iceice.2011.5777935,2011,2011
10.1109/iceice.2011.5778070,2011,2011
10.1109/iceice.2011.5778071,2011,2011
10.1109/iceice.2011.5778091,2011,2011
10.1109/iceice.2011.5778118,2011,2011
10.1109/iceice.2011.5778148,2011,2011
10.1109/iceice.2011.5778167,2011,2011
10.1109/iceice.2011.5778176,2011,2011
10.1109/iceice.2011.5778205,2011,2011
10.1109/iceice.2011.5778292,2011,2011
10.1109/iceice.2011.5778364,2011,2011
10.1109/iceice.2011.5778373,2011,2011
10.1109/icemms.2011.6015615,2011,2011
10.1109/icemms.2011.6015622,2011,2011
10.1109/icemms.2011.6015626,2011,2011
10.1109/icemms.2011.6015629,2011,2011
10.1109/icemms.2011.6015630,2011,2011
10.1109/icemms.2011.6015634,2011,2011
10.1109/icemms.2011.6015636,2011,2011
10.1109/icemms.2011.6015637,2011,2011
10.1109/icemms.2011.6015639,2011,2011
10.1109/icemms.2011.6015647,2011,2011
10.1109/icemms.2011.6015649,2011,2011
10.1109/icemms.2011.6015655,2011,2011
10.1109/icemms.2011.6015658,2011,2011
10.1109/icemms.2011.6015664,2011,2011
10.1109/icemms.2011.6015665,2011,2011
10.1109/icemms.2011.6015671,2011,2011
10.1109/icemms.2011.6015672,2011,2011
10.1109/icemms.2011.6015681,2011,2011
10.1109/icemms.2011.6015687,2011,2011
10.1109/icemms.2011.6015690,2011,2011
10.1109/icemms.2011.6015696,2011,2011
10.1109/icemms.2011.6015698,2011,2011
10.1109/icemms.2011.6015705,2011,2011
10.1109/icemms.2011.6015714,2011,2011
10.1109/icemms.2011.6015715,2011,2011
10.1109/icemms.2011.6015722,2011,2011
10.1109/icemms.2011.6015723,2011,2011
10.1109/icemms.2011.6015726,2011,2011
10.1109/icemms.2011.6015734,2011,2011
10.1109/icemms.2011.6015738,2011,2011
10.1109/icemms.2011.6015741,2011,2011
10.1109/icemms.2011.6015742,2011,2011
10.1109/icemms.2011.6015748,2011,2011
10.1109/icemms.2011.6015754,2011,2011
10.1109/icemms.2011.6015759,2011,2011
10.1109/icemms.2011.6015763,2011,2011
10.1109/icemms.2011.6015771,2011,2011
10.1109/icemms.2011.6015772,2011,2011
10.1109/icemms.2011.6015776,2011,2011
10.1109/icemms.2011.6015778,2011,2011
10.1109/icemms.2011.6015779,2011,2011
10.1109/icemms.2011.6015781,2011,2011
10.1109/icemms.2011.6015783,2011,2011
10.1109/icemms.2011.6015785,2011,2011
10.1109/icemms.2011.6015787,2011,2011
10.1109/icemms.2011.6015791,2011,2011
10.1109/icemms.2011.6015795,2011,2011
10.1109/icemms.2011.6015798,2011,2011
10.1109/icemms.2011.6015801,2011,2011
10.1109/icemms.2011.6015809,2011,2011
10.1109/icemms.2011.6015818,2011,2011
10.1109/icemms.2011.6015823,2011,2011
10.1109/icemms.2011.6015824,2011,2011
10.1109/icemms.2011.6015829,2011,2011
10.1109/icemms.2011.6015830,2011,2011
10.1109/icemms.2011.6015832,2011,2011
10.1109/icemms.2011.6015834,2011,2011
10.1109/iceoe.2011.6013089,2011,2011
10.1109/iceoe.2011.6013093,2011,2011
10.1109/iceoe.2011.6013135,2011,2011
10.1109/iceoe.2011.6013393,2011,2011
10.1109/iceoe.2011.6013396,2011,2011
10.1109/icetce.2011.5774203,2011,2011
10.1109/icetce.2011.5774204,2011,2011
10.1109/icetce.2011.5774213,2011,2011
10.1109/icetce.2011.5774215,2011,2011
10.1109/icetce.2011.5774217,2011,2011
10.1109/icetce.2011.5774218,2011,2011
10.1109/icetce.2011.5774255,2011,2011
10.1109/icetce.2011.5774263,2011,2011
10.1109/icetce.2011.5774264,2011,2011
10.1109/icetce.2011.5774271,2011,2011
10.1109/icetce.2011.5774279,2011,2011
10.1109/icetce.2011.5774280,2011,2011
10.1109/icetce.2011.5774324,2011,2011
10.1109/icetce.2011.5774410,2011,2011
10.1109/icetce.2011.5774433,2011,2011
10.1109/icetce.2011.5774454,2011,2011
10.1109/icetce.2011.5774479,2011,2011
10.1109/icetce.2011.5774499,2011,2011
10.1109/icetce.2011.5774509,2011,2011
10.1109/icetce.2011.5774524,2011,2011
10.1109/icetce.2011.5774527,2011,2011
10.1109/icetce.2011.5774662,2011,2011
10.1109/icetce.2011.5774683,2011,2011
10.1109/icetce.2011.5774716,2011,2011
10.1109/icetce.2011.5774727,2011,2011
10.1109/icetce.2011.5774759,2011,2011
10.1109/icetce.2011.5775141,2011,2011
10.1109/icetce.2011.5775181,2011,2011
10.1109/icetce.2011.5775189,2011,2011
10.1109/icetce.2011.5775200,2011,2011
10.1109/icetce.2011.5775223,2011,2011
10.1109/icetce.2011.5775250,2011,2011
10.1109/icetce.2011.5775301,2011,2011
10.1109/icetce.2011.5775304,2011,2011
10.1109/icetce.2011.5775305,2011,2011
10.1109/icetce.2011.5775325,2011,2011
10.1109/icetce.2011.5775327,2011,2011
10.1109/icetce.2011.5775362,2011,2011
10.1109/icetce.2011.5775402,2011,2011
10.1109/icetce.2011.5775408,2011,2011
10.1109/icetce.2011.5775426,2011,2011
10.1109/icetce.2011.5775714,2011,2011
10.1109/icetce.2011.5775723,2011,2011
10.1109/icetce.2011.5775736,2011,2011
10.1109/icetce.2011.5775741,2011,2011
10.1109/icetce.2011.5775744,2011,2011
10.1109/icetce.2011.5775750,2011,2011
10.1109/icetce.2011.5775762,2011,2011
10.1109/icetce.2011.5775787,2011,2011
10.1109/icetce.2011.5775797,2011,2011
10.1109/icetce.2011.5775807,2011,2011
10.1109/icetce.2011.5775816,2011,2011
10.1109/icetce.2011.5775930,2011,2011
10.1109/icetce.2011.5775938,2011,2011
10.1109/icetce.2011.5775975,2011,2011
10.1109/icetce.2011.5775989,2011,2011
10.1109/icetce.2011.5775996,2011,2011
10.1109/icetce.2011.5775999,2011,2011
10.1109/icetce.2011.5776017,2011,2011
10.1109/icetce.2011.5776018,2011,2011
10.1109/icetce.2011.5776028,2011,2011
10.1109/icetce.2011.5776030,2011,2011
10.1109/icetce.2011.5776093,2011,2011
10.1109/icetce.2011.5776121,2011,2011
10.1109/icetce.2011.5776130,2011,2011
10.1109/icetce.2011.5776253,2011,2011
10.1109/icetce.2011.5776279,2011,2011
10.1109/icetce.2011.5776328,2011,2011
10.1109/icetce.2011.5776363,2011,2011
10.1109/icetce.2011.5776367,2011,2011
10.1109/icetce.2011.5776374,2011,2011
10.1109/icetce.2011.5776378,2011,2011
10.1109/icetce.2011.5776382,2011,2011
10.1109/icetce.2011.5776391,2011,2011
10.1109/icetce.2011.5776400,2011,2011
10.1109/icetce.2011.5776402,2011,2011
10.1109/icetce.2011.5776410,2011,2011
10.1109/icetce.2011.5776445,2011,2011
10.1109/icetce.2011.5776459,2011,2011
10.1109/icetce.2011.5776478,2011,2011
10.1109/icetce.2011.5776482,2011,2011
10.1109/icetce.2011.5776538,2011,2011
10.1109/icetce.2011.5776539,2011,2011
10.1109/icfpee.2010.11,2011,2010
10.1109/icfpee.2010.12,2011,2010
10.1109/icicta.2011.593,2011,2011
10.1109/iciii.2010.588,2011,2010
10.1109/icise.2010.5688495,2011,2010
10.1109/icise.2010.5688639,2011,2010
10.1109/icise.2010.5688710,2011,2010
10.1109/icise.2010.5688818,2011,2010
10.1109/icise.2010.5688890,2011,2010
10.1109/icise.2010.5690178,2011,2010
10.1109/icise.2010.5690182,2011,2010
10.1109/icise.2010.5690234,2011,2010
10.1109/icise.2010.5690388,2011,2010
10.1109/icise.2010.5690683,2011,2010
10.1109/icise.2010.5690716,2011,2010
10.1109/icise.2010.5690728,2011,2010
10.1109/icise.2010.5690918,2011,2010
10.1109/icise.2010.5691170,2011,2010
10.1109/icise.2010.5691360,2011,2010
10.1109/icise.2010.5691606,2011,2010
10.1109/icise.2010.5691692,2011,2010
10.1109/icise.2010.5691781,2011,2010
10.1109/icise.2010.5691967,2011,2010
10.1109/icmlc.2011.6016823,2011,2011
10.1109/icnc.2011.6021901,2011,2011
10.1109/icnc.2011.6021907,2011,2011
10.1109/icnc.2011.6021910,2011,2011
10.1109/icnc.2011.6021924,2011,2011
10.1109/icnc.2011.6022043,2011,2011
10.1109/icnc.2011.6022049,2011,2011
10.1109/icnc.2011.6022054,2011,2011
10.1109/icnc.2011.6022056,2011,2011
10.1109/icnc.2011.6022075,2011,2011
10.1109/icnc.2011.6022077,2011,2011
10.1109/icnc.2011.6022085,2011,2011
10.1109/icnc.2011.6022100,2011,2011
10.1109/icnc.2011.6022104,2011,2011
10.1109/icnc.2011.6022109,2011,2011
10.1109/icnc.2011.6022116,2011,2011
10.1109/icnc.2011.6022119,2011,2011
10.1109/icnc.2011.6022142,2011,2011
10.1109/icnc.2011.6022218,2011,2011
10.1109/icnc.2011.6022219,2011,2011
10.1109/icnc.2011.6022228,2011,2011
10.1109/icnc.2011.6022231,2011,2011
10.1109/icnc.2011.6022247,2011,2011
10.1109/icnc.2011.6022265,2011,2011
10.1109/icnc.2011.6022272,2011,2011
10.1109/icnc.2011.6022278,2011,2011
10.1109/icnc.2011.6022285,2011,2011
10.1109/icnc.2011.6022286,2011,2011
10.1109/icnc.2011.6022295,2011,2011
10.1109/icnc.2011.6022324,2011,2011
10.1109/icnc.2011.6022325,2011,2011
10.1109/icnc.2011.6022327,2011,2011
10.1109/icnc.2011.6022330,2011,2011
10.1109/icnc.2011.6022335,2011,2011
10.1109/icnc.2011.6022342,2011,2011
10.1109/icnc.2011.6022350,2011,2011
10.1109/icnc.2011.6022353,2011,2011
10.1109/icnc.2011.6022366,2011,2011
10.1109/icnc.2011.6022380,2011,2011
10.1109/icnc.2011.6022392,2011,2011
10.1109/icnc.2011.6022394,2011,2011
10.1109/icnc.2011.6022395,2011,2011
10.1109/icnc.2011.6022405,2011,2011
10.1109/icnc.2011.6022415,2011,2011
10.1109/icnc.2011.6022514,2011,2011
10.1109/icnc.2011.6022537,2011,2011
10.1109/icnc.2011.6022557,2011,2011
10.1109/icpim.2011.5983583,2011,2011
10.1109/icpim.2011.5983585,2011,2011
10.1109/icpim.2011.5983589,2011,2011
10.1109/icpim.2011.5983591,2011,2011
10.1109/icpim.2011.5983594,2011,2011
10.1109/icpim.2011.5983597,2011,2011
10.1109/icpim.2011.5983603,2011,2011
10.1109/icpim.2011.5983607,2011,2011
10.1109/icpim.2011.5983614,2011,2011
10.1109/icpim.2011.5983615,2011,2011
10.1109/icpim.2011.5983618,2011,2011
10.1109/icpim.2011.5983621,2011,2011
10.1109/icpim.2011.5983624,2011,2011
10.1109/icpim.2011.5983634,2011,2011
10.1109/icpim.2011.5983635,2011,2011
10.1109/icpim.2011.5983636,2011,2011
10.1109/icpim.2011.5983638,2011,2011
10.1109/icpim.2011.5983644,2011,2011
10.1109/icpim.2011.5983648,2011,2011
10.1109/icpim.2011.5983649,2011,2011
10.1109/icpim.2011.5983650,2011,2011
10.1109/icpim.2011.5983654,2011,2011
10.1109/icpim.2011.5983656,2011,2011
10.1109/icpim.2011.5983657,2011,2011
10.1109/icpim.2011.5983662,2011,2011
10.1109/icpim.2011.5983663,2011,2011
10.1109/icpim.2011.5983666,2011,2011
10.1109/icpim.2011.5983678,2011,2011
10.1109/icpim.2011.5983680,2011,2011
10.1109/icpim.2011.5983681,2011,2011
10.1109/icpim.2011.5983683,2011,2011
10.1109/icpim.2011.5983689,2011,2011
10.1109/icpim.2011.5983698,2011,2011
10.1109/icpim.2011.5983700,2011,2011
10.1109/icpim.2011.5983703,2011,2011
10.1109/icpim.2011.5983704,2011,2011
10.1109/icpim.2011.5983708,2011,2011
10.1109/icpim.2011.5983716,2011,2011
10.1109/icpim.2011.5983720,2011,2011
10.1109/icpim.2011.5983721,2011,2011
10.1109/icpim.2011.5983722,2011,2011
10.1109/icpim.2011.5983723,2011,2011
10.1109/icpim.2011.5983726,2011,2011
10.1109/icpim.2011.5983729,2011,2011
10.1109/icpim.2011.5983734,2011,2011
10.1109/icpim.2011.5983737,2011,2011
10.1109/icpim.2011.5983742,2011,2011
10.1109/icpim.2011.5983761,2011,2011
10.1109/icpim.2011.5983763,2011,2011
10.1109/icpim.2011.5983764,2011,2011
10.1109/icpim.2011.5983765,2011,2011
10.1109/icpim.2011.5983768,2011,2011
10.1109/icpim.2011.5983769,2011,2011
10.1109/icsess.2011.5982267,2011,2011
10.1109/icsess.2011.5982281,2011,2011
10.1109/icsess.2011.5982320,2011,2011
10.1109/icsess.2011.5982321,2011,2011
10.1109/icsess.2011.5982322,2011,2011
10.1109/icsess.2011.5982324,2011,2011
10.1109/icsess.2011.5982339,2011,2011
10.1109/icsess.2011.5982340,2011,2011
10.1109/icsess.2011.5982345,2011,2011
10.1109/icsess.2011.5982398,2011,2011
10.1109/icsess.2011.5982401,2011,2011
10.1109/icsess.2011.5982402,2011,2011
10.1109/icsess.2011.5982420,2011,2011
10.1109/icsess.2011.5982436,2011,2011
10.1109/icsess.2011.5982438,2011,2011
10.1109/icsess.2011.5982440,2011,2011
10.1109/icsess.2011.5982441,2011,2011
10.1109/icsess.2011.5982446,2011,2011
10.1109/icsess.2011.5982447,2011,2011
10.1109/icsess.2011.5982456,2011,2011
10.1109/icsess.2011.5982460,2011,2011
10.1109/icsess.2011.5982461,2011,2011
10.1109/icsess.2011.5982463,2011,2011
10.1109/icsess.2011.5982464,2011,2011
10.1109/icsess.2011.5982466,2011,2011
10.1109/icsess.2011.5982467,2011,2011
10.1109/icsess.2011.5982471,2011,2011
10.1109/icsess.2011.5982473,2011,2011
10.1109/icsess.2011.5982475,2011,2011
10.1109/icsess.2011.5982478,2011,2011
10.1109/icsess.2011.5982484,2011,2011
10.1109/mace.2011.5986873,2011,2011
10.1109/mace.2011.5986874,2011,2011
10.1109/mace.2011.5987021,2011,2011
10.1109/mace.2011.5987051,2011,2011
10.1109/mace.2011.5987077,2011,2011
10.1109/mace.2011.5987079,2011,2011
10.1109/mace.2011.5987080,2011,2011
10.1109/mace.2011.5987111,2011,2011
10.1109/mace.2011.5987311,2011,2011
10.1109/mace.2011.5987325,2011,2011
10.1109/mace.2011.5987333,2011,2011
10.1109/mace.2011.5987488,2011,2011
10.1109/mace.2011.5987519,2011,2011
10.1109/mace.2011.5987528,2011,2011
10.1109/mace.2011.5987565,2011,2011
10.1109/mace.2011.5988707,2011,2011
10.1109/mace.2011.5988811,2011,2011
10.1109/paccs.2011.5990086,2011,2011
10.1109/paccs.2011.5990095,2011,2011
10.1109/paccs.2011.5990099,2011,2011
10.1109/paccs.2011.5990104,2011,2011
10.1109/paccs.2011.5990107,2011,2011
10.1109/paccs.2011.5990108,2011,2011
10.1109/paccs.2011.5990112,2011,2011
10.1109/paccs.2011.5990118,2011,2011
10.1109/paccs.2011.5990121,2011,2011
10.1109/paccs.2011.5990130,2011,2011
10.1109/paccs.2011.5990131,2011,2011
10.1109/paccs.2011.5990137,2011,2011
10.1109/paccs.2011.5990146,2011,2011
10.1109/paccs.2011.5990175,2011,2011
10.1109/paccs.2011.5990184,2011,2011
10.1109/paccs.2011.5990185,2011,2011
10.1109/paccs.2011.5990191,2011,2011
10.1109/paccs.2011.5990198,2011,2011
10.1109/paccs.2011.5990202,2011,2011
10.1109/paccs.2011.5990206,2011,2011
10.1109/paccs.2011.5990213,2011,2011
10.1109/paccs.2011.5990234,2011,2011
10.1109/paccs.2011.5990242,2011,2011
10.1109/paccs.2011.5990243,2011,2011
10.1109/paccs.2011.5990276,2011,2011
10.1109/paccs.2011.5990277,2011,2011
10.1109/paccs.2011.5990278,2011,2011
10.1109/paccs.2011.5990279,2011,2011
10.1109/paccs.2011.5990285,2011,2011
10.1109/paccs.2011.5990291,2011,2011
10.1109/paccs.2011.5990297,2011,2011
10.1109/paccs.2011.5990305,2011,2011
10.1109/paccs.2011.5990306,2011,2011
10.1109/paccs.2011.5990307,2011,2011
10.1109/paccs.2011.5990308,2011,2011
10.1109/paccs.2011.5990312,2011,2011
10.1109/paccs.2011.5990315,2011,2011
10.1109/paccs.2011.5990316,2011,2011
10.1109/paccs.2011.5990317,2011,2011
10.1109/paccs.2011.5990318,2011,2011
10.1109/paccs.2011.5990319,2011,2011
10.1109/paccs.2011.5990320,2011,2011
10.1109/paccs.2011.5990322,2011,2011
10.1109/paccs.2011.5990323,2011,2011
10.1109/paccs.2011.5990329,2011,2011
10.1109/paccs.2011.5990330,2011,2011
10.1109/paccs.2011.5990331,2011,2011
10.1109/paccs.2011.5990336,2011,2011
10.1109/paccs.2011.5990338,2011,2011
10.1109/paccs.2011.5990339,2011,2011
10.1109/paccs.2011.5990341,2011,2011
10.1109/paccs.2011.5990342,2011,2011
10.1109/paccs.2011.5990344,2011,2011
10.1109/paccs.2011.5990346,2011,2011
10.1109/paccs.2011.5990347,2011,2011
10.1109/paccs.2011.5990348,2011,2011
10.1109/paccs.2011.5990349,2011,2011
10.1109/paccs.2011.5990354,2011,2011
10.1109/paccs.2011.5990356,2011,2011
10.1109/paccs.2011.5990359,2011,2011
10.1109/paccs.2011.5990361,2011,2011
10.1109/paccs.2011.5990362,2011,2011
10.1109/paccs.2011.5990363,2011,2011
10.1109/paccs.2011.5990369,2011,2011
10.1109/paccs.2011.5990370,2011,2011
10.1109/paccs.2011.5990372,2011,2011
10.1109/shuser.2011.6008491,2011,2011
10.1109/sws.2011.6101285,2011,2011
10.1109/wicom.2011.6040272,2011,2011
10.1111/j.0066-7372.2003.00023.x,2011,2001
10.1111/j.1095-8649.2008.01852.x,2011,2008
10.1111/j.1365-2141.2005.05877.x,2011,2005
10.1111/j.1365-2141.2007.06798.x,2011,2007
10.1111/j.1365-2141.2008.07229.x,2011,2008
10.1111/j.1365-2516.2009.02124.x,2011,2009
10.1111/j.1365-2567.2008.02932.x,2011,2008
10.1111/j.1365-2702.2010.03368.x,2011,2011
10.1111/j.1399-6576.2008.01829.x,2011,2008
10.1111/j.1423-0410.2007.00946.x,2011,2007
10.1111/j.1440-1746.2011.06728.x,2011,2011
10.1111/j.1447-0756.2010.01228.x,2011,2010
10.1111/j.1460-9592.2011.03648.x,2011,2011
10.1111/j.1466-7657.2011.00900.x,2011,2011
10.1111/j.1467-9280.2008.02172.x,2011,2008
10.1111/j.1529-8817.2011.01041.x,2011,2011
10.1111/j.1551-2916.2010.04162.x,2011,2010
10.1111/j.1551-2916.2010.04264.x,2011,2011
10.1111/j.1601-5223.2010.02180.x,2011,2010
10.1111/j.1651-2227.2011.02200.x,2011,2011
10.1111/j.1744-6163.2010.00262.x,2011,2010
10.1111/j.1744-6171.2008.00163.x,2011,2009
10.1111/j.1744-6171.2009.00187.x,2011,2009
10.1111/j.1744-6171.2009.00211.x,2011,2010
10.1111/j.1745-7599.2007.00262.x,2011,2007
10.1113/jphysiol.2004.077610,2011,2005
10.1126/science.1179052,2011,2009
10.1126/science.1188013,2011,2010
10.1126/science.1190532,2011,2010
10.1128/iai.68.4.1806-1814.2000,2011,2000
10.1128/iai.69.3.1280-1286.2001,2011,2001
10.1128/iai.71.7.3748-3756.2003,2011,2003
10.1128/jvi.00739-06,2011,2006
10.1128/jvi.78.9.4582-4590.2004,2011,2004
10.1128/mcb.25.21.9324-9339.2005,2011,2005
10.1130/g30584.1,2011,2010
10.1136/bjo.2006.112128,2011,2008
10.1136/bjo.2009.157586,2011,2009
10.1136/heartjnl-2011-300740,2011,2011
10.1136/jclinpath-2011-200046,2011,2011
10.1139/e10-900,2011,2010
10.1152/ajpendo.90829.2008,2011,2009
10.1152/ajplung.00057.2010,2011,2010
10.1152/ajplung.00353.2007,2011,2008
10.1161/01.atv.0000132400.25045.2a,2011,2004
10.1161/01.atv.0000175295.09607.18,2011,2005
10.1161/01.str.0000163102.49888.b7,2011,2005
10.1161/circresaha.108.182683,2011,2009
10.1164/rccm.200603-311oc,2011,2008
10.1177/0003319710371617,2011,2010
10.1177/0022034510374057,2011,2010
10.1177/0194599810391728,2011,2010
10.1177/0218492310395422,2011,2011
10.1177/0267659108094739,2011,2008
10.1177/0962280208098666,2011,2009
10.1177/1077546308091210,2011,2009
10.1177/1753193410390136,2011,2010
10.1182/blood-2005-04-1407,2011,2005
10.1182/blood-2008-12-192385,2011,2009
10.1182/blood-2009-11-253294,2011,2010
10.1182/blood-2010-01-265082,2011,2011
10.1186/1471-2164-10-455,2011,2009
10.1186/1471-2474-10-38,2011,2009
10.1186/1477-7819-9-73,2011,2011
10.1186/1742-4690-3-22,2011,2009
10.1186/1743-422x-7-146,2011,2010
10.1186/1746-6148-7-17,2011,2011
10.1189/jlb.0808470,2011,2009
10.1213/00000539-199901000-00015,2011,1999
10.1213/00000539-200007000-00039,2011,2000
10.1213/00000539-200202000-00028,2011,2002
10.1213/00000539-200209000-00027,2011,2002
10.1213/01.ane.0000120163.44315.47,2011,2004
10.1213/01.ane.0000132969.88550.96,2011,2004
10.1213/01.ane.0000221179.07006.06,2011,2006
10.1213/01.ane.0000253484.19070.87,2011,2007
10.1213/01.ane.0000260566.39244.bd,2011,2007
10.1213/ane.0b013e318161964d,2011,2008
10.1213/ane.0b013e31817b7732,2011,2008
10.1213/ane.0b013e3181923722,2011,2009
10.1227/01.neu.0000320386.08993.be,2011,2008
10.1242/jcs.024885,2011,2008
10.1243/09544119jeim698,2011,2009
10.1289/ehp.1003171,2011,2010
10.1310/hct.2003.4.3.002,2011,2003
10.1353/cdr.2011.0017,2011,2011
10.1371/journal.pone.0011299,2011,2010
10.1510/icvts.2010.257659,2011,2011
10.1529/biophysj.104.048629,2011,2005
10.1586/14760584.7.4.499,2011,2008
10.1587/elex.7.596,2011,2010
10.1589/jpts.22.455,2011,2011
10.1590/s1517-86922011000600002,2011,2011
10.2164/jandrol.110.012179,2011,2010
10.2174/1573406411006040219,2011,2010
10.2203/dose-response.10-001.martinez-sanchez,2011,2010
10.2307/2274565,2011,1988
10.2390/biecoll-jib-2010-149,2011,2010
10.3109/02713683.2010.525679,2011,2010
10.3109/09553002.2011.611212,2011,2011
10.3109/10398562.2011.551934,2011,2010
10.3109/13813455.2011.584538,2011,2011
10.3171/foc.2005.19.5.5,2011,2005
10.3366/jvc.2007.12.2.225,2011,2007
10.3390/en3040847,2011,2010
10.35371/kjoem.2009.21.4.365,2011,2009
10.3791/2463,2011,2011
10.3923/jas.2011.2546.2553,2011,2011
10.3944/aott.2011.2543err1,2011,2011
10.3989/redc.2008.4.647,2011,2008
10.4028/www.scientific.net/amm.110-116.294,2011,2011
10.4028/www.scientific.net/amm.52-54.482,2011,2011
10.4028/www.scientific.net/kem.467-469.1357,2011,2011
10.4049/jimmunol.0902051,2011,2010
10.4049/jimmunol.170.10.5045,2011,2003
10.4103/0377-4929.72033,2011,2010
10.4103/0974-2727.72153,2011,2010
10.5530/pj.2011.25.6,2011,2011
10.5625/lar.2010.26.1.75,2011,2010
10.5648/jjiao.29.241,2011,2011
10.1001/archotol.127.1.25,2012,2001
10.1002/14651858.cd000444,2012,1999
10.1002/14651858.cd001964.pub2,2012,2003
10.1002/14651858.cd002066,2012,2001
10.1002/14651858.cd002939,2012,2001
10.1002/14651858.cd002939.pub2,2012,2005
10.1002/14651858.cd004569,2012,2004
10.1002/14651858.cd004569.pub2,2012,2007
10.1002/14651858.cd004712,2012,2004
10.1002/14651858.cd004712.pub2,2012,2005
10.1002/14651858.cd005154,2012,2005
10.1002/14651858.cd006822,2012,2007
10.1002/14651858.cd006822.pub2,2012,2010
10.1002/14651858.cd008150,2012,2009
10.1002/app.32930,2012,2010
10.1002/app.33661,2012,2011
10.1002/ar.21070,2012,2010
10.1002/bab.31,2012,2011
10.1002/cbf.2825,2012,2012
10.1002/chem.201201666,2012,2012
10.1002/cjoc.200890154,2012,2008
10.1002/ejlt.201100290,2012,2012
10.1002/ejsp.369,2012,2006
10.1002/hfm.20346,2012,2011
10.1002/hfm.20528,2012,2011
10.1002/ijch.201100019,2012,2011
10.1002/ird.497,2012,2009
10.1002/jbm.b.31590,2012,2010
10.1002/jcb.23190,2012,2011
10.1002/jcc.21526,2012,2010
10.1002/jcc.21740,2012,2011
10.1002/jcp.20646,2012,2006
10.1002/jctb.3754,2012,2012
10.1002/lt.22337,2012,2011
10.1002/path.1117,2012,2002
10.1002/ppap.201100084,2012,2012
10.1002/prot.22610,2012,2009
10.1002/smj.1951,2012,2012
10.1002/vnl.20301,2012,2012
10.1007/978-1-4614-6046-6_7,2012,2012
10.1007/978-3-642-28926-2,2012,2012
10.1007/978-3-642-29084-8_48,2012,2012
10.1007/978-3-642-32129-0_14,2012,2012
10.1007/978-3-642-33266-1_10,2012,2012
10.1007/bf03009517,2012,1993
10.1007/bf03009869,2012,1994
10.1007/bf03009906,2012,1994
10.1007/bf03010577,2012,1995
10.1007/bf03011030,2012,1995
10.1007/bf03011177,2012,1995
10.1007/bf03011250,2012,1996
10.1007/bf03011936,2012,1997
10.1007/bf03014460,2012,1997
10.1007/bf03015365,2012,1997
10.1007/bf03015955,2012,1996
10.1007/bf03017947,2012,1996
10.1007/s00005-012-0163-4,2012,2012
10.1007/s00115-011-3300-0,2012,2012
10.1007/s00198-011-1865-x,2012,2011
10.1007/s00232-012-9430-x,2012,2012
10.1007/s00253-012-4013-4,2012,2012
10.1007/s00253-012-4347-y,2012,2012
10.1007/s00296-011-2202-6,2012,2011
10.1007/s00296-011-2247-6,2012,2011
10.1007/s00296-011-2321-0,2012,2011
10.1007/s00345-007-0202-7,2012,2007
10.1007/s00392-004-1033-9,2012,2004
10.1007/s00432-012-1267-2,2012,2012
10.1007/s00442-008-1091-1,2012,2008
10.1007/s00468-012-0750-3,2012,2012
10.1007/s00521-010-0436-y,2012,2010
10.1007/s00526-011-0439-2,2012,2011
10.1007/s00784-012-0717-1,2012,2012
10.1007/s10067-009-1109-z,2012,2009
10.1007/s10209-012-0279-7,2012,2012
10.1007/s10346-010-0223-y,2012,2010
10.1007/s10404-010-0607-2,2012,2010
10.1007/s10409-012-0086-7,2012,2012
10.1007/s10620-009-0793-5,2012,2009
10.1007/s10930-011-9352-y,2012,2011
10.1007/s10948-011-1266-6,2012,2011
10.1007/s11107-011-0362-7,2012,2012
10.1007/s11205-010-9673-9,2012,2010
10.1007/s11240-011-0077-6,2012,2011
10.1007/s11356-011-0723-x,2012,2012
10.1007/s11390-007-9044-4,2012,2007
10.1007/s11604-011-0613-7,2012,2011
10.1007/s11661-012-1509-6,2012,2012
10.1007/s11695-008-9661-1,2012,2008
10.1007/s11882-006-0040-5,2012,2006
10.1007/s11912-005-0054-5,2012,2005
10.1007/s12144-010-9072-z,2012,2010
10.1007/s12178-009-9047-6,2012,2009
10.1007/s12178-010-9066-3,2012,2010
10.1007/s12206-011-1207-0,2012,2012
10.1007/s12306-011-0137-4,2012,2011
10.1007/s12541-012-0293-y,2012,2012
10.1007/s13320-012-0046-7,2012,2012
10.1007/s13765-012-0019-y,2012,2012
10.1016/j.aml.2010.08.006,2012,2010
10.1016/j.aml.2012.06.018,2012,2012
10.1016/j.applthermaleng.2011.10.014,2012,2011
10.1016/j.atmosres.2012.01.007,2012,2012
10.1016/j.bbcan.2008.07.001,2012,2008
10.1016/j.bcmd.2011.03.008,2012,2011
10.1016/j.bios.2012.03.015,2012,2012
10.1016/j.camwa.2009.07.048,2012,2009
10.1016/j.camwa.2011.12.001,2012,2011
10.1016/j.camwa.2012.01.080,2012,2012
10.1016/j.canlet.2011.12.011,2012,2011
10.1016/j.carbon.2006.10.027,2012,2007
10.1016/j.cca.2012.01.028,2012,2012
10.1016/j.cej.2012.06.143,2012,2012
10.1016/j.clch.2012.04.003,2012,2012
10.1016/j.clinimag.2012.01.039,2012,2012
10.1016/j.clinthera.2008.11.011,2012,2009
10.1016/j.clinthera.2009.10.012,2012,2009
10.1016/j.clinthera.2010.08.005,2012,2010
10.1016/j.clp.2012.04.010,2012,2012
10.1016/j.cps.2012.02.009,2012,2011
10.1016/j.ecoenv.2010.05.015,2012,2010
10.1016/j.ecosys.2011.09.004,2012,2012
10.1016/j.ejmech.2010.04.008,2012,2010
10.1016/j.ejphar.2005.12.054,2012,2006
10.1016/j.etap.2012.06.008,2012,2011
10.1016/j.exer.2009.09.014,2012,2009
10.1016/j.exer.2010.03.005,2012,2010
10.1016/j.exppara.2011.11.007,2012,2011
10.1016/j.fm.2012.02.016,2012,2012
10.1016/j.freeradbiomed.2008.11.005,2012,2008
10.1016/j.geomphys.2011.10.004,2012,2011
10.1016/j.gsf.2011.06.005,2012,2011
10.1016/j.ijcard.2007.06.037,2012,2008
10.1016/j.ijcard.2012.06.103,2012,2012
10.1016/j.ijdevneu.2012.03.323,2012,2012
10.1016/j.ijgo.2009.03.008,2012,2009
10.1016/j.ijgo.2010.05.007,2012,2010
10.1016/j.ijhydene.2010.05.047,2012,2010
10.1016/j.ijmachtools.2012.01.008,2012,2012
10.1016/j.ijscr.2011.05.008,2012,2011
10.1016/j.jalz.2011.05.228,2012,2011
10.1016/j.jccase.2012.07.002,2012,2012
10.1016/j.jcm.2011.02.003,2012,2011
10.1016/j.jnutbio.2008.05.003,2012,2008
10.1016/j.joen.2011.10.010,2012,2011
10.1016/j.jphotochem.2011.12.017,2012,2012
10.1016/j.jse.2011.07.013,2012,2012
10.1016/j.juro.2012.07.048,2012,2012
10.1016/j.matchemphys.2008.08.016,2012,2009
10.1016/j.matchemphys.2011.05.019,2012,2011
10.1016/j.mod.2007.08.003,2012,2007
10.1016/j.msea.2008.04.006,2012,2008
10.1016/j.neubiorev.2009.11.014,2012,2010
10.1016/j.neulet.2008.02.058,2012,2008
10.1016/j.neulet.2008.09.066,2012,2009
10.1016/j.neuroscience.2011.10.029,2012,2011
10.1016/j.optlastec.2012.06.026,2012,2012
10.1016/j.orgel.2012.06.026,2012,2012
10.1016/j.petrol.2012.06.033,2012,2012
10.1016/j.plantsci.2006.05.006,2012,2006
10.1016/j.plantsci.2010.06.015,2012,2010
10.1016/j.plaphy.2012.08.013,2012,2012
10.1016/j.porgcoat.2011.10.007,2012,2011
10.1016/j.proeng.2012.01.1177,2012,2012
10.1016/j.proeng.2012.06.103,2012,2012
10.1016/j.proeng.2012.10.146,2012,2012
10.1016/j.proenv.2012.01.226,2012,2012
10.1016/j.proenv.2012.01.270,2012,2012
10.1016/j.proenv.2012.01.317,2012,2012
10.1016/j.rser.2007.03.009,2012,2008
10.1016/j.sbspro.2012.11.026,2012,2012
10.1016/j.sjbs.2011.09.004,2012,2012
10.1016/j.soard.2010.01.006,2012,2010
10.1016/j.spl.2012.07.018,2012,2012
10.1016/j.surfcoat.2012.07.049,2012,2012
10.1016/j.tox.2011.09.020,2012,2011
10.1016/j.tox.2011.09.033,2012,2011
10.1016/j.tox.2011.09.052,2012,2011
10.1016/j.transproceed.2012.05.046,2012,2012
10.1016/j.tsf.2010.12.121,2012,2010
10.1016/j.urology.2007.01.097,2012,2007
10.1016/j.yjmcc.2007.02.010,2012,2007
10.1016/j.yjmcc.2007.08.021,2012,2007
10.1016/s0092-8674(03)00436-7,2012,2003
10.1016/s0959-8049(00)00113-1,2012,2000
10.1016/s1074-7613(03)00209-7,2012,2003
10.1016/s1470-2045(12)70301-7,2012,2012
10.1016/s1995-7645(12)60082-0,2012,2012
10.1016/s1995-7645(12)60119-9,2012,2012
10.1016/s1995-7645(12)60152-7,2012,2012
10.1016/s1995-7645(12)60170-9,2012,2012
10.1016/s2211-9477(11)70001-2,2012,2011
10.1021/bi3011829,2012,2012
10.1021/ja072456n,2012,2007
10.1021/ja3012897,2012,2012
10.1021/jf201604t,2012,2011
10.1021/jf801791d,2012,2008
10.1021/jf901301w,2012,2009
10.1021/la200377b,2012,2011
10.1021/nn202932z,2012,2011
10.1021/nn900887m,2012,2009
10.1021/np200974e,2012,2012
10.1021/ol201980r,2012,2011
10.1037/0022-3514.92.1.106,2012,2007
10.1037/0022-3514.92.6.1051,2012,2007
10.1037/a0012560,2012,2008
10.1037/a0020216,2012,2010
10.1037/a0023172,2012,2011
10.1037/a0026106,2012,2012
10.1037/h0087101,2012,2000
10.1038/ja.2012.3,2012,2012
10.1038/jes.2011.24,2012,2011
10.1038/labinvest.2010.201,2012,2011
10.1038/nature08456,2012,2009
10.1038/ncomms1932,2012,2012
10.1038/nrc2539,2012,2008
10.1038/srep00537,2012,2012
10.1039/c2an35303b,2012,2012
10.1039/c2jm16106k,2012,2012
10.1039/c2nr30460k,2012,2012
10.1039/c2ra01308h,2012,2012
10.1039/c2ra21452k,2012,2012
10.1046/j.1460-9592.2001.00615.x,2012,2001
10.1046/j.1460-9592.2002.00823.x,2012,2002
10.1051/mattech/2011138,2012,2012
10.1061/40976(316)261,2012,2008
10.1061/41007(331)29,2012,2007
10.1061/41039(345)373,2012,2009
10.1063/1.3231831,2012,2009
10.1063/1.3653286,2012,2011
10.1073/pnas.0400441101,2012,2004
10.1073/pnas.0709477105,2012,2008
10.1073/pnas.0810435106,2012,2008
10.1073/pnas.0812642106,2012,2009
10.1073/pnas.1006377107,2012,2010
10.1074/jbc.m111.288522,2012,2011
10.1074/jbc.m500417200,2012,2005
10.1074/jbc.m504971200,2012,2005
10.1074/jbc.m608307200,2012,2007
10.1074/jbc.m611522200,2012,2007
10.1074/jbc.m710013200,2012,2009
10.1080/00036811.2011.559463,2012,2011
10.1080/00102200903490228,2012,2010
10.1080/00207543.2011.613871,2012,2011
10.1080/00365510701532662,2012,2009
10.1080/00958972.2012.689294,2012,2012
10.1080/01441640500124779,2012,2007
10.1080/01468030490510324,2012,2004
10.1080/01973533.2010.540135,2012,2011
10.1080/02331881003650149,2012,2010
10.1080/0305569042000224170,2012,2010
10.1080/08941920.2011.572146,2012,2011
10.1080/10478400903448516,2012,2009
10.1080/10589759.2011.633606,2012,2012
10.1080/15298860701438414,2012,2008
10.1080/15376490600691981,2012,2007
10.1080/15421406.2012.635976,2012,2012
10.1080/19440049.2011.648660,2012,2012
10.1086/657430,2012,2010
10.1086/662139,2012,2012
10.1089/107632703322066697,2012,2004
10.1089/ars.2006.8.2101,2012,2006
10.1089/ars.2009.2874,2012,2010
10.1089/ars.2011.3975,2012,2012
10.1089/ars.2011.4224,2012,2012
10.1093/abbs/gmr008,2012,2011
10.1093/aje/kwq207,2012,2010
10.1093/intimm/dxh243,2012,2005
10.1093/jis/etp023,2012,2009
10.1093/jn/135.1.70s,2012,2005
10.1093/molehr/gap093,2012,2009
10.1093/rpd/ncs162,2012,2012
10.1096/fasebj.11.2.9039961,2012,1997
10.1097/01.shk.0000225318.08681.a7,2012,2006
10.1097/eja.0b013e32833b04e4,2012,2010
10.1097/ico.0b013e31822816e0,2012,2011
10.1097/mcc.0b013e328334b13b,2012,2010
10.1097/moh.0b013e32834da93b,2012,2012
10.1097/prs.0b013e3182131de2,2012,2011
10.1097/prs.0b013e3182402f17,2012,2012
10.1098/rsbl.2011.0376,2012,2011
10.1100/2011/341532,2012,2011
10.1100/2012/202804,2012,2012
10.1103/physrevb.58.12952,2012,2002
10.1103/physrevd.84.084020,2012,2011
10.1103/physrevlett.107.080403,2012,2011
10.1103/physrevlett.107.217203,2012,2011
10.1107/s1600536805026358,2012,2005
10.1107/s1600536807039050,2012,2007
10.1107/s1600536807041657,2012,2007
10.1107/s1600536807042122,2012,2007
10.1107/s1600536807046466,2012,2007
10.1107/s1600536807049665,2012,2007
10.1107/s1600536807051008,2012,2007
10.1107/s1600536807065051,2012,2007
10.1107/s1600536807065361,2012,2007
10.1107/s1600536807066512,2012,2008
10.1107/s1600536808000287,2012,2008
10.1107/s1600536808018540,2012,2008
10.1107/s1600536808021892,2012,2008
10.1107/s1600536808023507,2012,2008
10.1107/s1600536808028389,2012,2008
10.1107/s1600536808035150,2012,2008
10.1107/s1600536808043936,2012,2009
10.1107/s1600536809040227,2012,2009
10.1107/s1600536811013067,2012,2011
10.1107/s1744309111054388,2012,2012
10.1109/acct.2012.73,2012,2012
10.1109/beiac.2012.6226084,2012,2012
10.1109/beiac.2012.6226093,2012,2012
10.1109/ccnc.2012.6181073,2012,2012
10.1109/conielecomp.2012.6189889,2012,2012
10.1109/csnt.2012.89,2012,2012
10.1109/cso.2012.33,2012,2012
10.1109/fskd.2012.6234293,2012,2012
10.1109/fskd.2012.6234332,2012,2012
10.1109/icbmi.2011.71,2012,2011
10.1109/iccsnt.2011.6181991,2012,2011
10.1109/icetet.2011.13,2012,2011
10.1109/icimtr.2012.6236355,2012,2012
10.1109/icimtr.2012.6236360,2012,2012
10.1109/icimtr.2012.6236379,2012,2012
10.1109/icimtr.2012.6236423,2012,2012
10.1109/icimtr.2012.6236425,2012,2012
10.1109/icimtr.2012.6236482,2012,2012
10.1109/icnc.2012.6234532,2012,2012
10.1109/icnc.2012.6234579,2012,2012
10.1109/icnc.2012.6234733,2012,2012
10.1109/nano.2011.6144500,2012,2011
10.1109/nano.2011.6144509,2012,2011
10.1109/nano.2011.6144524,2012,2011
10.1109/nano.2011.6144545,2012,2011
10.1109/nano.2011.6144655,2012,2011
10.1109/nano.2011.6144664,2012,2011
10.1109/peam.2011.6134812,2012,2011
10.1109/peam.2011.6134816,2012,2011
10.1109/peam.2011.6134817,2012,2011
10.1109/peam.2011.6134832,2012,2011
10.1109/peam.2011.6134843,2012,2011
10.1109/peam.2011.6134845,2012,2011
10.1109/peam.2011.6134847,2012,2011
10.1109/peam.2011.6134858,2012,2011
10.1109/peam.2011.6134860,2012,2011
10.1109/peam.2011.6134863,2012,2011
10.1109/peam.2011.6134868,2012,2011
10.1109/peam.2011.6134870,2012,2011
10.1109/peam.2011.6134872,2012,2011
10.1109/peam.2011.6134873,2012,2011
10.1109/peam.2011.6134878,2012,2011
10.1109/peam.2011.6134884,2012,2011
10.1109/peam.2011.6134902,2012,2011
10.1109/peam.2011.6134903,2012,2011
10.1109/peam.2011.6134904,2012,2011
10.1109/peam.2011.6134909,2012,2011
10.1109/peam.2011.6134913,2012,2011
10.1109/peam.2011.6134922,2012,2011
10.1109/peam.2011.6134932,2012,2011
10.1109/peam.2011.6134933,2012,2011
10.1109/peam.2011.6134936,2012,2011
10.1109/peam.2011.6134946,2012,2011
10.1109/peam.2011.6134948,2012,2011
10.1109/peam.2011.6134950,2012,2011
10.1109/peam.2011.6134953,2012,2011
10.1109/peam.2011.6134967,2012,2011
10.1109/peam.2011.6134971,2012,2011
10.1109/peam.2011.6134992,2012,2011
10.1109/peam.2011.6135054,2012,2011
10.1109/peam.2011.6135062,2012,2011
10.1109/peam.2011.6135068,2012,2011
10.1109/peam.2011.6135090,2012,2011
10.1109/peam.2011.6135092,2012,2011
10.1109/peam.2011.6135105,2012,2011
10.1109/peam.2011.6135106,2012,2011
10.1109/peam.2011.6135114,2012,2011
10.1109/shuser.2012.6268802,2012,2012
10.1109/shuser.2012.6268806,2012,2012
10.1109/shuser.2012.6268814,2012,2012
10.1109/shuser.2012.6268830,2012,2012
10.1109/shuser.2012.6268836,2012,2012
10.1109/shuser.2012.6268837,2012,2012
10.1109/shuser.2012.6268839,2012,2012
10.1109/shuser.2012.6268845,2012,2012
10.1109/shuser.2012.6268847,2012,2012
10.1109/shuser.2012.6268849,2012,2012
10.1109/shuser.2012.6268851,2012,2012
10.1109/shuser.2012.6268853,2012,2012
10.1109/shuser.2012.6268875,2012,2012
10.1109/shuser.2012.6268876,2012,2012
10.1111/j.1346-8138.1994.tb03293.x,2012,1994
10.1111/j.1365-2044.2011.06976.x,2012,2011
10.1111/j.1365-2109.2008.01951.x,2012,2008
10.1111/j.1365-2109.2008.01964.x,2012,2008
10.1111/j.1399-0039.2010.01622.x,2012,2011
10.1111/j.1399-6576.2012.02716.x,2012,2012
10.1111/j.1439-0396.2011.01190.x,2012,2011
10.1111/j.1440-1789.2007.00785.x,2012,2007
10.1111/j.1447-0756.2008.00745.x,2012,2008
10.1111/j.1447-0756.2011.01688.x,2012,2011
10.1111/j.1447-0756.2011.01754.x,2012,2012
10.1111/j.1464-410x.2005.05616.x,2012,2005
10.1111/j.1467-6486.2010.00994.x,2012,2011
10.1111/j.1467-9280.2008.02097.x,2012,2008
10.1111/j.1467-9280.2008.02128.x,2012,2008
10.1111/j.1467-9523.2009.00504.x,2012,2009
10.1111/j.1471-4159.2006.04301.x,2012,2007
10.1111/j.1471-4159.2008.05353.x,2012,2008
10.1111/j.1478-3231.2011.02505.x,2012,2011
10.1111/j.1610-0387.2005.04397.x,2012,2005
10.1111/j.1651-2227.2008.01213.x,2012,2009
10.1111/j.1744-4667.2011.00077.x,2012,2012
10.1111/j.1744-7917.2012.01521.x,2012,2012
10.1124/jpet.111.179820,2012,2011
10.1124/jpet.112.193946,2012,2012
10.1126/science.1104696,2012,2004
10.1136/pmj.2003.009571,2012,2004
10.1142/s0217751x1105436x,2012,2011
10.1142/s179329201100286x,2012,2011
10.1152/ajpendo.00662.2010,2012,2011
10.1152/ajpheart.00399.2006,2012,2006
10.1152/ajpheart.01012.2001,2012,2002
10.1152/ajpheart.01285.2004,2012,2005
10.1152/ajplung.00017.2008,2012,2008
10.1152/ajplung.00099.2007,2012,2007
10.1155/2010/414650,2012,2010
10.1155/2012/768591,2012,2012
10.1158/1078-0432.ccr-07-4110,2012,2008
10.1159/000320379,2012,2011
10.1159/000334713,2012,2012
10.1161/01.cir.0000162483.51132.25,2012,2005
10.1161/circulationaha.107.757096,2012,2008
10.1161/circulationaha.108.784785,2012,2008
10.1161/hc3301.095286,2012,2001
10.1161/hypertensionaha.111.175463,2012,2011
10.1165/rcmb.2008-0197oc,2012,2009
10.1172/jci42315,2012,2010
10.1177/0146167209357746,2012,2010
10.1177/0146167210381083,2012,2010
10.1177/0148607106030003222,2012,2006
10.1177/0190272511398208,2012,2011
10.1177/0310057x9602400107,2012,1996
10.1177/0310057x9902700304,2012,1999
10.1177/0748233711416951,2012,2011
10.1177/0890334411411916,2012,2011
10.1177/1082013210368738,2012,2011
10.1177/1368431011432375,2012,2011
10.1177/147323000903700609,2012,2009
10.1182/blood-2006-09-047043,2012,2007
10.1182/blood-2008-01-133710,2012,2008
10.1182/blood-2009-03-209247,2012,2009
10.1182/blood-2011-04-342998,2012,2011
10.1186/1471-2121-13-8,2012,2012
10.1186/1471-2172-12-63,2012,2011
10.1186/1477-3155-10-31,2012,2012
10.1186/1477-7819-8-35,2012,2010
10.1186/1687-1499-2012-133,2012,2012
10.1186/1756-0500-4-547,2012,2011
10.1186/2228-5326-2-2,2012,2012
10.1186/2228-5326-2-7,2012,2012
10.1186/2228-5326-2-8,2012,2012
10.1186/2251-6581-11-7,2012,2012
10.1186/2251-712x-8-27,2012,2012
10.1213/00000539-199401000-00014,2012,1994
10.1213/00000539-199912000-00048,2012,1999
10.1258/ar.2011.100462,2012,2012
10.1258/td.2012.110335,2012,2012
10.1287/orsc.1090.0499,2012,2010
10.1289/ehp.7783,2012,2005
10.1292/jvms.11-0580e,2012,2012
10.1308/003588411x604794,2012,2011
10.1309/ajcpix0ruo5pglxd,2012,2012
10.1371/journal.pcbi.1002308,2012,2012
10.1371/journal.pmed.1001214,2012,2012
10.1371/journal.pone.0004168,2012,2009
10.1371/journal.pone.0013512,2012,2010
10.1371/journal.pone.0014163,2012,2010
10.1371/journal.pone.0022730,2012,2011
10.1371/journal.pone.0026503,2012,2011
10.1371/journal.pone.0030980,2012,2012
10.1371/journal.ppat.0020025,2012,2006
10.1378/chest.132.4_meetingabstracts.455,2012,2007
10.1517/13543784.2010.514261,2012,2010
10.1517/14656566.2011.557360,2012,2011
10.1517/14656566.2011.585636,2012,2011
10.1517/14712598.3.2.319,2012,2005
10.1521/soco.2011.29.3.238,2012,2011
10.1523/jneurosci.1564-11.2011,2012,2011
10.1524/9783486718928.1,2012,2012
10.1529/biophysj.106.086777,2012,2006
10.1536/ihj.49.213,2012,2008
10.1563/aaid-joi-d-11-00071,2012,2011
10.1587/transcom.e95.b.2509,2012,2012
10.1590/s0006-87052012005000009,2012,2012
10.1590/s1516-05722012000100015,2012,2012
10.1617/s11527-005-9008-5,2012,2006
10.1893/0005-3155-83.2.56,2012,2012
10.2147/bctt.s17094,2012,2011
10.2147/bctt.s17108,2012,2011
10.2147/bctt.s20695,2012,2011
10.2169/internalmedicine.50.4792,2012,2011
10.2174/092986606777145850,2012,2006
10.2298/sarh0406182m,2012,2004
10.2298/tsci1202551r,2012,2012
10.2320/matertrans.46.798,2012,2005
10.2337/db12-0317,2012,2012
10.2337/dc08-s263,2012,2008
10.2533/000942906777836327,2012,2006
10.3109/03639045.2012.665459,2012,2011
10.3109/08923971003631417,2012,2010
10.3109/08923971003671116,2012,2010
10.3109/08923971003685959,2012,2010
10.3109/08923973.2010.482591,2012,2010
10.3109/08923973.2010.484839,2012,2010
10.3109/08923973.2010.487871,2012,2010
10.3109/08923973.2010.495393,2012,2010
10.3109/08923973.2010.532804,2012,2010
10.3109/08923973.2010.532805,2012,2010
10.3109/08923973.2011.593180,2012,2011
10.3109/08923973.2011.594954,2012,2011
10.3109/08923973.2011.599034,2012,2011
10.3109/08923973.2011.602690,2012,2011
10.3109/09637486.2010.513682,2012,2010
10.3109/13880209.2010.507769,2012,2010
10.3109/14756360903185952,2012,2010
10.3109/14756360903373376,2012,2010
10.3109/19396360903013126,2012,2009
10.3122/jabfm.2011.05.100303,2012,2011
10.3164/jcbn.11-47,2012,2011
10.3171/2012.9.spine12687,2012,2012
10.3342/kjorl-hns.2010.53.12.737,2012,2010
10.3389/fpls.2012.00149,2012,2012
10.3390/ijms12042325,2012,2011
10.3390/ma5050882,2012,2012
10.3390/s120100878,2012,2012
10.3390/s121216250,2012,2012
10.3779/j.issn.1009-3419.2012.07.07,2012,2012
10.3791/962,2012,2008
10.3892/ijo.2011.1268,2012,2011
10.3892/ijo.2012.1430,2012,2012
10.3988/jcn.2008.4.4.139,2012,2008
10.4028/www.scientific.net/amr.518-523.3820,2012,2012
10.4049/jimmunol.174.3.1281,2012,2005
10.4049/jimmunol.175.8.4914,2012,2005
10.4070/kcj.2011.41.3.156,2012,2011
10.4070/kcj.2011.41.7.349,2012,2011
10.4103/0019-5154.55628,2012,2009
10.4103/0970-4388.73790,2012,2010
10.4103/0972-124x.100930,2012,2012
10.4103/0972-5229.53109,2012,2009
10.4103/0973-029x.84497,2012,2011
10.4113/jom.2009.1045,2012,2009
10.4187/respcare.01631,2012,2012
10.4236/jmp.2012.32020,2012,2012
10.4236/jmp.2012.32028,2012,2012
10.4236/jmp.2012.33039,2012,2012
10.4236/jmp.2012.35057,2012,2012
10.4236/jmp.2012.35058,2012,2012
10.4236/jmp.2012.36066,2012,2012
10.4321/s1886-36552011000100008,2012,2011
10.5108/acsc.2.5,2012,2010
10.5301/hip.2011.8657,2012,2011
10.5430/jnep.v2n3p38,2012,2012
10.5430/jnep.v2n4p145,2012,1995
10.5539/mas.v6n5p82,2012,2012
10.5761/atcs.cr.11.01745,2012,2011
10.5946/ce.2011.44.1.22,2012,2011
10.7498/aps.61.186102,2012,2012
10.1002/14651858.cd000447.pub2,2013,2004
10.1002/14651858.cd000993,2013,2001
10.1002/14651858.cd001160,2013,2000
10.1002/14651858.cd001160.pub2,2013,2004
10.1002/14651858.cd001790,2013,2001
10.1002/14651858.cd001791.pub2,2013,2010
10.1002/14651858.cd002291.pub3,2013,2004
10.1002/14651858.cd002916,2013,2000
10.1002/14651858.cd002938,2013,2002
10.1002/14651858.cd002970,2013,2003
10.1002/14651858.cd003227,2013,2001
10.1002/14651858.cd003227.pub2,2013,2010
10.1002/14651858.cd003346,2013,2001
10.1002/14651858.cd003375,2013,2001
10.1002/14651858.cd003762,2013,2002
10.1002/14651858.cd003783,2013,2002
10.1002/14651858.cd003783.pub2,2013,2004
10.1002/14651858.cd004088,2013,2003
10.1002/14651858.cd004088.pub2,2013,2005
10.1002/14651858.cd004259,2013,2003
10.1002/14651858.cd004576,2013,2004
10.1002/14651858.cd004576.pub2,2013,2008
10.1002/14651858.cd004769.pub2,2013,2008
10.1002/14651858.cd004843.pub2,2013,2006
10.1002/14651858.cd004846.pub2,2013,2007
10.1002/14651858.cd005178,2013,2005
10.1002/14651858.cd005194,2013,2005
10.1002/14651858.cd005234,2013,2005
10.1002/14651858.cd005234.pub3,2013,2009
10.1002/14651858.cd005234.pub4,2013,2011
10.1002/14651858.cd005336,2013,2005
10.1002/14651858.cd005336.pub2,2013,2006
10.1002/14651858.cd005367,2013,2009
10.1002/14651858.cd005367.pub2,2013,2009
10.1002/14651858.cd005367.pub3,2013,2012
10.1002/14651858.cd005410.pub2,2013,2007
10.1002/14651858.cd006272.pub2,2013,2010
10.1002/14651858.cd006535,2013,2007
10.1002/14651858.cd006535.pub2,2013,2008
10.1002/14651858.cd009217,2013,2011
10.1002/1529-0131(200110)44:10%3c2371::aid-art401%3e3.0.co;2-w,2013,2001
10.1002/app.32428,2013,2010
10.1002/ardp.201100412,2013,2012
10.1002/art.10674,2013,2002
10.1002/clc.22062,2013,2012
10.1002/hpm.1025,2013,2010
10.1002/ijc.21453,2013,2006
10.1002/jbm.b.32972,2013,2013
10.1002/pa.1427,2013,2012
10.1002/pmic.200401129,2013,2005
10.1002/we.1605,2013,2013
10.1002/wrcr.20065,2013,2013
10.1006/exnr.2002.7968,2013,2002
10.1006/jtbi.1996.0320,2013,1997
10.1007/112_2012_9,2013,2013
10.1007/978-1-4614-3872-4_266,2013,2013
10.1007/978-1-4899-8050-2_16,2013,2013
10.1007/978-3-642-32183-2_13,2013,2013
10.1007/978-3-642-35314-7_15,2013,2013
10.1007/978-3-642-35440-3_87,2013,2013
10.1007/978-3-642-35567-7_22,2013,2013
10.1007/978-3-642-36124-1_51,2013,2013
10.1007/978-3-642-39637-3_54,2013,2013
10.1007/bf01235662,2013,1997
10.1007/bf02427950,2013,2005
10.1007/bf02479949,2013,1995
10.1007/bf02480074,2013,1997
10.1007/bf03012096,2013,1998
10.1007/bf03012299,2013,1998
10.1007/bf03012704,2013,1998
10.1007/bf03013130,2013,1999
10.1007/bf03016073,2013,2005
10.1007/bf03016525,2013,2005
10.1007/bf03018390,2013,2003
10.1007/bf03018498,2013,2004
10.1007/s00101-011-1863-6,2013,2011
10.1007/s00125-013-2949-2,2013,2013
10.1007/s00170-013-5031-9,2013,2013
10.1007/s00233-012-9423-1,2013,2012
10.1007/s00246-012-0561-8,2013,2012
10.1007/s00464-007-9647-4,2013,2007
10.1007/s00521-012-0865-x,2013,2012
10.1007/s00521-012-0983-5,2013,2012
10.1007/s00521-012-1318-2,2013,2013
10.1007/s00540-011-1241-1,2013,2011
10.1007/s10059-012-0066-6,2013,2012
10.1007/s10067-012-1976-6,2013,2012
10.1007/s10098-013-0704-5,2013,2013
10.1007/s10158-013-0157-x,2013,2013
10.1007/s10342-012-0659-9,2013,2012
10.1007/s10404-012-1091-7,2013,2012
10.1007/s10495-006-0626-3,2013,2007
10.1007/s10551-008-9733-0,2013,2008
10.1007/s10551-012-1281-y,2013,2012
10.1007/s10620-012-2205-5,2013,2012
10.1007/s10661-011-2501-0,2013,2012
10.1007/s10661-012-2944-y,2013,2012
10.1007/s10725-013-9801-z,2013,2013
10.1007/s10815-012-9901-0,2013,2012
10.1007/s10845-011-0556-y,2013,2011
10.1007/s10847-013-0312-3,2013,2013
10.1007/s10875-006-9028-0,2013,2006
10.1007/s10905-011-9262-z,2013,2011
10.1007/s11010-010-0658-4,2013,2010
10.1007/s11019-012-9424-6,2013,2012
10.1007/s11032-013-9860-x,2013,2013
10.1007/s11060-006-9322-y,2013,2007
10.1007/s11060-009-9807-6,2013,2009
10.1007/s11062-013-9333-1,2013,2013
10.1007/s11160-012-9279-1,2013,2012
10.1007/s11160-013-9306-x,2013,2013
10.1007/s11220-011-0068-z,2013,2011
10.1007/s11242-012-0094-x,2013,2012
10.1007/s11276-013-0622-9,2013,2013
10.1007/s11518-013-5224-7,2013,2013
10.1007/s11832-012-0416-0,2013,2012
10.1007/s11845-010-0534-y,2013,2010
10.1007/s12029-012-9459-1,2013,2012
10.1007/s12039-012-0272-y,2013,2012
10.1007/s12043-007-0129-y,2013,2007
10.1007/s12098-011-0618-3,2013,2012
10.1007/s12098-012-0857-y,2013,2012
10.1007/s12217-012-9321-x,2013,2012
10.1007/s12232-011-0144-7,2013,2011
10.1007/s12262-011-0329-z,2013,2011
10.1007/s12262-012-0618-1,2013,2012
10.1007/s12262-012-0642-1,2013,2012
10.1007/s12275-009-0068-z,2013,2009
10.1007/s12298-012-0120-z,2013,2012
10.1007/s12540-012-5005-8,2013,2012
10.1007/s12665-011-1199-1,2013,2011
10.1007/s13105-012-0205-8,2013,2012
10.1007/s13280-012-0291-4,2013,2012
10.1016/b978-0-08-011869-7.50003-5,2013,2013
10.1016/b978-0-08-011869-7.50008-4,2013,2013
10.1016/b978-0-08-011869-7.50009-6,2013,2013
10.1016/b978-0-08-011869-7.50010-2,2013,2013
10.1016/b978-0-08-011869-7.50011-4,2013,2013
10.1016/b978-0-08-011869-7.50012-6,2013,2013
10.1016/b978-0-08-011869-7.50013-8,2013,2013
10.1016/b978-0-08-011869-7.50014-x,2013,2013
10.1016/b978-0-08-011869-7.50017-5,2013,2013
10.1016/j.actbio.2010.08.010,2013,2011
10.1016/j.actbio.2012.03.048,2013,2012
10.1016/j.actbio.2012.06.021,2013,2012
10.1016/j.appet.2013.08.004,2013,2013
10.1016/j.athoracsur.2010.05.017,2013,2010
10.1016/j.bbadis.2012.01.002,2013,2012
10.1016/j.bbagrm.2013.07.001,2013,2004
10.1016/j.bbrc.2008.03.120,2013,2008
10.1016/j.bbrc.2012.08.009,2013,2012
10.1016/j.bbrc.2012.08.108,2013,2012
10.1016/j.bbrc.2013.07.008,2013,2013
10.1016/j.biocel.2008.01.011,2013,2008
10.1016/j.bmcl.2012.07.016,2013,2012
10.1016/j.bone.2011.03.141,2013,2011
10.1016/j.bone.2013.03.018,2013,2013
10.1016/j.bpc.2013.07.007,2013,2013
10.1016/j.brainres.2012.03.038,2013,2012
10.1016/j.canlet.2006.08.009,2013,2007
10.1016/j.canlet.2006.10.015,2013,2007
10.1016/j.canlet.2008.12.018,2013,2009
10.1016/j.canlet.2010.05.012,2013,2010
10.1016/j.carbon.2010.03.066,2013,2010
10.1016/j.carbpol.2012.09.074,2013,2012
10.1016/j.carbpol.2013.05.097,2013,2013
10.1016/j.catcom.2012.11.012,2013,2013
10.1016/j.cej.2011.06.043,2013,2011
10.1016/j.cell.2010.09.025,2013,2010
10.1016/j.cell.2011.03.052,2013,2011
10.1016/j.cellimm.2005.04.019,2013,2004
10.1016/j.ces.2011.08.030,2013,2011
10.1016/j.ces.2013.02.015,2013,2013
10.1016/j.cherd.2012.02.013,2013,2012
10.1016/j.colsurfb.2012.11.040,2013,2012
10.1016/j.compositesb.2013.01.017,2013,2013
10.1016/j.cyto.2012.03.008,2013,2012
10.1016/j.devcel.2008.11.006,2013,2009
10.1016/j.egypro.2013.06.790,2013,2013
10.1016/j.egypro.2013.06.831,2013,2013
10.1016/j.eja.2012.11.001,2013,2012
10.1016/j.ejphar.2012.02.023,2013,2012
10.1016/j.enpol.2013.07.135,2013,2013
10.1016/j.envpol.2012.01.006,2013,2012
10.1016/j.eswa.2011.02.044,2013,2011
10.1016/j.fbp.2012.04.007,2013,2012
10.1016/j.fct.2012.08.005,2013,2012
10.1016/j.ieri.2012.06.060,2013,2012
10.1016/j.ifset.2013.01.004,2013,2013
10.1016/j.ijbiomac.2013.04.033,2013,2013
10.1016/j.ijbiomac.2013.05.004,2013,2013
10.1016/j.ijchv.2013.10.001,2013,2013
10.1016/j.ijedudev.2011.02.013,2013,2011
10.1016/j.ijrobp.2012.01.051,2013,2012
10.1016/j.indcrop.2011.01.022,2013,2011
10.1016/j.inoche.2013.06.040,2013,2013
10.1016/j.jacc.2011.12.043,2013,2012
10.1016/j.jafrearsci.2012.09.007,2013,2012
10.1016/j.jbusvent.2007.06.002,2013,2008
10.1016/j.jenvp.2010.06.002,2013,2010
10.1016/j.jesp.2006.07.007,2013,2006
10.1016/j.jesp.2010.05.018,2013,2010
10.1016/j.jesp.2010.12.013,2013,2010
10.1016/j.jesp.2011.02.010,2013,2011
10.1016/j.jlp.2012.09.005,2013,2012
10.1016/j.jmva.2012.11.011,2013,2012
10.1016/j.joms.2012.07.019,2013,2012
10.1016/j.jpcs.2011.09.018,2013,2012
10.1016/j.jspi.2010.02.021,2013,2010
10.1016/j.jtusci.2013.04.003,2013,2013
10.1016/j.kjms.2012.08.031,2013,2012
10.1016/j.lfs.2012.10.024,2013,2012
10.1016/j.lwt.2013.07.015,2013,2013
10.1016/j.matlet.2011.02.048,2013,2011
10.1016/j.matlet.2013.02.049,2013,2013
10.1016/j.mcm.2012.06.007,2013,2012
10.1016/j.molcel.2013.06.005,2013,2013
10.1016/j.msea.2009.09.025,2013,2010
10.1016/j.neubiorev.2004.10.004,2013,2005
10.1016/j.neucom.2012.06.007,2013,2012
10.1016/j.neunet.2012.09.007,2013,2012
10.1016/j.npep.2012.07.004,2013,2012
10.1016/j.optcom.2010.04.028,2013,2010
10.1016/j.optlastec.2012.06.005,2013,2012
10.1016/j.optlastec.2012.06.013,2013,2012
10.1016/j.optlastec.2012.08.036,2013,2012
10.1016/j.optlastec.2012.09.031,2013,2012
10.1016/j.optlastec.2012.10.010,2013,2012
10.1016/j.pedn.2013.02.017,2013,2013
10.1016/j.porgcoat.2012.09.008,2013,2012
10.1016/j.procs.2012.04.150,2013,2012
10.1016/j.proeng.2011.05.002,2013,2012
10.1016/j.proeng.2012.01.122,2013,2012
10.1016/j.proeng.2012.01.1294,2013,2012
10.1016/j.proenv.2011.12.175,2013,2012
10.1016/j.purol.2013.01.002,2013,2013
10.1016/j.rdf.2012.12.001,2013,2013
10.1016/j.regpep.2010.07.163,2013,2010
10.1016/j.renene.2011.06.010,2013,2011
10.1016/j.renene.2012.01.057,2013,2012
10.1016/j.rser.2011.11.002,2013,2012
10.1016/j.rser.2012.06.029,2013,2012
10.1016/j.rser.2012.07.026,2013,2012
10.1016/j.rser.2012.09.022,2013,2013
10.1016/j.sbspro.2011.11.156,2013,2011
10.1016/j.sbspro.2013.08.209,2013,2013
10.1016/j.scoms.2013.04.032,2013,2013
10.1016/j.socscimed.2011.06.045,2013,2011
10.1016/j.talanta.2012.11.019,2013,2013
10.1016/j.techfore.2008.07.002,2013,2008
10.1016/j.techfore.2012.02.003,2013,2012
10.1016/j.tet.2011.12.016,2013,2011
10.1016/j.tet.2013.04.128,2013,2013
10.1016/j.tetlet.2010.04.012,2013,2010
10.1016/j.ultsonch.2013.12.006,2013,2013
10.1016/j.vacuum.2012.02.018,2013,2012
10.1016/j.yexmp.2010.01.007,2013,2010
10.1016/j.ygyno.2007.12.020,2013,2008
10.1016/j.ygyno.2011.12.441,2013,2011
10.1016/s0029-7844(01)01641-6,2013,2002
10.1016/s0304-3835(02)00107-6,2013,2002
10.1016/s0735-1097(13)61542-9,2013,2013
10.1016/s0952-8180(03)00086-2,2013,2003
10.1016/s0952-8180(99)00011-2,2013,1999
10.1016/s1535-6108(03)00030-8,2013,2003
10.1016/s1995-7645(13)60015-2,2013,2013
10.1016/s1995-7645(13)60049-8,2013,2013
10.1017/s0007114510000693,2013,2010
10.1017/s0265021504001103,2013,2004
10.1017/s1751731110000121,2013,2010
10.1021/ac400377y,2013,2013
10.1021/bi027298l,2013,2003
10.1021/ja807685r,2013,2008
10.1021/je400067u,2013,2013
10.1021/jm8015766,2013,2009
10.1021/nl400959z,2013,2013
10.1037/0022-3514.87.6.860,2013,2004
10.1037/a0025753,2013,2012
10.1038/cdd.2010.114,2013,2011
10.1038/cmi.2009.38,2013,2009
10.1038/ki.2012.244,2013,2012
10.1038/ki.2013.192,2013,2013
10.1038/nature04344,2013,2005
10.1038/nature09301,2013,2010
10.1038/nm.2077,2013,2010
10.1038/nmeth.1430,2013,2010
10.1038/nphoton.2011.322,2013,2012
10.1038/sj.cdd.4401929,2013,2007
10.1039/c2an35065c,2013,2012
10.1039/c2gc36331c,2013,2012
10.1039/c3tb20262c,2013,2013
10.1046/j.1365-2044.1998.00633.x,2013,1998
10.1046/j.1365-2168.2000.01393.x,2013,2000
10.1046/j.1365-2346.1998.00303.x,2013,1998
10.1046/j.1365-2346.1999.00483.x,2013,1999
10.1046/j.1365-2346.1999.00500.x,2013,1999
10.1046/j.1365-2346.2000.00617.x,2013,2000
10.1051/jbio/2013005,2013,2013
10.1055/s-2003-45397,2013,2003
10.1057/hep.2012.21,2013,2012
10.1061/(asce)st.1943-541x.0000392,2013,2011
10.1061/(asce)st.1943-541x.0000697,2013,2012
10.1061/(asce)st.1943-541x.0000718,2013,2012
10.1061/9780784412848.066,2013,2013
10.1061/9780784412848.068,2013,2013
10.1063/1.4769080,2013,2012
10.1073/pnas.0913054107,2013,2010
10.1074/jbc.273.11.6525,2013,1998
10.1074/jbc.274.19.12971,2013,1999
10.1074/jbc.c112.403048,2013,2012
10.1074/jbc.m008096200,2013,2001
10.1074/jbc.m105901200,2013,2001
10.1074/jbc.m107844200,2013,2001
10.1074/jbc.m109.033407,2013,2010
10.1074/jbc.m109278200,2013,2002
10.1074/jbc.m110944200,2013,2002
10.1074/jbc.m111.226027,2013,2011
10.1074/jbc.m111.248690,2013,2011
10.1074/jbc.m111.324632,2013,2012
10.1074/jbc.m113.470914,2013,2013
10.1074/jbc.m202465200,2013,2002
10.1074/jbc.m308788200,2013,2004
10.1074/jbc.m501238200,2013,2005
10.1074/jbc.m510157200,2013,2006
10.1074/jbc.m512112200,2013,2006
10.1074/jbc.m601496200,2013,2006
10.1074/jbc.m701050200,2013,2007
10.1080/00207450590934435,2013,2004
10.1080/00223980.2013.774310,2013,2013
10.1080/00387010.2011.597481,2013,2012
10.1080/01436597.2013.786294,2013,2013
10.1080/01614576.1992.11074061,2013,1992
10.1080/01694243.2012.705482,2013,2012
10.1080/01900691003703761,2013,2010
10.1080/07317115.2012.749319,2013,2012
10.1080/08997764.2011.601980,2013,2011
10.1080/09507116.2011.592699,2013,2011
10.1080/09511920801911019,2013,2009
10.1080/0951192x.2012.749536,2013,2013
10.1080/09546553.2013.842377,2013,2013
10.1080/10447310902963951,2013,2009
10.1080/10447318.2011.552060,2013,2011
10.1080/10532528.1992.10559878,2013,2012
10.1080/10643389.2013.783763,2013,2011
10.1080/10911359.2012.655596,2013,2012
10.1080/10916461003681786,2013,2011
10.1080/10916461003792294,2013,2011
10.1080/10942912.2011.631246,2013,2013
10.1080/11024150201680002,2013,2002
10.1080/14767050801924829,2013,2008
10.1080/14786411003774312,2013,2010
10.1080/15283488.2012.747436,2013,2013
10.1080/15298861003680117,2013,2010
10.1080/15348458.2012.686372,2013,2012
10.1080/15533174.2012.680131,2013,2012
10.1080/15533174.2012.751422,2013,2013
10.1080/15538362.2012.679177,2013,2012
10.1080/15567030903330868,2013,2011
10.1080/16506070902815024,2013,2009
10.1080/17476933.2010.504851,2013,2011
10.1080/19368623.2013.835251,2013,2013
10.1080/19393210.2013.820221,2013,2013
10.1080/19443994.2013.822153,2013,2013
10.1083/jcb.200702053,2013,2007
10.1088/0022-3727/44/16/165002,2013,2011
10.1088/1742-6596/410/1/012135,2013,2012
10.1088/1748-0221/8/09/c09006,2013,2013
10.1089/aid.2013.0137,2013,2013
10.1089/dna.2011.1415,2013,2012
10.1089/scd.2009.0504,2013,2010
10.1089/scd.2012.0416,2013,2013
10.1093/bja/81.3.387,2013,1998
10.1093/bja/81.3.390,2013,1998
10.1093/bja/81.4.526,2013,1998
10.1093/bja/86.6.879,2013,2001
10.1093/carcin/bgi185,2013,2005
10.1093/cercor/bhs355,2013,2012
10.1093/eurheartj/ehp363,2013,2009
10.1093/oxfordjournals.jbchem.a022335,2013,1999
10.1096/fj.11-202366,2013,2012
10.1096/fj.12-207431,2013,2012
10.1097/00000539-200111000-00029,2013,2001
10.1097/00000539-200207000-00023,2013,2002
10.1097/dcr.0b013e31825a9f1f,2013,2012
10.1097/lbr.0b013e318191f021,2013,2009
10.1097/lgt.0b013e3182554a48,2013,2013
10.1097/lgt.0b013e31826febb0,2013,2013
10.1097/md.0b013e31823913f2,2013,2011
10.1097/mpg.0b013e3182575f9c,2013,2012
10.1098/rsbl.2010.1204,2013,2011
10.1099/mic.0.019299-0,2013,2009
10.1103/physrevb.85.180511,2013,2012
10.1103/physrevb.85.214520,2013,2012
10.1103/physrevlett.110.154802,2013,2013
10.1104/pp.104.040949,2013,2004
10.1109/ccnc.2013.6488490,2013,2013
10.1109/focs.2013.87,2013,2013
10.1109/ic4.2013.6653743,2013,2013
10.1109/iciea.2013.6566408,2013,2013
10.1109/icmee.2010.5558447,2013,2010
10.1109/ncc.2013.6487962,2013,2013
10.1109/qr2mse.2013.6625527,2013,2013
10.1109/qr2mse.2013.6625532,2013,2013
10.1109/qr2mse.2013.6625536,2013,2013
10.1109/qr2mse.2013.6625538,2013,2013
10.1109/qr2mse.2013.6625541,2013,2013
10.1109/qr2mse.2013.6625548,2013,2013
10.1109/qr2mse.2013.6625555,2013,2013
10.1109/qr2mse.2013.6625557,2013,2013
10.1109/qr2mse.2013.6625571,2013,2013
10.1109/qr2mse.2013.6625573,2013,2013
10.1109/qr2mse.2013.6625581,2013,2013
10.1109/qr2mse.2013.6625589,2013,2013
10.1109/qr2mse.2013.6625594,2013,2013
10.1109/qr2mse.2013.6625597,2013,2013
10.1109/qr2mse.2013.6625602,2013,2013
10.1109/qr2mse.2013.6625606,2013,2013
10.1109/qr2mse.2013.6625608,2013,2013
10.1109/qr2mse.2013.6625609,2013,2013
10.1109/qr2mse.2013.6625611,2013,2013
10.1109/qr2mse.2013.6625614,2013,2013
10.1109/qr2mse.2013.6625616,2013,2013
10.1109/qr2mse.2013.6625618,2013,2013
10.1109/qr2mse.2013.6625622,2013,2013
10.1109/qr2mse.2013.6625630,2013,2013
10.1109/qr2mse.2013.6625632,2013,2013
10.1109/qr2mse.2013.6625634,2013,2013
10.1109/qr2mse.2013.6625640,2013,2013
10.1109/qr2mse.2013.6625645,2013,2013
10.1109/qr2mse.2013.6625651,2013,2013
10.1109/qr2mse.2013.6625654,2013,2013
10.1109/qr2mse.2013.6625657,2013,2013
10.1109/qr2mse.2013.6625658,2013,2013
10.1109/qr2mse.2013.6625660,2013,2013
10.1109/qr2mse.2013.6625663,2013,2013
10.1109/qr2mse.2013.6625666,2013,2013
10.1109/qr2mse.2013.6625667,2013,2013
10.1109/qr2mse.2013.6625668,2013,2013
10.1109/qr2mse.2013.6625674,2013,2013
10.1109/qr2mse.2013.6625675,2013,2013
10.1109/qr2mse.2013.6625677,2013,2013
10.1109/qr2mse.2013.6625678,2013,2013
10.1109/qr2mse.2013.6625680,2013,2013
10.1109/qr2mse.2013.6625682,2013,2013
10.1109/qr2mse.2013.6625683,2013,2013
10.1109/qr2mse.2013.6625684,2013,2013
10.1109/qr2mse.2013.6625685,2013,2013
10.1109/qr2mse.2013.6625687,2013,2013
10.1109/qr2mse.2013.6625688,2013,2013
10.1109/qr2mse.2013.6625691,2013,2013
10.1109/qr2mse.2013.6625692,2013,2013
10.1109/qr2mse.2013.6625693,2013,2013
10.1109/qr2mse.2013.6625695,2013,2013
10.1109/qr2mse.2013.6625700,2013,2013
10.1109/qr2mse.2013.6625703,2013,2013
10.1109/qr2mse.2013.6625707,2013,2013
10.1109/qr2mse.2013.6625710,2013,2013
10.1109/qr2mse.2013.6625713,2013,2013
10.1109/qr2mse.2013.6625719,2013,2013
10.1109/qr2mse.2013.6625722,2013,2013
10.1109/qr2mse.2013.6625723,2013,2013
10.1109/qr2mse.2013.6625725,2013,2013
10.1109/qr2mse.2013.6625730,2013,2013
10.1109/qr2mse.2013.6625739,2013,2013
10.1109/qr2mse.2013.6625743,2013,2013
10.1109/qr2mse.2013.6625744,2013,2013
10.1109/qr2mse.2013.6625748,2013,2013
10.1109/qr2mse.2013.6625751,2013,2013
10.1109/qr2mse.2013.6625752,2013,2013
10.1109/qr2mse.2013.6625755,2013,2013
10.1109/qr2mse.2013.6625764,2013,2013
10.1109/qr2mse.2013.6625765,2013,2013
10.1109/qr2mse.2013.6625769,2013,2013
10.1109/qr2mse.2013.6625775,2013,2013
10.1109/qr2mse.2013.6625791,2013,2013
10.1109/qr2mse.2013.6625792,2013,2013
10.1109/qr2mse.2013.6625797,2013,2013
10.1109/qr2mse.2013.6625799,2013,2013
10.1109/qr2mse.2013.6625801,2013,2013
10.1109/qr2mse.2013.6625804,2013,2013
10.1109/qr2mse.2013.6625805,2013,2013
10.1109/qr2mse.2013.6625808,2013,2013
10.1109/qr2mse.2013.6625812,2013,2013
10.1109/qr2mse.2013.6625813,2013,2013
10.1109/qr2mse.2013.6625815,2013,2013
10.1109/qr2mse.2013.6625816,2013,2013
10.1109/qr2mse.2013.6625818,2013,2013
10.1109/qr2mse.2013.6625820,2013,2013
10.1109/qr2mse.2013.6625821,2013,2013
10.1109/qr2mse.2013.6625824,2013,2013
10.1109/qr2mse.2013.6625825,2013,2013
10.1109/qr2mse.2013.6625826,2013,2013
10.1109/qr2mse.2013.6625829,2013,2013
10.1109/qr2mse.2013.6625831,2013,2010
10.1109/qr2mse.2013.6625835,2013,2013
10.1109/qr2mse.2013.6625837,2013,2013
10.1109/qr2mse.2013.6625843,2013,2013
10.1109/qr2mse.2013.6625846,2013,2013
10.1109/qr2mse.2013.6625847,2013,2013
10.1109/qr2mse.2013.6625849,2013,2013
10.1109/qr2mse.2013.6625852,2013,2013
10.1109/qr2mse.2013.6625853,2013,2013
10.1109/qr2mse.2013.6625856,2013,2013
10.1109/qr2mse.2013.6625858,2013,2013
10.1109/qr2mse.2013.6625860,2013,2013
10.1109/qr2mse.2013.6625861,2013,2013
10.1109/qr2mse.2013.6625862,2013,2013
10.1109/qr2mse.2013.6625865,2013,2013
10.1109/qr2mse.2013.6625866,2013,2013
10.1109/qr2mse.2013.6625869,2013,2013
10.1109/qr2mse.2013.6625873,2013,2013
10.1109/qr2mse.2013.6625877,2013,2013
10.1109/qr2mse.2013.6625881,2013,2013
10.1109/qr2mse.2013.6625884,2013,2013
10.1109/qr2mse.2013.6625885,2013,2013
10.1109/qr2mse.2013.6625887,2013,2013
10.1109/qr2mse.2013.6625895,2013,2013
10.1109/qr2mse.2013.6625904,2013,2013
10.1109/qr2mse.2013.6625905,2013,2013
10.1109/qr2mse.2013.6625920,2013,2013
10.1109/qr2mse.2013.6625930,2013,2013
10.1109/qr2mse.2013.6625932,2013,2013
10.1109/qr2mse.2013.6625939,2013,2013
10.1109/qr2mse.2013.6625941,2013,2013
10.1109/qr2mse.2013.6625947,2013,2013
10.1109/qr2mse.2013.6625951,2013,2013
10.1109/qr2mse.2013.6625954,2013,2013
10.1109/qr2mse.2013.6625959,2013,2013
10.1109/qr2mse.2013.6625963,2013,2013
10.1109/qr2mse.2013.6625967,2013,2013
10.1109/qr2mse.2013.6625968,2013,2013
10.1109/qr2mse.2013.6625972,2013,2013
10.1109/qr2mse.2013.6625973,2013,2013
10.1109/qr2mse.2013.6625974,2013,2013
10.1109/qr2mse.2013.6625975,2013,2013
10.1109/qr2mse.2013.6625977,2013,2013
10.1109/qr2mse.2013.6625980,2013,2013
10.1109/qr2mse.2013.6625982,2013,2013
10.1109/qr2mse.2013.6625994,2013,2013
10.1109/qr2mse.2013.6625995,2013,2013
10.1109/qr2mse.2013.6625997,2013,2013
10.1109/qr2mse.2013.6625999,2013,2013
10.1109/qr2mse.2013.6626005,2013,2013
10.1109/qr2mse.2013.6626007,2013,2013
10.1109/qr2mse.2013.6626009,2013,2013
10.1109/qr2mse.2013.6626012,2013,2013
10.1109/shuser.2011.6008498,2013,2013
10.1111/1574-6968.12170,2013,2013
10.1111/dme.12106,2013,2013
10.1111/j.0265-0215.1998.00267.x,2013,1998
10.1111/j.1346-8138.2012.01529.x,2013,2012
10.1111/j.1365-2443.2004.00777.x,2013,2004
10.1111/j.1365-2443.2008.01244.x,2013,2008
10.1111/j.1365-2915.2010.00905.x,2013,2010
10.1111/j.1365-294x.2009.04507.x,2013,2010
10.1111/j.1399-6576.1997.tb04777.x,2013,1997
10.1111/j.1399-6576.1997.tb04860.x,2013,1997
10.1111/j.1399-6576.1998.tb04922.x,2013,1998
10.1111/j.1399-6576.1998.tb05113.x,2013,1998
10.1111/j.1399-6576.1998.tb05297.x,2013,1998
10.1111/j.1440-172x.2011.01938.x,2013,2011
10.1111/j.1467-7687.2009.00842.x,2013,2009
10.1111/j.1467-9639.1997.tb00344.x,2013,2007
10.1111/j.1468-1331.2011.03524.x,2013,2011
10.1111/j.1470-6431.2011.01063.x,2013,2012
10.1111/j.1471-4159.2011.07639.x,2013,2012
10.1111/j.1476-5381.2012.02100.x,2013,2012
10.1111/j.1532-849x.2006.00131.x,2013,2006
10.1111/j.1540-5885.2012.00957.x,2013,2012
10.1111/j.1552-6569.2011.00578.x,2013,2011
10.1111/j.1601-183x.2011.00702.x,2013,2011
10.1111/j.1601-183x.2011.00723.x,2013,2011
10.1111/j.1749-4877.2012.292.x,2013,2012
10.1111/j.1939-1676.2012.01007.x,2013,2012
10.1111/joa.12045,2013,2013
10.1126/science.1173438,2013,2009
10.1126/science.1188635,2013,2010
10.1128/mbio.00084-11,2013,2011
10.1134/s0020441212040100,2013,2012
10.1136/bcr-2012-007666,2013,2012
10.1136/bcr-2013-010004,2013,2013
10.1136/heartjnl-2011-300920b.29,2013,2011
10.1142/s0217751x12300207,2013,2012
10.1142/s0219622010003877,2013,2010
10.1142/s0219887813500205,2013,2013
10.1152/ajpcell.00042.2007,2013,2008
10.1152/ajpheart.00037.2013,2013,2013
10.1152/japplphysiol.01368.2012,2013,2013
10.1155/2012/486230,2013,2012
10.1155/2012/874290,2013,2012
10.1155/2012/971097,2013,2012
10.1155/2013/297501,2013,2013
10.1155/2013/928078,2013,2013
10.1158/0008-5472.can-05-3191,2013,2006
10.1158/0008-5472.can-07-0649,2013,2007
10.1158/0008-5472.can-07-6828,2013,2008
10.1158/1078-0432.ccr-03-0716,2013,2004
10.1158/1078-0432.ccr-07-1992,2013,2008
10.1158/1078-0432.ccr-10-1948,2013,2011
10.1158/1078-0432.ccr-11-0545,2013,2011
10.1161/01.atv.21.4.489,2013,2001
10.1161/01.cir.0000135599.33787.ca,2013,2004
10.1161/01.hyp.38.3.367,2013,2001
10.1161/01.res.88.1.22,2013,2001
10.1161/atvbaha.112.300108,2013,2013
10.1161/circresaha.112.272567,2013,2012
10.1172/jci29852,2013,2007
10.1172/jci32738,2013,2007
10.1177/0146167201278001,2013,2001
10.1177/0146167206296105,2013,2007
10.1177/0269881108096981,2013,2008
10.1177/0310057x9902700109,2013,1999
10.1177/1074248412474491,2013,2013
10.1177/2158244013497028,2013,2013
10.1179/1465312512z.00000000040,2013,2012
10.1182/blood-2012-04-422907,2013,2012
10.1182/blood.v97.1.147,2013,2001
10.1186/1029-242x-2013-50,2013,2013
10.1186/1472-6963-13-180,2013,2012
10.1186/1475-2867-12-21,2013,2012
10.1186/1710-1492-9-26,2013,2013
10.1186/1746-1596-7-170,2013,2012
10.1186/1748-7161-7-11,2013,2012
10.1186/1756-0500-6-182,2013,2013
10.1186/2192-1962-2-6,2013,2012
10.1186/2251-7235-6-10,2013,2012
10.1210/en.2009-1023,2013,2010
10.1210/mend.16.1.0761,2013,2002
10.1213/00000539-199803000-00033,2013,1998
10.1213/00000539-199810000-00004,2013,1998
10.1213/00000539-199908000-00043,2013,1999
10.1213/00000539-200002000-00043,2013,2000
10.1213/00000539-200210000-00028,2013,2002
10.1213/01.ane.0000076142.42255.bf,2013,2003
10.1213/01.ane.0000116927.80080.1e,2013,2004
10.1213/01.ane.0000282835.10607.b8,2013,2007
10.1253/circj.cj-11-0059,2013,2011
10.12688/f1000research.2-236.v1,2013,2013
10.1292/jvms.13-0051,2013,2013
10.1371/journal.pone.0001276,2013,2007
10.1371/journal.pone.0035453,2013,2012
10.1371/journal.pone.0047110,2013,2012
10.14194/ijmbr.122,2013,2013
10.1515/9783110303391.491,2013,2013
10.1515/9783110303391.523,2013,2013
10.1523/jneurosci.2052-10.2010,2013,2010
10.1523/jneurosci.2526-11.2011,2013,2011
10.1523/jneurosci.4203-11.2012,2013,2012
10.1590/s1413-78522012000600009,2013,2012
10.1590/s1516-31802012000500009,2013,2012
10.1590/s1678-69712013000300009,2013,2013
10.1590/s1807-59322011001100020,2013,2011
10.1677/joe-07-0195,2013,2007
10.1902/jop.2001.72.7.968,2013,2001
10.1902/jop.2003.74.6.934,2013,2003
10.2116/analsci.26.325,2013,2010
10.2147/dddt.s39771,2013,2013
10.2147/ijwh.s29362,2013,2012
10.2208/jscejhe.68.i_103,2013,2012
10.2298/hemind120815100p,2013,2012
10.2298/sos1302181g,2013,2013
10.2308/accr.2010.85.3.911,2013,2010
10.3109/10601333.2012.706613,2013,2012
10.3109/14767058.2012.714974,2013,2012
10.3144/expresspolymlett.2007.60,2013,2008
10.3345/kjp.2011.54.6.241,2013,2011
10.3349/ymj.2012.53.5.931,2013,2012
10.3389/fcimb.2012.00123,2013,2012
10.3389/fendo.2012.00087,2013,2012
10.3389/fgene.2013.00123,2013,2013
10.3389/fnbeh.2013.00063,2013,2013
10.3390/app2010035,2013,2012
10.3390/molecules18021434,2013,2013
10.3402/ejpt.v3i0.17660,2013,2012
10.3736/jcim20121204,2013,2012
10.3758/s13415-012-0113-y,2013,2012
10.3844/ajeassp.2009.1.7,2013,2009
10.3858/emm.2012.44.10.067,2013,2012
10.3906/elk-1306-232,2013,2013
10.4014/jmb.0904.04028,2013,2009
10.4028/www.scientific.net/amm.421.337,2013,2013
10.4028/www.scientific.net/amr.734-737.3238,2013,2013
10.4028/www.scientific.net/amr.774-776.1223,2013,2013
10.4049/jimmunol.0804061,2013,2009
10.4049/jimmunol.180.9.6027,2013,2008
10.4102/hts.v69i1.2007,2013,2013
10.4103/0019-5154.105323,2013,2012
10.4103/0019-5278.116365,2013,2013
10.4103/0019-557x.111365,2013,2013
10.4103/0259-1162.108302,2013,2012
10.4103/0976-237x.94558,2013,2012
10.4103/0976-500x.114612,2013,2013
10.4218/etrij.07.0106.0108,2013,2007
10.5301/hip.2012.9759,2013,2012
10.5430/jnep.v3n11p133,2013,2013
10.5755/j01.eee.19.3.1441,2013,2013
10.5808/gi.2012.10.4.249,2013,2012
10.5964/ejop.v9i1.338,2013,2013
10.5964/ejop.v9i1.387,2013,2013
10.5964/ejop.v9i1.411,2013,2013
10.5964/ejop.v9i1.425,2013,2013
10.5964/ejop.v9i1.583,2013,2013
10.6002/ect.2011.0205,2013,2012
10.7324/japs.2013.3808,2013,2013
10.7498/aps.62.104701,2013,2013
10.7881/dentalmedres.30.57,2013,2010
10.1002/14651858.cd001103,2014,1998
10.1002/14651858.cd001398.pub2,2014,2010
10.1002/14651858.cd002285.pub2,2014,2006
10.1002/14651858.cd003017.pub2,2014,2008
10.1002/14651858.cd003019.pub2,2014,2008
10.1002/14651858.cd003022,2014,2001
10.1002/14651858.cd003222,2014,2000
10.1002/14651858.cd003222.pub2,2014,2008
10.1002/14651858.cd003350,2014,2001
10.1002/14651858.cd003541,2014,2002
10.1002/14651858.cd003818,2014,2002
10.1002/14651858.cd003818.pub2,2014,2005
10.1002/14651858.cd004236.pub2,2014,2006
10.1002/14651858.cd005193.pub2,2014,2006
10.1002/14651858.cd006265.pub2,2014,2007
10.1002/14651858.cd006454.pub2,2014,2009
10.1002/14651858.cd006645.pub2,2014,2008
10.1002/14651858.cd007169,2014,2008
10.1002/14651858.cd007169.pub2,2014,2010
10.1002/14651858.cd008640,2014,2010
10.1002/14651858.cd008978,2014,2011
10.1002/14651858.cd008978.pub2,2014,2012
10.1002/2013wr014228,2014,2013
10.1002/aic.11232,2014,2007
10.1002/ajhb.22458,2014,2013
10.1002/bip.20647,2014,2006
10.1002/bit.25275,2014,2014
10.1002/bmc.3166,2014,2014
10.1002/ccd.23014,2014,2013
10.1002/ccd.24972,2014,2013
10.1002/glia.20887,2014,2009
10.1002/ijc.23107,2014,2008
10.1002/jmri.24647,2014,2014
10.1002/jmv.21376,2014,2008
10.1002/pmic.200700148,2014,2007
10.1006/bbrc.1997.7260,2014,1997
10.1007/978-1-62703-971-0_2,2014,2014
10.1007/978-3-319-08599-9_72,2014,2014
10.1007/978-3-319-09156-3_13,2014,2014
10.1007/978-3-540-73871-8_40,2014,2007
10.1007/978-3-642-36942-1_1,2014,2014
10.1007/978-3-642-36942-1_12,2014,2014
10.1007/978-3-642-36942-1_15,2014,2014
10.1007/978-3-642-36942-1_16,2014,2014
10.1007/978-3-642-36942-1_18,2014,2014
10.1007/978-3-642-36942-1_19,2014,2014
10.1007/978-3-642-36942-1_2,2014,2014
10.1007/978-3-642-36942-1_20,2014,2014
10.1007/978-3-642-36942-1_24,2014,2014
10.1007/978-3-642-36942-1_26,2014,2014
10.1007/978-3-642-36942-1_27,2014,2014
10.1007/978-3-642-36942-1_30,2014,2014
10.1007/978-3-642-36942-1_32,2014,2014
10.1007/978-3-642-36942-1_33,2014,2014
10.1007/978-3-642-36942-1_34,2014,2014
10.1007/978-3-642-36942-1_35,2014,2014
10.1007/978-3-642-36942-1_36,2014,2014
10.1007/978-3-642-36942-1_37,2014,2014
10.1007/978-3-642-36942-1_38,2014,2014
10.1007/978-3-642-36942-1_39,2014,2014
10.1007/978-3-642-36942-1_42,2014,2014
10.1007/978-3-642-36942-1_44,2014,2014
10.1007/978-3-642-36942-1_45,2014,2014
10.1007/978-3-642-36942-1_48,2014,2014
10.1007/978-3-642-36942-1_50,2014,2014
10.1007/978-3-642-36942-1_51,2014,2014
10.1007/978-3-642-36942-1_54,2014,2014
10.1007/978-3-642-36942-1_55,2014,2014
10.1007/978-3-642-36942-1_56,2014,2014
10.1007/978-3-642-36942-1_6,2014,2014
10.1007/978-3-642-36942-1_61,2014,2014
10.1007/978-3-642-36942-1_63,2014,2014
10.1007/978-3-642-36942-1_7,2014,2014
10.1007/978-3-642-36942-1_8,2014,2014
10.1007/978-3-642-36942-1_9,2014,2014
10.1007/978-81-322-2006-0_11,2014,2014
10.1007/978-94-017-9263-9_4,2014,2014
10.1007/978-94-017-9276-9_6,2014,2014
10.1007/s00006-014-0461-5,2014,2014
10.1007/s00018-013-1376-3,2014,2013
10.1007/s00044-010-9421-3,2014,2010
10.1007/s00113-011-2060-4,2014,2009
10.1007/s00132-013-2169-y,2014,2014
10.1007/s00170-009-2061-4,2014,2009
10.1007/s00234-007-0341-y,2014,2007
10.1007/s00249-013-0896-y,2014,2013
10.1007/s00253-004-1814-0,2014,2005
10.1007/s00262-007-0431-z,2014,2007
10.1007/s003350010061,2014,2000
10.1007/s00347-014-3071-7,2014,2014
10.1007/s00435-013-0214-3,2014,2014
10.1007/s00484-012-0561-7,2014,2012
10.1007/s10008-012-1972-4,2014,2012
10.1007/s10068-013-0136-3,2014,2013
10.1007/s10126-014-9609-5,2014,2014
10.1007/s10384-013-0252-x,2014,2013
10.1007/s10462-012-9335-1,2014,2012
10.1007/s10554-012-0095-4,2014,2013
10.1007/s10570-014-0384-2,2014,2014
10.1007/s10841-012-9488-x,2014,2012
10.1007/s10958-012-0968-z,2014,2012
10.1007/s11053-012-9190-4,2014,2012
10.1007/s11192-013-1130-5,2014,2013
10.1007/s11250-013-0440-1,2014,2013
10.1007/s11273-014-9341-y,2014,2014
10.1007/s11277-014-1645-y,2014,2014
10.1007/s11365-011-0186-z,2014,2011
10.1007/s11426-009-0149-1,2014,2009
10.1007/s11739-010-0451-0,2014,2010
10.1007/s11948-013-9439-2,2014,2013
10.1007/s12013-014-9880-0,2014,2014
10.1007/s12206-013-0335-0,2014,2013
10.1007/s12291-012-0203-1,2014,2012
10.1007/s12351-011-0117-3,2014,2011
10.1007/s12517-014-1314-1,2014,2014
10.1007/s12552-014-9137-y,2014,2014
10.1007/s13191-011-0110-9,2014,2012
10.1007/s13201-014-0183-9,2014,2014
10.1007/s13238-012-2013-x,2014,2012
10.1007/s13238-014-0067-7,2014,2014
10.1007/s13277-014-1777-4,2014,2014
10.1007/s40005-013-0090-3,2014,2013
10.1016/b978-0-12-079240-5.50012-5,2014,1981
10.1016/b978-0-12-079240-5.50023-x,2014,1981
10.1016/b978-1-4832-3190-7.50040-4,2014,2014
10.1016/j.actatropica.2013.10.010,2014,2013
10.1016/j.apm.2012.03.048,2014,2012
10.1016/j.apsusc.2010.07.037,2014,2010
10.1016/j.apsusc.2012.07.046,2014,2012
10.1016/j.bbadis.2014.06.014,2014,2014
10.1016/j.bbagen.2013.03.003,2014,2013
10.1016/j.bbi.2013.03.011,2014,2013
10.1016/j.bbrc.2014.09.039,2014,2014
10.1016/j.bbrc.2014.09.078,2014,2014
10.1016/j.biocel.2013.09.003,2014,2013
10.1016/j.bionut.2014.07.004,2014,2014
10.1016/j.biopsych.2009.07.004,2014,2009
10.1016/j.bjid.2013.12.008,2014,2014
10.1016/j.bmc.2010.01.015,2014,2010
10.1016/j.bmc.2011.07.014,2014,2011
10.1016/j.bmc.2012.08.011,2014,2011
10.1016/j.cbi.2012.04.005,2014,2012
10.1016/j.cell.2010.06.020,2014,2010
10.1016/j.cell.2011.07.007,2014,2011
10.1016/j.ceramint.2013.10.071,2014,2013
10.1016/j.clinre.2014.10.004,2014,2014
10.1016/j.clsr.2006.07.009,2014,2006
10.1016/j.clsr.2007.07.002,2014,2007
10.1016/j.cmet.2005.10.008,2014,2006
10.1016/j.compositesb.2013.10.087,2014,2013
10.1016/j.cyto.2014.06.011,2014,2014
10.1016/j.drudis.2014.03.027,2014,2014
10.1016/j.drugpo.2014.08.004,2014,2014
10.1016/j.econmod.2006.06.007,2014,2006
10.1016/j.ejphar.2013.07.011,2014,2013
10.1016/j.eururo.2012.09.021,2014,2012
10.1016/j.gcb.2009.02.045,2014,2009
10.1016/j.hrthm.2014.01.020,2014,2014
10.1016/j.ijcard.2014.07.183,2014,2014
10.1016/j.ijhydene.2013.08.060,2014,2013
10.1016/j.ijsu.2014.05.014,2014,2014
10.1016/j.indcrop.2013.11.023,2014,2013
10.1016/j.jaci.2013.12.264,2014,2014
10.1016/j.jallcom.2013.06.192,2014,2013
10.1016/j.jallcom.2014.01.143,2014,2014
10.1016/j.jbspin.2014.03.023,2014,2014
10.1016/j.jcyt.2014.03.001,2014,2014
10.1016/j.jengtecman.2011.10.001,2014,2011
10.1016/j.jmaa.2009.01.052,2014,2009
10.1016/j.jmateco.2014.01.003,2014,2014
10.1016/j.jpsychires.2014.06.018,2014,2014
10.1016/j.jtbi.2014.07.017,2014,2014
10.1016/j.jth.2013.12.001,2014,2014
10.1016/j.juro.2014.02.1995,2014,2014
10.1016/j.juro.2014.02.2124,2014,2014
10.1016/j.juro.2014.02.2146,2014,2014
10.1016/j.juro.2014.02.2207,2014,2014
10.1016/j.leaqua.2011.02.002,2014,2011
10.1016/j.lfs.2004.06.019,2014,2004
10.1016/j.lungcan.2004.08.006,2014,2005
10.1016/j.matcom.2013.09.011,2014,2013
10.1016/j.matlet.2013.01.116,2014,2013
10.1016/j.molcel.2009.08.017,2014,2009
10.1016/j.molcel.2010.03.018,2014,2010
10.1016/j.molcel.2012.04.017,2014,2012
10.1016/j.molimm.2007.05.011,2014,2007
10.1016/j.mrgentox.2011.03.011,2014,2011
10.1016/j.msea.2003.10.215,2014,2004
10.1016/j.nbd.2011.06.005,2014,2011
10.1016/j.neubiorev.2014.09.003,2014,2014
10.1016/j.neuroimage.2011.10.032,2014,2012
10.1016/j.neuroscience.2008.08.073,2014,2008
10.1016/j.nuclphysa.2014.02.001,2014,2014
10.1016/j.pbb.2012.04.008,2014,2012
10.1016/j.physe.2014.06.003,2014,2014
10.1016/j.procs.2014.05.039,2014,2014
10.1016/j.proeng.2014.11.438,2014,2014
10.1016/j.protcy.2013.12.484,2014,2014
10.1016/j.protcy.2013.12.485,2014,2014
10.1016/j.protcy.2014.10.268,2014,2014
10.1016/j.rinp.2014.06.003,2014,2014
10.1016/j.rse.2014.10.026,2014,2014
10.1016/j.rser.2012.09.039,2014,2012
10.1016/j.rser.2014.01.045,2014,2014
10.1016/j.sandf.2014.04.020,2014,2014
10.1016/j.sbspro.2014.01.006,2014,2014
10.1016/j.sbspro.2014.01.1224,2014,2014
10.1016/j.sbspro.2014.01.330,2014,2014
10.1016/j.sbspro.2014.07.604,2014,2014
10.1016/j.seares.2014.04.007,2014,2014
10.1016/j.tcs.2014.07.005,2014,2014
10.1016/j.tifs.2011.05.006,2014,2011
10.1016/j.tripleo.2008.12.054,2014,2009
10.1016/j.ultramic.2013.10.008,2014,2014
10.1016/j.urology.2005.07.010,2014,2005
10.1016/j.yrtph.2014.01.003,2014,2014
10.1016/s0167-577x(99)00206-2,2014,2000
10.1016/s0169-328x(00)00224-2,2014,2001
10.1017/jfm.2013.282,2014,2013
10.1021/bc300056x,2014,2012
10.1021/ie301708e,2014,2012
10.1021/je400279d,2014,2014
10.1021/jm100055b,2014,2010
10.1021/la403158d,2014,2013
10.1021/la404125u,2014,2013
10.1027/1864-9335.39.4.222,2014,2008
10.1037/a0022459,2014,2011
10.1038/ajg.2011.51,2014,2011
10.1038/bjc.2014.72,2014,2014
10.1038/embor.2011.33,2014,2011
10.1038/jhh.2011.91,2014,2011
10.1038/nature07404,2014,2008
10.1038/nature11700,2014,2011
10.1038/nature11980,2014,2012
10.1038/nature12535,2014,2013
10.1038/nature12968,2014,2013
10.1038/ncb1647,2014,2007
10.1038/ncb2578,2014,2012
10.1038/ncb942,2014,2003
10.1038/nchembio.369,2014,2010
10.1038/nchembio.378,2014,2010
10.1038/ni.1741,2014,2013
10.1038/ni.2607,2014,2013
10.1038/sj.cdd.4401839,2014,2006
10.1038/sj.emboj.7600853,2014,2005
10.1038/sj.emboj.7601899,2014,2007
10.1039/c3ay41358f,2014,2013
10.1042/bj20091271,2014,2009
10.1046/j.1341-8076.2003.00072.x,2014,2003
10.1046/j.1460-9592.2000.00441.x,2014,2000
10.1046/j.1471-4159.2001.00435.x,2014,2001
10.1053/j.jvca.2005.12.005,2014,2006
10.1061/(asce)ae.1943-5568.0000120,2014,2013
10.1061/(asce)cf.1943-5509.0000462,2014,2013
10.1061/(asce)cr.1943-5495.0000058,2014,2013
10.1061/(asce)em.1943-7889.0000446,2014,2012
10.1061/(asce)gm.1943-5622.0000124,2014,2011
10.1061/(asce)ps.1949-1204.0000138,2014,2013
10.1063/1.3079329,2014,2009
10.1063/1.4793307,2014,2013
10.1063/1.4829485,2014,2013
10.1063/1.4861374,2014,2014
10.1073/pnas.0901184106,2014,2009
10.1073/pnas.1010307107,2014,2010
10.1073/pnas.1301480110,2014,2013
10.1074/jbc.m004687200,2014,2011
10.1074/jbc.m109.034280,2014,2009
10.1074/jbc.m110.109298,2014,2010
10.1074/jbc.m110.175802,2014,2010
10.1080/00141840050198018,2014,2010
10.1080/00207721.2014.907943,2014,2014
10.1080/00949650903071096,2014,2010
10.1080/014198700329114,2014,2010
10.1080/01634372.2013.819826,2014,2014
10.1080/01932691.2013.807740,2014,2013
10.1080/01932691.2013.860605,2014,2013
10.1080/02602938.2013.872769,2014,2013
10.1080/07481187.2013.867554,2014,2014
10.1080/08839514.2014.862783,2014,2014
10.1080/09500340.2013.827252,2014,2013
10.1080/10668926.2012.760174,2014,2013
10.1080/1091367x.2010.519963,2014,2010
10.1080/13675567.2014.992305,2014,2014
10.1080/13873950701214424,2014,2007
10.1080/15376494.2011.563414,2014,2012
10.1080/15376494.2011.584139,2014,2012
10.1080/15459624.2012.710143,2014,2012
10.1080/17441730.2011.576822,2014,2011
10.1084/jem.20110680,2014,2011
10.1086/648688,2014,2009
10.1086/661553,2014,2011
10.1088/1742-6596/511/1/012082,2014,2010
10.1088/2051-672x/2/2/024003,2014,2014
10.1089/ten.tea.2012.0127,2014,2012
10.1093/alcalc/agt137,2014,2013
10.1093/alcalc/agu019,2014,2014
10.1093/bja/77.4.480,2014,1996
10.1093/brain/awn288,2014,2008
10.1093/cvr/cvp416,2014,2009
10.1093/ejcts/ezt260,2014,2013
10.1093/icvts/ivu350,2014,2014
10.1093/jac/dks077,2014,2014
10.1093/molehr/gal015,2014,2006
10.1093/tandt/ttm023,2014,2007
10.1096/fasebj.28.1_supplement.829.18,2014,2014
10.1096/fj.03-0311fje,2014,2003
10.1096/fj.04-3278fje,2014,2005
10.1097/00000539-199608000-00010,2014,1996
10.1097/aog.0b013e31817327d0,2014,2008
10.1097/eja.0b013e3283592733,2014,2013
10.1097/md.0000000000000064,2014,2014
10.1097/mpg.0b013e318253b80a,2014,2012
10.1097/tp.0000000000000163,2014,2014
10.1098/rsbl.2013.0540,2014,2013
10.1099/mic.0.053298-0,2014,2012
10.1100/2012/736730,2014,2012
10.1103/physrevlett.112.157803,2014,2014
10.1108/03684921211276675,2014,2012
10.1109/asemd.2013.6780741,2014,2013
10.1109/conecct.2014.6740187,2014,2014
10.1109/icaict.2013.6722721,2014,2013
10.1109/icctet.2014.6966339,2014,2014
10.1109/wartia.2014.6976397,2014,2014
10.1111/gcb.12697,2014,2014
10.1111/inr.12062,2014,2014
10.1111/isqu.12099,2014,2013
10.1111/j.1349-7006.2012.02337.x,2014,2012
10.1111/j.1365-2044.2010.06344.x,2014,2010
10.1111/j.1365-2125.2006.02597.x,2014,2006
10.1111/j.1365-2249.2009.03982.x,2014,2009
10.1111/j.1365-2702.2008.02558.x,2014,2008
10.1111/j.1442-2018.2009.00427.x,2014,2009
10.1111/j.1442-2050.2012.01332.x,2014,2013
10.1111/j.1464-410x.2012.11768.x,2014,2013
10.1111/j.1467-6486.2011.01035.x,2014,2012
10.1111/j.1467-789x.2012.01014.x,2014,2012
10.1111/j.1540-6520.2012.00548.x,2014,2012
10.1111/j.1740-8784.2011.00248.x,2014,2011
10.1111/j.1742-481x.2007.00424.x,2014,2008
10.1111/j.1750-3841.2012.02959.x,2014,2012
10.1111/j.1756-1051.2013.00102.x,2014,2013
10.1111/j.2047-2927.2013.00097.x,2014,2013
10.1111/trf.12744,2014,2014
10.1115/1.4007299,2014,2014
10.1124/jpet.105.087643,2014,2005
10.1124/jpet.105.092049,2014,2006
10.1124/jpet.109.161570,2014,2010
10.1126/science.1095001,2014,2004
10.1126/scitranslmed.3007762,2014,2013
10.1128/jb.01375-10,2014,2011
10.1128/mcb.00813-07,2014,2007
10.1128/mcb.19.8.5363,2014,1999
10.1136/archdischild-2013-304379,2014,2013
10.1136/bmjspcare-2013-000491.158,2014,2013
10.1136/sextrans-2013-051184.0789,2014,2013
10.1139/v2012-020,2014,2012
10.1142/s0217979211100679,2014,2011
10.1142/s0217984910024389,2014,2010
10.1152/ajpheart.00777.2008,2014,2009
10.1152/jn.00462.2013,2014,2013
10.1155/2010/514747,2014,2010
10.1155/2012/343701,2014,2011
10.1155/2012/394574,2014,2012
10.1155/2012/482952,2014,2012
10.1155/2012/549102,2014,2012
10.1155/2012/641361,2014,2012
10.1155/2013/160157,2014,2013
10.1155/2013/163062,2014,2013
10.1155/2013/434561,2014,2013
10.1155/2013/607935,2014,2013
10.1155/2013/851518,2014,2013
10.1155/2013/918767,2014,2013
10.1155/2013/932391,2014,2013
10.1155/2013/978031,2014,2013
10.1155/2014/206062,2014,2014
10.1155/2014/603186,2014,2014
10.1155/2014/624535,2014,2014
10.1158/1055-9965.epi-10-0091,2014,2010
10.1159/000228558,2014,2009
10.1159/000332969,2014,2011
10.11607/ofph.1220,2014,2014
10.1161/01.res.85.10.e44,2014,1999
10.1161/atvbaha.110.221804,2014,2011
10.1172/jci20303,2014,2004
10.1172/jci41769,2014,2011
10.1172/jci45144,2014,2011
10.1177/004947550303300417,2014,2003
10.1177/0300060513479859,2014,2013
10.1177/0300060513483414,2014,2013
10.1177/1065912913508342,2014,2013
10.1177/1077546307074246,2014,2007
10.1177/1077546310372004,2014,2010
10.1177/1077546310379625,2014,2010
10.1177/1077546310385737,2014,2010
10.1177/1077546310395971,2014,2011
10.1177/1077546310395974,2014,2011
10.1177/1077546310397561,2014,2011
10.1177/1077546311403182,2014,2011
10.1177/1077546311428345,2014,2011
10.1177/1077546311429476,2014,2012
10.1177/1077546311429841,2014,2012
10.1177/1077546311430107,2014,2012
10.1177/1077546311434794,2014,2012
10.1177/1077546312442232,2014,2012
10.1177/1077546312442233,2014,2012
10.1177/1077546312442947,2014,2012
10.1177/1077546312443377,2014,2012
10.1177/1077546312446361,2014,2012
10.1177/1077546312449644,2014,2012
10.1177/1077546312449645,2014,2012
10.1177/1077546312451034,2014,2012
10.1177/1077546312452184,2014,2013
10.1177/1077546312456231,2014,2012
10.1177/1077546312458821,2014,2012
10.1177/1077546312458822,2014,2012
10.1177/1077546312463757,2014,2012
10.1177/1077546312463759,2014,2012
10.1177/1077546312464993,2014,2012
10.1177/1077546312466579,2014,2012
10.1177/1077546312466687,2014,2013
10.1177/1077546312467360,2014,2013
10.1177/1077546312470481,2014,2013
10.1177/1077546312472925,2014,2013
10.1177/1077546312473321,2014,2013
10.1177/1545968312471901,2014,2013
10.1177/1933719108324132,2014,2008
10.1177/2156587212461279,2014,2012
10.1182/blood-2009-10-246959,2014,2010
10.1186/1029-242x-2013-337,2014,2013
10.1186/1471-2393-13-160,2014,2013
10.1186/1472-6793-10-7,2014,2010
10.1186/1742-4690-9-s2-p362,2014,2012
10.1186/1743-7075-5-27,2014,2008
10.1186/1744-8069-8-3,2014,2012
10.1186/1744-859x-13-11,2014,2014
10.1186/1752-0509-6-20,2014,2012
10.1186/1758-5996-5-22,2014,2013
10.1192/bjp.bp.112.120055,2014,2013
10.1194/jlr.m005595,2014,2010
10.1194/jlr.m900223-jlr200,2014,2009
10.1208/s12249-013-0001-y,2014,2013
10.1210/en.2013-1998,2014,2014
10.1242/bio.20134747,2014,2013
10.1248/bpb.22.858,2014,1999
10.1248/bpb.29.577,2014,2006
10.1254/jphs.13069fp,2014,2013
10.12669/pjms.302.4759,2014,2014
10.12669/pjms.306.5927,2014,2014
10.1271/bbb.60142,2014,2006
10.1271/bbb.63.1749,2014,1999
10.1271/bbb.65.752,2014,2001
10.12771/emj.2013.36.s.s14,2014,2013
10.1291/hypres.31.1171,2014,2008
10.12968/bjon.2009.18.1.32071,2014,2008
10.1353/dtc.2009.0001,2014,2009
10.1353/dtc.2010.0005,2014,2010
10.1353/dtc.2013.0033,2014,2013
10.1371/journal.pone.0019652,2014,2011
10.1371/journal.pone.0046410,2014,2012
10.1371/journal.pone.0051549,2014,2012
10.1371/journal.pone.0069669,2014,2013
10.1371/journal.pone.0072333,2014,2013
10.1371/journal.pone.0075928,2014,2013
10.1371/journal.pone.0084127,2014,2013
10.1378/chest.1822040,2014,2014
10.1386/sfc.13.1.33_1,2014,2013
10.1510/icvts.2005.107755,2014,2005
10.1515/9783110346329.1,2014,2014
10.1515/9783110346329.311,2014,2014
10.1515/9783110346329.toc,2014,2014
10.1515/9783110346329.xi,2014,2014
10.1515/9783110914825-002,2014,2004
10.1515/9783486781687-003,2014,2004
10.1515/epoly-2014-0023,2014,2014
10.1517/14656566.2014.853038,2014,2013
10.15283/ijsc.2014.7.1.30,2014,2014
10.1530/eje-11-0892,2014,2012
10.1587/elex.9.1237,2014,2012
10.1590/s0482-50042011000600005,2014,2011
10.1590/s1679-45082014rw2955,2014,2014
10.1673/031.012.14101,2014,2012
10.1681/asn.2006050514,2014,2006
10.1681/asn.2008070734,2014,2009
10.17227/01212494.40pys35.45,2014,2014
10.1902/cap.2014.142001,2014,2012
10.19030/jbcs.v9i4.7956,2014,2013
10.20453/reh.v23i4.1789,2014,2013
10.2141/jpsa.0120013,2014,2013
10.2147/btt.s3080,2014,2009
10.2165/00044011-200626040-00004,2014,2006
10.2165/00044011-200626110-00003,2014,2006
10.2307/23047036,2014,2011
10.2308/iace-50473,2014,2013
10.2337/db07-0339,2014,2008
10.2337/dc06-2493,2014,2007
10.2343/geochemj.1.0000,2014,2009
10.2355/isijinternational.54.567,2014,2014
10.2478/v10157-011-0040-1,2014,2012
10.2486/indhealth.2014-0013,2014,2014
10.2491/jjsth.16.412,2014,2007
10.2495/ht140241,2014,2014
10.2989/ajar.2008.7.1.8.436,2014,2008
10.3109/02688697.2012.757295,2014,2012
10.3109/13697137.2013.861815,2014,2013
10.3109/14764172.2013.864201,2014,2014
10.3109/15368378.2013.776437,2014,2013
10.3109/17483107.2014.905645,2014,2013
10.3389/fpsyg.2013.00073,2014,2013
10.3390/molecules17044755,2014,2012
10.3402/gha.v7.21783,2014,2014
10.3760/cma.j.issn.0366-6999.20132144,2014,2014
10.3760/cma.j.issn.0366-6999.20133074,2014,2014
10.3889/mjms.1857-5773.2013.0335,2014,2014
10.3892/etm.2013.1340,2014,2013
10.3892/mmr.2014.1885,2014,2014
10.3892/ol.2013.1586,2014,2013
10.3978/j.issn.2072-1439.2014.02.19,2014,2014
10.4012/dmj.2011-138,2014,2012
10.4014/jmb.1407.07011,2014,2014
10.4028/www.scientific.net/amm.513-517.4458,2014,2014
10.4028/www.scientific.net/amr.1016.781,2014,2014
10.4040/jkan.2013.43.1.69,2014,2013
10.4055/jkoa.2005.40.7.897,2014,2005
10.4055/jkoa.2009.44.1.68,2014,2009
10.4084/mjhid.2013.028,2014,2013
10.4103/0019-5154.105317,2014,2012
10.4103/0019-5154.55630,2014,2009
10.4103/0019-5413.111502,2014,2013
10.4103/0019-5413.121597,2014,2013
10.4103/0378-6323.136903,2014,2014
10.4103/0970-9185.119128,2014,2013
10.4103/0972-124x.131354,2014,2014
10.4103/2141-9248.139321,2014,2014
10.4103/2229-5070.72109,2014,2010
10.4103/2229-5070.97232,2014,2011
10.4103/2249-4847.116405,2014,2013
10.4137/ojcs.s16156,2014,2014
10.4161/21645698.2014.950541,2014,2014
10.4161/auto.29414,2014,2014
10.4161/cc.9.24.14245,2014,2010
10.4161/hv.28834,2014,2014
10.4238/2014.april.8.5,2014,2014
10.5388/aon.2013.13.3.152,2014,2013
10.5755/j01.eee.19.10.3925,2014,2013
10.5755/j01.eee.20.3.6676,2014,2014
10.5897/ajfs2013.1093,2014,2014
10.7759/cureus.155,2014,2014
10.7860/jcdr/2013/6138.3422,2014,2013
10.1001/jama.2012.216237,2015,2013
10.1001/jama.298.13.1539,2015,2007
10.1002/14651858.cd000243.pub3,2015,2014
10.1002/14651858.cd000319.pub2,2015,2003
10.1002/14651858.cd000319.pub4,2015,2007
10.1002/14651858.cd000387,2015,2005
10.1002/14651858.cd000496,2015,1999
10.1002/14651858.cd000993.pub3,2015,2009
10.1002/14651858.cd001316,2015,2001
10.1002/14651858.cd001364,2015,1999
10.1002/14651858.cd001364.pub3,2015,2011
10.1002/14651858.cd001782,2015,1999
10.1002/14651858.cd001869,2015,2001
10.1002/14651858.cd001869.pub3,2015,2009
10.1002/14651858.cd001869.pub4,2015,2009
10.1002/14651858.cd001869.pub5,2015,2015
10.1002/14651858.cd001898,2015,2001
10.1002/14651858.cd001898.pub2,2015,2008
10.1002/14651858.cd002121,2015,2001
10.1002/14651858.cd002235,2015,2001
10.1002/14651858.cd002966,2015,2000
10.1002/14651858.cd003231,2015,2003
10.1002/14651858.cd003417.pub2,2015,2005
10.1002/14651858.cd003472,2015,2003
10.1002/14651858.cd003604,2015,2002
10.1002/14651858.cd003908.pub2,2015,2007
10.1002/14651858.cd003908.pub3,2015,2009
10.1002/14651858.cd004193.pub2,2015,2009
10.1002/14651858.cd004347,2015,2003
10.1002/14651858.cd004347.pub2,2015,2004
10.1002/14651858.cd004486.pub2,2015,2004
10.1002/14651858.cd004486.pub3,2015,2010
10.1002/14651858.cd004603.pub2,2015,2006
10.1002/14651858.cd004941,2015,2004
10.1002/14651858.cd004973,2015,2009
10.1002/14651858.cd005054,2015,2004
10.1002/14651858.cd005054.pub2,2015,2006
10.1002/14651858.cd005168,2015,2005
10.1002/14651858.cd005168.pub2,2015,2008
10.1002/14651858.cd005550,2015,2005
10.1002/14651858.cd006491,2015,2009
10.1002/14651858.cd006491.pub2,2015,2009
10.1002/14651858.cd006754,2015,2007
10.1002/14651858.cd007025,2015,2008
10.1002/14651858.cd007025.pub2,2015,2014
10.1002/14651858.cd007877,2015,2009
10.1002/14651858.cd008143.pub2,2015,2011
10.1002/14651858.cd008626.pub2,2015,2011
10.1002/14651858.cd009173.pub2,2015,2012
10.1002/2015jc011368,2015,2015
10.1002/adsc.201400420,2015,2014
10.1002/anie.201400623,2015,2014
10.1002/celc.201402369,2015,2015
10.1002/chem.201002071,2015,2010
10.1002/cjce.21943,2015,2013
10.1002/cjoc.201100445,2015,2012
10.1002/cncr.10308,2015,2002
10.1002/cphc.201200238,2015,2012
10.1002/cphc.201402614,2015,2015
10.1002/cta.2157,2015,2015
10.1002/ejsp.569,2015,2009
10.1002/gj.2685,2015,2015
10.1002/gps.3845,2015,2012
10.1002/hed.24139,2015,2015
10.1002/ibd.21133,2015,2010
10.1002/ijc.21125,2015,2005
10.1002/jcb.21852,2015,2008
10.1002/jcp.25157,2015,2015
10.1002/jez.1833,2015,2013
10.1002/jmv.21612,2015,2010
10.1002/joe.21595,2015,2014
10.1002/jsfa.6492,2015,2014
10.1002/mop.22764,2015,2007
10.1002/mop.22794,2015,2007
10.1002/oby.21077,2015,2015
10.1002/pssc.201200129,2015,2012
10.1002/ptr.1964,2015,2006
10.1006/obhd.1998.2802,2015,1998
10.1007/978-0-387-71799-9_318,2015,2010
10.1007/978-3-319-08780-1_2,2015,2014
10.1007/978-3-531-94257-5_3,2015,2013
10.1007/978-3-662-46491-5_53,2015,2015
10.1007/bf02190689,2015,2014
10.1007/s00011-015-0853-6,2015,2015
10.1007/s00033-002-8137-8,2015,2002
10.1007/s00044-013-0866-z,2015,2013
10.1007/s00170-012-4497-1,2015,2012
10.1007/s00256-014-1995-2,2015,2014
10.1007/s00280-015-2802-z,2015,2015
10.1007/s00395-012-0318-9,2015,2012
10.1007/s00402-007-0350-7,2015,2007
10.1007/s00405-014-3328-4,2015,2014
10.1007/s00408-006-0085-1,2015,2007
10.1007/s00408-013-9509-x,2015,2014
10.1007/s00408-014-9631-4,2015,2014
10.1007/s00408-014-9639-9,2015,2014
10.1007/s00438-012-0710-z,2015,2012
10.1007/s00521-012-0857-x,2015,2012
10.1007/s00590-013-1385-9,2015,2013
10.1007/s00607-012-0210-3,2015,2012
10.1007/s00726-015-1954-9,2015,2015
10.1007/s10072-014-1992-1,2015,2014
10.1007/s10462-012-9385-4,2015,2013
10.1007/s10529-013-1360-x,2015,2013
10.1007/s10552-014-0436-9,2015,2014
10.1007/s10646-014-1360-1,2015,2014
10.1007/s10661-010-1398-3,2015,2010
10.1007/s10661-014-4050-9,2015,2014
10.1007/s10661-015-4325-9,2015,2015
10.1007/s10735-013-9556-x,2015,2013
10.1007/s10765-009-0608-0,2015,2009
10.1007/s10845-014-0910-y,2015,2014
10.1007/s10852-012-9175-7,2015,2012
10.1007/s10912-009-9096-2,2015,2010
10.1007/s10912-009-9104-6,2015,2010
10.1007/s10912-010-9122-4,2015,2010
10.1007/s10948-012-1513-5,2015,2012
10.1007/s10948-014-2894-4,2015,2014
10.1007/s10971-013-3019-4,2015,2013
10.1007/s11010-013-1820-6,2015,2013
10.1007/s11010-014-1980-z,2015,2014
10.1007/s11012-013-9865-x,2015,2014
10.1007/s11012-014-9954-5,2015,2014
10.1007/s11012-014-9962-5,2015,2014
10.1007/s11012-014-9970-5,2015,2014
10.1007/s11012-014-9980-3,2015,2014
10.1007/s11019-014-9610-9,2015,2014
10.1007/s11033-014-3199-1,2015,2014
10.1007/s11033-014-3260-0,2015,2014
10.1007/s11033-014-3313-4,2015,2014
10.1007/s11033-014-3317-0,2015,2014
10.1007/s11033-014-3402-4,2015,2014
10.1007/s11033-014-3474-1,2015,2014
10.1007/s11033-014-3479-9,2015,2014
10.1007/s11033-014-3509-7,2015,2014
10.1007/s11033-014-3515-9,2015,2014
10.1007/s11033-014-3517-7,2015,2014
10.1007/s11033-014-3705-5,2015,2014
10.1007/s11033-014-3731-3,2015,2014
10.1007/s11033-014-3754-9,2015,2014
10.1007/s11033-014-3765-6,2015,2014
10.1007/s11059-008-3007-9,2015,2008
10.1007/s11059-011-0111-z,2015,2011
10.1007/s11059-013-0232-7,2015,2014
10.1007/s11059-014-0235-z,2015,2014
10.1007/s11071-014-1339-8,2015,2014
10.1007/s11071-014-1726-1,2015,2014
10.1007/s11232-014-0209-3,2015,2014
10.1007/s11242-012-9973-4,2015,2012
10.1007/s11249-010-9600-x,2015,2010
10.1007/s11258-011-9998-8,2015,2011
10.1007/s11262-014-1115-3,2015,2014
10.1007/s11274-011-0825-0,2015,2011
10.1007/s11664-015-3696-6,2015,2015
10.1007/s11673-015-9654-4,2015,2015
10.1007/s11743-014-1587-0,2015,2014
10.1007/s11747-015-0430-0,2015,2015
10.1007/s11770-006-0022-3,2015,2006
10.1007/s11845-009-0394-5,2015,2009
10.1007/s12031-015-0599-1,2015,2015
10.1007/s12031-015-0624-4,2015,2015
10.1007/s12032-013-0756-8,2015,2013
10.1007/s12035-014-8890-7,2015,2014
10.1007/s12035-014-8976-2,2015,2014
10.1007/s12094-014-1218-2,2015,2014
10.1007/s12205-014-0328-2,2015,2014
10.1007/s12206-014-1011-8,2015,2014
10.1007/s12273-011-0048-1,2015,2012
10.1007/s12540-012-3003-5,2015,2012
10.1007/s12548-014-0113-3,2015,2014
10.1007/s12614-015-5773-x,2015,2015
10.1007/s12665-013-3012-9,2015,2014
10.1007/s12665-014-3218-5,2015,2014
10.1007/s12665-014-3749-9,2015,2014
10.1007/s13165-015-0105-7,2015,2015
10.1007/s13277-013-0702-6,2015,2013
10.1007/s13277-013-0873-1,2015,2013
10.1007/s13277-014-1885-1,2015,2014
10.1007/s13277-014-2120-9,2015,2014
10.1007/s13277-014-2123-6,2015,2014
10.1007/s13277-014-2235-z,2015,2014
10.1007/s13277-014-2251-z,2015,2015
10.1007/s13277-014-2653-y,2015,2015
10.1007/s13304-014-0251-6,2015,2014
10.1007/s13353-013-0174-9,2015,2013
10.1007/s13538-015-0330-2,2015,2015
10.1007/s40242-014-4183-y,2015,2014
10.1007/s40544-015-0072-8,2015,2014
10.1016/b978-0-12-803365-4.00001-4,2015,2015
10.1016/b978-0-12-803365-4.00002-6,2015,2015
10.1016/b978-0-12-803365-4.00003-8,2015,2015
10.1016/b978-0-12-803365-4.00004-x,2015,2015
10.1016/b978-0-12-803365-4.00005-1,2015,2015
10.1016/b978-0-12-803365-4.00008-7,2015,2015
10.1016/b978-0-12-803365-4.00009-9,2015,2015
10.1016/b978-0-12-803365-4.00010-5,2015,2015
10.1016/b978-0-12-803365-4.00011-7,2015,2015
10.1016/b978-0-12-803365-4.00015-4,2015,2015
10.1016/b978-0-12-803365-4.00016-6,2015,2015
10.1016/b978-0-12-803365-4.00017-8,2015,2015
10.1016/b978-0-12-803365-4.00019-1,2015,2015
10.1016/b978-0-12-803365-4.00021-x,2015,2015
10.1016/b978-0-12-803365-4.00022-1,2015,2015
10.1016/b978-0-12-803365-4.00023-3,2015,2015
10.1016/b978-0-12-803365-4.00027-0,2015,2015
10.1016/b978-0-12-803365-4.00029-4,2015,2015
10.1016/b978-0-12-803365-4.00032-4,2015,2015
10.1016/b978-0-12-803365-4.00035-x,2015,2015
10.1016/b978-0-12-803365-4.00036-1,2015,2015
10.1016/b978-0-12-803365-4.00037-3,2015,2015
10.1016/b978-0-12-803365-4.00040-3,2015,2015
10.1016/b978-0-12-803365-4.00041-5,2015,2015
10.1016/b978-0-12-803365-4.00043-9,2015,2015
10.1016/b978-0-12-803365-4.00046-4,2015,2015
10.1016/b978-0-12-803365-4.00047-6,2015,2015
10.1016/b978-0-12-803365-4.00052-x,2015,2015
10.1016/b978-0-12-803365-4.00053-1,2015,2015
10.1016/j.aaspro.2015.03.014,2015,2015
10.1016/j.accinf.2007.05.001,2015,2007
10.1016/j.accinf.2010.07.016,2015,2010
10.1016/j.accre.2015.09.005,2015,2015
10.1016/j.actaastro.2015.01.021,2015,2015
10.1016/j.agrformet.2015.08.131,2015,2015
10.1016/j.agrformet.2015.08.134,2015,2015
10.1016/j.ajpath.2014.08.023,2015,2014
10.1016/j.amc.2014.01.092,2015,2014
10.1016/j.amc.2014.01.117,2015,2014
10.1016/j.amc.2014.09.131,2015,2014
10.1016/j.apenergy.2011.02.033,2015,2011
10.1016/j.apsusc.2012.11.139,2015,2012
10.1016/j.apsusc.2014.11.042,2015,2014
10.1016/j.aqpro.2015.02.231,2015,2015
10.1016/j.asr.2015.08.006,2015,2015
10.1016/j.bbalip.2011.05.008,2015,2011
10.1016/j.bbr.2014.02.052,2015,2015
10.1016/j.bjid.2014.10.007,2015,2014
10.1016/j.burns.2015.10.008,2015,2015
10.1016/j.cam.2013.09.036,2015,2013
10.1016/j.cancergen.2015.02.005,2015,2015
10.1016/j.canep.2013.05.003,2015,2013
10.1016/j.carbpol.2014.12.053,2015,2015
10.1016/j.chembiol.2012.05.018,2015,2012
10.1016/j.chemolab.2013.11.007,2015,2013
10.1016/j.clinph.2014.06.011,2015,2014
10.1016/j.cmet.2009.04.010,2015,2009
10.1016/j.cmet.2012.10.005,2015,2012
10.1016/j.colsurfb.2015.02.048,2015,2015
10.1016/j.commatsci.2010.08.004,2015,2011
10.1016/j.commatsci.2010.08.012,2015,2011
10.1016/j.commatsci.2013.08.040,2015,2014
10.1016/j.compscitech.2014.04.012,2015,2014
10.1016/j.concog.2015.04.012,2015,2015
10.1016/j.concog.2015.08.006,2015,2015
10.1016/j.cub.2011.02.029,2015,2011
10.1016/j.desal.2015.05.022,2015,2015
10.1016/j.diabres.2015.01.042,2015,2015
10.1016/j.dsx.2013.06.016,2015,2013
10.1016/j.dsx.2015.08.002,2015,2015
10.1016/j.ecoleng.2015.01.007,2015,2015
10.1016/j.econmod.2012.04.020,2015,2012
10.1016/j.econmod.2012.05.013,2015,2012
10.1016/j.econmod.2012.07.006,2015,2012
10.1016/j.econmod.2012.07.012,2015,2012
10.1016/j.econmod.2012.07.021,2015,2012
10.1016/j.econmod.2012.09.015,2015,2012
10.1016/j.ejca.2010.09.045,2015,2011
10.1016/j.ejphar.2014.11.001,2015,2015
10.1016/j.energy.2013.10.055,2015,2013
10.1016/j.energy.2014.08.026,2015,2014
10.1016/j.engfracmech.2015.03.013,2015,2015
10.1016/j.envres.2013.11.001,2015,2013
10.1016/j.eswa.2008.10.025,2015,2008
10.1016/j.fertnstert.2007.07.1385,2015,2008
10.1016/j.fertnstert.2008.07.633,2015,2008
10.1016/j.geomorph.2013.08.026,2015,2013
10.1016/j.ijans.2014.06.004,2015,2014
10.1016/j.ijcard.2014.09.159,2015,2014
10.1016/j.ijcard.2014.12.014,2015,2014
10.1016/j.ijleo.2014.11.005,2015,2014
10.1016/j.ijleo.2015.08.051,2015,2015
10.1016/j.ijoa.2015.02.006,2015,2015
10.1016/j.ijpharm.2012.05.025,2015,2012
10.1016/j.injury.2014.10.044,2015,2014
10.1016/j.jacc.2014.08.044,2015,2014
10.1016/j.jacl.2015.03.060,2015,2015
10.1016/j.jamcollsurg.2014.03.053,2015,2014
10.1016/j.jash.2012.11.006,2015,2013
10.1016/j.jbiotec.2015.12.036,2015,2015
10.1016/j.jcjd.2015.09.088,2015,2015
10.1016/j.jhep.2014.01.014,2015,2014
10.1016/j.jmaa.2014.09.043,2015,2014
10.1016/j.jmmm.2011.10.011,2015,2012
10.1016/j.jmmm.2014.08.012,2015,2014
10.1016/j.joep.2015.02.005,2015,2015
10.1016/j.jpowsour.2014.09.071,2015,2014
10.1016/j.jsams.2013.05.004,2015,2014
10.1016/j.jss.2012.06.069,2015,2012
10.1016/j.jvolgeores.2014.03.007,2015,2014
10.1016/j.lithos.2014.11.028,2015,2014
10.1016/j.lungcan.2015.12.004,2015,2015
10.1016/j.marpol.2015.01.006,2015,2015
10.1016/j.matchar.2015.01.012,2015,2015
10.1016/j.materresbull.2007.11.001,2015,2008
10.1016/j.mjafi.2015.04.012,2015,2015
10.1016/j.molcel.2006.07.006,2015,2006
10.1016/j.msea.2010.04.021,2015,2010
10.1016/j.msea.2013.12.037,2015,2014
10.1016/j.msea.2014.01.025,2015,2014
10.1016/j.msea.2014.03.085,2015,2014
10.1016/j.msea.2014.12.066,2015,2015
10.1016/j.msea.2015.06.076,2015,2015
10.1016/j.neucom.2015.03.059,2015,2015
10.1016/j.neurobiolaging.2015.11.019,2015,2015
10.1016/j.neuroscience.2013.12.064,2015,2014
10.1016/j.oooo.2015.09.023,2015,2015
10.1016/j.optcom.2013.03.044,2015,2013
10.1016/j.optcom.2015.02.052,2015,2015
10.1016/j.pestbp.2015.01.015,2015,2015
10.1016/j.porgcoat.2015.02.004,2015,2015
10.1016/j.porgcoat.2015.06.023,2015,2015
10.1016/j.powtec.2013.07.014,2015,2013
10.1016/j.precamres.2014.08.012,2015,2014
10.1016/j.procs.2015.02.019,2015,2015
10.1016/j.procs.2015.04.123,2015,2015
10.1016/j.proeng.2015.01.247,2015,2015
10.1016/j.proeng.2015.01.330,2015,2015
10.1016/j.promfg.2015.07.899,2015,2015
10.1016/j.promfg.2015.07.926,2015,2015
10.1016/j.protcy.2015.10.051,2015,2015
10.1016/j.protcy.2015.10.063,2015,2015
10.1016/j.psep.2012.05.005,2015,2013
10.1016/j.qref.2015.05.003,2015,2015
10.1016/j.renene.2013.09.033,2015,2013
10.1016/j.renene.2014.02.021,2015,2014
10.1016/j.repl.2015.01.057,2015,2015
10.1016/j.repl.2015.01.058,2015,2015
10.1016/j.rinp.2015.10.006,2015,2015
10.1016/j.rser.2010.03.009,2015,2010
10.1016/j.rser.2012.11.013,2015,2012
10.1016/j.rser.2012.12.020,2015,2013
10.1016/j.rser.2013.04.002,2015,2013
10.1016/j.rser.2013.10.025,2015,2014
10.1016/j.saa.2014.09.129,2015,2014
10.1016/j.saa.2015.05.001,2015,2015
10.1016/j.sbspro.2015.01.949,2015,2015
10.1016/j.sbspro.2015.02.359,2015,2015
10.1016/j.sbspro.2015.04.460,2015,2015
10.1016/j.tet.2005.09.050,2015,2005
10.1016/j.tet.2012.06.061,2015,2012
10.1016/j.transproceed.2015.04.022,2015,2015
10.1016/j.wneu.2015.09.051,2015,2015
10.1016/j.ydbio.2008.11.017,2015,2008
10.1016/j.yexcr.2015.01.008,2015,2015
10.1016/s0006-2952(02)01149-8,2015,2002
10.1016/s0140-6736(14)60921-1,2015,2014
10.1016/s1001-9294(13)60029-2,2015,2013
10.1016/s1567-5688(11)70148-9,2015,2011
10.1016/s2212-5671(15)00314-7,2015,2015
10.1016/s2221-1691(12)60253-6,2015,2012
10.1017/psrm.2014.25,2015,2014
10.1017/s1431927615002524,2015,2015
10.1017/s1431927615012180,2015,2015
10.1021/acs.jpcb.5b02877,2015,2015
10.1021/am303272g,2015,2013
10.1021/bc2000484,2015,2011
10.1021/ja201135y,2015,2011
10.1021/ja910716s,2015,2010
10.1021/jo502424u,2015,2014
10.1021/ml300217f,2015,2012
10.1021/mp2005164,2015,2012
10.1021/mp3007133,2015,2013
10.1021/ol047676+,2015,2005
10.1021/ol502029z,2015,2014
10.1023/a:1012296803189,2015,2001
10.1037/a0030094,2015,2013
10.1038/cgt.2013.86,2015,2014
10.1038/cgt.2014.49,2015,2014
10.1038/emboj.2010.65,2015,2010
10.1038/jcbfm.2010.111,2015,2010
10.1038/nature01126,2015,2002
10.1038/nature08072,2015,2009
10.1038/nature12415,2015,2013
10.1038/ncomms8784,2015,2015
10.1038/nnano.2013.71,2015,2013
10.1038/srep04571,2015,2013
10.1038/srep06770,2015,2014
10.1039/c2sc20639k,2015,2012
10.1039/c4cc09280e,2015,2015
10.1039/c4nj00768a,2015,2014
10.1039/c4nr05077k,2015,2014
10.1046/j.1365-313x.2003.01676.x,2015,2003
10.1046/j.1525-1438.2003.t01-1-13382.x,2015,2003
10.1056/nejmc081528,2015,2008
10.1061/(asce)em.1943-7889.0000744,2015,2013
10.1061/(asce)he.1943-5584.0001128,2015,2014
10.1061/(asce)mt.1943-5533.0001207,2015,2014
10.1061/(asce)ww.1943-5460.0000184,2015,2012
10.1073/pnas.0604627103,2015,2006
10.1073/pnas.1317350111,2015,2014
10.1074/jbc.m109.026195,2015,2009
10.1074/jbc.m109.065862,2015,2009
10.1074/jbc.m109006200,2015,2002
10.1074/jbc.m110.110312,2015,2010
10.1074/jbc.m111.218263,2015,2011
10.1074/jbc.m112.385922,2015,2012
10.1074/jbc.m113.453886,2015,2013
10.1074/jbc.m113.483115,2015,2014
10.1074/jbc.m113.512061,2015,2014
10.1074/jbc.m114.603209,2015,2014
10.1074/jbc.m114.608596,2015,2014
10.1074/jbc.m115.639880,2015,2015
10.1074/jbc.m115.659011,2015,2015
10.1074/jbc.m401878200,2015,2004
10.1074/jbc.m408387200,2015,2007
10.1074/jbc.m600135200,2015,2006
10.1074/jbc.m703438200,2015,2007
10.1074/jbc.m709317200,2015,2008
10.1074/jbc.m801571200,2015,2008
10.1080/00397700109598531,2015,2001
10.1080/00397709909598513,2015,1999
10.1080/00397911.2014.963876,2015,2014
10.1080/00986445.2014.908352,2015,2014
10.1080/02331934.2015.1032283,2015,2015
10.1080/02607476.2015.1011899,2015,2015
10.1080/03650340.2015.1021338,2015,2015
10.1080/09349847.2014.968748,2015,2014
10.1080/10408398.2010.513779,2015,2011
10.1080/10426507.2013.855766,2015,2014
10.1080/1042819031000083262,2015,2003
10.1080/10705511.2015.1044653,2015,2015
10.1080/10942910902800531,2015,2012
10.1080/10942911003754734,2015,2011
10.1080/10942912.2010.535400,2015,2011
10.1080/10942912.2011.578317,2015,2012
10.1080/10942912.2011.614988,2015,2013
10.1080/13603108.2014.979263,2015,2014
10.1080/14786419.2014.952234,2015,2014
10.1080/14788810903264795,2015,2009
10.1080/15321819.2013.779925,2015,2013
10.1080/15435075.2014.884500,2015,2014
10.1080/15435075.2014.888661,2015,2014
10.1080/15538362.2013.818495,2015,2014
10.1080/15592324.2015.1052925,2015,2015
10.1080/19392699.2015.1006770,2015,2015
10.1080/19443994.2014.961171,2015,2014
10.1080/20013891081674,2015,2008
10.1083/jcb.201012083,2015,2011
10.1088/1742-6596/635/11/112010,2015,2015
10.1088/1742-6596/790/1/012006,2015,2015
10.1088/1742-6596/790/1/012007,2015,2015
10.1088/1757-899x/100/1/012048,2015,2015
10.1089/104454704774076127,2015,2004
10.1089/dna.2013.2253,2015,2014
10.1089/dna.2014.2773,2015,2015
10.1093/asj/sju056,2015,2015
10.1093/biomet/asv053,2015,2015
10.1093/carcin/bgt276,2015,2013
10.1093/ejcts/ezu405,2015,2014
10.1093/jisesa/iev011,2015,2015
10.1093/jmcb/mjt005,2015,2013
10.1093/toxsci/kfu253,2015,2014
10.1097/00000542-199109000-00008,2015,1991
10.1097/bsd.0000000000000266,2015,2015
10.1097/hjh.0b013e3282f8e3b6,2015,2008
10.1097/sla.0000000000000484,2015,2015
10.1097/sle.0000000000000117,2015,2014
10.1098/rspa.2011.0360,2015,2012
10.1098/rspb.2009.1774,2015,2009
10.1099/vir.0.071407-0,2015,2014
10.1104/pp.123.2.725,2015,2000
10.1105/tpc.020719,2015,2004
10.1105/tpc.114.125682,2015,2014
10.1107/s2053230x15001806,2015,2015
10.1109/afrcon.2015.7331983,2015,2015
10.1109/cistem.2014.7076750,2015,2014
10.1109/cvpr.2015.7298670,2015,2015
10.1109/eesco.2015.7253812,2015,2015
10.1109/icaict.2015.7338552,2015,2015
10.1109/icci-cc.2015.7259393,2015,2015
10.1109/iccsp.2015.7322829,2015,2015
10.1109/tfuzz.2015.2453394,2015,2015
10.1111/1348-0421.12179,2015,2014
10.1111/1348-0421.12199,2015,2014
10.1111/1365-2435.12497,2015,2014
10.1111/brv.12025,2015,2013
10.1111/ecog.01481,2015,2015
10.1111/ggi.12099,2015,2013
10.1111/ggi.12187,2015,2014
10.1111/hel.12233,2015,2015
10.1111/j.1464-410x.2009.09041.x,2015,2009
10.1111/j.1464-410x.2009.09154.x,2015,2010
10.1111/j.1467-6486.2010.00934.x,2015,2010
10.1111/j.1469-7793.2001.t01-1-00679.x,2015,2001
10.1111/j.1475-679x.2006.00210.x,2015,2006
10.1111/j.1556-4029.2012.02247.x,2015,2012
10.1111/j.1600-079x.1990.tb00679.x,2015,1990
10.1111/j.1600-0811.2006.00045.x,2015,2004
10.1111/j.1600-0811.2007.420206.x,2015,2007
10.1111/j.1600-6143.2005.01201.x,2015,2006
10.1111/j.1743-6109.2008.01119.x,2015,2008
10.1111/j.1911-3846.2010.01034.x,2015,2010
10.1111/jcpt.12228,2015,2014
10.1111/jofi.12255,2015,2015
10.1111/pace.12602,2015,2015
10.11111/jkana.2014.20.5.481,2015,2014
10.11124/jbisrir-2014-1669,2015,2014
10.1113/ep085495,2015,2015
10.1113/jphysiol.2002.021881,2015,2002
10.1113/jphysiol.2003.043778,2015,2003
10.11138/mltj/2014.4.4.471,2015,2015
10.1115/1.4028880,2015,2013
10.1117/12.836788,2015,2009
10.1117/12.836814,2015,2009
10.1117/12.836819,2015,2009
10.1124/jpet.113.207233,2015,2013
10.1126/science.1207934,2015,2011
10.1126/science.1237242,2015,2013
10.1126/science.1256151,2015,2014
10.1128/aac.00796-15,2015,2015
10.1128/aac.04976-14,2015,2015
10.1128/aem.02433-12,2015,2012
10.1128/iai.00206-12,2015,2012
10.1128/iai.06295-11,2015,2012
10.1128/jb.00478-15,2015,2009
10.1128/jcm.00841-11,2015,2011
10.1128/jcm.00935-11,2015,2011
10.1128/jvi.01045-10,2015,2010
10.1134/s0005117914100154,2015,2014
10.1136/bmj.299.6693.228,2015,1989
10.1136/jclinpath-2014-202797,2015,2015
10.1136/thoraxjnl-2014-206260.170,2015,2012
10.1152/ajpendo.00163.2012,2015,2012
10.1152/ajplung.00067.2010,2015,2010
10.1152/ajplung.00134.2011,2015,2011
10.1152/ajplung.00384.2007,2015,2008
10.1152/ajpregu.00303.2012,2015,2013
10.1152/japplphysiol.01293.2011,2015,2012
10.1155/2012/479046,2015,2012
10.1155/2013/272598,2015,2013
10.1155/2013/537810,2015,2013
10.1155/2013/549502,2015,2013
10.1155/2013/913438,2015,2013
10.1155/2014/103459,2015,2014
10.1155/2014/123918,2015,2014
10.1155/2014/146967,2015,2014
10.1155/2014/243746,2015,2014
10.1155/2014/467063,2015,2014
10.1155/2014/602586,2015,2014
10.1155/2014/629412,2015,2014
10.1155/2014/651895,2015,2014
10.1155/2014/687827,2015,2014
10.1155/2014/747865,2015,2014
10.1155/2014/893459,2015,2014
10.1155/2014/969864,2015,2014
10.1158/0008-5472.can-15-1145,2015,2015
10.1159/000184439,2015,2008
10.1159/000222127,2015,1986
10.11591/ijeei.v3i3.150,2015,2015
10.11604/pamj.2012.12.42.1196,2015,2012
10.11604/pamj.2013.16.18.2505,2015,2013
10.11604/pamj.2015.20.350.6572,2015,2015
10.1161/01.hyp.0000168945.44069.aa,2015,2005
10.1161/circresaha.114.302420,2015,2014
10.1162/jocn_a_00207,2015,2012
10.1162/jocn_a_00649,2015,2014
10.1164/rccm.201109-1671oc,2015,2012
10.1165/rcmb.2011-0256oc,2015,2012
10.1167/iovs.10-6233,2015,2011
10.1172/jci22787,2015,2004
10.1177/0021909614547601,2015,2014
10.1177/0037549715588839,2015,2015
10.1177/0267659113498617,2015,2013
10.1177/0267659113502835,2015,2013
10.1177/0267659113513823,2015,2013
10.1177/0267659114536761,2015,2014
10.1177/0267659114547942,2015,2014
10.1177/0267659114557720,2015,2014
10.1177/0748233711422728,2015,2011
10.1177/0892705713520176,2015,2014
10.1177/0956797612464380,2015,2013
10.1177/0962280215586011,2015,2015
10.1177/1056789513514072,2015,2013
10.1177/1056789514535945,2015,2014
10.1177/1077546314561036,2015,2014
10.1177/1470320314524011,2015,2014
10.1177/1470320314557849,2015,2014
10.1177/1470320314563425,2015,2015
10.1177/1470320314563426,2015,2014
10.1177/1470320314566221,2015,2015
10.1186/1471-2148-4-18,2015,2004
10.1186/1471-2261-14-53,2015,2014
10.1186/1471-2407-14-28,2015,2014
10.1186/1471-2415-13-11,2015,2013
10.1186/1471-2482-13-s2-s25,2015,2013
10.1186/1476-511x-13-147,2015,2014
10.1186/1477-7819-11-311,2015,2013
10.1186/1477-7827-1-125,2015,2003
10.1186/1687-1847-2014-235,2015,2014
10.1186/1710-1492-10-s2-a48,2015,2014
10.1186/1742-2094-11-13,2015,2014
10.1186/1746-1596-8-143,2015,2013
10.1186/1746-1596-8-172,2015,2013
10.1186/1746-1596-9-133,2015,2014
10.1186/1749-799x-9-16,2015,2014
10.1186/1749-799x-9-19,2015,2014
10.1186/1749-799x-9-26,2015,2014
10.1186/1749-799x-9-27,2015,2014
10.1186/1757-2215-7-9,2015,2014
10.1186/2047-783x-18-29,2015,2013
10.1186/2047-783x-18-37,2015,2013
10.1186/2047-783x-18-53,2015,2013
10.1186/2047-783x-18-55,2015,2013
10.1186/2047-783x-18-62,2015,2013
10.1186/2047-783x-19-15,2015,2014
10.1186/2047-783x-19-31,2015,2014
10.1186/2047-783x-19-39,2015,2014
10.1186/2196-1166-1-6,2015,2014
10.1186/ar3466,2015,2011
10.1186/s12989-014-0047-3,2015,2014
10.1186/s13000-014-0156-1,2015,2014
10.1186/s13000-014-0176-x,2015,2014
10.1186/s13013-015-0043-x,2015,2015
10.1186/s13018-014-0075-6,2015,2014
10.1186/s13018-014-0133-0,2015,2014
10.1186/s40001-014-0050-z,2015,2014
10.1186/s40001-014-0052-x,2015,2014
10.1186/s40201-014-0153-z,2015,2014
10.1190/geo2013-0325.1,2015,2014
10.1210/jc.2002-021325,2015,2003
10.1213/00000539-200102000-00051,2015,2001
10.1242/jcs.01728,2015,2005
10.1242/jcs.147223,2015,2014
10.12720/ijsps.3.2.106-111,2015,2015
10.1289/ehp.1205188,2015,2012
10.1292/jvms.15-0102,2015,2015
10.12932/ap0360.32.2.2013,2015,2014
10.1359/jbmr.050402,2015,2005
10.1371/journal.pbio.0050005,2015,2006
10.1371/journal.pgen.1003361,2015,2013
10.1371/journal.pone.0115741,2015,2015
10.1371/journal.pone.0133525,2015,2015
10.1380/ejssnt.2015.426,2015,2008
10.14802/jmd.11008,2015,2011
10.1503/jpn.120073,2015,2013
10.1515/9783110337211.432,2015,2015
10.1515/9783110337211.ix,2015,2015
10.1515/9783110355062.1,2015,2015
10.1515/9783110355062.toc,2015,2015
10.1515/9783110355062.xxiv,2015,2015
10.1515/9783110355062.xxviii,2015,2015
10.1515/reveh-2015-0033,2015,2015
10.1515/revneuro.2007.18.5.365,2015,2007
10.1517/13543776.2015.1021688,2015,2015
10.1523/jneurosci.3233-12.2012,2015,2012
10.1523/jneurosci.4125-10.2011,2015,2011
10.1524/zkri.2012.1495,2015,2012
10.1542/pir.32-4-135,2015,2011
10.15616/bsl.2015.21.2.60,2015,2015
10.1586/erc.12.95,2015,2012
10.1590/1519-6984.20813,2015,2015
10.1628/002268815x14188140054660,2015,2015
10.18632/oncotarget.2138,2015,2014
10.2105/ajph.2015.302623,2015,2015
10.2147/opth.s59725,2015,2015
10.2147/ott.s86536,2015,2015
10.2174/1874110x01509010443,2015,2015
10.2174/1874110x01509010587,2015,2015
10.2174/1874123101509010067,2015,2015
10.2174/1874155x01408010624,2015,2014
10.2174/1874155x01509010411,2015,2015
10.2174/1874836801408010476,2015,2014
10.2174/1874836801509010233,2015,2015
10.2174/1874836801509010238,2015,2015
10.2174/1876973x01508010309,2015,2015
10.2298/abs0501001r,2015,2005
10.2298/abs0504259r,2015,2005
10.2298/abs0701029r,2015,2007
10.2298/abs0801025r,2015,2008
10.2298/abs1303063b,2015,2013
10.2298/abs1303223l,2015,2013
10.2298/abs1304363m,2015,2013
10.2298/abs1304435h,2015,2013
10.2298/abs1402785p,2015,2014
10.2298/abs1404479o,2015,2014
10.2298/abs140915038b,2015,2015
10.2308/acch-10451.s02,2015,1996
10.2308/acch-10452.s02,2015,1996
10.2308/acch.2002.16.2.125,2015,2002
10.2308/accr.2006.81.1.207,2015,2008
10.2308/aud.2000.19.s-1.5,2015,2000
10.2308/aud.2001.20.1.157,2015,2001
10.2308/bria-10071,2015,2011
10.2308/bria.2001.13.1.127,2015,2001
10.2308/jeta.2007.4.1.47,2015,2007
10.2308/jis.2002.16.1.31,2015,2002
10.2308/jis.2004.18.2.7,2015,2004
10.2308/jis.2005.19.2.111,2015,2005
10.2337/dc13-1391,2015,2014
10.2353/ajpath.2010.100509,2015,2010
10.2355/isijinternational.52.759,2015,2012
10.2355/isijinternational.54.2881,2015,2015
10.3109/14767058.2010.509915,2015,2010
10.3109/17549507.2013.763291,2015,2013
10.3109/19396368.2012.723793,2015,2012
10.3109/19401736.2015.1033712,2015,2015
10.3171/2009.8.jns09850,2015,2010
10.3171/2012.8.jns111580,2015,2013
10.3178/jjshwr.25.152,2015,2012
10.3233/nre-130856,2015,2013
10.3357/amhp.4075.2015,2015,2015
10.3365/met.mat.2008.06.291,2015,2008
10.3366/nfs.2004-3.003,2015,2012
10.3389/fmicb.2012.00387,2015,2012
10.3389/fnins.2015.00380,2015,2015
10.3389/fphys.2013.00240,2015,2013
10.3389/fpls.2014.00421,2015,2014
10.3390/ijerph120809375,2015,2015
10.3390/ijerph120911608,2015,2015
10.3390/ijms11114687,2015,2010
10.3390/pr3020422,2015,2015
10.3727/096368915x686760,2015,2015
10.3807/josk.2012.16.4.386,2015,2012
10.3892/mmr.2014.1932,2015,2014
10.3892/mmr.2014.2983,2015,2014
10.3928/01477447-20140401-66,2015,2014
10.3978/j.issn.2072-1439.2014.09.03,2015,2014
10.4012/dmj.2012-144,2015,2013
10.4028/www.scientific.net/amm.787.8,2015,2015
10.4049/jimmunol.177.11.7950,2015,2006
10.4049/jimmunol.178.2.720,2015,2007
10.4066/amj.2014.1956,2015,2014
10.4103/0970-0218.51231,2015,2009
10.4103/0971-5851.142038,2015,2014
10.4103/0972-5229.156487,2015,2015
10.4103/0975-5950.111344,2015,2013
10.4103/1450-1147.138570,2015,2014
10.4103/1450-1147.138579,2015,2014
10.4103/2231-0762.149026,2015,2014
10.4161/cc.9.24.14246,2015,2010
10.4236/am.2015.63048,2015,2015
10.4236/fns.2013.49a1013,2015,2013
10.4236/ojsta.2013.21001,2015,2013
10.4315/0362-028x.jfp-15-157,2015,2015
10.5055/jom.2015.0257,2015,2015
10.5296/ijld.v5i2.6876,2015,2015
10.5339/irl.2013.10,2015,2013
10.5402/2011/983542,2015,2011
10.5455/ijmsph.2014.150220144,2015,2014
10.5455/ijmsph.2014.160220143,2015,2014
10.5539/ijms.v6n2p105,2015,2014
10.5772/39065,2015,2012
10.5772/58442,2015,2014
10.5899/2014/jnaa-00257,2015,2014
10.5946/ce.2012.45.1.89,2015,2012
10.7754/clin.lab.2012.121244,2015,2014
10.7860/jcdr/2013/4833.2724,2015,2013
10.7860/jcdr/2014/8462.4679,2015,2014
10.7883/yoken.jjid.2015.157,2015,2015
